solid OpenSCAD_Model
  facet normal 1 -0 0
    outer loop
      vertex 21.5 -8 61.9888
      vertex 21.5 0 58.4888
      vertex 21.5 46.31 61.9888
    endloop
  endfacet
  facet normal 1 0 0
    outer loop
      vertex 21.5 0 58.4888
      vertex 21.5 -8 61.9888
      vertex 21.5 -8 58.4888
    endloop
  endfacet
  facet normal 1 -0 0
    outer loop
      vertex 21.5 48.3 63.9788
      vertex 21.5 50.8 58.9888
      vertex 21.5 50.8 80.9888
    endloop
  endfacet
  facet normal 1 0 0
    outer loop
      vertex 21.5 48.3 63.9788
      vertex 21.5 50.8 80.9888
      vertex 21.5 48.3 80.9888
    endloop
  endfacet
  facet normal 1 -0 0
    outer loop
      vertex 21.5 46.31 61.9888
      vertex 21.5 50.8 58.9888
      vertex 21.5 48.3 63.9788
    endloop
  endfacet
  facet normal 1 0 0
    outer loop
      vertex 21.5 50.8 58.9888
      vertex 21.5 46.31 61.9888
      vertex 21.5 48.8 56.9888
    endloop
  endfacet
  facet normal 1 0 0
    outer loop
      vertex 21.5 0 56.9888
      vertex 21.5 46.31 61.9888
      vertex 21.5 0 58.4888
    endloop
  endfacet
  facet normal 1 0 0
    outer loop
      vertex 21.5 46.31 61.9888
      vertex 21.5 0 56.9888
      vertex 21.5 48.8 56.9888
    endloop
  endfacet
  facet normal 0 1 0
    outer loop
      vertex 21.5 50.8 80.9888
      vertex 13 50.8 75.9386
      vertex 6.5 50.8 80.9888
    endloop
  endfacet
  facet normal 0 1 0
    outer loop
      vertex 21.5 50.8 80.9888
      vertex 15.4749 50.8 73.4637
      vertex 13 50.8 75.9386
    endloop
  endfacet
  facet normal 0 1 0
    outer loop
      vertex 21.5 50.8 80.9888
      vertex 15.7767 50.8 73.1195
      vertex 15.4749 50.8 73.4637
    endloop
  endfacet
  facet normal 0 1 0
    outer loop
      vertex 21.5 50.8 80.9888
      vertex 16.0311 50.8 72.7388
      vertex 15.7767 50.8 73.1195
    endloop
  endfacet
  facet normal 0 1 0
    outer loop
      vertex 21.5 50.8 80.9888
      vertex 16.2336 50.8 72.3282
      vertex 16.0311 50.8 72.7388
    endloop
  endfacet
  facet normal 0 1 0
    outer loop
      vertex 21.5 50.8 80.9888
      vertex 16.3807 50.8 71.8947
      vertex 16.2336 50.8 72.3282
    endloop
  endfacet
  facet normal 0 1 0
    outer loop
      vertex 21.5 50.8 80.9888
      vertex 16.4701 50.8 71.4457
      vertex 16.3807 50.8 71.8947
    endloop
  endfacet
  facet normal 0 1 0
    outer loop
      vertex 21.5 50.8 80.9888
      vertex 16.5 50.8 70.9888
      vertex 16.4701 50.8 71.4457
    endloop
  endfacet
  facet normal 0 1 -0
    outer loop
      vertex 21.5 50.8 58.9888
      vertex 16.5 50.8 70.9888
      vertex 21.5 50.8 80.9888
    endloop
  endfacet
  facet normal 0 1 0
    outer loop
      vertex 16.5 50.8 70.9888
      vertex 21.5 50.8 58.9888
      vertex 16.4701 50.8 70.532
    endloop
  endfacet
  facet normal 0 1 0
    outer loop
      vertex 16.4701 50.8 70.532
      vertex 21.5 50.8 58.9888
      vertex 16.3807 50.8 70.083
    endloop
  endfacet
  facet normal 0 1 0
    outer loop
      vertex 6.5 50.8 58.9888
      vertex 13.4568 50.8 67.5188
      vertex 21.5 50.8 58.9888
    endloop
  endfacet
  facet normal 0 1 0
    outer loop
      vertex 13.9059 50.8 67.6081
      vertex 21.5 50.8 58.9888
      vertex 13.4568 50.8 67.5188
    endloop
  endfacet
  facet normal 0 1 0
    outer loop
      vertex 14.3394 50.8 67.7552
      vertex 21.5 50.8 58.9888
      vertex 13.9059 50.8 67.6081
    endloop
  endfacet
  facet normal 0 1 0
    outer loop
      vertex 14.75 50.8 67.9577
      vertex 21.5 50.8 58.9888
      vertex 14.3394 50.8 67.7552
    endloop
  endfacet
  facet normal 0 1 0
    outer loop
      vertex 15.1307 50.8 68.2121
      vertex 21.5 50.8 58.9888
      vertex 14.75 50.8 67.9577
    endloop
  endfacet
  facet normal 0 1 0
    outer loop
      vertex 15.4749 50.8 68.5139
      vertex 21.5 50.8 58.9888
      vertex 15.1307 50.8 68.2121
    endloop
  endfacet
  facet normal 0 1 0
    outer loop
      vertex 15.7767 50.8 68.8582
      vertex 21.5 50.8 58.9888
      vertex 15.4749 50.8 68.5139
    endloop
  endfacet
  facet normal 0 1 0
    outer loop
      vertex 16.0311 50.8 69.2388
      vertex 21.5 50.8 58.9888
      vertex 15.7767 50.8 68.8582
    endloop
  endfacet
  facet normal 0 1 0
    outer loop
      vertex 16.2336 50.8 69.6494
      vertex 21.5 50.8 58.9888
      vertex 16.0311 50.8 69.2388
    endloop
  endfacet
  facet normal 0 1 0
    outer loop
      vertex 16.3807 50.8 70.083
      vertex 21.5 50.8 58.9888
      vertex 16.2336 50.8 69.6494
    endloop
  endfacet
  facet normal 0 1 -0
    outer loop
      vertex 10.5251 50.8 73.4637
      vertex 6.5 50.8 80.9888
      vertex 13 50.8 75.9386
    endloop
  endfacet
  facet normal 0 1 -0
    outer loop
      vertex 10.2233 50.8 73.1195
      vertex 6.5 50.8 80.9888
      vertex 10.5251 50.8 73.4637
    endloop
  endfacet
  facet normal 0 1 -0
    outer loop
      vertex 9.96891 50.8 72.7388
      vertex 6.5 50.8 80.9888
      vertex 10.2233 50.8 73.1195
    endloop
  endfacet
  facet normal 0 1 -0
    outer loop
      vertex 9.76642 50.8 72.3282
      vertex 6.5 50.8 80.9888
      vertex 9.96891 50.8 72.7388
    endloop
  endfacet
  facet normal 0 1 -0
    outer loop
      vertex 9.61926 50.8 71.8947
      vertex 6.5 50.8 80.9888
      vertex 9.76642 50.8 72.3282
    endloop
  endfacet
  facet normal 0 1 -0
    outer loop
      vertex 9.52994 50.8 71.4457
      vertex 6.5 50.8 80.9888
      vertex 9.61926 50.8 71.8947
    endloop
  endfacet
  facet normal 0 1 -0
    outer loop
      vertex 9.5 50.8 70.9888
      vertex 6.5 50.8 80.9888
      vertex 9.52994 50.8 71.4457
    endloop
  endfacet
  facet normal 0 1 0
    outer loop
      vertex 6.5 50.8 58.9888
      vertex 9.5 50.8 70.9888
      vertex 9.52994 50.8 70.532
    endloop
  endfacet
  facet normal 0 1 0
    outer loop
      vertex 6.5 50.8 58.9888
      vertex 9.52994 50.8 70.532
      vertex 9.61926 50.8 70.083
    endloop
  endfacet
  facet normal 0 1 0
    outer loop
      vertex 13.4568 50.8 67.5188
      vertex 6.5 50.8 58.9888
      vertex 13 50.8 67.4888
    endloop
  endfacet
  facet normal 0 1 0
    outer loop
      vertex 13 50.8 67.4888
      vertex 6.5 50.8 58.9888
      vertex 12.5432 50.8 67.5188
    endloop
  endfacet
  facet normal 0 1 0
    outer loop
      vertex 12.5432 50.8 67.5188
      vertex 6.5 50.8 58.9888
      vertex 12.0941 50.8 67.6081
    endloop
  endfacet
  facet normal 0 1 0
    outer loop
      vertex 12.0941 50.8 67.6081
      vertex 6.5 50.8 58.9888
      vertex 11.6606 50.8 67.7552
    endloop
  endfacet
  facet normal 0 1 0
    outer loop
      vertex 11.6606 50.8 67.7552
      vertex 6.5 50.8 58.9888
      vertex 11.25 50.8 67.9577
    endloop
  endfacet
  facet normal 0 1 0
    outer loop
      vertex 9.5 50.8 70.9888
      vertex 6.5 50.8 58.9888
      vertex 6.5 50.8 80.9888
    endloop
  endfacet
  facet normal 0 1 0
    outer loop
      vertex 9.76642 50.8 69.6494
      vertex 6.5 50.8 58.9888
      vertex 9.61926 50.8 70.083
    endloop
  endfacet
  facet normal 0 1 0
    outer loop
      vertex 9.96891 50.8 69.2388
      vertex 6.5 50.8 58.9888
      vertex 9.76642 50.8 69.6494
    endloop
  endfacet
  facet normal 0 1 0
    outer loop
      vertex 10.2233 50.8 68.8582
      vertex 6.5 50.8 58.9888
      vertex 9.96891 50.8 69.2388
    endloop
  endfacet
  facet normal 0 1 0
    outer loop
      vertex 10.5251 50.8 68.5139
      vertex 6.5 50.8 58.9888
      vertex 10.2233 50.8 68.8582
    endloop
  endfacet
  facet normal 0 1 0
    outer loop
      vertex 10.8693 50.8 68.2121
      vertex 6.5 50.8 58.9888
      vertex 10.5251 50.8 68.5139
    endloop
  endfacet
  facet normal 0 1 0
    outer loop
      vertex 11.25 50.8 67.9577
      vertex 6.5 50.8 58.9888
      vertex 10.8693 50.8 68.2121
    endloop
  endfacet
  facet normal 0 -1 0
    outer loop
      vertex 0 -8 58.0888
      vertex 6.5 -8 58.4888
      vertex 0 -8 58.4888
    endloop
  endfacet
  facet normal 0 -1 -0
    outer loop
      vertex 6.5 -8 58.4888
      vertex 0 -8 58.0888
      vertex 21.5 -8 58.4888
    endloop
  endfacet
  facet normal 0 -1 -0
    outer loop
      vertex 21.5 -8 58.4888
      vertex 0 -8 58.0888
      vertex 143 -8 58.4888
    endloop
  endfacet
  facet normal 0 -1 0
    outer loop
      vertex 164.5 -8 58.0888
      vertex 143 -8 58.4888
      vertex 0 -8 58.0888
    endloop
  endfacet
  facet normal 0 -1 0
    outer loop
      vertex 143 -8 58.4888
      vertex 164.5 -8 58.0888
      vertex 158 -8 58.4888
    endloop
  endfacet
  facet normal 0 -1 0
    outer loop
      vertex 158 -8 58.4888
      vertex 164.5 -8 58.0888
      vertex 164.5 -8 58.4888
    endloop
  endfacet
  facet normal 0 -1 0
    outer loop
      vertex 6.5 -8 58.4888
      vertex 21.5 -8 61.9888
      vertex 6.5 -8 61.9888
    endloop
  endfacet
  facet normal 0 -1 -0
    outer loop
      vertex 21.5 -8 61.9888
      vertex 6.5 -8 58.4888
      vertex 21.5 -8 58.4888
    endloop
  endfacet
  facet normal 0 -1 0
    outer loop
      vertex 143 -8 58.4888
      vertex 158 -8 61.9888
      vertex 143 -8 61.9888
    endloop
  endfacet
  facet normal 0 -1 -0
    outer loop
      vertex 158 -8 61.9888
      vertex 143 -8 58.4888
      vertex 158 -8 58.4888
    endloop
  endfacet
  facet normal -1 0 0
    outer loop
      vertex 6.5 50.8 58.9888
      vertex 6.5 46.31 61.9888
      vertex 6.5 48.3 63.9788
    endloop
  endfacet
  facet normal -1 0 0
    outer loop
      vertex 6.5 0 56.9888
      vertex 6.5 46.31 61.9888
      vertex 6.5 48.8 56.9888
    endloop
  endfacet
  facet normal -1 0 0
    outer loop
      vertex 6.5 0 58.4888
      vertex 6.5 46.31 61.9888
      vertex 6.5 0 56.9888
    endloop
  endfacet
  facet normal -1 0 0
    outer loop
      vertex 6.5 -8 61.9888
      vertex 6.5 0 58.4888
      vertex 6.5 -8 58.4888
    endloop
  endfacet
  facet normal -1 0 0
    outer loop
      vertex 6.5 0 58.4888
      vertex 6.5 -8 61.9888
      vertex 6.5 46.31 61.9888
    endloop
  endfacet
  facet normal -1 0 0
    outer loop
      vertex 6.5 46.31 61.9888
      vertex 6.5 50.8 58.9888
      vertex 6.5 48.8 56.9888
    endloop
  endfacet
  facet normal -1 0 0
    outer loop
      vertex 6.5 50.8 58.9888
      vertex 6.5 48.3 63.9788
      vertex 6.5 50.8 80.9888
    endloop
  endfacet
  facet normal -1 -0 0
    outer loop
      vertex 6.5 50.8 80.9888
      vertex 6.5 48.3 63.9788
      vertex 6.5 48.3 80.9888
    endloop
  endfacet
  facet normal -0 0 1
    outer loop
      vertex 6.5 46.31 61.9888
      vertex 21.5 -8 61.9888
      vertex 21.5 46.31 61.9888
    endloop
  endfacet
  facet normal 0 0 1
    outer loop
      vertex 21.5 -8 61.9888
      vertex 6.5 46.31 61.9888
      vertex 6.5 -8 61.9888
    endloop
  endfacet
  facet normal 0 0 -1
    outer loop
      vertex 6.5 0 56.9888
      vertex 21.5 48.8 56.9888
      vertex 21.5 0 56.9888
    endloop
  endfacet
  facet normal -0 0 -1
    outer loop
      vertex 21.5 48.8 56.9888
      vertex 6.5 0 56.9888
      vertex 6.5 48.8 56.9888
    endloop
  endfacet
  facet normal 0 -1 0
    outer loop
      vertex 6.5 48.3 80.9888
      vertex 13 48.3 75.9386
      vertex 21.5 48.3 80.9888
    endloop
  endfacet
  facet normal 0 -1 0
    outer loop
      vertex 6.5 48.3 80.9888
      vertex 10.5251 48.3 73.4637
      vertex 13 48.3 75.9386
    endloop
  endfacet
  facet normal 0 -1 0
    outer loop
      vertex 6.5 48.3 80.9888
      vertex 10.2233 48.3 73.1195
      vertex 10.5251 48.3 73.4637
    endloop
  endfacet
  facet normal 0 -1 0
    outer loop
      vertex 6.5 48.3 80.9888
      vertex 9.96891 48.3 72.7388
      vertex 10.2233 48.3 73.1195
    endloop
  endfacet
  facet normal 0 -1 0
    outer loop
      vertex 6.5 48.3 80.9888
      vertex 9.76642 48.3 72.3282
      vertex 9.96891 48.3 72.7388
    endloop
  endfacet
  facet normal 0 -1 0
    outer loop
      vertex 6.5 48.3 80.9888
      vertex 9.61926 48.3 71.8947
      vertex 9.76642 48.3 72.3282
    endloop
  endfacet
  facet normal 0 -1 0
    outer loop
      vertex 6.5 48.3 80.9888
      vertex 9.52994 48.3 71.4457
      vertex 9.61926 48.3 71.8947
    endloop
  endfacet
  facet normal 0 -1 0
    outer loop
      vertex 6.5 48.3 63.9788
      vertex 9.52994 48.3 71.4457
      vertex 6.5 48.3 80.9888
    endloop
  endfacet
  facet normal 0 -1 0
    outer loop
      vertex 9.52994 48.3 71.4457
      vertex 6.5 48.3 63.9788
      vertex 9.5 48.3 70.9888
    endloop
  endfacet
  facet normal 0 -1 -0
    outer loop
      vertex 9.5 48.3 70.9888
      vertex 6.5 48.3 63.9788
      vertex 9.52994 48.3 70.532
    endloop
  endfacet
  facet normal 0 -1 -0
    outer loop
      vertex 12.5432 48.3 67.5188
      vertex 6.5 48.3 63.9788
      vertex 13 48.3 67.4888
    endloop
  endfacet
  facet normal 0 -1 -0
    outer loop
      vertex 12.0941 48.3 67.6081
      vertex 6.5 48.3 63.9788
      vertex 12.5432 48.3 67.5188
    endloop
  endfacet
  facet normal 0 -1 -0
    outer loop
      vertex 11.6606 48.3 67.7552
      vertex 6.5 48.3 63.9788
      vertex 12.0941 48.3 67.6081
    endloop
  endfacet
  facet normal 0 -1 -0
    outer loop
      vertex 11.25 48.3 67.9577
      vertex 6.5 48.3 63.9788
      vertex 11.6606 48.3 67.7552
    endloop
  endfacet
  facet normal 0 -1 -0
    outer loop
      vertex 10.8693 48.3 68.2121
      vertex 6.5 48.3 63.9788
      vertex 11.25 48.3 67.9577
    endloop
  endfacet
  facet normal 0 -1 -0
    outer loop
      vertex 10.5251 48.3 68.5139
      vertex 6.5 48.3 63.9788
      vertex 10.8693 48.3 68.2121
    endloop
  endfacet
  facet normal 0 -1 -0
    outer loop
      vertex 10.2233 48.3 68.8582
      vertex 6.5 48.3 63.9788
      vertex 10.5251 48.3 68.5139
    endloop
  endfacet
  facet normal 0 -1 -0
    outer loop
      vertex 9.96891 48.3 69.2388
      vertex 6.5 48.3 63.9788
      vertex 10.2233 48.3 68.8582
    endloop
  endfacet
  facet normal 0 -1 -0
    outer loop
      vertex 9.76642 48.3 69.6494
      vertex 6.5 48.3 63.9788
      vertex 9.96891 48.3 69.2388
    endloop
  endfacet
  facet normal 0 -1 -0
    outer loop
      vertex 9.61926 48.3 70.083
      vertex 6.5 48.3 63.9788
      vertex 9.76642 48.3 69.6494
    endloop
  endfacet
  facet normal 0 -1 -0
    outer loop
      vertex 9.52994 48.3 70.532
      vertex 6.5 48.3 63.9788
      vertex 9.61926 48.3 70.083
    endloop
  endfacet
  facet normal 0 -1 0
    outer loop
      vertex 15.4749 48.3 73.4637
      vertex 21.5 48.3 80.9888
      vertex 13 48.3 75.9386
    endloop
  endfacet
  facet normal 0 -1 0
    outer loop
      vertex 15.7767 48.3 73.1195
      vertex 21.5 48.3 80.9888
      vertex 15.4749 48.3 73.4637
    endloop
  endfacet
  facet normal 0 -1 0
    outer loop
      vertex 16.0311 48.3 72.7388
      vertex 21.5 48.3 80.9888
      vertex 15.7767 48.3 73.1195
    endloop
  endfacet
  facet normal 0 -1 0
    outer loop
      vertex 16.2336 48.3 72.3282
      vertex 21.5 48.3 80.9888
      vertex 16.0311 48.3 72.7388
    endloop
  endfacet
  facet normal 0 -1 0
    outer loop
      vertex 16.3807 48.3 71.8947
      vertex 21.5 48.3 80.9888
      vertex 16.2336 48.3 72.3282
    endloop
  endfacet
  facet normal 0 -1 0
    outer loop
      vertex 16.4701 48.3 71.4457
      vertex 21.5 48.3 80.9888
      vertex 16.3807 48.3 71.8947
    endloop
  endfacet
  facet normal 0 -1 0
    outer loop
      vertex 21.5 48.3 63.9788
      vertex 16.4701 48.3 71.4457
      vertex 16.5 48.3 70.9888
    endloop
  endfacet
  facet normal 0 -1 0
    outer loop
      vertex 21.5 48.3 63.9788
      vertex 16.5 48.3 70.9888
      vertex 16.4701 48.3 70.532
    endloop
  endfacet
  facet normal 0 -1 0
    outer loop
      vertex 21.5 48.3 63.9788
      vertex 16.4701 48.3 70.532
      vertex 16.3807 48.3 70.083
    endloop
  endfacet
  facet normal 0 -1 0
    outer loop
      vertex 21.5 48.3 63.9788
      vertex 16.3807 48.3 70.083
      vertex 16.2336 48.3 69.6494
    endloop
  endfacet
  facet normal 0 -1 0
    outer loop
      vertex 6.5 48.3 63.9788
      vertex 13.4568 48.3 67.5188
      vertex 13 48.3 67.4888
    endloop
  endfacet
  facet normal 0 -1 0
    outer loop
      vertex 21.5 48.3 63.9788
      vertex 13.4568 48.3 67.5188
      vertex 6.5 48.3 63.9788
    endloop
  endfacet
  facet normal 0 -1 0
    outer loop
      vertex 13.4568 48.3 67.5188
      vertex 21.5 48.3 63.9788
      vertex 13.9059 48.3 67.6081
    endloop
  endfacet
  facet normal 0 -1 0
    outer loop
      vertex 16.4701 48.3 71.4457
      vertex 21.5 48.3 63.9788
      vertex 21.5 48.3 80.9888
    endloop
  endfacet
  facet normal 0 -1 0
    outer loop
      vertex 16.0311 48.3 69.2388
      vertex 21.5 48.3 63.9788
      vertex 16.2336 48.3 69.6494
    endloop
  endfacet
  facet normal 0 -1 0
    outer loop
      vertex 15.7767 48.3 68.8582
      vertex 21.5 48.3 63.9788
      vertex 16.0311 48.3 69.2388
    endloop
  endfacet
  facet normal 0 -1 0
    outer loop
      vertex 15.4749 48.3 68.5139
      vertex 21.5 48.3 63.9788
      vertex 15.7767 48.3 68.8582
    endloop
  endfacet
  facet normal 0 -1 0
    outer loop
      vertex 15.1307 48.3 68.2121
      vertex 21.5 48.3 63.9788
      vertex 15.4749 48.3 68.5139
    endloop
  endfacet
  facet normal 0 -1 0
    outer loop
      vertex 14.75 48.3 67.9577
      vertex 21.5 48.3 63.9788
      vertex 15.1307 48.3 68.2121
    endloop
  endfacet
  facet normal 0 -1 0
    outer loop
      vertex 14.3394 48.3 67.7552
      vertex 21.5 48.3 63.9788
      vertex 14.75 48.3 67.9577
    endloop
  endfacet
  facet normal 0 -1 0
    outer loop
      vertex 13.9059 48.3 67.6081
      vertex 21.5 48.3 63.9788
      vertex 14.3394 48.3 67.7552
    endloop
  endfacet
  facet normal -0 0 1
    outer loop
      vertex 6.5 50.8 80.9888
      vertex 21.5 48.3 80.9888
      vertex 21.5 50.8 80.9888
    endloop
  endfacet
  facet normal 0 0 1
    outer loop
      vertex 21.5 48.3 80.9888
      vertex 6.5 50.8 80.9888
      vertex 6.5 48.3 80.9888
    endloop
  endfacet
  facet normal 0 -0.707107 0.707107
    outer loop
      vertex 6.5 46.31 61.9888
      vertex 21.5 48.3 63.9788
      vertex 6.5 48.3 63.9788
    endloop
  endfacet
  facet normal 0 -0.707107 0.707107
    outer loop
      vertex 21.5 48.3 63.9788
      vertex 6.5 46.31 61.9888
      vertex 21.5 46.31 61.9888
    endloop
  endfacet
  facet normal 1 -0 0
    outer loop
      vertex 158 -8 61.9888
      vertex 158 0 58.4888
      vertex 158 46.31 61.9888
    endloop
  endfacet
  facet normal 1 0 0
    outer loop
      vertex 158 0 58.4888
      vertex 158 -8 61.9888
      vertex 158 -8 58.4888
    endloop
  endfacet
  facet normal 1 -0 0
    outer loop
      vertex 158 48.3 63.9788
      vertex 158 50.8 58.9888
      vertex 158 50.8 80.9888
    endloop
  endfacet
  facet normal 1 0 0
    outer loop
      vertex 158 48.3 63.9788
      vertex 158 50.8 80.9888
      vertex 158 48.3 80.9888
    endloop
  endfacet
  facet normal 1 -0 0
    outer loop
      vertex 158 46.31 61.9888
      vertex 158 50.8 58.9888
      vertex 158 48.3 63.9788
    endloop
  endfacet
  facet normal 1 0 0
    outer loop
      vertex 158 50.8 58.9888
      vertex 158 46.31 61.9888
      vertex 158 48.8 56.9888
    endloop
  endfacet
  facet normal 1 0 0
    outer loop
      vertex 158 0 56.9888
      vertex 158 46.31 61.9888
      vertex 158 0 58.4888
    endloop
  endfacet
  facet normal 1 0 0
    outer loop
      vertex 158 46.31 61.9888
      vertex 158 0 56.9888
      vertex 158 48.8 56.9888
    endloop
  endfacet
  facet normal 0 1 0
    outer loop
      vertex 158 50.8 80.9888
      vertex 151.5 50.8 75.9386
      vertex 143 50.8 80.9888
    endloop
  endfacet
  facet normal 0 1 0
    outer loop
      vertex 158 50.8 80.9888
      vertex 153.975 50.8 73.4637
      vertex 151.5 50.8 75.9386
    endloop
  endfacet
  facet normal 0 1 0
    outer loop
      vertex 158 50.8 80.9888
      vertex 154.277 50.8 73.1195
      vertex 153.975 50.8 73.4637
    endloop
  endfacet
  facet normal 0 1 0
    outer loop
      vertex 158 50.8 80.9888
      vertex 154.531 50.8 72.7388
      vertex 154.277 50.8 73.1195
    endloop
  endfacet
  facet normal 0 1 0
    outer loop
      vertex 158 50.8 80.9888
      vertex 154.734 50.8 72.3282
      vertex 154.531 50.8 72.7388
    endloop
  endfacet
  facet normal 0 1 0
    outer loop
      vertex 158 50.8 80.9888
      vertex 154.881 50.8 71.8947
      vertex 154.734 50.8 72.3282
    endloop
  endfacet
  facet normal 0 1 0
    outer loop
      vertex 158 50.8 80.9888
      vertex 154.97 50.8 71.4457
      vertex 154.881 50.8 71.8947
    endloop
  endfacet
  facet normal 0 1 0
    outer loop
      vertex 158 50.8 80.9888
      vertex 155 50.8 70.9888
      vertex 154.97 50.8 71.4457
    endloop
  endfacet
  facet normal 0 1 -0
    outer loop
      vertex 158 50.8 58.9888
      vertex 155 50.8 70.9888
      vertex 158 50.8 80.9888
    endloop
  endfacet
  facet normal 0 1 0
    outer loop
      vertex 155 50.8 70.9888
      vertex 158 50.8 58.9888
      vertex 154.97 50.8 70.532
    endloop
  endfacet
  facet normal 0 1 0
    outer loop
      vertex 151.957 50.8 67.5188
      vertex 158 50.8 58.9888
      vertex 151.5 50.8 67.4888
    endloop
  endfacet
  facet normal 0 1 0
    outer loop
      vertex 152.406 50.8 67.6081
      vertex 158 50.8 58.9888
      vertex 151.957 50.8 67.5188
    endloop
  endfacet
  facet normal 0 1 0
    outer loop
      vertex 152.839 50.8 67.7552
      vertex 158 50.8 58.9888
      vertex 152.406 50.8 67.6081
    endloop
  endfacet
  facet normal 0 1 0
    outer loop
      vertex 153.25 50.8 67.9577
      vertex 158 50.8 58.9888
      vertex 152.839 50.8 67.7552
    endloop
  endfacet
  facet normal 0 1 0
    outer loop
      vertex 153.631 50.8 68.2121
      vertex 158 50.8 58.9888
      vertex 153.25 50.8 67.9577
    endloop
  endfacet
  facet normal 0 1 0
    outer loop
      vertex 153.975 50.8 68.5139
      vertex 158 50.8 58.9888
      vertex 153.631 50.8 68.2121
    endloop
  endfacet
  facet normal 0 1 0
    outer loop
      vertex 154.277 50.8 68.8582
      vertex 158 50.8 58.9888
      vertex 153.975 50.8 68.5139
    endloop
  endfacet
  facet normal 0 1 0
    outer loop
      vertex 154.531 50.8 69.2388
      vertex 158 50.8 58.9888
      vertex 154.277 50.8 68.8582
    endloop
  endfacet
  facet normal 0 1 0
    outer loop
      vertex 154.734 50.8 69.6494
      vertex 158 50.8 58.9888
      vertex 154.531 50.8 69.2388
    endloop
  endfacet
  facet normal 0 1 0
    outer loop
      vertex 154.881 50.8 70.083
      vertex 158 50.8 58.9888
      vertex 154.734 50.8 69.6494
    endloop
  endfacet
  facet normal 0 1 0
    outer loop
      vertex 154.97 50.8 70.532
      vertex 158 50.8 58.9888
      vertex 154.881 50.8 70.083
    endloop
  endfacet
  facet normal 0 1 -0
    outer loop
      vertex 149.025 50.8 73.4637
      vertex 143 50.8 80.9888
      vertex 151.5 50.8 75.9386
    endloop
  endfacet
  facet normal 0 1 -0
    outer loop
      vertex 148.723 50.8 73.1195
      vertex 143 50.8 80.9888
      vertex 149.025 50.8 73.4637
    endloop
  endfacet
  facet normal 0 1 -0
    outer loop
      vertex 148.469 50.8 72.7388
      vertex 143 50.8 80.9888
      vertex 148.723 50.8 73.1195
    endloop
  endfacet
  facet normal 0 1 -0
    outer loop
      vertex 148.266 50.8 72.3282
      vertex 143 50.8 80.9888
      vertex 148.469 50.8 72.7388
    endloop
  endfacet
  facet normal 0 1 -0
    outer loop
      vertex 148.119 50.8 71.8947
      vertex 143 50.8 80.9888
      vertex 148.266 50.8 72.3282
    endloop
  endfacet
  facet normal 0 1 -0
    outer loop
      vertex 148.03 50.8 71.4457
      vertex 143 50.8 80.9888
      vertex 148.119 50.8 71.8947
    endloop
  endfacet
  facet normal 0 1 -0
    outer loop
      vertex 148 50.8 70.9888
      vertex 143 50.8 80.9888
      vertex 148.03 50.8 71.4457
    endloop
  endfacet
  facet normal 0 1 0
    outer loop
      vertex 143 50.8 58.9888
      vertex 148 50.8 70.9888
      vertex 148.03 50.8 70.532
    endloop
  endfacet
  facet normal 0 1 0
    outer loop
      vertex 143 50.8 58.9888
      vertex 148.03 50.8 70.532
      vertex 148.119 50.8 70.083
    endloop
  endfacet
  facet normal 0 1 0
    outer loop
      vertex 143 50.8 58.9888
      vertex 148.119 50.8 70.083
      vertex 148.266 50.8 69.6494
    endloop
  endfacet
  facet normal 0 1 0
    outer loop
      vertex 158 50.8 58.9888
      vertex 151.043 50.8 67.5188
      vertex 151.5 50.8 67.4888
    endloop
  endfacet
  facet normal 0 1 0
    outer loop
      vertex 143 50.8 58.9888
      vertex 151.043 50.8 67.5188
      vertex 158 50.8 58.9888
    endloop
  endfacet
  facet normal 0 1 0
    outer loop
      vertex 151.043 50.8 67.5188
      vertex 143 50.8 58.9888
      vertex 150.594 50.8 67.6081
    endloop
  endfacet
  facet normal 0 1 0
    outer loop
      vertex 150.594 50.8 67.6081
      vertex 143 50.8 58.9888
      vertex 150.161 50.8 67.7552
    endloop
  endfacet
  facet normal 0 1 0
    outer loop
      vertex 150.161 50.8 67.7552
      vertex 143 50.8 58.9888
      vertex 149.75 50.8 67.9577
    endloop
  endfacet
  facet normal 0 1 0
    outer loop
      vertex 149.75 50.8 67.9577
      vertex 143 50.8 58.9888
      vertex 149.369 50.8 68.2121
    endloop
  endfacet
  facet normal 0 1 0
    outer loop
      vertex 148 50.8 70.9888
      vertex 143 50.8 58.9888
      vertex 143 50.8 80.9888
    endloop
  endfacet
  facet normal 0 1 0
    outer loop
      vertex 148.469 50.8 69.2388
      vertex 143 50.8 58.9888
      vertex 148.266 50.8 69.6494
    endloop
  endfacet
  facet normal 0 1 0
    outer loop
      vertex 148.723 50.8 68.8582
      vertex 143 50.8 58.9888
      vertex 148.469 50.8 69.2388
    endloop
  endfacet
  facet normal 0 1 0
    outer loop
      vertex 149.025 50.8 68.5139
      vertex 143 50.8 58.9888
      vertex 148.723 50.8 68.8582
    endloop
  endfacet
  facet normal 0 1 0
    outer loop
      vertex 149.369 50.8 68.2121
      vertex 143 50.8 58.9888
      vertex 149.025 50.8 68.5139
    endloop
  endfacet
  facet normal -1 0 0
    outer loop
      vertex 143 50.8 58.9888
      vertex 143 46.31 61.9888
      vertex 143 48.3 63.9788
    endloop
  endfacet
  facet normal -1 0 0
    outer loop
      vertex 143 0 56.9888
      vertex 143 46.31 61.9888
      vertex 143 48.8 56.9888
    endloop
  endfacet
  facet normal -1 0 0
    outer loop
      vertex 143 0 58.4888
      vertex 143 46.31 61.9888
      vertex 143 0 56.9888
    endloop
  endfacet
  facet normal -1 0 0
    outer loop
      vertex 143 -8 61.9888
      vertex 143 0 58.4888
      vertex 143 -8 58.4888
    endloop
  endfacet
  facet normal -1 0 0
    outer loop
      vertex 143 0 58.4888
      vertex 143 -8 61.9888
      vertex 143 46.31 61.9888
    endloop
  endfacet
  facet normal -1 0 0
    outer loop
      vertex 143 46.31 61.9888
      vertex 143 50.8 58.9888
      vertex 143 48.8 56.9888
    endloop
  endfacet
  facet normal -1 0 0
    outer loop
      vertex 143 50.8 58.9888
      vertex 143 48.3 63.9788
      vertex 143 50.8 80.9888
    endloop
  endfacet
  facet normal -1 -0 0
    outer loop
      vertex 143 50.8 80.9888
      vertex 143 48.3 63.9788
      vertex 143 48.3 80.9888
    endloop
  endfacet
  facet normal -0 0 1
    outer loop
      vertex 143 46.31 61.9888
      vertex 158 -8 61.9888
      vertex 158 46.31 61.9888
    endloop
  endfacet
  facet normal 0 0 1
    outer loop
      vertex 158 -8 61.9888
      vertex 143 46.31 61.9888
      vertex 143 -8 61.9888
    endloop
  endfacet
  facet normal 0 0 -1
    outer loop
      vertex 143 0 56.9888
      vertex 158 48.8 56.9888
      vertex 158 0 56.9888
    endloop
  endfacet
  facet normal -0 0 -1
    outer loop
      vertex 158 48.8 56.9888
      vertex 143 0 56.9888
      vertex 143 48.8 56.9888
    endloop
  endfacet
  facet normal 0 -1 0
    outer loop
      vertex 143 48.3 80.9888
      vertex 151.5 48.3 75.9386
      vertex 158 48.3 80.9888
    endloop
  endfacet
  facet normal 0 -1 0
    outer loop
      vertex 143 48.3 80.9888
      vertex 149.025 48.3 73.4637
      vertex 151.5 48.3 75.9386
    endloop
  endfacet
  facet normal 0 -1 0
    outer loop
      vertex 143 48.3 80.9888
      vertex 148.723 48.3 73.1195
      vertex 149.025 48.3 73.4637
    endloop
  endfacet
  facet normal 0 -1 0
    outer loop
      vertex 143 48.3 80.9888
      vertex 148.469 48.3 72.7388
      vertex 148.723 48.3 73.1195
    endloop
  endfacet
  facet normal 0 -1 0
    outer loop
      vertex 143 48.3 80.9888
      vertex 148.266 48.3 72.3282
      vertex 148.469 48.3 72.7388
    endloop
  endfacet
  facet normal 0 -1 0
    outer loop
      vertex 143 48.3 80.9888
      vertex 148.119 48.3 71.8947
      vertex 148.266 48.3 72.3282
    endloop
  endfacet
  facet normal 0 -1 0
    outer loop
      vertex 143 48.3 80.9888
      vertex 148.03 48.3 71.4457
      vertex 148.119 48.3 71.8947
    endloop
  endfacet
  facet normal 0 -1 0
    outer loop
      vertex 143 48.3 63.9788
      vertex 148.03 48.3 71.4457
      vertex 143 48.3 80.9888
    endloop
  endfacet
  facet normal 0 -1 0
    outer loop
      vertex 148.03 48.3 71.4457
      vertex 143 48.3 63.9788
      vertex 148 48.3 70.9888
    endloop
  endfacet
  facet normal 0 -1 -0
    outer loop
      vertex 148 48.3 70.9888
      vertex 143 48.3 63.9788
      vertex 148.03 48.3 70.532
    endloop
  endfacet
  facet normal 0 -1 -0
    outer loop
      vertex 148.03 48.3 70.532
      vertex 143 48.3 63.9788
      vertex 148.119 48.3 70.083
    endloop
  endfacet
  facet normal 0 -1 0
    outer loop
      vertex 158 48.3 63.9788
      vertex 151.043 48.3 67.5188
      vertex 143 48.3 63.9788
    endloop
  endfacet
  facet normal 0 -1 -0
    outer loop
      vertex 150.594 48.3 67.6081
      vertex 143 48.3 63.9788
      vertex 151.043 48.3 67.5188
    endloop
  endfacet
  facet normal 0 -1 -0
    outer loop
      vertex 150.161 48.3 67.7552
      vertex 143 48.3 63.9788
      vertex 150.594 48.3 67.6081
    endloop
  endfacet
  facet normal 0 -1 -0
    outer loop
      vertex 149.75 48.3 67.9577
      vertex 143 48.3 63.9788
      vertex 150.161 48.3 67.7552
    endloop
  endfacet
  facet normal 0 -1 -0
    outer loop
      vertex 149.369 48.3 68.2121
      vertex 143 48.3 63.9788
      vertex 149.75 48.3 67.9577
    endloop
  endfacet
  facet normal 0 -1 -0
    outer loop
      vertex 149.025 48.3 68.5139
      vertex 143 48.3 63.9788
      vertex 149.369 48.3 68.2121
    endloop
  endfacet
  facet normal 0 -1 -0
    outer loop
      vertex 148.723 48.3 68.8582
      vertex 143 48.3 63.9788
      vertex 149.025 48.3 68.5139
    endloop
  endfacet
  facet normal 0 -1 -0
    outer loop
      vertex 148.469 48.3 69.2388
      vertex 143 48.3 63.9788
      vertex 148.723 48.3 68.8582
    endloop
  endfacet
  facet normal 0 -1 -0
    outer loop
      vertex 148.266 48.3 69.6494
      vertex 143 48.3 63.9788
      vertex 148.469 48.3 69.2388
    endloop
  endfacet
  facet normal 0 -1 -0
    outer loop
      vertex 148.119 48.3 70.083
      vertex 143 48.3 63.9788
      vertex 148.266 48.3 69.6494
    endloop
  endfacet
  facet normal 0 -1 0
    outer loop
      vertex 153.975 48.3 73.4637
      vertex 158 48.3 80.9888
      vertex 151.5 48.3 75.9386
    endloop
  endfacet
  facet normal 0 -1 0
    outer loop
      vertex 154.277 48.3 73.1195
      vertex 158 48.3 80.9888
      vertex 153.975 48.3 73.4637
    endloop
  endfacet
  facet normal 0 -1 0
    outer loop
      vertex 154.531 48.3 72.7388
      vertex 158 48.3 80.9888
      vertex 154.277 48.3 73.1195
    endloop
  endfacet
  facet normal 0 -1 0
    outer loop
      vertex 154.734 48.3 72.3282
      vertex 158 48.3 80.9888
      vertex 154.531 48.3 72.7388
    endloop
  endfacet
  facet normal 0 -1 0
    outer loop
      vertex 154.881 48.3 71.8947
      vertex 158 48.3 80.9888
      vertex 154.734 48.3 72.3282
    endloop
  endfacet
  facet normal 0 -1 0
    outer loop
      vertex 154.97 48.3 71.4457
      vertex 158 48.3 80.9888
      vertex 154.881 48.3 71.8947
    endloop
  endfacet
  facet normal 0 -1 0
    outer loop
      vertex 158 48.3 63.9788
      vertex 154.97 48.3 71.4457
      vertex 155 48.3 70.9888
    endloop
  endfacet
  facet normal 0 -1 0
    outer loop
      vertex 158 48.3 63.9788
      vertex 155 48.3 70.9888
      vertex 154.97 48.3 70.532
    endloop
  endfacet
  facet normal 0 -1 0
    outer loop
      vertex 158 48.3 63.9788
      vertex 154.97 48.3 70.532
      vertex 154.881 48.3 70.083
    endloop
  endfacet
  facet normal 0 -1 0
    outer loop
      vertex 151.043 48.3 67.5188
      vertex 158 48.3 63.9788
      vertex 151.5 48.3 67.4888
    endloop
  endfacet
  facet normal 0 -1 0
    outer loop
      vertex 151.5 48.3 67.4888
      vertex 158 48.3 63.9788
      vertex 151.957 48.3 67.5188
    endloop
  endfacet
  facet normal 0 -1 0
    outer loop
      vertex 151.957 48.3 67.5188
      vertex 158 48.3 63.9788
      vertex 152.406 48.3 67.6081
    endloop
  endfacet
  facet normal 0 -1 0
    outer loop
      vertex 154.97 48.3 71.4457
      vertex 158 48.3 63.9788
      vertex 158 48.3 80.9888
    endloop
  endfacet
  facet normal 0 -1 0
    outer loop
      vertex 154.734 48.3 69.6494
      vertex 158 48.3 63.9788
      vertex 154.881 48.3 70.083
    endloop
  endfacet
  facet normal 0 -1 0
    outer loop
      vertex 154.531 48.3 69.2388
      vertex 158 48.3 63.9788
      vertex 154.734 48.3 69.6494
    endloop
  endfacet
  facet normal 0 -1 0
    outer loop
      vertex 154.277 48.3 68.8582
      vertex 158 48.3 63.9788
      vertex 154.531 48.3 69.2388
    endloop
  endfacet
  facet normal 0 -1 0
    outer loop
      vertex 153.975 48.3 68.5139
      vertex 158 48.3 63.9788
      vertex 154.277 48.3 68.8582
    endloop
  endfacet
  facet normal 0 -1 0
    outer loop
      vertex 153.631 48.3 68.2121
      vertex 158 48.3 63.9788
      vertex 153.975 48.3 68.5139
    endloop
  endfacet
  facet normal 0 -1 0
    outer loop
      vertex 153.25 48.3 67.9577
      vertex 158 48.3 63.9788
      vertex 153.631 48.3 68.2121
    endloop
  endfacet
  facet normal 0 -1 0
    outer loop
      vertex 152.839 48.3 67.7552
      vertex 158 48.3 63.9788
      vertex 153.25 48.3 67.9577
    endloop
  endfacet
  facet normal 0 -1 0
    outer loop
      vertex 152.406 48.3 67.6081
      vertex 158 48.3 63.9788
      vertex 152.839 48.3 67.7552
    endloop
  endfacet
  facet normal -0 0 1
    outer loop
      vertex 143 50.8 80.9888
      vertex 158 48.3 80.9888
      vertex 158 50.8 80.9888
    endloop
  endfacet
  facet normal 0 0 1
    outer loop
      vertex 158 48.3 80.9888
      vertex 143 50.8 80.9888
      vertex 143 48.3 80.9888
    endloop
  endfacet
  facet normal 0 -0.707107 0.707107
    outer loop
      vertex 143 46.31 61.9888
      vertex 158 48.3 63.9788
      vertex 143 48.3 63.9788
    endloop
  endfacet
  facet normal 0 -0.707107 0.707107
    outer loop
      vertex 158 48.3 63.9788
      vertex 143 46.31 61.9888
      vertex 158 46.31 61.9888
    endloop
  endfacet
  facet normal -1 0 0
    outer loop
      vertex 0 -1 19.1269
      vertex 0 -8 58.0888
      vertex 0 -1 55.9888
    endloop
  endfacet
  facet normal -1 0 0
    outer loop
      vertex 0 -53.7852 12.3037
      vertex 0 -1 19.1269
      vertex 0 -20.1269 6.76686e-06
    endloop
  endfacet
  facet normal -1 0 0
    outer loop
      vertex 0 -53.7852 12.3037
      vertex 0 -20.1269 6.76686e-06
      vertex 0 -53.7852 6.76686e-06
    endloop
  endfacet
  facet normal -1 -0 0
    outer loop
      vertex 0 -1 19.1269
      vertex 0 -53.7852 12.3037
      vertex 0 -8 58.0888
    endloop
  endfacet
  facet normal -1 0 0
    outer loop
      vertex 0 -1 55.9888
      vertex 0 0 58.4888
      vertex 0 0 56.9888
    endloop
  endfacet
  facet normal -1 0 0
    outer loop
      vertex 0 -8 58.4888
      vertex 0 -1 55.9888
      vertex 0 -8 58.0888
    endloop
  endfacet
  facet normal -1 0 0
    outer loop
      vertex 0 -1 55.9888
      vertex 0 -8 58.4888
      vertex 0 0 58.4888
    endloop
  endfacet
  facet normal 1 0 0
    outer loop
      vertex 164.5 0 58.4888
      vertex 164.5 -1 55.9888
      vertex 164.5 0 56.9888
    endloop
  endfacet
  facet normal 1 -0 0
    outer loop
      vertex 164.5 -8 58.4888
      vertex 164.5 -1 55.9888
      vertex 164.5 0 58.4888
    endloop
  endfacet
  facet normal 1 -0 0
    outer loop
      vertex 164.5 -8 58.0888
      vertex 164.5 -1 55.9888
      vertex 164.5 -8 58.4888
    endloop
  endfacet
  facet normal 1 0 0
    outer loop
      vertex 164.5 -1 55.9888
      vertex 164.5 -8 58.0888
      vertex 164.5 -1 19.1269
    endloop
  endfacet
  facet normal 1 0 0
    outer loop
      vertex 164.5 -53.7852 12.3037
      vertex 164.5 -1 19.1269
      vertex 164.5 -8 58.0888
    endloop
  endfacet
  facet normal 1 0 0
    outer loop
      vertex 164.5 -1 19.1269
      vertex 164.5 -53.7852 12.3037
      vertex 164.5 -20.1269 6.76686e-06
    endloop
  endfacet
  facet normal 1 0 0
    outer loop
      vertex 164.5 -20.1269 6.76686e-06
      vertex 164.5 -53.7852 12.3037
      vertex 164.5 -53.7852 6.76686e-06
    endloop
  endfacet
  facet normal -0 0 1
    outer loop
      vertex 0 0 58.4888
      vertex 6.5 -8 58.4888
      vertex 6.5 0 58.4888
    endloop
  endfacet
  facet normal 0 0 1
    outer loop
      vertex 6.5 -8 58.4888
      vertex 0 0 58.4888
      vertex 0 -8 58.4888
    endloop
  endfacet
  facet normal -0 0 1
    outer loop
      vertex 158 0 58.4888
      vertex 164.5 -8 58.4888
      vertex 164.5 0 58.4888
    endloop
  endfacet
  facet normal 0 0 1
    outer loop
      vertex 164.5 -8 58.4888
      vertex 158 0 58.4888
      vertex 158 -8 58.4888
    endloop
  endfacet
  facet normal -0 0 1
    outer loop
      vertex 21.5 0 58.4888
      vertex 143 -8 58.4888
      vertex 143 0 58.4888
    endloop
  endfacet
  facet normal 0 0 1
    outer loop
      vertex 143 -8 58.4888
      vertex 21.5 0 58.4888
      vertex 21.5 -8 58.4888
    endloop
  endfacet
  facet normal 0 1 -0
    outer loop
      vertex 6.5 0 56.9888
      vertex 0 0 58.4888
      vertex 6.5 0 58.4888
    endloop
  endfacet
  facet normal 0 1 0
    outer loop
      vertex 0 0 58.4888
      vertex 6.5 0 56.9888
      vertex 0 0 56.9888
    endloop
  endfacet
  facet normal 0 1 -0
    outer loop
      vertex 164.5 0 56.9888
      vertex 158 0 58.4888
      vertex 164.5 0 58.4888
    endloop
  endfacet
  facet normal 0 1 0
    outer loop
      vertex 158 0 58.4888
      vertex 164.5 0 56.9888
      vertex 158 0 56.9888
    endloop
  endfacet
  facet normal 0 1 -0
    outer loop
      vertex 143 0 56.9888
      vertex 21.5 0 58.4888
      vertex 143 0 58.4888
    endloop
  endfacet
  facet normal 0 1 0
    outer loop
      vertex 21.5 0 58.4888
      vertex 143 0 56.9888
      vertex 21.5 0 56.9888
    endloop
  endfacet
  facet normal 0 0.707107 -0.707107
    outer loop
      vertex 164.5 -1 55.9888
      vertex 158 0 56.9888
      vertex 164.5 0 56.9888
    endloop
  endfacet
  facet normal 0 0.707107 -0.707107
    outer loop
      vertex 158 0 56.9888
      vertex 164.5 -1 55.9888
      vertex 143 0 56.9888
    endloop
  endfacet
  facet normal 0 0.707107 -0.707107
    outer loop
      vertex 143 0 56.9888
      vertex 164.5 -1 55.9888
      vertex 21.5 0 56.9888
    endloop
  endfacet
  facet normal 0 0.707107 -0.707107
    outer loop
      vertex 0 -1 55.9888
      vertex 21.5 0 56.9888
      vertex 164.5 -1 55.9888
    endloop
  endfacet
  facet normal 0 0.707107 -0.707107
    outer loop
      vertex 21.5 0 56.9888
      vertex 0 -1 55.9888
      vertex 6.5 0 56.9888
    endloop
  endfacet
  facet normal 0 0.707107 -0.707107
    outer loop
      vertex 6.5 0 56.9888
      vertex 0 -1 55.9888
      vertex 0 0 56.9888
    endloop
  endfacet
  facet normal 0 1 -0
    outer loop
      vertex 164.5 -1 19.1269
      vertex 0 -1 55.9888
      vertex 164.5 -1 55.9888
    endloop
  endfacet
  facet normal 0 1 0
    outer loop
      vertex 0 -1 55.9888
      vertex 164.5 -1 19.1269
      vertex 0 -1 19.1269
    endloop
  endfacet
  facet normal 0 0.707106 -0.707108
    outer loop
      vertex 112.75 -7.82322 12.3037
      vertex 164.5 -1 19.1269
      vertex 120.75 -7.82322 12.3037
    endloop
  endfacet
  facet normal -6.95977e-05 0.707329 -0.706885
    outer loop
      vertex 164.5 -1 19.1269
      vertex 121.142 -7.84137 12.2855
      vertex 120.75 -7.82322 12.3037
    endloop
  endfacet
  facet normal 3.91368e-05 0.706984 -0.707229
    outer loop
      vertex 164.5 -1 19.1269
      vertex 121.526 -7.89551 12.2314
      vertex 121.142 -7.84137 12.2855
    endloop
  endfacet
  facet normal -7.71925e-06 0.70713 -0.707083
    outer loop
      vertex 164.5 -1 19.1269
      vertex 121.898 -7.9847 12.1422
      vertex 121.526 -7.89551 12.2314
    endloop
  endfacet
  facet normal 1.92763e-05 0.707048 -0.707166
    outer loop
      vertex 164.5 -1 19.1269
      vertex 122.25 -8.10743 12.0195
      vertex 121.898 -7.9847 12.1422
    endloop
  endfacet
  facet normal -2.31339e-05 0.707174 -0.70704
    outer loop
      vertex 164.5 -1 19.1269
      vertex 122.576 -8.26159 11.8653
      vertex 122.25 -8.10743 12.0195
    endloop
  endfacet
  facet normal -2.60304e-05 0.707182 -0.707031
    outer loop
      vertex 164.5 -1 19.1269
      vertex 122.871 -8.44454 11.6823
      vertex 122.576 -8.26159 11.8653
    endloop
  endfacet
  facet normal 1.57147e-05 0.707066 -0.707148
    outer loop
      vertex 164.5 -1 19.1269
      vertex 123.13 -8.65317 11.4737
      vertex 122.871 -8.44454 11.6823
    endloop
  endfacet
  facet normal 5.26282e-06 0.707094 -0.70712
    outer loop
      vertex 164.5 -1 19.1269
      vertex 123.348 -8.88388 11.243
      vertex 123.13 -8.65317 11.4737
    endloop
  endfacet
  facet normal -1.40971e-05 0.707144 -0.707069
    outer loop
      vertex 164.5 -1 19.1269
      vertex 123.522 -9.13275 10.9941
      vertex 123.348 -8.88388 11.243
    endloop
  endfacet
  facet normal 3.00515e-05 0.707033 -0.70718
    outer loop
      vertex 164.5 -1 19.1269
      vertex 123.648 -9.39551 10.7314
      vertex 123.522 -9.13275 10.9941
    endloop
  endfacet
  facet normal -2.54105e-05 0.707168 -0.707045
    outer loop
      vertex 164.5 -1 19.1269
      vertex 123.724 -9.66766 10.4592
      vertex 123.648 -9.39551 10.7314
    endloop
  endfacet
  facet normal -9.96436e-06 0.707132 -0.707082
    outer loop
      vertex 164.5 -1 19.1269
      vertex 123.75 -9.94454 10.1823
      vertex 123.724 -9.66766 10.4592
    endloop
  endfacet
  facet normal 1.09605e-06 0.707107 -0.707107
    outer loop
      vertex 164.5 -20.1269 6.76686e-06
      vertex 123.75 -9.94454 10.1823
      vertex 164.5 -1 19.1269
    endloop
  endfacet
  facet normal -5.10361e-06 0.707094 -0.707119
    outer loop
      vertex 123.75 -9.94454 10.1823
      vertex 164.5 -20.1269 6.76686e-06
      vertex 123.724 -10.2214 9.90545
    endloop
  endfacet
  facet normal -2.86293e-05 0.707046 -0.707168
    outer loop
      vertex 123.724 -10.2214 9.90545
      vertex 164.5 -20.1269 6.76686e-06
      vertex 123.648 -10.4936 9.6333
    endloop
  endfacet
  facet normal 2.86144e-05 0.707167 -0.707046
    outer loop
      vertex 123.648 -10.4936 9.6333
      vertex 164.5 -20.1269 6.76686e-06
      vertex 123.522 -10.7563 9.37055
    endloop
  endfacet
  facet normal -1.59595e-05 0.70707 -0.707144
    outer loop
      vertex 123.522 -10.7563 9.37055
      vertex 164.5 -20.1269 6.76686e-06
      vertex 123.348 -11.0052 9.12168
    endloop
  endfacet
  facet normal 1.16146e-05 0.707132 -0.707082
    outer loop
      vertex 123.348 -11.0052 9.12168
      vertex 164.5 -20.1269 6.76686e-06
      vertex 123.13 -11.2359 8.89096
    endloop
  endfacet
  facet normal 1.21318e-05 0.707133 -0.70708
    outer loop
      vertex 123.13 -11.2359 8.89096
      vertex 164.5 -20.1269 6.76686e-06
      vertex 122.871 -11.4445 8.68234
    endloop
  endfacet
  facet normal -2.32779e-05 0.707048 -0.707165
    outer loop
      vertex 122.871 -11.4445 8.68234
      vertex 164.5 -20.1269 6.76686e-06
      vertex 122.576 -11.6275 8.49938
    endloop
  endfacet
  facet normal -2.57163e-05 0.707042 -0.707171
    outer loop
      vertex 122.576 -11.6275 8.49938
      vertex 164.5 -20.1269 6.76686e-06
      vertex 122.25 -11.7817 8.34522
    endloop
  endfacet
  facet normal 0 0.707107 -0.707106
    outer loop
      vertex 120.75 -12.0659 8.06102
      vertex 164.5 -20.1269 6.76686e-06
      vertex 112.75 -12.0659 8.06102
    endloop
  endfacet
  facet normal -7.21023e-05 0.706912 -0.707302
    outer loop
      vertex 121.142 -12.0477 8.07917
      vertex 164.5 -20.1269 6.76686e-06
      vertex 120.75 -12.0659 8.06102
    endloop
  endfacet
  facet normal 3.17124e-05 0.70719 -0.707023
    outer loop
      vertex 121.526 -11.9936 8.1333
      vertex 164.5 -20.1269 6.76686e-06
      vertex 121.142 -12.0477 8.07917
    endloop
  endfacet
  facet normal 6.22278e-08 0.707107 -0.707107
    outer loop
      vertex 121.898 -11.9044 8.2225
      vertex 164.5 -20.1269 6.76686e-06
      vertex 121.526 -11.9936 8.1333
    endloop
  endfacet
  facet normal 1.43894e-05 0.707144 -0.70707
    outer loop
      vertex 122.25 -11.7817 8.34522
      vertex 164.5 -20.1269 6.76686e-06
      vertex 121.898 -11.9044 8.2225
    endloop
  endfacet
  facet normal 0.000139258 0.706577 -0.707636
    outer loop
      vertex 112.358 -7.84137 12.2855
      vertex 164.5 -1 19.1269
      vertex 112.75 -7.82322 12.3037
    endloop
  endfacet
  facet normal 0 0.707108 -0.707105
    outer loop
      vertex 164.5 -1 19.1269
      vertex 112.358 -7.84137 12.2855
      vertex 0 -1 19.1269
    endloop
  endfacet
  facet normal -2.23534e-05 0.706925 -0.707289
    outer loop
      vertex 111.974 -7.89551 12.2314
      vertex 0 -1 19.1269
      vertex 112.358 -7.84137 12.2855
    endloop
  endfacet
  facet normal 3.93457e-06 0.707138 -0.707075
    outer loop
      vertex 111.602 -7.9847 12.1422
      vertex 0 -1 19.1269
      vertex 111.974 -7.89551 12.2314
    endloop
  endfacet
  facet normal -9.17229e-06 0.707033 -0.70718
    outer loop
      vertex 111.25 -8.10743 12.0195
      vertex 0 -1 19.1269
      vertex 111.602 -7.9847 12.1422
    endloop
  endfacet
  facet normal 1.04932e-05 0.707187 -0.707026
    outer loop
      vertex 110.924 -8.26159 11.8653
      vertex 0 -1 19.1269
      vertex 111.25 -8.10743 12.0195
    endloop
  endfacet
  facet normal 1.13841e-05 0.707194 -0.707019
    outer loop
      vertex 110.629 -8.44454 11.6823
      vertex 0 -1 19.1269
      vertex 110.924 -8.26159 11.8653
    endloop
  endfacet
  facet normal -6.66909e-06 0.70706 -0.707153
    outer loop
      vertex 110.37 -8.65317 11.4737
      vertex 0 -1 19.1269
      vertex 110.629 -8.44454 11.6823
    endloop
  endfacet
  facet normal -2.17499e-06 0.707092 -0.707121
    outer loop
      vertex 110.152 -8.88388 11.243
      vertex 0 -1 19.1269
      vertex 110.37 -8.65317 11.4737
    endloop
  endfacet
  facet normal 5.68739e-06 0.707147 -0.707066
    outer loop
      vertex 109.978 -9.13275 10.9941
      vertex 0 -1 19.1269
      vertex 110.152 -8.88388 11.243
    endloop
  endfacet
  facet normal -1.1843e-05 0.707029 -0.707185
    outer loop
      vertex 109.852 -9.39551 10.7314
      vertex 0 -1 19.1269
      vertex 109.978 -9.13275 10.9941
    endloop
  endfacet
  facet normal 9.78322e-06 0.70717 -0.707043
    outer loop
      vertex 109.776 -9.66766 10.4592
      vertex 0 -1 19.1269
      vertex 109.852 -9.39551 10.7314
    endloop
  endfacet
  facet normal 3.74733e-06 0.707132 -0.707081
    outer loop
      vertex 109.75 -9.94454 10.1823
      vertex 0 -1 19.1269
      vertex 109.776 -9.66766 10.4592
    endloop
  endfacet
  facet normal 1.92268e-06 0.707094 -0.707119
    outer loop
      vertex 0 -20.1269 6.76686e-06
      vertex 109.75 -9.94454 10.1823
      vertex 109.776 -10.2214 9.90545
    endloop
  endfacet
  facet normal 1.10765e-05 0.707043 -0.70717
    outer loop
      vertex 0 -20.1269 6.76686e-06
      vertex 109.776 -10.2214 9.90545
      vertex 109.852 -10.4936 9.6333
    endloop
  endfacet
  facet normal -1.13666e-05 0.707171 -0.707042
    outer loop
      vertex 0 -20.1269 6.76686e-06
      vertex 109.852 -10.4936 9.6333
      vertex 109.978 -10.7563 9.37055
    endloop
  endfacet
  facet normal 6.50946e-06 0.707066 -0.707147
    outer loop
      vertex 0 -20.1269 6.76686e-06
      vertex 109.978 -10.7563 9.37055
      vertex 110.152 -11.0052 9.12168
    endloop
  endfacet
  facet normal -4.8671e-06 0.707135 -0.707078
    outer loop
      vertex 0 -20.1269 6.76686e-06
      vertex 110.152 -11.0052 9.12168
      vertex 110.37 -11.2359 8.89096
    endloop
  endfacet
  facet normal -5.23693e-06 0.707137 -0.707076
    outer loop
      vertex 0 -20.1269 6.76686e-06
      vertex 110.37 -11.2359 8.89096
      vertex 110.629 -11.4445 8.68234
    endloop
  endfacet
  facet normal 1.039e-05 0.707038 -0.707176
    outer loop
      vertex 0 -20.1269 6.76686e-06
      vertex 110.629 -11.4445 8.68234
      vertex 110.924 -11.6275 8.49938
    endloop
  endfacet
  facet normal 1.19499e-05 0.707028 -0.707186
    outer loop
      vertex 0 -20.1269 6.76686e-06
      vertex 110.924 -11.6275 8.49938
      vertex 111.25 -11.7817 8.34522
    endloop
  endfacet
  facet normal -7.04508e-06 0.707154 -0.707059
    outer loop
      vertex 0 -20.1269 6.76686e-06
      vertex 111.25 -11.7817 8.34522
      vertex 111.602 -11.9044 8.2225
    endloop
  endfacet
  facet normal -3.27972e-08 0.707107 -0.707107
    outer loop
      vertex 0 -20.1269 6.76686e-06
      vertex 111.602 -11.9044 8.2225
      vertex 111.974 -11.9936 8.1333
    endloop
  endfacet
  facet normal -1.88172e-05 0.707236 -0.706978
    outer loop
      vertex 0 -20.1269 6.76686e-06
      vertex 111.974 -11.9936 8.1333
      vertex 112.358 -12.0477 8.07917
    endloop
  endfacet
  facet normal 0.000128492 0.70752 -0.706694
    outer loop
      vertex 164.5 -20.1269 6.76686e-06
      vertex 112.358 -12.0477 8.07917
      vertex 112.75 -12.0659 8.06102
    endloop
  endfacet
  facet normal 0 0.707105 -0.707108
    outer loop
      vertex 0 -20.1269 6.76686e-06
      vertex 112.358 -12.0477 8.07917
      vertex 164.5 -20.1269 6.76686e-06
    endloop
  endfacet
  facet normal -4.06962e-07 0.707107 -0.707107
    outer loop
      vertex 109.75 -9.94454 10.1823
      vertex 0 -20.1269 6.76686e-06
      vertex 0 -1 19.1269
    endloop
  endfacet
  facet normal 0 0 -1
    outer loop
      vertex 0 -53.7852 6.76686e-06
      vertex 164.5 -20.1269 6.76686e-06
      vertex 164.5 -53.7852 6.76686e-06
    endloop
  endfacet
  facet normal -0 0 -1
    outer loop
      vertex 164.5 -20.1269 6.76686e-06
      vertex 0 -53.7852 6.76686e-06
      vertex 0 -20.1269 6.76686e-06
    endloop
  endfacet
  facet normal 0 -1 0
    outer loop
      vertex 0 -53.7852 6.76686e-06
      vertex 164.5 -53.7852 12.3037
      vertex 0 -53.7852 12.3037
    endloop
  endfacet
  facet normal 0 -1 -0
    outer loop
      vertex 164.5 -53.7852 12.3037
      vertex 0 -53.7852 6.76686e-06
      vertex 164.5 -53.7852 6.76686e-06
    endloop
  endfacet
  facet normal -2.65753e-06 -0.707106 0.707108
    outer loop
      vertex 164.5 -8 58.0888
      vertex 150.047 -32.87 33.2188
      vertex 164.5 -53.7852 12.3037
    endloop
  endfacet
  facet normal 4.37237e-15 -0.707107 0.707107
    outer loop
      vertex 164.5 -8 58.0888
      vertex 149.946 -31.7717 34.3171
      vertex 150.047 -32.87 33.2188
    endloop
  endfacet
  facet normal 0.000800102 -0.707351 0.706862
    outer loop
      vertex 164.5 -8 58.0888
      vertex 149.925 -31.6617 34.4272
      vertex 149.946 -31.7717 34.3171
    endloop
  endfacet
  facet normal -6.96452e-05 -0.707084 0.70713
    outer loop
      vertex 164.5 -8 58.0888
      vertex 149.621 -30.5821 35.5067
      vertex 149.925 -31.6617 34.4272
    endloop
  endfacet
  facet normal 0 -0.707107 0.707107
    outer loop
      vertex 164.5 -8 58.0888
      vertex 149.581 -30.4749 35.6139
      vertex 149.621 -30.5821 35.5067
    endloop
  endfacet
  facet normal 5.92786e-05 -0.707126 0.707087
    outer loop
      vertex 164.5 -8 58.0888
      vertex 149.08 -29.4327 36.6562
      vertex 149.581 -30.4749 35.6139
    endloop
  endfacet
  facet normal -0.000526027 -0.706916 0.707298
    outer loop
      vertex 164.5 -8 58.0888
      vertex 149.02 -29.3301 36.7587
      vertex 149.08 -29.4327 36.6562
    endloop
  endfacet
  facet normal 0 -0.707107 0.707107
    outer loop
      vertex 164.5 -8 58.0888
      vertex 148.332 -28.3429 37.7459
      vertex 149.02 -29.3301 36.7587
    endloop
  endfacet
  facet normal 0 -0.707107 0.707107
    outer loop
      vertex 164.5 -8 58.0888
      vertex 148.253 -28.2468 37.842
      vertex 148.332 -28.3429 37.7459
    endloop
  endfacet
  facet normal 0 -0.707107 0.707107
    outer loop
      vertex 164.5 -8 58.0888
      vertex 147.389 -27.3316 38.7572
      vertex 148.253 -28.2468 37.842
    endloop
  endfacet
  facet normal 0 -0.707107 0.707107
    outer loop
      vertex 164.5 -8 58.0888
      vertex 147.293 -27.2436 38.8452
      vertex 147.389 -27.3316 38.7572
    endloop
  endfacet
  facet normal 1.18273e-15 -0.707107 0.707107
    outer loop
      vertex 164.5 -8 58.0888
      vertex 146.267 -26.416 39.6728
      vertex 147.293 -27.2436 38.8452
    endloop
  endfacet
  facet normal 0.000374784 -0.707292 0.706921
    outer loop
      vertex 164.5 -8 58.0888
      vertex 146.156 -26.3376 39.7513
      vertex 146.267 -26.416 39.6728
    endloop
  endfacet
  facet normal -3.57997e-05 -0.707087 0.707127
    outer loop
      vertex 164.5 -8 58.0888
      vertex 144.985 -25.6118 40.477
      vertex 146.156 -26.3376 39.7513
    endloop
  endfacet
  facet normal 0.000355599 -0.707304 0.70691
    outer loop
      vertex 164.5 -8 58.0888
      vertex 144.861 -25.5443 40.5446
      vertex 144.985 -25.6118 40.477
    endloop
  endfacet
  facet normal 1.24568e-06 -0.707105 0.707108
    outer loop
      vertex 164.5 -8 58.0888
      vertex 143.567 -24.9328 41.1561
      vertex 144.861 -25.5443 40.5446
    endloop
  endfacet
  facet normal 1.13271e-06 -0.707105 0.707108
    outer loop
      vertex 164.5 -8 58.0888
      vertex 143.431 -24.8773 41.2116
      vertex 143.567 -24.9328 41.1561
    endloop
  endfacet
  facet normal -3.42709e-05 -0.707083 0.70713
    outer loop
      vertex 164.5 -8 58.0888
      vertex 142.035 -24.3904 41.6984
      vertex 143.431 -24.8773 41.2116
    endloop
  endfacet
  facet normal 0 -0.707107 0.707107
    outer loop
      vertex 164.5 -8 58.0888
      vertex 141.89 -24.348 41.7408
      vertex 142.035 -24.3904 41.6984
    endloop
  endfacet
  facet normal 3.60146e-05 -0.707132 0.707082
    outer loop
      vertex 164.5 -8 58.0888
      vertex 140.416 -23.9942 42.0947
      vertex 141.89 -24.348 41.7408
    endloop
  endfacet
  facet normal -0.000361426 -0.706832 0.707381
    outer loop
      vertex 164.5 -8 58.0888
      vertex 140.264 -23.9654 42.1234
      vertex 140.416 -23.9942 42.0947
    endloop
  endfacet
  facet normal 0 -0.707107 0.707107
    outer loop
      vertex 164.5 -8 58.0888
      vertex 138.737 -23.7507 42.3381
      vertex 140.264 -23.9654 42.1234
    endloop
  endfacet
  facet normal 2.85581e-14 -0.707107 0.707107
    outer loop
      vertex 164.5 -8 58.0888
      vertex 138.582 -23.7362 42.3526
      vertex 138.737 -23.7507 42.3381
    endloop
  endfacet
  facet normal -1.52713e-15 -0.707107 0.707107
    outer loop
      vertex 164.5 -8 58.0888
      vertex 137.028 -23.6642 42.4246
      vertex 138.582 -23.7362 42.3526
    endloop
  endfacet
  facet normal 3.16178e-14 -0.707107 0.707107
    outer loop
      vertex 164.5 -8 58.0888
      vertex 136.95 -23.6624 42.4264
      vertex 137.028 -23.6642 42.4246
    endloop
  endfacet
  facet normal 0 -0.707107 0.707107
    outer loop
      vertex 164.5 -8 58.0888
      vertex 96.55 -23.6624 42.4264
      vertex 136.95 -23.6624 42.4264
    endloop
  endfacet
  facet normal 4.07437e-18 -0.707107 0.707107
    outer loop
      vertex 61.6442 -13.5603 52.5285
      vertex 96.55 -23.6624 42.4264
      vertex 164.5 -8 58.0888
    endloop
  endfacet
  facet normal -2.19714e-15 -0.707107 0.707107
    outer loop
      vertex 63.2266 -14.3622 51.7266
      vertex 96.55 -23.6624 42.4264
      vertex 61.6442 -13.5603 52.5285
    endloop
  endfacet
  facet normal -2.1578e-16 -0.707107 0.707107
    outer loop
      vertex 63.2681 -14.3847 51.7041
      vertex 96.55 -23.6624 42.4264
      vertex 63.2266 -14.3622 51.7266
    endloop
  endfacet
  facet normal 2.07917e-15 -0.707107 0.707107
    outer loop
      vertex 64.773 -15.258 50.8308
      vertex 96.55 -23.6624 42.4264
      vertex 63.2681 -14.3847 51.7041
    endloop
  endfacet
  facet normal 1.66658e-15 -0.707107 0.707107
    outer loop
      vertex 75.1996 -31.5298 34.559
      vertex 83.5544 -31.7717 34.3171
      vertex 75.1996 -31.4928 34.596
    endloop
  endfacet
  facet normal -2.13165e-05 -0.707426 0.706787
    outer loop
      vertex 83.5749 -31.6617 34.4272
      vertex 75.1996 -31.4928 34.596
      vertex 83.5544 -31.7717 34.3171
    endloop
  endfacet
  facet normal 3.43387e-06 -0.707075 0.707139
    outer loop
      vertex 75.1359 -30.1169 35.9719
      vertex 83.5749 -31.6617 34.4272
      vertex 83.8786 -30.5821 35.5067
    endloop
  endfacet
  facet normal -2.86819e-16 -0.707107 0.707107
    outer loop
      vertex 75.1324 -30.08 36.0088
      vertex 83.8786 -30.5821 35.5067
      vertex 83.9192 -30.4749 35.6139
    endloop
  endfacet
  facet normal -4.98987e-06 -0.70714 0.707074
    outer loop
      vertex 74.9416 -28.7101 37.3788
      vertex 83.9192 -30.4749 35.6139
      vertex 84.4195 -29.4327 36.6562
    endloop
  endfacet
  facet normal 0.000132219 -0.706801 0.707413
    outer loop
      vertex 74.6177 -27.3152 38.7737
      vertex 84.4195 -29.4327 36.6562
      vertex 84.4796 -29.3301 36.7587
    endloop
  endfacet
  facet normal 2.25142e-16 -0.707107 0.707107
    outer loop
      vertex 74.6075 -27.2788 38.81
      vertex 84.4796 -29.3301 36.7587
      vertex 85.1681 -28.3429 37.7459
    endloop
  endfacet
  facet normal 0 -0.707107 0.707107
    outer loop
      vertex 74.1654 -25.9382 40.1506
      vertex 85.1681 -28.3429 37.7459
      vertex 85.2466 -28.2468 37.842
    endloop
  endfacet
  facet normal 1.80454e-16 -0.707107 0.707107
    outer loop
      vertex 74.1518 -25.9025 40.1863
      vertex 85.2466 -28.2468 37.842
      vertex 86.1113 -27.3316 38.7572
    endloop
  endfacet
  facet normal 4.55955e-06 -0.707109 0.707104
    outer loop
      vertex 73.5867 -24.5852 41.5037
      vertex 86.1113 -27.3316 38.7572
      vertex 86.2069 -27.2436 38.8452
    endloop
  endfacet
  facet normal -5.22465e-16 -0.707107 0.707107
    outer loop
      vertex 73.5699 -24.5501 41.5387
      vertex 86.2069 -27.2436 38.8452
      vertex 87.2332 -26.416 39.6728
    endloop
  endfacet
  facet normal -0.000147371 -0.707453 0.70676
    outer loop
      vertex 72.8841 -23.2618 42.8271
      vertex 87.2332 -26.416 39.6728
      vertex 87.3442 -26.3376 39.7513
    endloop
  endfacet
  facet normal 1.90488e-05 -0.707073 0.70714
    outer loop
      vertex 72.0606 -21.9737 44.1152
      vertex 87.3442 -26.3376 39.7513
      vertex 88.5145 -25.6118 40.477
    endloop
  endfacet
  facet normal -0.000165301 -0.707478 0.706736
    outer loop
      vertex 72.0375 -21.9405 44.1483
      vertex 88.5145 -25.6118 40.477
      vertex 88.6391 -25.5443 40.5446
    endloop
  endfacet
  facet normal -2.55126e-06 -0.707104 0.707109
    outer loop
      vertex 71.1198 -20.7264 45.3624
      vertex 88.6391 -25.5443 40.5446
      vertex 89.9333 -24.9328 41.1561
    endloop
  endfacet
  facet normal -8.45065e-06 -0.707107 0.707107
    outer loop
      vertex 83.5749 -31.6617 34.4272
      vertex 75.1359 -30.1169 35.9719
      vertex 75.1996 -31.4928 34.596
    endloop
  endfacet
  facet normal 7.74386e-15 -0.707107 0.707107
    outer loop
      vertex 71.0936 -20.6944 45.3945
      vertex 89.9333 -24.9328 41.1561
      vertex 90.0693 -24.8773 41.2116
    endloop
  endfacet
  facet normal -3.05725e-16 -0.707107 0.707107
    outer loop
      vertex 83.8786 -30.5821 35.5067
      vertex 75.1324 -30.08 36.0088
      vertex 75.1359 -30.1169 35.9719
    endloop
  endfacet
  facet normal 1.99888e-05 -0.707063 0.707151
    outer loop
      vertex 70.0656 -19.5254 46.5634
      vertex 90.0693 -24.8773 41.2116
      vertex 91.4653 -24.3904 41.6984
    endloop
  endfacet
  facet normal 0 -0.707107 0.707107
    outer loop
      vertex 68.9025 -18.3756 47.7132
      vertex 91.4653 -24.3904 41.6984
      vertex 91.6104 -24.348 41.7408
    endloop
  endfacet
  facet normal -5.26531e-15 -0.707107 0.707107
    outer loop
      vertex 84.4195 -29.4327 36.6562
      vertex 74.9348 -28.6734 37.4155
      vertex 74.9416 -28.7101 37.3788
    endloop
  endfacet
  facet normal 4.2229e-16 -0.707107 0.707107
    outer loop
      vertex 84.4195 -29.4327 36.6562
      vertex 74.6177 -27.3152 38.7737
      vertex 74.9348 -28.6734 37.4155
    endloop
  endfacet
  facet normal 0 -0.707107 0.707107
    outer loop
      vertex 68.8707 -18.3463 47.7425
      vertex 91.6104 -24.348 41.7408
      vertex 93.0843 -23.9942 42.0946
    endloop
  endfacet
  facet normal -7.14947e-14 -0.707107 0.707107
    outer loop
      vertex 64.8124 -15.2824 50.8064
      vertex 96.4715 -23.6642 42.4246
      vertex 64.773 -15.258 50.8308
    endloop
  endfacet
  facet normal 0.00042923 -0.706073 0.708139
    outer loop
      vertex 84.4796 -29.3301 36.7587
      vertex 74.6075 -27.2788 38.81
      vertex 74.6177 -27.3152 38.7737
    endloop
  endfacet
  facet normal 6.42394e-16 -0.707107 0.707107
    outer loop
      vertex 85.1681 -28.3429 37.7459
      vertex 74.1654 -25.9382 40.1506
      vertex 74.6075 -27.2788 38.81
    endloop
  endfacet
  facet normal -3.2764e-14 -0.707107 0.707107
    outer loop
      vertex 85.2466 -28.2468 37.842
      vertex 74.1518 -25.9025 40.1863
      vertex 74.1654 -25.9382 40.1506
    endloop
  endfacet
  facet normal -6.76061e-06 -0.707135 0.707078
    outer loop
      vertex 86.1113 -27.3316 38.7572
      vertex 73.5867 -24.5852 41.5037
      vertex 74.1518 -25.9025 40.1863
    endloop
  endfacet
  facet normal 0.919008 0.394239 -0
    outer loop
      vertex 74.1518 -25.9025 40.1863
      vertex 73.5867 -24.5852 41.5037
      vertex 74.1518 -25.9025 40.1864
    endloop
  endfacet
  facet normal 0.00047893 -0.705982 0.708229
    outer loop
      vertex 86.2069 -27.2436 38.8452
      vertex 73.5699 -24.5501 41.5387
      vertex 73.5867 -24.5852 41.5037
    endloop
  endfacet
  facet normal -8.08278e-06 -0.707136 0.707077
    outer loop
      vertex 87.2332 -26.416 39.6728
      vertex 72.8841 -23.2618 42.8271
      vertex 73.5699 -24.5501 41.5387
    endloop
  endfacet
  facet normal 0.00050143 -0.705927 0.708284
    outer loop
      vertex 87.3442 -26.3376 39.7513
      vertex 72.8641 -23.2275 42.8613
      vertex 72.8841 -23.2618 42.8271
    endloop
  endfacet
  facet normal -1.97085e-05 -0.707141 0.707072
    outer loop
      vertex 87.3442 -26.3376 39.7513
      vertex 72.0606 -21.9737 44.1152
      vertex 72.8641 -23.2275 42.8613
    endloop
  endfacet
  facet normal 0.000562628 -0.705843 0.708368
    outer loop
      vertex 88.5145 -25.6118 40.477
      vertex 72.0375 -21.9405 44.1483
      vertex 72.0606 -21.9737 44.1152
    endloop
  endfacet
  facet normal -5.0953e-06 -0.707109 0.707105
    outer loop
      vertex 88.6391 -25.5443 40.5446
      vertex 71.1198 -20.7264 45.3624
      vertex 72.0375 -21.9405 44.1483
    endloop
  endfacet
  facet normal -0.000608198 -0.708457 0.705754
    outer loop
      vertex 89.9333 -24.9328 41.1561
      vertex 71.0936 -20.6944 45.3945
      vertex 71.1198 -20.7264 45.3624
    endloop
  endfacet
  facet normal 1.65408e-05 -0.707069 0.707144
    outer loop
      vertex 90.0693 -24.8773 41.2116
      vertex 70.0656 -19.5254 46.5634
      vertex 71.0936 -20.6944 45.3945
    endloop
  endfacet
  facet normal 2.42701e-14 -0.707107 0.707107
    outer loop
      vertex 91.4653 -24.3904 41.6984
      vertex 70.0365 -19.4946 46.5942
      vertex 70.0656 -19.5254 46.5634
    endloop
  endfacet
  facet normal 0 -0.707107 0.707107
    outer loop
      vertex 91.4653 -24.3904 41.6984
      vertex 68.9025 -18.3756 47.7132
      vertex 70.0365 -19.4946 46.5942
    endloop
  endfacet
  facet normal 0 -0.707107 0.707107
    outer loop
      vertex 91.6104 -24.348 41.7408
      vertex 68.8707 -18.3463 47.7425
      vertex 68.9025 -18.3756 47.7132
    endloop
  endfacet
  facet normal -8.02177e-16 -0.707107 0.707107
    outer loop
      vertex 93.0843 -23.9942 42.0946
      vertex 67.6356 -17.2822 48.8066
      vertex 68.8707 -18.3463 47.7425
    endloop
  endfacet
  facet normal 9.67595e-15 -0.707107 0.707107
    outer loop
      vertex 93.2359 -23.9654 42.1234
      vertex 67.6356 -17.2822 48.8066
      vertex 93.0843 -23.9942 42.0946
    endloop
  endfacet
  facet normal 3.50179e-14 -0.707107 0.707107
    outer loop
      vertex 67.6356 -17.2822 48.8066
      vertex 93.2359 -23.9654 42.1234
      vertex 67.6011 -17.2543 48.8345
    endloop
  endfacet
  facet normal 1.49318e-16 -0.707107 0.707107
    outer loop
      vertex 67.6011 -17.2543 48.8345
      vertex 93.2359 -23.9654 42.1234
      vertex 66.2703 -16.2496 49.8392
    endloop
  endfacet
  facet normal 2.68098e-17 -0.707107 0.707107
    outer loop
      vertex 94.7626 -23.7507 42.3381
      vertex 66.2703 -16.2496 49.8392
      vertex 93.2359 -23.9654 42.1234
    endloop
  endfacet
  facet normal -4.0051e-14 -0.707107 0.707107
    outer loop
      vertex 66.2703 -16.2496 49.8392
      vertex 94.7626 -23.7507 42.3381
      vertex 66.2333 -16.2234 49.8654
    endloop
  endfacet
  facet normal -2.38075e-14 -0.707107 0.707107
    outer loop
      vertex 94.9183 -23.7362 42.3526
      vertex 66.2333 -16.2234 49.8654
      vertex 94.7626 -23.7507 42.3381
    endloop
  endfacet
  facet normal 1.77046e-15 -0.707107 0.707107
    outer loop
      vertex 66.2333 -16.2234 49.8654
      vertex 94.9183 -23.7362 42.3526
      vertex 64.8124 -15.2824 50.8064
    endloop
  endfacet
  facet normal 1.37016e-15 -0.707107 0.707107
    outer loop
      vertex 96.4715 -23.6642 42.4246
      vertex 64.8124 -15.2824 50.8064
      vertex 94.9183 -23.7362 42.3526
    endloop
  endfacet
  facet normal -2.94484e-14 -0.707107 0.707107
    outer loop
      vertex 96.55 -23.6624 42.4264
      vertex 64.773 -15.258 50.8308
      vertex 96.4715 -23.6642 42.4246
    endloop
  endfacet
  facet normal -3.20643e-15 -0.707107 0.707107
    outer loop
      vertex 164.5 -8 58.0888
      vertex 61.6007 -13.5398 52.549
      vertex 61.6442 -13.5603 52.5285
    endloop
  endfacet
  facet normal 1.49593e-16 -0.707107 0.707107
    outer loop
      vertex 164.5 -8 58.0888
      vertex 59.9475 -12.8128 53.276
      vertex 61.6007 -13.5398 52.549
    endloop
  endfacet
  facet normal -4.66785e-15 -0.707107 0.707107
    outer loop
      vertex 164.5 -8 58.0888
      vertex 59.9021 -12.7943 53.2945
      vertex 59.9475 -12.8128 53.276
    endloop
  endfacet
  facet normal -7.83964e-17 -0.707107 0.707107
    outer loop
      vertex 58.1852 -12.1454 53.9434
      vertex 59.9021 -12.7943 53.2945
      vertex 164.5 -8 58.0888
    endloop
  endfacet
  facet normal 5.18397e-15 -0.707107 0.707107
    outer loop
      vertex 164.5 -8 58.0888
      vertex 58.1382 -12.129 53.9598
      vertex 58.1852 -12.1454 53.9434
    endloop
  endfacet
  facet normal 9.27051e-17 -0.707107 0.707107
    outer loop
      vertex 164.5 -8 58.0888
      vertex 56.365 -11.5609 54.5279
      vertex 58.1382 -12.129 53.9598
    endloop
  endfacet
  facet normal -7.83442e-15 -0.707107 0.707107
    outer loop
      vertex 56.3166 -11.5467 54.5421
      vertex 56.365 -11.5609 54.5279
      vertex 164.5 -8 58.0888
    endloop
  endfacet
  facet normal 1.49228e-16 -0.707107 0.707107
    outer loop
      vertex 164.5 -8 58.0888
      vertex 54.4946 -11.0618 55.027
      vertex 56.3166 -11.5467 54.5421
    endloop
  endfacet
  facet normal 0.000148754 -0.709774 0.704429
    outer loop
      vertex 164.5 -8 58.0888
      vertex 54.445 -11.05 55.0389
      vertex 54.4946 -11.0618 55.027
    endloop
  endfacet
  facet normal 5.68992e-07 -0.707105 0.707108
    outer loop
      vertex 164.5 -8 58.0888
      vertex 52.5821 -10.6504 55.4385
      vertex 54.445 -11.05 55.0389
    endloop
  endfacet
  facet normal -0.000155231 -0.703808 0.71039
    outer loop
      vertex 164.5 -8 58.0888
      vertex 52.5315 -10.6408 55.448
      vertex 52.5821 -10.6504 55.4385
    endloop
  endfacet
  facet normal -1.56978e-16 -0.707107 0.707107
    outer loop
      vertex 164.5 -8 58.0888
      vertex 50.6356 -10.3282 55.7606
      vertex 52.5315 -10.6408 55.448
    endloop
  endfacet
  facet normal -7.74e-18 -0.707107 0.707107
    outer loop
      vertex 50.5842 -10.3209 55.7679
      vertex 50.6356 -10.3282 55.7606
      vertex 164.5 -8 58.0888
    endloop
  endfacet
  facet normal 1.88426e-16 -0.707107 0.707107
    outer loop
      vertex 164.5 -8 58.0888
      vertex 48.6635 -10.0967 55.9921
      vertex 50.5842 -10.3209 55.7679
    endloop
  endfacet
  facet normal -8.50187e-15 -0.707107 0.707107
    outer loop
      vertex 164.5 -8 58.0888
      vertex 48.6116 -10.0919 55.9969
      vertex 48.6635 -10.0967 55.9921
    endloop
  endfacet
  facet normal 0 -0.707107 0.707107
    outer loop
      vertex 164.5 -8 58.0888
      vertex 48.6115 -10.0919 55.9969
      vertex 48.6116 -10.0919 55.9969
    endloop
  endfacet
  facet normal 4.50652e-06 -0.707232 0.706982
    outer loop
      vertex 164.5 -8 58.0888
      vertex 46.6742 -9.95696 56.1319
      vertex 48.6115 -10.0919 55.9969
    endloop
  endfacet
  facet normal -0.000107031 -0.703866 0.710332
    outer loop
      vertex 164.5 -8 58.0888
      vertex 46.6219 -9.95453 56.1343
      vertex 46.6742 -9.95696 56.1319
    endloop
  endfacet
  facet normal -5.9636e-06 -0.706921 0.707292
    outer loop
      vertex 164.5 -8 58.0888
      vertex 44.6762 -9.90949 56.1793
      vertex 46.6219 -9.95453 56.1343
    endloop
  endfacet
  facet normal 0 -0.707109 0.707105
    outer loop
      vertex 0 -8 58.0888
      vertex 44.6762 -9.90949 56.1793
      vertex 164.5 -8 58.0888
    endloop
  endfacet
  facet normal 0 -0.707109 0.707105
    outer loop
      vertex 44.6762 -9.90949 56.1793
      vertex 0 -8 58.0888
      vertex 44.6238 -9.90949 56.1793
    endloop
  endfacet
  facet normal 0 -0.707264 0.70695
    outer loop
      vertex 42.6258 -9.95696 56.1319
      vertex 40.6884 -10.0919 55.9969
      vertex 40.6885 -10.0919 55.9969
    endloop
  endfacet
  facet normal 0.863229 0 -0.504812
    outer loop
      vertex 16.4359 -23.2275 42.8613
      vertex 16.4159 -23.2618 42.8271
      vertex 16.4159 -23.2617 42.8271
    endloop
  endfacet
  facet normal 0.934488 -0.355995 0
    outer loop
      vertex 15.1482 -25.9025 40.1864
      vertex 15.1346 -25.9382 40.1506
      vertex 15.1482 -25.9025 40.1863
    endloop
  endfacet
  facet normal 2.57314e-06 -0.707106 0.707108
    outer loop
      vertex 0 -53.7852 12.3037
      vertex 14.1004 -31.4928 34.596
      vertex 0 -8 58.0888
    endloop
  endfacet
  facet normal -2.64472e-15 -0.707107 0.707107
    outer loop
      vertex 14.1641 -30.1169 35.9719
      vertex 0 -8 58.0888
      vertex 14.1004 -31.4928 34.596
    endloop
  endfacet
  facet normal 0 -0.707107 0.707107
    outer loop
      vertex 14.1676 -30.08 36.0088
      vertex 0 -8 58.0888
      vertex 14.1641 -30.1169 35.9719
    endloop
  endfacet
  facet normal -6.60955e-05 -0.707128 0.707086
    outer loop
      vertex 14.3584 -28.7101 37.3788
      vertex 0 -8 58.0888
      vertex 14.1676 -30.08 36.0088
    endloop
  endfacet
  facet normal -3.88612e-06 -0.707106 0.707107
    outer loop
      vertex 14.3652 -28.6734 37.4155
      vertex 0 -8 58.0888
      vertex 14.3584 -28.7101 37.3788
    endloop
  endfacet
  facet normal -3.68442e-06 -0.707106 0.707107
    outer loop
      vertex 14.6823 -27.3152 38.7737
      vertex 0 -8 58.0888
      vertex 14.3652 -28.6734 37.4155
    endloop
  endfacet
  facet normal 0.00186559 -0.706394 0.707816
    outer loop
      vertex 14.6925 -27.2788 38.81
      vertex 0 -8 58.0888
      vertex 14.6823 -27.3152 38.7737
    endloop
  endfacet
  facet normal 3.29375e-15 -0.707107 0.707107
    outer loop
      vertex 15.1346 -25.9382 40.1506
      vertex 0 -8 58.0888
      vertex 14.6925 -27.2788 38.81
    endloop
  endfacet
  facet normal -0.00161578 -0.707787 0.706424
    outer loop
      vertex 15.1482 -25.9025 40.1864
      vertex 0 -8 58.0888
      vertex 15.1346 -25.9382 40.1506
    endloop
  endfacet
  facet normal -3.09753e-06 -0.707106 0.707107
    outer loop
      vertex 15.7133 -24.5852 41.5037
      vertex 0 -8 58.0888
      vertex 15.1482 -25.9025 40.1864
    endloop
  endfacet
  facet normal 0.00141101 -0.706435 0.707776
    outer loop
      vertex 15.7301 -24.5501 41.5387
      vertex 0 -8 58.0888
      vertex 15.7133 -24.5852 41.5037
    endloop
  endfacet
  facet normal -3.70152e-05 -0.707124 0.707089
    outer loop
      vertex 16.4159 -23.2618 42.8271
      vertex 0 -8 58.0888
      vertex 15.7301 -24.5501 41.5387
    endloop
  endfacet
  facet normal 0.00124123 -0.706436 0.707776
    outer loop
      vertex 16.4359 -23.2275 42.8613
      vertex 0 -8 58.0888
      vertex 16.4159 -23.2618 42.8271
    endloop
  endfacet
  facet normal -3.27842e-05 -0.707124 0.707089
    outer loop
      vertex 17.2394 -21.9737 44.1152
      vertex 0 -8 58.0888
      vertex 16.4359 -23.2275 42.8613
    endloop
  endfacet
  facet normal 0.00110228 -0.706424 0.707788
    outer loop
      vertex 17.2625 -21.9405 44.1483
      vertex 0 -8 58.0888
      vertex 17.2394 -21.9737 44.1152
    endloop
  endfacet
  facet normal -1.04203e-15 -0.707107 0.707107
    outer loop
      vertex 18.1802 -20.7264 45.3624
      vertex 0 -8 58.0888
      vertex 17.2625 -21.9405 44.1483
    endloop
  endfacet
  facet normal -0.000982299 -0.707808 0.706404
    outer loop
      vertex 18.2064 -20.6944 45.3945
      vertex 0 -8 58.0888
      vertex 18.1802 -20.7264 45.3624
    endloop
  endfacet
  facet normal 2.37378e-05 -0.707087 0.707127
    outer loop
      vertex 19.2344 -19.5254 46.5634
      vertex 0 -8 58.0888
      vertex 18.2064 -20.6944 45.3945
    endloop
  endfacet
  facet normal 3.11376e-14 -0.707107 0.707107
    outer loop
      vertex 19.2635 -19.4946 46.5942
      vertex 0 -8 58.0888
      vertex 19.2344 -19.5254 46.5634
    endloop
  endfacet
  facet normal 0 -0.707107 0.707107
    outer loop
      vertex 20.3975 -18.3756 47.7132
      vertex 0 -8 58.0888
      vertex 19.2635 -19.4946 46.5942
    endloop
  endfacet
  facet normal 0 -0.707107 0.707107
    outer loop
      vertex 20.4293 -18.3463 47.7425
      vertex 0 -8 58.0888
      vertex 20.3975 -18.3756 47.7132
    endloop
  endfacet
  facet normal -7.64178e-16 -0.707107 0.707107
    outer loop
      vertex 21.6644 -17.2822 48.8066
      vertex 0 -8 58.0888
      vertex 20.4293 -18.3463 47.7425
    endloop
  endfacet
  facet normal 2.51304e-14 -0.707107 0.707107
    outer loop
      vertex 21.6989 -17.2543 48.8345
      vertex 0 -8 58.0888
      vertex 21.6644 -17.2822 48.8066
    endloop
  endfacet
  facet normal 0 -0.707107 0.707107
    outer loop
      vertex 23.0297 -16.2496 49.8392
      vertex 0 -8 58.0888
      vertex 21.6989 -17.2543 48.8345
    endloop
  endfacet
  facet normal -2.28097e-14 -0.707107 0.707107
    outer loop
      vertex 23.0667 -16.2234 49.8654
      vertex 0 -8 58.0888
      vertex 23.0297 -16.2496 49.8392
    endloop
  endfacet
  facet normal 8.6521e-16 -0.707107 0.707107
    outer loop
      vertex 24.4876 -15.2824 50.8064
      vertex 0 -8 58.0888
      vertex 23.0667 -16.2234 49.8654
    endloop
  endfacet
  facet normal -3.10007e-14 -0.707107 0.707107
    outer loop
      vertex 24.527 -15.258 50.8308
      vertex 0 -8 58.0888
      vertex 24.4876 -15.2824 50.8064
    endloop
  endfacet
  facet normal 7.76745e-16 -0.707107 0.707107
    outer loop
      vertex 26.0319 -14.3847 51.7041
      vertex 0 -8 58.0888
      vertex 24.527 -15.258 50.8308
    endloop
  endfacet
  facet normal 2.30711e-17 -0.707107 0.707107
    outer loop
      vertex 26.0734 -14.3622 51.7266
      vertex 0 -8 58.0888
      vertex 26.0319 -14.3847 51.7041
    endloop
  endfacet
  facet normal -4.86602e-16 -0.707107 0.707107
    outer loop
      vertex 27.6558 -13.5603 52.5285
      vertex 0 -8 58.0888
      vertex 26.0734 -14.3622 51.7266
    endloop
  endfacet
  facet normal 8.60204e-15 -0.707107 0.707107
    outer loop
      vertex 27.6993 -13.5398 52.549
      vertex 0 -8 58.0888
      vertex 27.6558 -13.5603 52.5285
    endloop
  endfacet
  facet normal -4.8235e-16 -0.707107 0.707107
    outer loop
      vertex 29.3525 -12.8128 53.276
      vertex 0 -8 58.0888
      vertex 27.6993 -13.5398 52.549
    endloop
  endfacet
  facet normal 1.58113e-14 -0.707107 0.707107
    outer loop
      vertex 29.3979 -12.7943 53.2945
      vertex 0 -8 58.0888
      vertex 29.3525 -12.8128 53.276
    endloop
  endfacet
  facet normal 2.18487e-16 -0.707107 0.707107
    outer loop
      vertex 31.1148 -12.1454 53.9434
      vertex 0 -8 58.0888
      vertex 29.3979 -12.7943 53.2945
    endloop
  endfacet
  facet normal -1.47381e-14 -0.707107 0.707107
    outer loop
      vertex 31.1618 -12.129 53.9598
      vertex 0 -8 58.0888
      vertex 31.1148 -12.1454 53.9434
    endloop
  endfacet
  facet normal -2.3842e-16 -0.707107 0.707107
    outer loop
      vertex 32.935 -11.5609 54.5279
      vertex 0 -8 58.0888
      vertex 31.1618 -12.129 53.9598
    endloop
  endfacet
  facet normal 2.09057e-14 -0.707107 0.707107
    outer loop
      vertex 32.9834 -11.5467 54.5421
      vertex 0 -8 58.0888
      vertex 32.935 -11.5609 54.5279
    endloop
  endfacet
  facet normal -3.70573e-16 -0.707107 0.707107
    outer loop
      vertex 34.8054 -11.0618 55.027
      vertex 0 -8 58.0888
      vertex 32.9834 -11.5467 54.5421
    endloop
  endfacet
  facet normal -0.000383656 -0.709284 0.704923
    outer loop
      vertex 34.855 -11.05 55.0389
      vertex 0 -8 58.0888
      vertex 34.8054 -11.0618 55.027
    endloop
  endfacet
  facet normal -1.44091e-06 -0.707103 0.70711
    outer loop
      vertex 36.7179 -10.6504 55.4385
      vertex 0 -8 58.0888
      vertex 34.855 -11.05 55.0389
    endloop
  endfacet
  facet normal 0.000385201 -0.70442 0.709783
    outer loop
      vertex 36.7685 -10.6408 55.448
      vertex 0 -8 58.0888
      vertex 36.7179 -10.6504 55.4385
    endloop
  endfacet
  facet normal 3.80616e-16 -0.707107 0.707107
    outer loop
      vertex 38.6644 -10.3282 55.7606
      vertex 0 -8 58.0888
      vertex 36.7685 -10.6408 55.448
    endloop
  endfacet
  facet normal 1.83116e-17 -0.707107 0.707107
    outer loop
      vertex 38.7158 -10.3209 55.7679
      vertex 0 -8 58.0888
      vertex 38.6644 -10.3282 55.7606
    endloop
  endfacet
  facet normal -4.2127e-16 -0.707107 0.707107
    outer loop
      vertex 40.6365 -10.0967 55.9921
      vertex 0 -8 58.0888
      vertex 38.7158 -10.3209 55.7679
    endloop
  endfacet
  facet normal 1.73132e-14 -0.707107 0.707107
    outer loop
      vertex 40.6884 -10.0919 55.9969
      vertex 0 -8 58.0888
      vertex 40.6365 -10.0967 55.9921
    endloop
  endfacet
  facet normal -9.29868e-06 -0.707197 0.707016
    outer loop
      vertex 42.6258 -9.95696 56.1319
      vertex 0 -8 58.0888
      vertex 40.6884 -10.0919 55.9969
    endloop
  endfacet
  facet normal 0.000201716 -0.704896 0.709311
    outer loop
      vertex 42.6781 -9.95453 56.1343
      vertex 0 -8 58.0888
      vertex 42.6258 -9.95696 56.1319
    endloop
  endfacet
  facet normal 9.49065e-06 -0.706998 0.707216
    outer loop
      vertex 44.6238 -9.90949 56.1793
      vertex 0 -8 58.0888
      vertex 42.6781 -9.95453 56.1343
    endloop
  endfacet
  facet normal -4.89246e-06 -0.707107 0.707107
    outer loop
      vertex 150.047 -32.981 33.1078
      vertex 164.5 -53.7852 12.3037
      vertex 150.047 -32.87 33.2188
    endloop
  endfacet
  facet normal -4.32054e-06 -0.707107 0.707107
    outer loop
      vertex 149.946 -34.0793 32.0095
      vertex 164.5 -53.7852 12.3037
      vertex 150.047 -32.981 33.1078
    endloop
  endfacet
  facet normal -3.86131e-06 -0.707106 0.707107
    outer loop
      vertex 149.925 -34.1894 31.8994
      vertex 164.5 -53.7852 12.3037
      vertex 149.946 -34.0793 32.0095
    endloop
  endfacet
  facet normal -3.5191e-06 -0.707106 0.707107
    outer loop
      vertex 149.621 -35.2689 30.8199
      vertex 164.5 -53.7852 12.3037
      vertex 149.925 -34.1894 31.8994
    endloop
  endfacet
  facet normal -3.24539e-06 -0.707106 0.707107
    outer loop
      vertex 149.581 -35.3761 30.7127
      vertex 164.5 -53.7852 12.3037
      vertex 149.621 -35.2689 30.8199
    endloop
  endfacet
  facet normal -2.96694e-06 -0.707106 0.707107
    outer loop
      vertex 149.535 -35.4711 30.6177
      vertex 164.5 -53.7852 12.3037
      vertex 149.581 -35.3761 30.7127
    endloop
  endfacet
  facet normal -2.97585e-06 -0.707106 0.707107
    outer loop
      vertex 149.08 -36.4184 29.6704
      vertex 164.5 -53.7852 12.3037
      vertex 149.535 -35.4711 30.6177
    endloop
  endfacet
  facet normal -2.76366e-06 -0.707106 0.707108
    outer loop
      vertex 149.02 -36.5209 29.5679
      vertex 164.5 -53.7852 12.3037
      vertex 149.08 -36.4184 29.6704
    endloop
  endfacet
  facet normal -2.57019e-06 -0.707106 0.707108
    outer loop
      vertex 148.332 -37.5081 28.5807
      vertex 164.5 -53.7852 12.3037
      vertex 149.02 -36.5209 29.5679
    endloop
  endfacet
  facet normal -2.39302e-06 -0.707106 0.707108
    outer loop
      vertex 148.253 -37.6042 28.4846
      vertex 164.5 -53.7852 12.3037
      vertex 148.332 -37.5081 28.5807
    endloop
  endfacet
  facet normal -2.24317e-06 -0.707106 0.707108
    outer loop
      vertex 147.389 -38.5194 27.5694
      vertex 164.5 -53.7852 12.3037
      vertex 148.253 -37.6042 28.4846
    endloop
  endfacet
  facet normal -2.09423e-06 -0.707106 0.707108
    outer loop
      vertex 147.293 -38.6074 27.4814
      vertex 164.5 -53.7852 12.3037
      vertex 147.389 -38.5194 27.5694
    endloop
  endfacet
  facet normal -1.96291e-06 -0.707106 0.707108
    outer loop
      vertex 146.267 -39.435 26.6538
      vertex 164.5 -53.7852 12.3037
      vertex 147.293 -38.6074 27.4814
    endloop
  endfacet
  facet normal 0.000333801 -0.706892 0.707321
    outer loop
      vertex 146.156 -39.5135 26.5754
      vertex 164.5 -53.7852 12.3037
      vertex 146.267 -39.435 26.6538
    endloop
  endfacet
  facet normal -3.36104e-05 -0.707128 0.707085
    outer loop
      vertex 144.985 -40.2392 25.8496
      vertex 164.5 -53.7852 12.3037
      vertex 146.156 -39.5135 26.5754
    endloop
  endfacet
  facet normal 0.000317908 -0.706875 0.707338
    outer loop
      vertex 144.861 -40.3068 25.7821
      vertex 164.5 -53.7852 12.3037
      vertex 144.985 -40.2392 25.8496
    endloop
  endfacet
  facet normal 0 -0.707107 0.707107
    outer loop
      vertex 143.567 -40.9183 25.1706
      vertex 164.5 -53.7852 12.3037
      vertex 144.861 -40.3068 25.7821
    endloop
  endfacet
  facet normal -1.11083e-14 -0.707107 0.707107
    outer loop
      vertex 143.431 -40.9738 25.1151
      vertex 164.5 -53.7852 12.3037
      vertex 143.567 -40.9183 25.1706
    endloop
  endfacet
  facet normal -3.21902e-05 -0.707133 0.70708
    outer loop
      vertex 142.035 -41.4606 24.6282
      vertex 164.5 -53.7852 12.3037
      vertex 143.431 -40.9738 25.1151
    endloop
  endfacet
  facet normal 0.000316881 -0.706815 0.707398
    outer loop
      vertex 141.89 -41.5031 24.5858
      vertex 164.5 -53.7852 12.3037
      vertex 142.035 -41.4606 24.6282
    endloop
  endfacet
  facet normal 0 -0.707107 0.707107
    outer loop
      vertex 140.416 -41.8569 24.232
      vertex 164.5 -53.7852 12.3037
      vertex 141.89 -41.5031 24.5858
    endloop
  endfacet
  facet normal -0.00033664 -0.707447 0.706767
    outer loop
      vertex 140.264 -41.8856 24.2032
      vertex 164.5 -53.7852 12.3037
      vertex 140.416 -41.8569 24.232
    endloop
  endfacet
  facet normal -6.49505e-07 -0.707104 0.707109
    outer loop
      vertex 138.737 -42.1003 23.9885
      vertex 164.5 -53.7852 12.3037
      vertex 140.264 -41.8856 24.2032
    endloop
  endfacet
  facet normal -4.69308e-07 -0.707104 0.707109
    outer loop
      vertex 138.582 -42.1148 23.974
      vertex 164.5 -53.7852 12.3037
      vertex 138.737 -42.1003 23.9885
    endloop
  endfacet
  facet normal -2.54535e-07 -0.707104 0.70711
    outer loop
      vertex 137.028 -42.1868 23.902
      vertex 164.5 -53.7852 12.3037
      vertex 138.582 -42.1148 23.974
    endloop
  endfacet
  facet normal -1.33399e-07 -0.707104 0.70711
    outer loop
      vertex 136.95 -42.1886 23.9002
      vertex 164.5 -53.7852 12.3037
      vertex 137.028 -42.1868 23.902
    endloop
  endfacet
  facet normal 0 -0.707104 0.70711
    outer loop
      vertex 96.55 -42.1886 23.9002
      vertex 164.5 -53.7852 12.3037
      vertex 136.95 -42.1886 23.9002
    endloop
  endfacet
  facet normal -2.3718e-14 -0.707107 0.707107
    outer loop
      vertex 61.6007 -49.4828 16.606
      vertex 96.55 -42.1886 23.9002
      vertex 96.4715 -42.1868 23.902
    endloop
  endfacet
  facet normal 3.68717e-07 -0.707103 0.707111
    outer loop
      vertex 61.6442 -49.4623 16.6266
      vertex 96.4715 -42.1868 23.902
      vertex 94.9183 -42.1148 23.974
    endloop
  endfacet
  facet normal -2.37848e-14 -0.707107 0.707107
    outer loop
      vertex 63.2266 -48.6604 17.4284
      vertex 94.9183 -42.1148 23.974
      vertex 94.7626 -42.1003 23.9885
    endloop
  endfacet
  facet normal 0 -0.707107 0.707107
    outer loop
      vertex 64.773 -47.7646 18.3242
      vertex 94.7626 -42.1003 23.9885
      vertex 93.2359 -41.8856 24.2032
    endloop
  endfacet
  facet normal 7.45251e-06 -0.707105 0.707109
    outer loop
      vertex 74.6075 -35.7438 30.3451
      vertex 83.9648 -35.4711 30.6177
      vertex 83.9192 -35.3761 30.7127
    endloop
  endfacet
  facet normal -3.66896e-16 -0.707107 0.707107
    outer loop
      vertex 83.5544 -31.7717 34.3171
      vertex 75.1996 -31.5298 34.559
      vertex 83.4526 -32.87 33.2188
    endloop
  endfacet
  facet normal 8.28359e-06 -0.707081 0.707132
    outer loop
      vertex 75.1359 -32.9057 33.1832
      vertex 83.4526 -32.87 33.2188
      vertex 75.1996 -31.5298 34.559
    endloop
  endfacet
  facet normal 8.50225e-06 -0.707107 0.707107
    outer loop
      vertex 83.4526 -32.87 33.2188
      vertex 75.1359 -32.9057 33.1832
      vertex 83.4526 -32.981 33.1078
    endloop
  endfacet
  facet normal -8.82831e-06 -0.708063 0.70615
    outer loop
      vertex 75.1324 -32.9426 33.1462
      vertex 83.4526 -32.981 33.1078
      vertex 75.1359 -32.9057 33.1832
    endloop
  endfacet
  facet normal 2.14865e-17 -0.707107 0.707107
    outer loop
      vertex 83.4526 -32.981 33.1078
      vertex 75.1324 -32.9426 33.1462
      vertex 83.5544 -34.0793 32.0095
    endloop
  endfacet
  facet normal -5.8774e-16 -0.707107 0.707107
    outer loop
      vertex 74.9416 -34.3125 31.7763
      vertex 83.5544 -34.0793 32.0095
      vertex 75.1324 -32.9426 33.1462
    endloop
  endfacet
  facet normal 6.48679e-16 -0.707107 0.707107
    outer loop
      vertex 83.5544 -34.0793 32.0095
      vertex 74.9416 -34.3125 31.7763
      vertex 83.5749 -34.1894 31.8994
    endloop
  endfacet
  facet normal -9.78187e-16 -0.707107 0.707107
    outer loop
      vertex 74.9348 -34.3492 31.7396
      vertex 83.5749 -34.1894 31.8994
      vertex 74.9416 -34.3125 31.7763
    endloop
  endfacet
  facet normal 2.47014e-16 -0.707107 0.707107
    outer loop
      vertex 83.5749 -34.1894 31.8994
      vertex 74.9348 -34.3492 31.7396
      vertex 83.8786 -35.2689 30.8199
    endloop
  endfacet
  facet normal -2.25392e-16 -0.707107 0.707107
    outer loop
      vertex 74.6729 -35.4711 30.6177
      vertex 83.8786 -35.2689 30.8199
      vertex 74.9348 -34.3492 31.7396
    endloop
  endfacet
  facet normal -2.72063e-16 -0.707107 0.707107
    outer loop
      vertex 74.6177 -35.7074 30.3814
      vertex 83.8786 -35.2689 30.8199
      vertex 74.6729 -35.4711 30.6177
    endloop
  endfacet
  facet normal -2.62181e-16 -0.707107 0.707107
    outer loop
      vertex 83.8786 -35.2689 30.8199
      vertex 74.6177 -35.7074 30.3814
      vertex 83.9192 -35.3761 30.7127
    endloop
  endfacet
  facet normal -6.9986e-05 -0.706124 0.708089
    outer loop
      vertex 74.6075 -35.7438 30.3451
      vertex 83.9192 -35.3761 30.7127
      vertex 74.6177 -35.7074 30.3814
    endloop
  endfacet
  facet normal 9.18179e-06 -0.707135 0.707079
    outer loop
      vertex 83.9648 -35.4711 30.6177
      vertex 74.6075 -35.7438 30.3451
      vertex 74.1654 -37.0844 29.0044
    endloop
  endfacet
  facet normal 2.35125e-16 -0.707107 0.707107
    outer loop
      vertex 83.9648 -35.4711 30.6177
      vertex 74.1654 -37.0844 29.0044
      vertex 84.4195 -36.4184 29.6704
    endloop
  endfacet
  facet normal 4.93384e-15 -0.707107 0.707107
    outer loop
      vertex 74.1518 -37.1201 28.9687
      vertex 84.4195 -36.4184 29.6704
      vertex 74.1654 -37.0844 29.0044
    endloop
  endfacet
  facet normal 0 -0.707107 0.707107
    outer loop
      vertex 84.4195 -36.4184 29.6704
      vertex 74.1518 -37.1201 28.9687
      vertex 84.4796 -36.5209 29.5679
    endloop
  endfacet
  facet normal 1.18353e-16 -0.707107 0.707107
    outer loop
      vertex 73.5867 -38.4374 27.6514
      vertex 84.4796 -36.5209 29.5679
      vertex 74.1518 -37.1201 28.9687
    endloop
  endfacet
  facet normal -2.0808e-16 -0.707107 0.707107
    outer loop
      vertex 84.4796 -36.5209 29.5679
      vertex 73.5867 -38.4374 27.6514
      vertex 85.1681 -37.5081 28.5807
    endloop
  endfacet
  facet normal -2.25937e-16 -0.707107 0.707107
    outer loop
      vertex 73.5699 -38.4725 27.6163
      vertex 85.1681 -37.5081 28.5807
      vertex 73.5867 -38.4374 27.6514
    endloop
  endfacet
  facet normal -2.06106e-16 -0.707107 0.707107
    outer loop
      vertex 85.1681 -37.5081 28.5807
      vertex 73.5699 -38.4725 27.6163
      vertex 85.2466 -37.6042 28.4846
    endloop
  endfacet
  facet normal -4.24953e-06 -0.707078 0.707135
    outer loop
      vertex 72.8841 -39.7609 26.328
      vertex 85.2466 -37.6042 28.4846
      vertex 73.5699 -38.4725 27.6163
    endloop
  endfacet
  facet normal 4.91041e-06 -0.707104 0.707109
    outer loop
      vertex 85.2466 -37.6042 28.4846
      vertex 72.8841 -39.7609 26.328
      vertex 86.1113 -38.5194 27.5694
    endloop
  endfacet
  facet normal 5.65631e-06 -0.707108 0.707105
    outer loop
      vertex 72.8641 -39.7951 26.2938
      vertex 86.1113 -38.5194 27.5694
      vertex 72.8841 -39.7609 26.328
    endloop
  endfacet
  facet normal 4.83227e-06 -0.707104 0.707109
    outer loop
      vertex 86.1113 -38.5194 27.5694
      vertex 72.8641 -39.7951 26.2938
      vertex 86.2069 -38.6074 27.4814
    endloop
  endfacet
  facet normal 1.09435e-05 -0.707138 0.707075
    outer loop
      vertex 72.0606 -41.0489 25.0399
      vertex 86.2069 -38.6074 27.4814
      vertex 72.8641 -39.7951 26.2938
    endloop
  endfacet
  facet normal -2.87215e-16 -0.707107 0.707107
    outer loop
      vertex 86.2069 -38.6074 27.4814
      vertex 72.0606 -41.0489 25.0399
      vertex 87.2332 -39.435 26.6538
    endloop
  endfacet
  facet normal 1.73878e-14 -0.707107 0.707107
    outer loop
      vertex 72.0375 -41.0821 25.0067
      vertex 87.2332 -39.435 26.6538
      vertex 72.0606 -41.0489 25.0399
    endloop
  endfacet
  facet normal -6.11813e-16 -0.707107 0.707107
    outer loop
      vertex 71.1198 -42.2962 23.7926
      vertex 87.2332 -39.435 26.6538
      vertex 72.0375 -41.0821 25.0067
    endloop
  endfacet
  facet normal -0.000127912 -0.706747 0.707467
    outer loop
      vertex 87.2332 -39.435 26.6538
      vertex 71.1198 -42.2962 23.7926
      vertex 87.3442 -39.5135 26.5754
    endloop
  endfacet
  facet normal -5.07031e-06 -0.707105 0.707109
    outer loop
      vertex 71.0936 -42.3282 23.7606
      vertex 87.3442 -39.5135 26.5754
      vertex 71.1198 -42.2962 23.7926
    endloop
  endfacet
  facet normal 9.79022e-06 -0.707148 0.707066
    outer loop
      vertex 87.3442 -39.5135 26.5754
      vertex 71.0936 -42.3282 23.7606
      vertex 88.5145 -40.2392 25.8496
    endloop
  endfacet
  facet normal 6.033e-16 -0.707107 0.707107
    outer loop
      vertex 70.0656 -43.4972 22.5916
      vertex 88.5145 -40.2392 25.8496
      vertex 71.0936 -42.3282 23.7606
    endloop
  endfacet
  facet normal -0.000139438 -0.706712 0.707501
    outer loop
      vertex 88.5145 -40.2392 25.8496
      vertex 70.0656 -43.4972 22.5916
      vertex 88.6391 -40.3068 25.7821
    endloop
  endfacet
  facet normal -4.54464e-06 -0.707105 0.707109
    outer loop
      vertex 70.0365 -43.528 22.5608
      vertex 88.6391 -40.3068 25.7821
      vertex 70.0656 -43.4972 22.5916
    endloop
  endfacet
  facet normal -2.78168e-06 -0.70711 0.707104
    outer loop
      vertex 88.6391 -40.3068 25.7821
      vertex 70.0365 -43.528 22.5608
      vertex 89.9333 -40.9183 25.1706
    endloop
  endfacet
  facet normal -1.36582e-05 -0.707068 0.707145
    outer loop
      vertex 68.9025 -44.647 21.4419
      vertex 89.9333 -40.9183 25.1706
      vertex 70.0365 -43.528 22.5608
    endloop
  endfacet
  facet normal 5.52102e-15 -0.707107 0.707107
    outer loop
      vertex 89.9333 -40.9183 25.1706
      vertex 68.9025 -44.647 21.4419
      vertex 90.0693 -40.9738 25.1151
    endloop
  endfacet
  facet normal 0.000514898 -0.708589 0.705622
    outer loop
      vertex 68.8707 -44.6763 21.4125
      vertex 90.0693 -40.9738 25.1151
      vertex 68.9025 -44.647 21.4419
    endloop
  endfacet
  facet normal -4.1838e-06 -0.707104 0.707109
    outer loop
      vertex 67.6356 -45.7404 20.3484
      vertex 90.0693 -40.9738 25.1151
      vertex 68.8707 -44.6763 21.4125
    endloop
  endfacet
  facet normal 1.72181e-05 -0.707155 0.707059
    outer loop
      vertex 90.0693 -40.9738 25.1151
      vertex 67.6356 -45.7404 20.3484
      vertex 91.4653 -41.4606 24.6282
    endloop
  endfacet
  facet normal -0.000586481 -0.705472 0.708738
    outer loop
      vertex 67.6011 -45.7683 20.3206
      vertex 91.4653 -41.4606 24.6282
      vertex 67.6356 -45.7404 20.3484
    endloop
  endfacet
  facet normal -0.000184116 -0.706588 0.707625
    outer loop
      vertex 91.4653 -41.4606 24.6282
      vertex 67.6011 -45.7683 20.3206
      vertex 91.6104 -41.5031 24.5858
    endloop
  endfacet
  facet normal 1.63491e-05 -0.707153 0.707061
    outer loop
      vertex 66.2703 -46.773 19.3158
      vertex 91.6104 -41.5031 24.5858
      vertex 67.6011 -45.7683 20.3206
    endloop
  endfacet
  facet normal -1.49512e-06 -0.70711 0.707104
    outer loop
      vertex 91.6104 -41.5031 24.5858
      vertex 66.2703 -46.773 19.3158
      vertex 93.0843 -41.8569 24.232
    endloop
  endfacet
  facet normal -0.000672983 -0.705276 0.708932
    outer loop
      vertex 66.2333 -46.7992 19.2897
      vertex 93.0843 -41.8569 24.232
      vertex 66.2703 -46.773 19.3158
    endloop
  endfacet
  facet normal 1.91538e-05 -0.707159 0.707055
    outer loop
      vertex 64.8124 -47.7402 18.3486
      vertex 93.0843 -41.8569 24.232
      vertex 66.2333 -46.7992 19.2897
    endloop
  endfacet
  facet normal 0.000242843 -0.707696 0.706517
    outer loop
      vertex 93.0843 -41.8569 24.232
      vertex 64.8124 -47.7402 18.3486
      vertex 93.2359 -41.8856 24.2032
    endloop
  endfacet
  facet normal 2.5441e-16 -0.707107 0.707107
    outer loop
      vertex 64.773 -47.7646 18.3242
      vertex 93.2359 -41.8856 24.2032
      vertex 64.8124 -47.7402 18.3486
    endloop
  endfacet
  facet normal 0 -0.707107 0.707107
    outer loop
      vertex 94.7626 -42.1003 23.9885
      vertex 64.773 -47.7646 18.3242
      vertex 63.2682 -48.6379 17.4509
    endloop
  endfacet
  facet normal 0 -0.707107 0.707107
    outer loop
      vertex 94.7626 -42.1003 23.9885
      vertex 63.2682 -48.6379 17.4509
      vertex 63.2266 -48.6604 17.4284
    endloop
  endfacet
  facet normal -3.07451e-05 -0.707032 0.707181
    outer loop
      vertex 94.9183 -42.1148 23.974
      vertex 63.2266 -48.6604 17.4284
      vertex 61.6442 -49.4623 16.6266
    endloop
  endfacet
  facet normal 0.00129227 -0.710188 0.704011
    outer loop
      vertex 96.4715 -42.1868 23.902
      vertex 61.6442 -49.4623 16.6266
      vertex 61.6007 -49.4828 16.606
    endloop
  endfacet
  facet normal -3.86419e-05 -0.707014 0.707199
    outer loop
      vertex 96.55 -42.1886 23.9002
      vertex 61.6007 -49.4828 16.606
      vertex 59.9475 -50.2098 15.8791
    endloop
  endfacet
  facet normal 4.17957e-06 -0.707112 0.707102
    outer loop
      vertex 96.55 -42.1886 23.9002
      vertex 59.9475 -50.2098 15.8791
      vertex 59.9021 -50.2283 15.8606
    endloop
  endfacet
  facet normal 2.58947e-07 -0.707103 0.707111
    outer loop
      vertex 96.55 -42.1886 23.9002
      vertex 59.9021 -50.2283 15.8606
      vertex 164.5 -53.7852 12.3037
    endloop
  endfacet
  facet normal -3.39945e-06 -0.707157 0.707057
    outer loop
      vertex 58.1852 -50.8772 15.2116
      vertex 164.5 -53.7852 12.3037
      vertex 59.9021 -50.2283 15.8606
    endloop
  endfacet
  facet normal 0.00010907 -0.705098 0.70911
    outer loop
      vertex 58.1383 -50.8936 15.1953
      vertex 164.5 -53.7852 12.3037
      vertex 58.1852 -50.8772 15.2116
    endloop
  endfacet
  facet normal -3.11892e-06 -0.707164 0.707049
    outer loop
      vertex 56.365 -51.4617 14.6271
      vertex 164.5 -53.7852 12.3037
      vertex 58.1383 -50.8936 15.1953
    endloop
  endfacet
  facet normal 9.94124e-05 -0.704774 0.709432
    outer loop
      vertex 56.3166 -51.4759 14.613
      vertex 164.5 -53.7852 12.3037
      vertex 56.365 -51.4617 14.6271
    endloop
  endfacet
  facet normal -1.0252e-16 -0.707107 0.707107
    outer loop
      vertex 54.4946 -51.9608 14.1281
      vertex 164.5 -53.7852 12.3037
      vertex 56.3166 -51.4759 14.613
    endloop
  endfacet
  facet normal -9.25384e-05 -0.709891 0.704311
    outer loop
      vertex 54.445 -51.9726 14.1162
      vertex 164.5 -53.7852 12.3037
      vertex 54.4946 -51.9608 14.1281
    endloop
  endfacet
  facet normal -5.9669e-07 -0.707105 0.707108
    outer loop
      vertex 52.5821 -52.3722 13.7166
      vertex 164.5 -53.7852 12.3037
      vertex 54.445 -51.9726 14.1162
    endloop
  endfacet
  facet normal -5.92389e-07 -0.707105 0.707108
    outer loop
      vertex 52.5315 -52.3818 13.707
      vertex 164.5 -53.7852 12.3037
      vertex 52.5821 -52.3722 13.7166
    endloop
  endfacet
  facet normal -5.86909e-07 -0.707105 0.707109
    outer loop
      vertex 50.6356 -52.6944 13.3944
      vertex 164.5 -53.7852 12.3037
      vertex 52.5315 -52.3818 13.707
    endloop
  endfacet
  facet normal 8.69045e-05 -0.702524 0.71166
    outer loop
      vertex 50.5842 -52.7017 13.3872
      vertex 164.5 -53.7852 12.3037
      vertex 50.6356 -52.6944 13.3944
    endloop
  endfacet
  facet normal -2.77322e-06 -0.707253 0.706961
    outer loop
      vertex 48.6635 -52.9259 13.1629
      vertex 164.5 -53.7852 12.3037
      vertex 50.5842 -52.7017 13.3872
    endloop
  endfacet
  facet normal -5.65111e-07 -0.707104 0.70711
    outer loop
      vertex 48.6116 -52.9307 13.1581
      vertex 164.5 -53.7852 12.3037
      vertex 48.6635 -52.9259 13.1629
    endloop
  endfacet
  facet normal -5.51738e-07 -0.707103 0.707111
    outer loop
      vertex 46.6742 -53.0656 13.0232
      vertex 164.5 -53.7852 12.3037
      vertex 48.6116 -52.9307 13.1581
    endloop
  endfacet
  facet normal 0.000155371 -0.694221 0.719762
    outer loop
      vertex 46.6219 -53.0681 13.0208
      vertex 164.5 -53.7852 12.3037
      vertex 46.6742 -53.0656 13.0232
    endloop
  endfacet
  facet normal -7.56175e-06 -0.707728 0.706485
    outer loop
      vertex 44.6762 -53.1131 12.9757
      vertex 164.5 -53.7852 12.3037
      vertex 46.6219 -53.0681 13.0208
    endloop
  endfacet
  facet normal 0 -0.707054 0.707159
    outer loop
      vertex 44.6238 -53.1131 12.9757
      vertex 164.5 -53.7852 12.3037
      vertex 44.6762 -53.1131 12.9757
    endloop
  endfacet
  facet normal 3.74083e-06 -0.707106 0.707107
    outer loop
      vertex 0 -53.7852 12.3037
      vertex 14.6271 -35.4711 30.6177
      vertex 14.3652 -34.3492 31.7396
    endloop
  endfacet
  facet normal 5.0148e-06 -0.707107 0.707107
    outer loop
      vertex 14.1004 -31.4928 34.596
      vertex 0 -53.7852 12.3037
      vertex 14.1004 -31.5298 34.559
    endloop
  endfacet
  facet normal -7.09206e-05 -0.707083 0.707131
    outer loop
      vertex 14.1004 -31.5298 34.559
      vertex 0 -53.7852 12.3037
      vertex 14.1641 -32.9057 33.1832
    endloop
  endfacet
  facet normal 0.00247534 -0.707944 0.706265
    outer loop
      vertex 14.1641 -32.9057 33.1832
      vertex 0 -53.7852 12.3037
      vertex 14.1676 -32.9426 33.1462
    endloop
  endfacet
  facet normal 4.14226e-06 -0.707106 0.707107
    outer loop
      vertex 14.1676 -32.9426 33.1462
      vertex 0 -53.7852 12.3037
      vertex 14.3584 -34.3125 31.7763
    endloop
  endfacet
  facet normal 3.93572e-06 -0.707106 0.707107
    outer loop
      vertex 14.3584 -34.3125 31.7763
      vertex 0 -53.7852 12.3037
      vertex 14.3652 -34.3492 31.7396
    endloop
  endfacet
  facet normal 3.74026e-06 -0.707106 0.707107
    outer loop
      vertex 14.6271 -35.4711 30.6177
      vertex 0 -53.7852 12.3037
      vertex 14.6823 -35.7074 30.3814
    endloop
  endfacet
  facet normal -0.00177653 -0.706382 0.707829
    outer loop
      vertex 14.6823 -35.7074 30.3814
      vertex 0 -53.7852 12.3037
      vertex 14.6925 -35.7438 30.3451
    endloop
  endfacet
  facet normal 4.60988e-05 -0.707126 0.707088
    outer loop
      vertex 14.6925 -35.7438 30.3451
      vertex 0 -53.7852 12.3037
      vertex 15.1346 -37.0844 29.0044
    endloop
  endfacet
  facet normal 3.28936e-06 -0.707106 0.707107
    outer loop
      vertex 15.1346 -37.0844 29.0044
      vertex 0 -53.7852 12.3037
      vertex 15.1482 -37.1201 28.9687
    endloop
  endfacet
  facet normal 3.17128e-06 -0.707106 0.707107
    outer loop
      vertex 15.1482 -37.1201 28.9687
      vertex 0 -53.7852 12.3037
      vertex 15.7133 -38.4374 27.6514
    endloop
  endfacet
  facet normal 0 -0.707054 0.707159
    outer loop
      vertex 44.6238 -53.1131 12.9757
      vertex 0 -53.7852 12.3037
      vertex 164.5 -53.7852 12.3037
    endloop
  endfacet
  facet normal 1.52827e-05 -0.707561 0.706652
    outer loop
      vertex 42.6781 -53.0681 13.0208
      vertex 0 -53.7852 12.3037
      vertex 44.6238 -53.1131 12.9757
    endloop
  endfacet
  facet normal -0.000356884 -0.696407 0.717647
    outer loop
      vertex 42.6258 -53.0656 13.0232
      vertex 0 -53.7852 12.3037
      vertex 42.6781 -53.0681 13.0208
    endloop
  endfacet
  facet normal 1.33518e-06 -0.707097 0.707116
    outer loop
      vertex 40.6884 -52.9307 13.1581
      vertex 0 -53.7852 12.3037
      vertex 42.6258 -53.0656 13.0232
    endloop
  endfacet
  facet normal 1.41628e-06 -0.707099 0.707114
    outer loop
      vertex 40.6365 -52.9259 13.1629
      vertex 0 -53.7852 12.3037
      vertex 40.6884 -52.9307 13.1581
    endloop
  endfacet
  facet normal 7.11831e-06 -0.707234 0.70698
    outer loop
      vertex 38.7158 -52.7017 13.3872
      vertex 0 -53.7852 12.3037
      vertex 40.6365 -52.9259 13.1629
    endloop
  endfacet
  facet normal -0.000227759 -0.703026 0.711164
    outer loop
      vertex 38.6644 -52.6944 13.3944
      vertex 0 -53.7852 12.3037
      vertex 38.7158 -52.7017 13.3872
    endloop
  endfacet
  facet normal 1.56164e-06 -0.707102 0.707112
    outer loop
      vertex 36.7685 -52.3818 13.707
      vertex 0 -53.7852 12.3037
      vertex 38.6644 -52.6944 13.3944
    endloop
  endfacet
  facet normal 1.60105e-06 -0.707103 0.707111
    outer loop
      vertex 36.7179 -52.3722 13.7166
      vertex 0 -53.7852 12.3037
      vertex 36.7685 -52.3818 13.707
    endloop
  endfacet
  facet normal 1.63285e-06 -0.707103 0.707111
    outer loop
      vertex 34.855 -51.9726 14.1162
      vertex 0 -53.7852 12.3037
      vertex 36.7179 -52.3722 13.7166
    endloop
  endfacet
  facet normal 0.000256502 -0.709549 0.704656
    outer loop
      vertex 34.8054 -51.9608 14.1281
      vertex 0 -53.7852 12.3037
      vertex 34.855 -51.9726 14.1162
    endloop
  endfacet
  facet normal 2.87574e-16 -0.707107 0.707107
    outer loop
      vertex 32.9834 -51.4759 14.613
      vertex 0 -53.7852 12.3037
      vertex 34.8054 -51.9608 14.1281
    endloop
  endfacet
  facet normal -0.000282274 -0.705088 0.70912
    outer loop
      vertex 32.935 -51.4617 14.6271
      vertex 0 -53.7852 12.3037
      vertex 32.9834 -51.4759 14.613
    endloop
  endfacet
  facet normal 8.95521e-06 -0.707155 0.707059
    outer loop
      vertex 31.1617 -50.8936 15.1953
      vertex 0 -53.7852 12.3037
      vertex 32.935 -51.4617 14.6271
    endloop
  endfacet
  facet normal -0.000316948 -0.705397 0.708812
    outer loop
      vertex 31.1148 -50.8772 15.2116
      vertex 0 -53.7852 12.3037
      vertex 31.1617 -50.8936 15.1953
    endloop
  endfacet
  facet normal 9.98669e-06 -0.707148 0.707066
    outer loop
      vertex 29.3979 -50.2283 15.8606
      vertex 0 -53.7852 12.3037
      vertex 31.1148 -50.8772 15.2116
    endloop
  endfacet
  facet normal 1.27716e-14 -0.707107 0.707107
    outer loop
      vertex 29.3525 -50.2098 15.8791
      vertex 0 -53.7852 12.3037
      vertex 29.3979 -50.2283 15.8606
    endloop
  endfacet
  facet normal -9.27822e-06 -0.707069 0.707145
    outer loop
      vertex 27.6993 -49.4828 16.606
      vertex 0 -53.7852 12.3037
      vertex 29.3525 -50.2098 15.8791
    endloop
  endfacet
  facet normal 0.000404132 -0.708398 0.705813
    outer loop
      vertex 27.6558 -49.4623 16.6266
      vertex 0 -53.7852 12.3037
      vertex 27.6993 -49.4828 16.606
    endloop
  endfacet
  facet normal -1.05346e-05 -0.707073 0.70714
    outer loop
      vertex 26.0734 -48.6604 17.4284
      vertex 0 -53.7852 12.3037
      vertex 27.6558 -49.4623 16.6266
    endloop
  endfacet
  facet normal 1.99041e-06 -0.707105 0.707109
    outer loop
      vertex 26.0319 -48.6379 17.4509
      vertex 0 -53.7852 12.3037
      vertex 26.0734 -48.6604 17.4284
    endloop
  endfacet
  facet normal 2.02599e-06 -0.707105 0.707109
    outer loop
      vertex 24.527 -47.7646 18.3242
      vertex 0 -53.7852 12.3037
      vertex 26.0319 -48.6379 17.4509
    endloop
  endfacet
  facet normal 2.06462e-06 -0.707105 0.707108
    outer loop
      vertex 24.4876 -47.7402 18.3486
      vertex 0 -53.7852 12.3037
      vertex 24.527 -47.7646 18.3242
    endloop
  endfacet
  facet normal 1.5616e-05 -0.707133 0.707081
    outer loop
      vertex 23.0667 -46.7992 19.2897
      vertex 0 -53.7852 12.3037
      vertex 24.4876 -47.7402 18.3486
    endloop
  endfacet
  facet normal -0.000573283 -0.70616 0.708052
    outer loop
      vertex 23.0297 -46.773 19.3158
      vertex 0 -53.7852 12.3037
      vertex 23.0667 -46.7992 19.2897
    endloop
  endfacet
  facet normal 1.74581e-05 -0.70713 0.707083
    outer loop
      vertex 21.6989 -45.7683 20.3206
      vertex 0 -53.7852 12.3037
      vertex 23.0297 -46.773 19.3158
    endloop
  endfacet
  facet normal -0.000643525 -0.706235 0.707977
    outer loop
      vertex 21.6644 -45.7404 20.3484
      vertex 0 -53.7852 12.3037
      vertex 21.6989 -45.7683 20.3206
    endloop
  endfacet
  facet normal 2.28085e-06 -0.707105 0.707108
    outer loop
      vertex 20.4293 -44.6763 21.4125
      vertex 0 -53.7852 12.3037
      vertex 21.6644 -45.7404 20.3484
    endloop
  endfacet
  facet normal 0.000726634 -0.707917 0.706295
    outer loop
      vertex 20.3975 -44.647 21.4419
      vertex 0 -53.7852 12.3037
      vertex 20.4293 -44.6763 21.4125
    endloop
  endfacet
  facet normal -1.94708e-05 -0.707085 0.707129
    outer loop
      vertex 19.2635 -43.528 22.5608
      vertex 0 -53.7852 12.3037
      vertex 20.3975 -44.647 21.4419
    endloop
  endfacet
  facet normal 2.44213e-06 -0.707106 0.707108
    outer loop
      vertex 19.2344 -43.4972 22.5916
      vertex 0 -53.7852 12.3037
      vertex 19.2635 -43.528 22.5608
    endloop
  endfacet
  facet normal 2.50025e-06 -0.707106 0.707108
    outer loop
      vertex 18.2064 -42.3282 23.7606
      vertex 0 -53.7852 12.3037
      vertex 19.2344 -43.4972 22.5916
    endloop
  endfacet
  facet normal 2.56321e-06 -0.707106 0.707108
    outer loop
      vertex 18.1802 -42.2962 23.7926
      vertex 0 -53.7852 12.3037
      vertex 18.2064 -42.3282 23.7606
    endloop
  endfacet
  facet normal 2.63214e-06 -0.707106 0.707108
    outer loop
      vertex 17.2625 -41.0821 25.0067
      vertex 0 -53.7852 12.3037
      vertex 18.1802 -42.2962 23.7926
    endloop
  endfacet
  facet normal 2.70911e-06 -0.707106 0.707108
    outer loop
      vertex 17.2394 -41.0489 25.0399
      vertex 0 -53.7852 12.3037
      vertex 17.2625 -41.0821 25.0067
    endloop
  endfacet
  facet normal 3.10604e-05 -0.707125 0.707089
    outer loop
      vertex 16.4359 -39.7951 26.2938
      vertex 0 -53.7852 12.3037
      vertex 17.2394 -41.0489 25.0399
    endloop
  endfacet
  facet normal 9.32459e-17 -0.707107 0.707107
    outer loop
      vertex 16.4159 -39.7609 26.328
      vertex 0 -53.7852 12.3037
      vertex 16.4359 -39.7951 26.2938
    endloop
  endfacet
  facet normal -3.22312e-05 -0.707088 0.707126
    outer loop
      vertex 15.7301 -38.4725 27.6163
      vertex 0 -53.7852 12.3037
      vertex 16.4159 -39.7609 26.328
    endloop
  endfacet
  facet normal 3.06648e-06 -0.707106 0.707108
    outer loop
      vertex 15.7133 -38.4374 27.6514
      vertex 0 -53.7852 12.3037
      vertex 15.7301 -38.4725 27.6163
    endloop
  endfacet
  facet normal -2.33434e-06 -0.707133 0.707081
    outer loop
      vertex 83.9192 -30.4749 35.6139
      vertex 74.9416 -28.7101 37.3788
      vertex 75.1324 -30.08 36.0088
    endloop
  endfacet
  facet normal -0.863229 0 -0.504812
    outer loop
      vertex 72.8841 -23.2618 42.8271
      vertex 72.8641 -23.2275 42.8613
      vertex 72.8841 -23.2617 42.8271
    endloop
  endfacet
  facet normal -0.233398 -0.972381 0
    outer loop
      vertex 141.89 -24.348 41.7408
      vertex 140.416 -23.9942 42.0947
      vertex 140.416 -23.9942 42.0946
    endloop
  endfacet
  facet normal -0.186636 0.982429 0
    outer loop
      vertex 93.0843 -23.9942 42.0947
      vertex 93.2359 -23.9654 42.1234
      vertex 93.0843 -23.9942 42.0946
    endloop
  endfacet
  facet normal 0.980784 -0.137955 -0.137955
    outer loop
      vertex 85.0555 -29.8921 34.4856
      vertex 84.7518 -10.614 13.0484
      vertex 85.0555 -9.53446 14.128
    endloop
  endfacet
  facet normal 0.980783 -0.137957 -0.137957
    outer loop
      vertex 84.7518 -10.614 13.0484
      vertex 85.0555 -29.8921 34.4856
      vertex 84.7518 -30.9716 33.406
    endloop
  endfacet
  facet normal 0.980784 0.137954 0.137954
    outer loop
      vertex 84.7518 -33.1682 31.2094
      vertex 85.0555 -13.8902 9.77225
      vertex 84.7518 -12.8106 10.8518
    endloop
  endfacet
  facet normal 0.980783 0.137958 0.137957
    outer loop
      vertex 85.0555 -13.8902 9.77225
      vertex 84.7518 -33.1682 31.2094
      vertex 85.0555 -34.2478 30.1299
    endloop
  endfacet
  facet normal -0.9468 -0.227562 -0.227562
    outer loop
      vertex 148.445 -9.53446 14.128
      vertex 147.944 -28.8498 35.5278
      vertex 147.944 -8.49219 15.1702
    endloop
  endfacet
  facet normal -0.946802 -0.227559 -0.22756
    outer loop
      vertex 147.944 -28.8498 35.5278
      vertex 148.445 -9.53446 14.128
      vertex 148.445 -29.8921 34.4856
    endloop
  endfacet
  facet normal 0.997859 0.0462451 0.0462451
    outer loop
      vertex 84.65 -32.0699 32.3077
      vertex 84.7518 -12.8106 10.8518
      vertex 84.65 -11.7123 11.9501
    endloop
  endfacet
  facet normal 0.997859 0.0462451 0.0462451
    outer loop
      vertex 84.7518 -12.8106 10.8518
      vertex 84.65 -32.0699 32.3077
      vertex 84.7518 -33.1682 31.2094
    endloop
  endfacet
  facet normal -0.0654251 -0.705592 -0.705591
    outer loop
      vertex 136.95 -3.29774 20.3647
      vertex 138.503 -23.7273 40.6503
      vertex 136.95 -23.6553 40.7223
    endloop
  endfacet
  facet normal -0.0654206 -0.705593 -0.705591
    outer loop
      vertex 138.503 -23.7273 40.6503
      vertex 136.95 -3.29774 20.3647
      vertex 138.503 -3.36973 20.2927
    endloop
  endfacet
  facet normal 0.321436 -0.669581 -0.669582
    outer loop
      vertex 91.9961 -24.2959 40.0818
      vertex 93.4701 -3.58446 20.078
      vertex 93.4701 -23.9421 40.4356
    endloop
  endfacet
  facet normal 0.321436 -0.669581 -0.669582
    outer loop
      vertex 93.4701 -3.58446 20.078
      vertex 91.9961 -24.2959 40.0818
      vertex 91.9961 -3.93826 19.7242
    endloop
  endfacet
  facet normal -0.195068 0.693524 0.693522
    outer loop
      vertex 140.03 -19.8402 3.82225
      vertex 138.503 -40.4125 23.9651
      vertex 140.03 -40.1978 24.1799
    endloop
  endfacet
  facet normal -0.195037 0.693527 0.693528
    outer loop
      vertex 138.503 -40.4125 23.9651
      vertex 140.03 -19.8402 3.82225
      vertex 138.503 -20.0549 3.60752
    endloop
  endfacet
  facet normal 0.195117 -0.693517 -0.693516
    outer loop
      vertex 93.4701 -23.9421 40.4356
      vertex 94.9967 -3.36973 20.2927
      vertex 94.9967 -23.7273 40.6503
    endloop
  endfacet
  facet normal 0.195086 -0.69352 -0.693521
    outer loop
      vertex 94.9967 -3.36973 20.2927
      vertex 93.4701 -23.9421 40.4356
      vertex 93.4701 -3.58446 20.078
    endloop
  endfacet
  facet normal -0.9468 0.227564 0.227563
    outer loop
      vertex 147.944 -14.9324 8.72999
      vertex 148.445 -34.2478 30.1299
      vertex 148.445 -13.8902 9.77225
    endloop
  endfacet
  facet normal -0.946802 0.227559 0.227559
    outer loop
      vertex 148.445 -34.2478 30.1299
      vertex 147.944 -14.9324 8.72999
      vertex 147.944 -35.29 29.0876
    endloop
  endfacet
  facet normal 0.997859 -0.0462451 -0.0462451
    outer loop
      vertex 84.7518 -30.9716 33.406
      vertex 84.65 -11.7123 11.9501
      vertex 84.7518 -10.614 13.0484
    endloop
  endfacet
  facet normal 0.997859 -0.0462451 -0.0462451
    outer loop
      vertex 84.65 -11.7123 11.9501
      vertex 84.7518 -30.9716 33.406
      vertex 84.65 -32.0699 32.3077
    endloop
  endfacet
  facet normal -0.751939 0.466148 0.466149
    outer loop
      vertex 145.365 -17.6623 6.00011
      vertex 146.391 -37.1924 27.1852
      vertex 146.391 -16.8348 6.82764
    endloop
  endfacet
  facet normal -0.751933 0.466153 0.466153
    outer loop
      vertex 146.391 -37.1924 27.1852
      vertex 145.365 -17.6623 6.00011
      vertex 145.365 -38.0199 26.3577
    endloop
  endfacet
  facet normal 0 -0.707107 -0.707106
    outer loop
      vertex 96.55 -23.6553 40.7223
      vertex 136.95 -3.29774 20.3647
      vertex 136.95 -23.6553 40.7223
    endloop
  endfacet
  facet normal -0 -0.707107 -0.707106
    outer loop
      vertex 136.95 -3.29774 20.3647
      vertex 96.55 -23.6553 40.7223
      vertex 96.55 -3.29774 20.3647
    endloop
  endfacet
  facet normal 0.831473 -0.392844 -0.392844
    outer loop
      vertex 87.1091 -26.9474 37.4302
      vertex 86.2443 -7.50503 16.1574
      vertex 87.1091 -6.58984 17.0726
    endloop
  endfacet
  facet normal 0.831474 -0.392843 -0.392842
    outer loop
      vertex 86.2443 -7.50503 16.1574
      vertex 87.1091 -26.9474 37.4302
      vertex 86.2443 -27.8626 36.515
    endloop
  endfacet
  facet normal 0.0654125 0.705592 0.705593
    outer loop
      vertex 96.55 -40.4845 23.8931
      vertex 94.9967 -20.0549 3.60752
      vertex 94.9967 -40.4125 23.9651
    endloop
  endfacet
  facet normal 0.065408 0.705592 0.705593
    outer loop
      vertex 94.9967 -20.0549 3.60752
      vertex 96.55 -40.4845 23.8931
      vertex 96.55 -20.1269 3.53553
    endloop
  endfacet
  facet normal 0.555556 0.587945 0.587944
    outer loop
      vertex 90.6 -39.3571 25.0205
      vertex 89.3057 -18.388 5.27438
      vertex 89.3057 -38.7456 25.632
    endloop
  endfacet
  facet normal 0.555559 0.587943 0.587943
    outer loop
      vertex 89.3057 -18.388 5.27438
      vertex 90.6 -39.3571 25.0205
      vertex 90.6 -18.9995 4.66287
    endloop
  endfacet
  facet normal 0.896866 -0.312756 -0.312755
    outer loop
      vertex 86.2443 -27.8626 36.515
      vertex 85.5558 -8.49219 15.1702
      vertex 86.2443 -7.50503 16.1574
    endloop
  endfacet
  facet normal 0.896869 -0.31275 -0.312751
    outer loop
      vertex 85.5558 -8.49219 15.1702
      vertex 86.2443 -27.8626 36.515
      vertex 85.5558 -28.8498 35.5278
    endloop
  endfacet
  facet normal -0.896994 0.312572 0.312571
    outer loop
      vertex 147.256 -15.9196 7.74282
      vertex 147.944 -35.29 29.0876
      vertex 147.944 -14.9324 8.72999
    endloop
  endfacet
  facet normal -0.896997 0.312568 0.312568
    outer loop
      vertex 147.944 -35.29 29.0876
      vertex 147.256 -15.9196 7.74282
      vertex 147.256 -36.2772 28.1004
    endloop
  endfacet
  facet normal 0.896867 0.312754 0.312754
    outer loop
      vertex 85.5558 -35.29 29.0876
      vertex 86.2443 -15.9196 7.74282
      vertex 85.5558 -14.9324 8.72999
    endloop
  endfacet
  facet normal 0.896869 0.31275 0.312751
    outer loop
      vertex 86.2443 -15.9196 7.74282
      vertex 85.5558 -35.29 29.0876
      vertex 86.2443 -36.2772 28.1004
    endloop
  endfacet
  facet normal 0.946937 -0.227277 -0.227277
    outer loop
      vertex 85.5558 -28.8498 35.5278
      vertex 85.0555 -9.53446 14.128
      vertex 85.5558 -8.49219 15.1702
    endloop
  endfacet
  facet normal 0.946939 -0.227274 -0.227275
    outer loop
      vertex 85.0555 -9.53446 14.128
      vertex 85.5558 -28.8498 35.5278
      vertex 85.0555 -29.8921 34.4856
    endloop
  endfacet
  facet normal 0.0654125 -0.705593 -0.705592
    outer loop
      vertex 94.9967 -23.7273 40.6503
      vertex 96.55 -3.29774 20.3647
      vertex 96.55 -23.6553 40.7223
    endloop
  endfacet
  facet normal 0.065408 -0.705593 -0.705592
    outer loop
      vertex 96.55 -3.29774 20.3647
      vertex 94.9967 -23.7273 40.6503
      vertex 94.9967 -3.36973 20.2927
    endloop
  endfacet
  facet normal -0.555645 -0.587902 -0.587903
    outer loop
      vertex 142.9 -4.42508 19.2373
      vertex 144.194 -25.3942 38.9834
      vertex 142.9 -24.7827 39.5949
    endloop
  endfacet
  facet normal -0.555645 -0.587902 -0.587903
    outer loop
      vertex 144.194 -25.3942 38.9834
      vertex 142.9 -4.42508 19.2373
      vertex 144.194 -5.03658 18.6258
    endloop
  endfacet
  facet normal -0.831412 0.392908 0.392908
    outer loop
      vertex 146.391 -16.8348 6.82764
      vertex 147.256 -36.2772 28.1004
      vertex 147.256 -15.9196 7.74282
    endloop
  endfacet
  facet normal -0.831415 0.392905 0.392906
    outer loop
      vertex 147.256 -36.2772 28.1004
      vertex 146.391 -16.8348 6.82764
      vertex 146.391 -37.1924 27.1852
    endloop
  endfacet
  facet normal -4.53281e-06 -0.707107 0.707107
    outer loop
      vertex 96.55 -20.1269 3.53553
      vertex 96.55 -3.29774 20.3647
      vertex 94.9967 -3.36973 20.2927
    endloop
  endfacet
  facet normal 0 -0.70711 0.707104
    outer loop
      vertex 96.55 -3.29774 20.3647
      vertex 112.75 -9.59099 14.0714
      vertex 136.95 -3.29774 20.3647
    endloop
  endfacet
  facet normal 1.39553e-05 -0.707107 0.707107
    outer loop
      vertex 94.9967 -20.0549 3.60752
      vertex 94.9967 -3.36973 20.2927
      vertex 93.4701 -3.58446 20.078
    endloop
  endfacet
  facet normal 0 -0.70711 0.707104
    outer loop
      vertex 120.75 -9.59099 14.0714
      vertex 136.95 -3.29774 20.3647
      vertex 112.75 -9.59099 14.0714
    endloop
  endfacet
  facet normal 1.04409e-07 -0.707107 0.707107
    outer loop
      vertex 93.4701 -19.8402 3.82225
      vertex 93.4701 -3.58446 20.078
      vertex 91.9961 -3.93826 19.7242
    endloop
  endfacet
  facet normal -8.08312e-05 -0.707006 0.707208
    outer loop
      vertex 121.142 -9.60914 14.0533
      vertex 136.95 -3.29774 20.3647
      vertex 120.75 -9.59099 14.0714
    endloop
  endfacet
  facet normal -4.03604e-05 -0.707107 0.707107
    outer loop
      vertex 91.9961 -19.4864 4.17605
      vertex 91.9961 -3.93826 19.7242
      vertex 90.6 -4.42508 19.2373
    endloop
  endfacet
  facet normal 9.52487e-05 -0.707226 0.706987
    outer loop
      vertex 121.526 -9.66327 13.9991
      vertex 136.95 -3.29774 20.3647
      vertex 121.142 -9.60914 14.0533
    endloop
  endfacet
  facet normal 2.29221e-07 -0.707107 0.707107
    outer loop
      vertex 90.6 -18.9995 4.66287
      vertex 90.6 -4.42508 19.2373
      vertex 89.3057 -5.03658 18.6258
    endloop
  endfacet
  facet normal -1.17933e-06 -0.707109 0.707104
    outer loop
      vertex 121.898 -9.75247 13.9099
      vertex 136.95 -3.29774 20.3647
      vertex 121.526 -9.66327 13.9991
    endloop
  endfacet
  facet normal 1.81263e-05 -0.707107 0.707107
    outer loop
      vertex 89.3057 -18.388 5.27438
      vertex 89.3057 -5.03658 18.6258
      vertex 88.1354 -5.76231 17.9001
    endloop
  endfacet
  facet normal -2.36357e-05 -0.707083 0.707131
    outer loop
      vertex 122.25 -9.87519 13.7872
      vertex 136.95 -3.29774 20.3647
      vertex 121.898 -9.75247 13.9099
    endloop
  endfacet
  facet normal 2.06696e-05 -0.707107 0.707107
    outer loop
      vertex 88.1354 -17.6623 6.00011
      vertex 88.1354 -5.76231 17.9001
      vertex 87.1091 -6.58984 17.0726
    endloop
  endfacet
  facet normal -0.000117238 -0.706978 0.707235
    outer loop
      vertex 122.576 -10.0294 13.6331
      vertex 136.95 -3.29774 20.3647
      vertex 122.25 -9.87519 13.7872
    endloop
  endfacet
  facet normal -8.17654e-06 -0.707107 0.707107
    outer loop
      vertex 87.1091 -16.8348 6.82764
      vertex 87.1091 -6.58984 17.0726
      vertex 86.2443 -7.50503 16.1574
    endloop
  endfacet
  facet normal 0.000104811 -0.707216 0.706998
    outer loop
      vertex 122.871 -10.2123 13.4501
      vertex 136.95 -3.29774 20.3647
      vertex 122.576 -10.0294 13.6331
    endloop
  endfacet
  facet normal -3.98761e-05 -0.707107 0.707106
    outer loop
      vertex 86.2443 -15.9196 7.74282
      vertex 86.2443 -7.50503 16.1574
      vertex 85.5558 -8.49219 15.1702
    endloop
  endfacet
  facet normal -1.24797e-06 -0.707108 0.707106
    outer loop
      vertex 123.13 -10.4209 13.2415
      vertex 136.95 -3.29774 20.3647
      vertex 122.871 -10.2123 13.4501
    endloop
  endfacet
  facet normal 9.89356e-05 -0.707107 0.707107
    outer loop
      vertex 85.5558 -14.9324 8.72999
      vertex 85.5558 -8.49219 15.1702
      vertex 85.0555 -9.53446 14.128
    endloop
  endfacet
  facet normal -0.000107598 -0.707004 0.707209
    outer loop
      vertex 123.348 -10.6517 13.0108
      vertex 136.95 -3.29774 20.3647
      vertex 123.13 -10.4209 13.2415
    endloop
  endfacet
  facet normal 0.000113745 -0.707209 0.707004
    outer loop
      vertex 123.522 -10.9005 12.7619
      vertex 136.95 -3.29774 20.3647
      vertex 123.348 -10.6517 13.0108
    endloop
  endfacet
  facet normal 8.08312e-05 -0.707006 0.707208
    outer loop
      vertex 96.55 -3.29774 20.3647
      vertex 112.358 -9.60914 14.0533
      vertex 112.75 -9.59099 14.0714
    endloop
  endfacet
  facet normal -9.52487e-05 -0.707226 0.706987
    outer loop
      vertex 96.55 -3.29774 20.3647
      vertex 111.974 -9.66327 13.9991
      vertex 112.358 -9.60914 14.0533
    endloop
  endfacet
  facet normal 1.17933e-06 -0.707109 0.707104
    outer loop
      vertex 96.55 -3.29774 20.3647
      vertex 111.602 -9.75247 13.9099
      vertex 111.974 -9.66327 13.9991
    endloop
  endfacet
  facet normal 2.36357e-05 -0.707083 0.707131
    outer loop
      vertex 96.55 -3.29774 20.3647
      vertex 111.25 -9.87519 13.7872
      vertex 111.602 -9.75247 13.9099
    endloop
  endfacet
  facet normal 0.000117238 -0.706978 0.707235
    outer loop
      vertex 96.55 -3.29774 20.3647
      vertex 110.924 -10.0294 13.6331
      vertex 111.25 -9.87519 13.7872
    endloop
  endfacet
  facet normal -0.000104811 -0.707216 0.706998
    outer loop
      vertex 96.55 -3.29774 20.3647
      vertex 110.629 -10.2123 13.4501
      vertex 110.924 -10.0294 13.6331
    endloop
  endfacet
  facet normal 1.24797e-06 -0.707108 0.707106
    outer loop
      vertex 96.55 -3.29774 20.3647
      vertex 110.37 -10.4209 13.2415
      vertex 110.629 -10.2123 13.4501
    endloop
  endfacet
  facet normal -0.000133928 -0.707108 0.707106
    outer loop
      vertex 85.0555 -13.8902 9.77225
      vertex 85.0555 -9.53446 14.128
      vertex 84.7518 -10.614 13.0484
    endloop
  endfacet
  facet normal 0.000107598 -0.707004 0.707209
    outer loop
      vertex 96.55 -3.29774 20.3647
      vertex 110.152 -10.6517 13.0108
      vertex 110.37 -10.4209 13.2415
    endloop
  endfacet
  facet normal -0.000113745 -0.707209 0.707004
    outer loop
      vertex 96.55 -3.29774 20.3647
      vertex 109.978 -10.9005 12.7619
      vertex 110.152 -10.6517 13.0108
    endloop
  endfacet
  facet normal 1.65665e-06 -0.707107 0.707106
    outer loop
      vertex 96.55 -3.29774 20.3647
      vertex 109.852 -11.1633 12.4991
      vertex 109.978 -10.9005 12.7619
    endloop
  endfacet
  facet normal 1.8749e-06 -0.707107 0.707107
    outer loop
      vertex 96.55 -3.29774 20.3647
      vertex 96.55 -20.1269 3.53553
      vertex 109.75 -11.7123 11.9501
    endloop
  endfacet
  facet normal -5.82111e-05 -0.707104 0.707109
    outer loop
      vertex 85.0555 -13.8902 9.77225
      vertex 84.7518 -10.614 13.0484
      vertex 84.65 -11.7123 11.9501
    endloop
  endfacet
  facet normal 1.82492e-06 -0.707107 0.707107
    outer loop
      vertex 96.55 -3.29774 20.3647
      vertex 109.776 -11.4354 12.227
      vertex 109.852 -11.1633 12.4991
    endloop
  endfacet
  facet normal 2.02173e-06 -0.707107 0.707107
    outer loop
      vertex 96.55 -3.29774 20.3647
      vertex 109.75 -11.7123 11.9501
      vertex 109.776 -11.4354 12.227
    endloop
  endfacet
  facet normal 1.5163e-06 -0.707107 0.707107
    outer loop
      vertex 109.75 -11.7123 11.9501
      vertex 96.55 -20.1269 3.53553
      vertex 109.776 -11.9892 11.6732
    endloop
  endfacet
  facet normal 1.36869e-06 -0.707107 0.707107
    outer loop
      vertex 109.776 -11.9892 11.6732
      vertex 96.55 -20.1269 3.53553
      vertex 109.852 -12.2613 11.4011
    endloop
  endfacet
  facet normal 1.24249e-06 -0.707106 0.707107
    outer loop
      vertex 109.852 -12.2613 11.4011
      vertex 96.55 -20.1269 3.53553
      vertex 109.978 -12.5241 11.1383
    endloop
  endfacet
  facet normal -0.000173621 -0.707115 0.707099
    outer loop
      vertex 85.0555 -13.8902 9.77225
      vertex 84.65 -11.7123 11.9501
      vertex 84.7518 -12.8106 10.8518
    endloop
  endfacet
  facet normal 1.1318e-06 -0.707106 0.707107
    outer loop
      vertex 109.978 -12.5241 11.1383
      vertex 96.55 -20.1269 3.53553
      vertex 110.152 -12.773 10.8894
    endloop
  endfacet
  facet normal 1.03222e-06 -0.707106 0.707107
    outer loop
      vertex 110.152 -12.773 10.8894
      vertex 96.55 -20.1269 3.53553
      vertex 110.37 -13.0037 10.6587
    endloop
  endfacet
  facet normal 9.35978e-07 -0.707106 0.707107
    outer loop
      vertex 110.37 -13.0037 10.6587
      vertex 96.55 -20.1269 3.53553
      vertex 110.629 -13.2123 10.4501
    endloop
  endfacet
  facet normal 8.40944e-07 -0.707106 0.707107
    outer loop
      vertex 110.629 -13.2123 10.4501
      vertex 96.55 -20.1269 3.53553
      vertex 110.924 -13.3953 10.2671
    endloop
  endfacet
  facet normal 7.41339e-07 -0.707106 0.707108
    outer loop
      vertex 110.924 -13.3953 10.2671
      vertex 96.55 -20.1269 3.53553
      vertex 111.25 -13.5494 10.113
    endloop
  endfacet
  facet normal -6.71008e-05 -0.70703 0.707183
    outer loop
      vertex 111.25 -13.5494 10.113
      vertex 96.55 -20.1269 3.53553
      vertex 111.602 -13.6722 9.99026
    endloop
  endfacet
  facet normal 0.000109241 -0.707236 0.706978
    outer loop
      vertex 111.602 -13.6722 9.99026
      vertex 96.55 -20.1269 3.53553
      vertex 111.974 -13.7613 9.90107
    endloop
  endfacet
  facet normal -8.16398e-05 -0.707005 0.707209
    outer loop
      vertex 111.974 -13.7613 9.90107
      vertex 96.55 -20.1269 3.53553
      vertex 112.358 -13.8155 9.84693
    endloop
  endfacet
  facet normal 8.08312e-05 -0.707208 0.707006
    outer loop
      vertex 112.358 -13.8155 9.84693
      vertex 96.55 -20.1269 3.53553
      vertex 112.75 -13.8336 9.82878
    endloop
  endfacet
  facet normal 8.14201e-05 -0.707108 0.707106
    outer loop
      vertex 85.0555 -9.53446 14.128
      vertex 85.0555 -13.8902 9.77225
      vertex 85.5558 -14.9324 8.72999
    endloop
  endfacet
  facet normal -1.65665e-06 -0.707107 0.707106
    outer loop
      vertex 123.648 -11.1633 12.4991
      vertex 136.95 -3.29774 20.3647
      vertex 123.522 -10.9005 12.7619
    endloop
  endfacet
  facet normal -1.82492e-06 -0.707107 0.707107
    outer loop
      vertex 123.724 -11.4354 12.227
      vertex 136.95 -3.29774 20.3647
      vertex 123.648 -11.1633 12.4991
    endloop
  endfacet
  facet normal -2.02173e-06 -0.707107 0.707107
    outer loop
      vertex 123.75 -11.7123 11.9501
      vertex 136.95 -3.29774 20.3647
      vertex 123.724 -11.4354 12.227
    endloop
  endfacet
  facet normal -1.8749e-06 -0.707107 0.707107
    outer loop
      vertex 136.95 -20.1269 3.53553
      vertex 136.95 -3.29774 20.3647
      vertex 123.75 -11.7123 11.9501
    endloop
  endfacet
  facet normal 4.53369e-06 -0.707107 0.707107
    outer loop
      vertex 136.95 -3.29774 20.3647
      vertex 136.95 -20.1269 3.53553
      vertex 138.503 -3.36973 20.2927
    endloop
  endfacet
  facet normal -1.39517e-05 -0.707107 0.707107
    outer loop
      vertex 138.503 -3.36973 20.2927
      vertex 138.503 -20.0549 3.60752
      vertex 140.03 -3.58446 20.078
    endloop
  endfacet
  facet normal -1.38309e-05 -0.707107 0.707107
    outer loop
      vertex 140.03 -19.8402 3.82225
      vertex 140.03 -3.58446 20.078
      vertex 138.503 -20.0549 3.60752
    endloop
  endfacet
  facet normal -1.04409e-07 -0.707107 0.707107
    outer loop
      vertex 140.03 -3.58446 20.078
      vertex 140.03 -19.8402 3.82225
      vertex 141.504 -3.93826 19.7242
    endloop
  endfacet
  facet normal 1.09161e-07 -0.707107 0.707107
    outer loop
      vertex 141.504 -19.4864 4.17605
      vertex 141.504 -3.93826 19.7242
      vertex 140.03 -19.8402 3.82225
    endloop
  endfacet
  facet normal 4.03633e-05 -0.707107 0.707107
    outer loop
      vertex 141.504 -3.93826 19.7242
      vertex 141.504 -19.4864 4.17605
      vertex 142.9 -4.42508 19.2373
    endloop
  endfacet
  facet normal -2.29275e-07 -0.707107 0.707107
    outer loop
      vertex 142.9 -4.42508 19.2373
      vertex 142.9 -18.9995 4.66287
      vertex 144.194 -5.03658 18.6258
    endloop
  endfacet
  facet normal -5.4645e-06 -0.707107 0.707107
    outer loop
      vertex 144.194 -18.388 5.27438
      vertex 144.194 -5.03658 18.6258
      vertex 142.9 -18.9995 4.66287
    endloop
  endfacet
  facet normal 4.06911e-05 -0.707107 0.707107
    outer loop
      vertex 142.9 -18.9995 4.66287
      vertex 142.9 -4.42508 19.2373
      vertex 141.504 -19.4864 4.17605
    endloop
  endfacet
  facet normal 4.57281e-06 -0.707107 0.707107
    outer loop
      vertex 138.503 -20.0549 3.60752
      vertex 138.503 -3.36973 20.2927
      vertex 136.95 -20.1269 3.53553
    endloop
  endfacet
  facet normal -1.81155e-05 -0.707107 0.707107
    outer loop
      vertex 144.194 -5.03658 18.6258
      vertex 144.194 -18.388 5.27438
      vertex 145.365 -5.76231 17.9001
    endloop
  endfacet
  facet normal -1.5163e-06 -0.707107 0.707107
    outer loop
      vertex 136.95 -20.1269 3.53553
      vertex 123.75 -11.7123 11.9501
      vertex 123.724 -11.9892 11.6732
    endloop
  endfacet
  facet normal -1.36869e-06 -0.707107 0.707107
    outer loop
      vertex 136.95 -20.1269 3.53553
      vertex 123.724 -11.9892 11.6732
      vertex 123.648 -12.2613 11.4011
    endloop
  endfacet
  facet normal -1.24249e-06 -0.707106 0.707107
    outer loop
      vertex 136.95 -20.1269 3.53553
      vertex 123.648 -12.2613 11.4011
      vertex 123.522 -12.5241 11.1383
    endloop
  endfacet
  facet normal -1.1318e-06 -0.707106 0.707107
    outer loop
      vertex 136.95 -20.1269 3.53553
      vertex 123.522 -12.5241 11.1383
      vertex 123.348 -12.773 10.8894
    endloop
  endfacet
  facet normal -1.81155e-05 -0.707107 0.707107
    outer loop
      vertex 145.365 -17.6623 6.00011
      vertex 145.365 -5.76231 17.9001
      vertex 144.194 -18.388 5.27438
    endloop
  endfacet
  facet normal -1.03222e-06 -0.707106 0.707107
    outer loop
      vertex 136.95 -20.1269 3.53553
      vertex 123.348 -12.773 10.8894
      vertex 123.13 -13.0037 10.6587
    endloop
  endfacet
  facet normal -9.35978e-07 -0.707106 0.707107
    outer loop
      vertex 136.95 -20.1269 3.53553
      vertex 123.13 -13.0037 10.6587
      vertex 122.871 -13.2123 10.4501
    endloop
  endfacet
  facet normal -8.40944e-07 -0.707106 0.707107
    outer loop
      vertex 136.95 -20.1269 3.53553
      vertex 122.871 -13.2123 10.4501
      vertex 122.576 -13.3953 10.2671
    endloop
  endfacet
  facet normal -7.41339e-07 -0.707106 0.707108
    outer loop
      vertex 136.95 -20.1269 3.53553
      vertex 122.576 -13.3953 10.2671
      vertex 122.25 -13.5494 10.113
    endloop
  endfacet
  facet normal 6.71008e-05 -0.70703 0.707183
    outer loop
      vertex 136.95 -20.1269 3.53553
      vertex 122.25 -13.5494 10.113
      vertex 121.898 -13.6722 9.99026
    endloop
  endfacet
  facet normal -0.000109241 -0.707236 0.706978
    outer loop
      vertex 136.95 -20.1269 3.53553
      vertex 121.898 -13.6722 9.99026
      vertex 121.526 -13.7613 9.90107
    endloop
  endfacet
  facet normal 8.16398e-05 -0.707005 0.707209
    outer loop
      vertex 136.95 -20.1269 3.53553
      vertex 121.526 -13.7613 9.90107
      vertex 121.142 -13.8155 9.84693
    endloop
  endfacet
  facet normal -8.08312e-05 -0.707208 0.707006
    outer loop
      vertex 136.95 -20.1269 3.53553
      vertex 121.142 -13.8155 9.84693
      vertex 120.75 -13.8336 9.82878
    endloop
  endfacet
  facet normal -2.06756e-05 -0.707107 0.707107
    outer loop
      vertex 145.365 -5.76231 17.9001
      vertex 145.365 -17.6623 6.00011
      vertex 146.391 -6.58984 17.0726
    endloop
  endfacet
  facet normal 0 -0.707104 0.70711
    outer loop
      vertex 112.75 -13.8336 9.82878
      vertex 96.55 -20.1269 3.53553
      vertex 120.75 -13.8336 9.82878
    endloop
  endfacet
  facet normal -3.08108e-05 -0.707107 0.707107
    outer loop
      vertex 85.5558 -8.49219 15.1702
      vertex 85.5558 -14.9324 8.72999
      vertex 86.2443 -15.9196 7.74282
    endloop
  endfacet
  facet normal 0 -0.707104 0.70711
    outer loop
      vertex 136.95 -20.1269 3.53553
      vertex 120.75 -13.8336 9.82878
      vertex 96.55 -20.1269 3.53553
    endloop
  endfacet
  facet normal -1.72424e-05 -0.707107 0.707106
    outer loop
      vertex 86.2443 -7.50503 16.1574
      vertex 86.2443 -15.9196 7.74282
      vertex 87.1091 -16.8348 6.82764
    endloop
  endfacet
  facet normal -2.06756e-05 -0.707107 0.707107
    outer loop
      vertex 146.391 -16.8348 6.82764
      vertex 146.391 -6.58984 17.0726
      vertex 145.365 -17.6623 6.00011
    endloop
  endfacet
  facet normal 2.06696e-05 -0.707107 0.707107
    outer loop
      vertex 87.1091 -6.58984 17.0726
      vertex 87.1091 -16.8348 6.82764
      vertex 88.1354 -17.6623 6.00011
    endloop
  endfacet
  facet normal 8.17464e-06 -0.707107 0.707107
    outer loop
      vertex 146.391 -6.58984 17.0726
      vertex 146.391 -16.8348 6.82764
      vertex 147.256 -7.50503 16.1574
    endloop
  endfacet
  facet normal 1.81263e-05 -0.707107 0.707107
    outer loop
      vertex 88.1354 -5.76231 17.9001
      vertex 88.1354 -17.6623 6.00011
      vertex 89.3057 -18.388 5.27438
    endloop
  endfacet
  facet normal 1.72384e-05 -0.707107 0.707106
    outer loop
      vertex 147.256 -15.9196 7.74282
      vertex 147.256 -7.50503 16.1574
      vertex 146.391 -16.8348 6.82764
    endloop
  endfacet
  facet normal 5.46324e-06 -0.707107 0.707107
    outer loop
      vertex 89.3057 -5.03658 18.6258
      vertex 89.3057 -18.388 5.27438
      vertex 90.6 -18.9995 4.66287
    endloop
  endfacet
  facet normal 3.99051e-05 -0.707107 0.707106
    outer loop
      vertex 147.256 -7.50503 16.1574
      vertex 147.256 -15.9196 7.74282
      vertex 147.944 -8.49219 15.1702
    endloop
  endfacet
  facet normal -4.06882e-05 -0.707107 0.707107
    outer loop
      vertex 90.6 -4.42508 19.2373
      vertex 90.6 -18.9995 4.66287
      vertex 91.9961 -19.4864 4.17605
    endloop
  endfacet
  facet normal 3.08331e-05 -0.707107 0.707107
    outer loop
      vertex 147.944 -14.9324 8.72999
      vertex 147.944 -8.49219 15.1702
      vertex 147.256 -15.9196 7.74282
    endloop
  endfacet
  facet normal -1.09161e-07 -0.707107 0.707107
    outer loop
      vertex 91.9961 -3.93826 19.7242
      vertex 91.9961 -19.4864 4.17605
      vertex 93.4701 -19.8402 3.82225
    endloop
  endfacet
  facet normal 8.06729e-05 -0.707115 0.707098
    outer loop
      vertex 148.445 -9.53446 14.128
      vertex 147.944 -14.9324 8.72999
      vertex 148.748 -10.614 13.0484
    endloop
  endfacet
  facet normal 1.38345e-05 -0.707107 0.707107
    outer loop
      vertex 93.4701 -3.58446 20.078
      vertex 93.4701 -19.8402 3.82225
      vertex 94.9967 -20.0549 3.60752
    endloop
  endfacet
  facet normal -0.000367221 -0.707039 0.707175
    outer loop
      vertex 148.748 -12.8106 10.8518
      vertex 147.944 -14.9324 8.72999
      vertex 148.445 -13.8902 9.77225
    endloop
  endfacet
  facet normal -4.57193e-06 -0.707107 0.707107
    outer loop
      vertex 94.9967 -3.36973 20.2927
      vertex 94.9967 -20.0549 3.60752
      vertex 96.55 -20.1269 3.53553
    endloop
  endfacet
  facet normal -1.16502e-05 -0.707106 0.707107
    outer loop
      vertex 148.85 -11.7123 11.9501
      vertex 147.944 -14.9324 8.72999
      vertex 148.748 -12.8106 10.8518
    endloop
  endfacet
  facet normal -5.86784e-06 -0.707107 0.707107
    outer loop
      vertex 148.748 -10.614 13.0484
      vertex 147.944 -14.9324 8.72999
      vertex 148.85 -11.7123 11.9501
    endloop
  endfacet
  facet normal -9.87974e-05 -0.707107 0.707107
    outer loop
      vertex 147.944 -8.49219 15.1702
      vertex 147.944 -14.9324 8.72999
      vertex 148.445 -9.53446 14.128
    endloop
  endfacet
  facet normal -0.0654251 0.705591 0.705592
    outer loop
      vertex 138.503 -20.0549 3.60752
      vertex 136.95 -40.4845 23.8931
      vertex 138.503 -40.4125 23.9651
    endloop
  endfacet
  facet normal -0.0654206 0.705591 0.705593
    outer loop
      vertex 136.95 -40.4845 23.8931
      vertex 138.503 -20.0549 3.60752
      vertex 136.95 -20.1269 3.53553
    endloop
  endfacet
  facet normal -0.831414 -0.392907 -0.392906
    outer loop
      vertex 147.256 -7.50503 16.1574
      vertex 146.391 -26.9474 37.4302
      vertex 146.391 -6.58984 17.0726
    endloop
  endfacet
  facet normal -0.831415 -0.392906 -0.392905
    outer loop
      vertex 146.391 -26.9474 37.4302
      vertex 147.256 -7.50503 16.1574
      vertex 147.256 -27.8626 36.515
    endloop
  endfacet
  facet normal 0.751843 -0.466225 -0.466225
    outer loop
      vertex 88.1354 -26.1199 38.2577
      vertex 87.1091 -6.58984 17.0726
      vertex 88.1354 -5.76231 17.9001
    endloop
  endfacet
  facet normal 0.751837 -0.46623 -0.466229
    outer loop
      vertex 87.1091 -6.58984 17.0726
      vertex 88.1354 -26.1199 38.2577
      vertex 87.1091 -26.9474 37.4302
    endloop
  endfacet
  facet normal 0.659342 0.531633 0.531633
    outer loop
      vertex 88.1354 -38.0199 26.3577
      vertex 89.3057 -18.388 5.27438
      vertex 88.1354 -17.6623 6.00011
    endloop
  endfacet
  facet normal 0.659335 0.531638 0.531638
    outer loop
      vertex 89.3057 -18.388 5.27438
      vertex 88.1354 -38.0199 26.3577
      vertex 89.3057 -38.7456 25.632
    endloop
  endfacet
  facet normal 0 0.707106 0.707107
    outer loop
      vertex 136.95 -20.1269 3.53553
      vertex 96.55 -40.4845 23.8931
      vertex 136.95 -40.4845 23.8931
    endloop
  endfacet
  facet normal 0 0.707106 0.707107
    outer loop
      vertex 96.55 -40.4845 23.8931
      vertex 136.95 -20.1269 3.53553
      vertex 96.55 -20.1269 3.53553
    endloop
  endfacet
  facet normal -0.195068 -0.693524 -0.693523
    outer loop
      vertex 138.503 -3.36973 20.2927
      vertex 140.03 -23.9421 40.4356
      vertex 138.503 -23.7273 40.6503
    endloop
  endfacet
  facet normal -0.195037 -0.693527 -0.693528
    outer loop
      vertex 140.03 -23.9421 40.4356
      vertex 138.503 -3.36973 20.2927
      vertex 140.03 -3.58446 20.078
    endloop
  endfacet
  facet normal -0.659119 0.531771 0.531771
    outer loop
      vertex 144.194 -18.388 5.27438
      vertex 145.365 -38.0199 26.3577
      vertex 145.365 -17.6623 6.00011
    endloop
  endfacet
  facet normal -0.659112 0.531776 0.531776
    outer loop
      vertex 145.365 -38.0199 26.3577
      vertex 144.194 -18.388 5.27438
      vertex 144.194 -38.7456 25.632
    endloop
  endfacet
  facet normal 0.442304 0.63418 0.634179
    outer loop
      vertex 91.9961 -39.844 24.5337
      vertex 90.6 -18.9995 4.66287
      vertex 90.6 -39.3571 25.0205
    endloop
  endfacet
  facet normal 0.442311 0.634178 0.634176
    outer loop
      vertex 90.6 -18.9995 4.66287
      vertex 91.9961 -39.844 24.5337
      vertex 91.9961 -19.4864 4.17605
    endloop
  endfacet
  facet normal 0.659342 -0.531633 -0.531633
    outer loop
      vertex 89.3057 -25.3942 38.9834
      vertex 88.1354 -5.76231 17.9001
      vertex 89.3057 -5.03658 18.6258
    endloop
  endfacet
  facet normal 0.659335 -0.531638 -0.531638
    outer loop
      vertex 88.1354 -5.76231 17.9001
      vertex 89.3057 -25.3942 38.9834
      vertex 88.1354 -26.1199 38.2577
    endloop
  endfacet
  facet normal -0.555645 0.587903 0.587902
    outer loop
      vertex 144.194 -18.388 5.27438
      vertex 142.9 -39.3571 25.0205
      vertex 144.194 -38.7456 25.632
    endloop
  endfacet
  facet normal -0.555648 0.587901 0.587901
    outer loop
      vertex 142.9 -39.3571 25.0205
      vertex 144.194 -18.388 5.27438
      vertex 142.9 -18.9995 4.66287
    endloop
  endfacet
  facet normal -0.98087 -0.137649 -0.137649
    outer loop
      vertex 148.748 -10.614 13.0484
      vertex 148.445 -29.8921 34.4856
      vertex 148.445 -9.53446 14.128
    endloop
  endfacet
  facet normal -0.980869 -0.137651 -0.137651
    outer loop
      vertex 148.445 -29.8921 34.4856
      vertex 148.748 -10.614 13.0484
      vertex 148.748 -30.9716 33.406
    endloop
  endfacet
  facet normal -0.659119 -0.531771 -0.531772
    outer loop
      vertex 145.365 -5.76231 17.9001
      vertex 144.194 -25.3942 38.9834
      vertex 144.194 -5.03658 18.6258
    endloop
  endfacet
  facet normal -0.659112 -0.531776 -0.531776
    outer loop
      vertex 144.194 -25.3942 38.9834
      vertex 145.365 -5.76231 17.9001
      vertex 145.365 -26.1199 38.2577
    endloop
  endfacet
  facet normal -0.751939 -0.466148 -0.466148
    outer loop
      vertex 146.391 -6.58984 17.0726
      vertex 145.365 -26.1199 38.2577
      vertex 145.365 -5.76231 17.9001
    endloop
  endfacet
  facet normal -0.751933 -0.466153 -0.466152
    outer loop
      vertex 145.365 -26.1199 38.2577
      vertex 146.391 -6.58984 17.0726
      vertex 146.391 -26.9474 37.4302
    endloop
  endfacet
  facet normal -0.98087 0.137648 0.137648
    outer loop
      vertex 148.445 -13.8902 9.77225
      vertex 148.748 -33.1682 31.2094
      vertex 148.748 -12.8106 10.8518
    endloop
  endfacet
  facet normal -0.980869 0.137652 0.137651
    outer loop
      vertex 148.748 -33.1682 31.2094
      vertex 148.445 -13.8902 9.77225
      vertex 148.445 -34.2478 30.1299
    endloop
  endfacet
  facet normal -0.997851 0.0463356 0.0463356
    outer loop
      vertex 148.748 -12.8106 10.8518
      vertex 148.85 -32.0699 32.3077
      vertex 148.85 -11.7123 11.9501
    endloop
  endfacet
  facet normal -0.997851 0.0463356 0.0463356
    outer loop
      vertex 148.85 -32.0699 32.3077
      vertex 148.748 -12.8106 10.8518
      vertex 148.748 -33.1682 31.2094
    endloop
  endfacet
  facet normal -0.442329 -0.63417 -0.634171
    outer loop
      vertex 141.504 -3.93826 19.7242
      vertex 142.9 -24.7827 39.5949
      vertex 141.504 -24.2959 40.0818
    endloop
  endfacet
  facet normal -0.442337 -0.634168 -0.634168
    outer loop
      vertex 142.9 -24.7827 39.5949
      vertex 141.504 -3.93826 19.7242
      vertex 142.9 -4.42508 19.2373
    endloop
  endfacet
  facet normal -0.997851 -0.0463356 -0.0463356
    outer loop
      vertex 148.85 -11.7123 11.9501
      vertex 148.748 -30.9716 33.406
      vertex 148.748 -10.614 13.0484
    endloop
  endfacet
  facet normal -0.997851 -0.0463356 -0.0463356
    outer loop
      vertex 148.748 -30.9716 33.406
      vertex 148.85 -11.7123 11.9501
      vertex 148.85 -32.0699 32.3077
    endloop
  endfacet
  facet normal 0.555556 -0.587944 -0.587945
    outer loop
      vertex 89.3057 -25.3942 38.9834
      vertex 90.6 -4.42508 19.2373
      vertex 90.6 -24.7827 39.5949
    endloop
  endfacet
  facet normal 0.555556 -0.587944 -0.587945
    outer loop
      vertex 90.6 -4.42508 19.2373
      vertex 89.3057 -25.3942 38.9834
      vertex 89.3057 -5.03658 18.6258
    endloop
  endfacet
  facet normal -0.442329 0.634171 0.63417
    outer loop
      vertex 142.9 -18.9995 4.66287
      vertex 141.504 -39.844 24.5337
      vertex 142.9 -39.3571 25.0205
    endloop
  endfacet
  facet normal -0.442337 0.634169 0.634167
    outer loop
      vertex 141.504 -39.844 24.5337
      vertex 142.9 -18.9995 4.66287
      vertex 141.504 -19.4864 4.17605
    endloop
  endfacet
  facet normal 0.321436 0.669582 0.669581
    outer loop
      vertex 93.4701 -40.1978 24.1799
      vertex 91.9961 -19.4864 4.17605
      vertex 91.9961 -39.844 24.5337
    endloop
  endfacet
  facet normal 0.321436 0.669582 0.669581
    outer loop
      vertex 91.9961 -19.4864 4.17605
      vertex 93.4701 -40.1978 24.1799
      vertex 93.4701 -19.8402 3.82225
    endloop
  endfacet
  facet normal -0.321436 0.669582 0.669581
    outer loop
      vertex 141.504 -19.4864 4.17605
      vertex 140.03 -40.1978 24.1799
      vertex 141.504 -39.844 24.5337
    endloop
  endfacet
  facet normal -0.321436 0.669582 0.669581
    outer loop
      vertex 140.03 -40.1978 24.1799
      vertex 141.504 -19.4864 4.17605
      vertex 140.03 -19.8402 3.82225
    endloop
  endfacet
  facet normal -0.321436 -0.669581 -0.669582
    outer loop
      vertex 140.03 -3.58446 20.078
      vertex 141.504 -24.2959 40.0818
      vertex 140.03 -23.9421 40.4356
    endloop
  endfacet
  facet normal -0.321436 -0.669581 -0.669582
    outer loop
      vertex 141.504 -24.2959 40.0818
      vertex 140.03 -3.58446 20.078
      vertex 141.504 -3.93826 19.7242
    endloop
  endfacet
  facet normal 0.442304 -0.634179 -0.63418
    outer loop
      vertex 90.6 -24.7827 39.5949
      vertex 91.9961 -3.93826 19.7242
      vertex 91.9961 -24.2959 40.0818
    endloop
  endfacet
  facet normal 0.442311 -0.634177 -0.634177
    outer loop
      vertex 91.9961 -3.93826 19.7242
      vertex 90.6 -24.7827 39.5949
      vertex 90.6 -4.42508 19.2373
    endloop
  endfacet
  facet normal -0.896993 -0.312573 -0.312573
    outer loop
      vertex 147.944 -8.49219 15.1702
      vertex 147.256 -27.8626 36.515
      vertex 147.256 -7.50503 16.1574
    endloop
  endfacet
  facet normal -0.896997 -0.312568 -0.312568
    outer loop
      vertex 147.256 -27.8626 36.515
      vertex 147.944 -8.49219 15.1702
      vertex 147.944 -28.8498 35.5278
    endloop
  endfacet
  facet normal 0.751843 0.466225 0.466226
    outer loop
      vertex 87.1091 -37.1924 27.1852
      vertex 88.1354 -17.6623 6.00011
      vertex 87.1091 -16.8348 6.82764
    endloop
  endfacet
  facet normal 0.751837 0.46623 0.46623
    outer loop
      vertex 88.1354 -17.6623 6.00011
      vertex 87.1091 -37.1924 27.1852
      vertex 88.1354 -38.0199 26.3577
    endloop
  endfacet
  facet normal 0.831471 0.392845 0.392846
    outer loop
      vertex 86.2443 -36.2772 28.1004
      vertex 87.1091 -16.8348 6.82764
      vertex 86.2443 -15.9196 7.74282
    endloop
  endfacet
  facet normal 0.831474 0.392842 0.392843
    outer loop
      vertex 87.1091 -16.8348 6.82764
      vertex 86.2443 -36.2772 28.1004
      vertex 87.1091 -37.1924 27.1852
    endloop
  endfacet
  facet normal 0.195117 0.693517 0.693515
    outer loop
      vertex 94.9967 -40.4125 23.9651
      vertex 93.4701 -19.8402 3.82225
      vertex 93.4701 -40.1978 24.1799
    endloop
  endfacet
  facet normal 0.195086 0.69352 0.693521
    outer loop
      vertex 93.4701 -19.8402 3.82225
      vertex 94.9967 -40.4125 23.9651
      vertex 94.9967 -20.0549 3.60752
    endloop
  endfacet
  facet normal 0.946937 0.227279 0.227278
    outer loop
      vertex 85.0555 -34.2478 30.1299
      vertex 85.5558 -14.9324 8.72999
      vertex 85.0555 -13.8902 9.77225
    endloop
  endfacet
  facet normal 0.946939 0.227274 0.227274
    outer loop
      vertex 85.5558 -14.9324 8.72999
      vertex 85.0555 -34.2478 30.1299
      vertex 85.5558 -35.29 29.0876
    endloop
  endfacet
  facet normal -0.394506 -0.0805407 0.915357
    outer loop
      vertex 142.9 -39.3571 25.0205
      vertex 144.861 -40.3068 25.7821
      vertex 144.194 -38.7456 25.632
    endloop
  endfacet
  facet normal -0.0932232 0.000879167 0.995645
    outer loop
      vertex 138.503 -40.4125 23.9651
      vertex 138.582 -42.1148 23.974
      vertex 138.737 -42.1003 23.9885
    endloop
  endfacet
  facet normal -0.614625 -0.749918 0.244659
    outer loop
      vertex 147.256 -27.8626 36.515
      vertex 148.332 -28.3429 37.7459
      vertex 148.253 -28.2468 37.842
    endloop
  endfacet
  facet normal 0.672355 -0.336585 0.65928
    outer loop
      vertex 83.9192 -35.3761 30.7127
      vertex 85.5558 -35.29 29.0876
      vertex 85.0555 -34.2478 30.1299
    endloop
  endfacet
  facet normal 0.563683 -0.191195 0.803559
    outer loop
      vertex 86.1113 -38.5194 27.5694
      vertex 86.2069 -38.6074 27.4814
      vertex 87.1091 -37.1924 27.1852
    endloop
  endfacet
  facet normal -0.590492 -0.776836 0.218734
    outer loop
      vertex 148.253 -28.2468 37.842
      vertex 146.391 -26.9474 37.4302
      vertex 147.256 -27.8626 36.515
    endloop
  endfacet
  facet normal 0.0464455 -0.998916 -0.00308076
    outer loop
      vertex 94.9967 -23.7273 40.6503
      vertex 96.55 -23.6553 40.7223
      vertex 96.4715 -23.6642 42.4246
    endloop
  endfacet
  facet normal -0 0.00416639 0.999991
    outer loop
      vertex 96.55 -40.4845 23.8931
      vertex 136.95 -42.1886 23.9002
      vertex 136.95 -40.4845 23.8931
    endloop
  endfacet
  facet normal 0 0.00416639 0.999991
    outer loop
      vertex 136.95 -42.1886 23.9002
      vertex 96.55 -40.4845 23.8931
      vertex 96.55 -42.1886 23.9002
    endloop
  endfacet
  facet normal 0.636819 -0.71998 0.275845
    outer loop
      vertex 85.1681 -28.3429 37.7459
      vertex 85.5558 -28.8498 35.5278
      vertex 86.2443 -27.8626 36.515
    endloop
  endfacet
  facet normal 0.31403 -0.948219 0.0475995
    outer loop
      vertex 90.0693 -24.8773 41.2116
      vertex 90.6 -24.7827 39.5949
      vertex 91.9961 -24.2959 40.0818
    endloop
  endfacet
  facet normal 0 -0.999991 -0.00416639
    outer loop
      vertex 96.55 -23.6553 40.7223
      vertex 136.95 -23.6624 42.4264
      vertex 96.55 -23.6624 42.4264
    endloop
  endfacet
  facet normal 0 -0.999991 -0.00416639
    outer loop
      vertex 136.95 -23.6624 42.4264
      vertex 96.55 -23.6553 40.7223
      vertex 136.95 -23.6553 40.7223
    endloop
  endfacet
  facet normal -0.6728 -0.334241 0.660018
    outer loop
      vertex 147.944 -35.29 29.0876
      vertex 149.535 -35.4711 30.6177
      vertex 149.581 -35.3761 30.7127
    endloop
  endfacet
  facet normal -0.672394 -0.336383 0.659342
    outer loop
      vertex 149.535 -35.4711 30.6177
      vertex 147.944 -35.29 29.0876
      vertex 149.08 -36.4184 29.6704
    endloop
  endfacet
  facet normal -0.533928 -0.828896 0.16689
    outer loop
      vertex 146.267 -26.416 39.6728
      vertex 145.365 -26.1199 38.2577
      vertex 146.391 -26.9474 37.4302
    endloop
  endfacet
  facet normal 0.636819 -0.275845 0.71998
    outer loop
      vertex 84.4796 -36.5209 29.5679
      vertex 85.1681 -37.5081 28.5807
      vertex 85.5558 -35.29 29.0876
    endloop
  endfacet
  facet normal 0.672373 -0.659303 0.336503
    outer loop
      vertex 83.9192 -30.4749 35.6139
      vertex 85.5558 -28.8498 35.5278
      vertex 84.4195 -29.4327 36.6562
    endloop
  endfacet
  facet normal -0.708372 -0.465469 0.530611
    outer loop
      vertex 148.748 -33.1682 31.2094
      vertex 149.946 -34.0793 32.0095
      vertex 150.047 -32.981 33.1078
    endloop
  endfacet
  facet normal -0.133761 -0.991014 0
    outer loop
      vertex 140.03 -23.9421 40.4356
      vertex 140.416 -23.9942 42.0946
      vertex 140.416 -23.9942 42.0947
    endloop
  endfacet
  facet normal -0.228222 -0.973348 0.0225329
    outer loop
      vertex 140.416 -23.9942 42.0946
      vertex 140.03 -23.9421 40.4356
      vertex 141.504 -24.2959 40.0818
    endloop
  endfacet
  facet normal -0.27159 -0.0329827 0.961848
    outer loop
      vertex 141.504 -39.844 24.5337
      vertex 141.89 -41.5031 24.5858
      vertex 142.035 -41.4606 24.6282
    endloop
  endfacet
  facet normal -0.502292 -0.141679 0.853012
    outer loop
      vertex 145.365 -38.0199 26.3577
      vertex 146.156 -39.5135 26.5754
      vertex 146.267 -39.435 26.6538
    endloop
  endfacet
  facet normal -0.228222 -0.973348 0.0225329
    outer loop
      vertex 140.416 -23.9942 42.0946
      vertex 141.504 -24.2959 40.0818
      vertex 141.89 -24.348 41.7408
    endloop
  endfacet
  facet normal 0.43223 -0.0983715 0.896382
    outer loop
      vertex 88.5145 -40.2392 25.8496
      vertex 88.6391 -40.3068 25.7821
      vertex 89.3057 -38.7456 25.632
    endloop
  endfacet
  facet normal 0.138573 -0.990337 0.00549003
    outer loop
      vertex 93.4701 -23.9421 40.4356
      vertex 94.9967 -23.7273 40.6503
      vertex 94.7626 -23.7507 42.3381
    endloop
  endfacet
  facet normal 0.590392 -0.218967 0.776847
    outer loop
      vertex 85.2466 -37.6042 28.4846
      vertex 87.1091 -37.1924 27.1852
      vertex 86.2443 -36.2772 28.1004
    endloop
  endfacet
  facet normal -0.355275 -0.932696 0.0621129
    outer loop
      vertex 142.9 -24.7827 39.5949
      vertex 143.567 -24.9328 41.1561
      vertex 143.431 -24.8773 41.2116
    endloop
  endfacet
  facet normal -0.708635 -0.530737 0.464925
    outer loop
      vertex 148.748 -30.9716 33.406
      vertex 148.85 -32.0699 32.3077
      vertex 150.047 -32.87 33.2188
    endloop
  endfacet
  facet normal -0.271609 -0.961842 0.0329893
    outer loop
      vertex 141.504 -24.2959 40.0818
      vertex 142.035 -24.3904 41.6984
      vertex 141.89 -24.348 41.7408
    endloop
  endfacet
  facet normal -0.672336 -0.336304 0.659442
    outer loop
      vertex 147.944 -35.29 29.0876
      vertex 149.581 -35.3761 30.7127
      vertex 148.445 -34.2478 30.1299
    endloop
  endfacet
  facet normal 0.138573 -0.00549003 0.990337
    outer loop
      vertex 93.4701 -40.1978 24.1799
      vertex 94.7626 -42.1003 23.9885
      vertex 94.9967 -40.4125 23.9651
    endloop
  endfacet
  facet normal -0.433533 -0.0991074 0.895671
    outer loop
      vertex 144.194 -38.7456 25.632
      vertex 144.861 -40.3068 25.7821
      vertex 144.985 -40.2392 25.8496
    endloop
  endfacet
  facet normal -0.228222 -0.0225316 0.973348
    outer loop
      vertex 140.03 -40.1978 24.1799
      vertex 140.416 -41.8569 24.232
      vertex 141.504 -39.844 24.5337
    endloop
  endfacet
  facet normal -0.394506 -0.915357 0.0805407
    outer loop
      vertex 144.861 -25.5443 40.5446
      vertex 142.9 -24.7827 39.5949
      vertex 144.194 -25.3942 38.9834
    endloop
  endfacet
  facet normal 0.46821 -0.120433 0.875371
    outer loop
      vertex 87.3442 -39.5135 26.5754
      vertex 88.5145 -40.2392 25.8496
      vertex 88.1354 -38.0199 26.3577
    endloop
  endfacet
  facet normal -0.42726 0.904129 0
    outer loop
      vertex 143.567 -40.9183 25.1705
      vertex 143.567 -40.9183 25.1706
      vertex 144.861 -40.3068 25.7821
    endloop
  endfacet
  facet normal 0.27146 -0.961887 0.0329041
    outer loop
      vertex 91.4653 -24.3904 41.6984
      vertex 91.9961 -24.2959 40.0818
      vertex 91.6104 -24.348 41.7408
    endloop
  endfacet
  facet normal -0.672355 -0.659465 0.336222
    outer loop
      vertex 147.944 -28.8498 35.5278
      vertex 149.581 -30.4749 35.6139
      vertex 149.08 -29.4327 36.6562
    endloop
  endfacet
  facet normal 0.672355 -0.65928 0.336585
    outer loop
      vertex 83.9192 -30.4749 35.6139
      vertex 85.0555 -29.8921 34.4856
      vertex 85.5558 -28.8498 35.5278
    endloop
  endfacet
  facet normal 0.0928125 -0.995683 -0.00093114
    outer loop
      vertex 94.7626 -23.7507 42.3381
      vertex 94.9967 -23.7273 40.6503
      vertex 94.9183 -23.7362 42.3526
    endloop
  endfacet
  facet normal -0.046455 0.00309396 0.998916
    outer loop
      vertex 136.95 -40.4845 23.8931
      vertex 137.028 -42.1868 23.902
      vertex 138.503 -40.4125 23.9651
    endloop
  endfacet
  facet normal 0.656778 -0.689581 0.305158
    outer loop
      vertex 84.4195 -29.4327 36.6562
      vertex 85.5558 -28.8498 35.5278
      vertex 84.4796 -29.3301 36.7587
    endloop
  endfacet
  facet normal -0.31407 -0.0477337 0.948199
    outer loop
      vertex 141.504 -39.844 24.5337
      vertex 142.035 -41.4606 24.6282
      vertex 143.431 -40.9738 25.1151
    endloop
  endfacet
  facet normal -0.0932232 -0.995645 -0.000879167
    outer loop
      vertex 138.503 -23.7273 40.6503
      vertex 138.737 -23.7507 42.3381
      vertex 138.582 -23.7362 42.3526
    endloop
  endfacet
  facet normal -0.394533 -0.080613 0.915339
    outer loop
      vertex 142.9 -39.3571 25.0205
      vertex 143.567 -40.9183 25.1705
      vertex 144.861 -40.3068 25.7821
    endloop
  endfacet
  facet normal -0.046424 -0.998917 -0.00306812
    outer loop
      vertex 137.028 -23.6642 42.4246
      vertex 138.503 -23.7273 40.6503
      vertex 138.582 -23.7362 42.3526
    endloop
  endfacet
  facet normal 0.0464486 0.00308335 0.998916
    outer loop
      vertex 94.9183 -42.1148 23.974
      vertex 96.4715 -42.1868 23.902
      vertex 94.9967 -40.4125 23.9651
    endloop
  endfacet
  facet normal -0.138539 -0.990342 0.00547707
    outer loop
      vertex 138.503 -23.7273 40.6503
      vertex 140.03 -23.9421 40.4356
      vertex 138.737 -23.7507 42.3381
    endloop
  endfacet
  facet normal -0.433533 -0.895671 0.0991074
    outer loop
      vertex 144.194 -25.3942 38.9834
      vertex 144.985 -25.6118 40.477
      vertex 144.861 -25.5443 40.5446
    endloop
  endfacet
  facet normal -0.377837 0.925872 0
    outer loop
      vertex 143.567 -40.9183 25.1705
      vertex 143.431 -40.9738 25.1151
      vertex 143.567 -40.9183 25.1706
    endloop
  endfacet
  facet normal 0.228228 -0.0225055 0.973348
    outer loop
      vertex 91.9961 -39.844 24.5337
      vertex 93.0843 -41.8569 24.232
      vertex 93.4701 -40.1978 24.1799
    endloop
  endfacet
  facet normal 0.394479 -0.080426 0.915379
    outer loop
      vertex 88.6391 -40.3068 25.7821
      vertex 90.6 -39.3571 25.0205
      vertex 89.3057 -38.7456 25.632
    endloop
  endfacet
  facet normal 0.533875 -0.166878 0.828932
    outer loop
      vertex 86.2069 -38.6074 27.4814
      vertex 87.2332 -39.435 26.6538
      vertex 87.1091 -37.1924 27.1852
    endloop
  endfacet
  facet normal 0.686582 -0.367376 0.627407
    outer loop
      vertex 83.8786 -35.2689 30.8199
      vertex 83.9192 -35.3761 30.7127
      vertex 85.0555 -34.2478 30.1299
    endloop
  endfacet
  facet normal -0.046424 0.00306812 0.998917
    outer loop
      vertex 137.028 -42.1868 23.902
      vertex 138.582 -42.1148 23.974
      vertex 138.503 -40.4125 23.9651
    endloop
  endfacet
  facet normal 0.0928125 0.00093114 0.995683
    outer loop
      vertex 94.7626 -42.1003 23.9885
      vertex 94.9183 -42.1148 23.974
      vertex 94.9967 -40.4125 23.9651
    endloop
  endfacet
  facet normal -0.704285 -0.564862 0.430016
    outer loop
      vertex 148.748 -30.9716 33.406
      vertex 149.946 -31.7717 34.3171
      vertex 149.925 -31.6617 34.4272
    endloop
  endfacet
  facet normal 0.468144 -0.120452 0.875404
    outer loop
      vertex 88.1354 -38.0199 26.3577
      vertex 88.5145 -40.2392 25.8496
      vertex 89.3057 -38.7456 25.632
    endloop
  endfacet
  facet normal -0.183972 -0.982859 0.0119379
    outer loop
      vertex 140.03 -23.9421 40.4356
      vertex 140.416 -23.9942 42.0947
      vertex 140.264 -23.9654 42.1234
    endloop
  endfacet
  facet normal 0.656596 -0.304885 0.689874
    outer loop
      vertex 84.4195 -36.4184 29.6704
      vertex 84.4796 -36.5209 29.5679
      vertex 85.5558 -35.29 29.0876
    endloop
  endfacet
  facet normal -0.468011 -0.120306 0.875495
    outer loop
      vertex 144.194 -38.7456 25.632
      vertex 144.985 -40.2392 25.8496
      vertex 145.365 -38.0199 26.3577
    endloop
  endfacet
  facet normal -0.138539 -0.00547707 0.990342
    outer loop
      vertex 138.503 -40.4125 23.9651
      vertex 138.737 -42.1003 23.9885
      vertex 140.03 -40.1978 24.1799
    endloop
  endfacet
  facet normal -0.657 -0.689277 0.305364
    outer loop
      vertex 147.944 -28.8498 35.5278
      vertex 149.08 -29.4327 36.6562
      vertex 149.02 -29.3301 36.7587
    endloop
  endfacet
  facet normal -0.5905 -0.219227 0.776692
    outer loop
      vertex 146.391 -37.1924 27.1852
      vertex 147.389 -38.5194 27.5694
      vertex 148.253 -37.6042 28.4846
    endloop
  endfacet
  facet normal 0.590392 -0.776847 0.218967
    outer loop
      vertex 87.1091 -26.9474 37.4302
      vertex 85.2466 -28.2468 37.842
      vertex 86.2443 -27.8626 36.515
    endloop
  endfacet
  facet normal 0.533827 -0.828962 0.166888
    outer loop
      vertex 87.2332 -26.416 39.6728
      vertex 87.1091 -26.9474 37.4302
      vertex 88.1354 -26.1199 38.2577
    endloop
  endfacet
  facet normal -0.31407 -0.948199 0.0477337
    outer loop
      vertex 141.504 -24.2959 40.0818
      vertex 143.431 -24.8773 41.2116
      vertex 142.035 -24.3904 41.6984
    endloop
  endfacet
  facet normal 0.138493 -0.00554563 0.990348
    outer loop
      vertex 93.2359 -41.8856 24.2032
      vertex 94.7626 -42.1003 23.9885
      vertex 93.4701 -40.1978 24.1799
    endloop
  endfacet
  facet normal 0.0230192 -0.999726 -0.00416528
    outer loop
      vertex 96.4715 -23.6642 42.4246
      vertex 96.55 -23.6553 40.7223
      vertex 96.55 -23.6624 42.4264
    endloop
  endfacet
  facet normal -0.710916 -0.497292 0.497292
    outer loop
      vertex 148.85 -32.0699 32.3077
      vertex 150.047 -32.981 33.1078
      vertex 150.047 -32.87 33.2188
    endloop
  endfacet
  facet normal -0.314031 -0.948216 0.0476582
    outer loop
      vertex 141.504 -24.2959 40.0818
      vertex 142.9 -24.7827 39.5949
      vertex 143.431 -24.8773 41.2116
    endloop
  endfacet
  facet normal 0.314081 -0.948197 0.0476987
    outer loop
      vertex 90.0693 -24.8773 41.2116
      vertex 91.9961 -24.2959 40.0818
      vertex 91.4653 -24.3904 41.6984
    endloop
  endfacet
  facet normal 0.354773 -0.0618699 0.932903
    outer loop
      vertex 89.9333 -40.9183 25.1705
      vertex 90.0693 -40.9738 25.1151
      vertex 90.6 -39.3571 25.0205
    endloop
  endfacet
  facet normal -0.354751 -0.0619283 0.932908
    outer loop
      vertex 142.9 -39.3571 25.0205
      vertex 143.431 -40.9738 25.1151
      vertex 143.567 -40.9183 25.1705
    endloop
  endfacet
  facet normal -0.314031 -0.0476582 0.948216
    outer loop
      vertex 141.504 -39.844 24.5337
      vertex 143.431 -40.9738 25.1151
      vertex 142.9 -39.3571 25.0205
    endloop
  endfacet
  facet normal 0.704681 -0.563227 0.431508
    outer loop
      vertex 83.5544 -31.7717 34.3171
      vertex 84.7518 -30.9716 33.406
      vertex 83.5749 -31.6617 34.4272
    endloop
  endfacet
  facet normal -0.468011 -0.875495 0.120306
    outer loop
      vertex 144.194 -25.3942 38.9834
      vertex 145.365 -26.1199 38.2577
      vertex 144.985 -25.6118 40.477
    endloop
  endfacet
  facet normal 0.46821 -0.875371 0.120433
    outer loop
      vertex 87.3442 -26.3376 39.7513
      vertex 88.1354 -26.1199 38.2577
      vertex 88.5145 -25.6118 40.477
    endloop
  endfacet
  facet normal -0.708372 -0.530611 0.465469
    outer loop
      vertex 148.748 -30.9716 33.406
      vertex 150.047 -32.87 33.2188
      vertex 149.946 -31.7717 34.3171
    endloop
  endfacet
  facet normal -0.672336 -0.659442 0.336304
    outer loop
      vertex 148.445 -29.8921 34.4856
      vertex 149.581 -30.4749 35.6139
      vertex 147.944 -28.8498 35.5278
    endloop
  endfacet
  facet normal -0.696448 -0.595679 0.400159
    outer loop
      vertex 148.748 -30.9716 33.406
      vertex 149.925 -31.6617 34.4272
      vertex 148.445 -29.8921 34.4856
    endloop
  endfacet
  facet normal -0.696424 -0.400179 0.595693
    outer loop
      vertex 148.445 -34.2478 30.1299
      vertex 149.925 -34.1894 31.8994
      vertex 148.748 -33.1682 31.2094
    endloop
  endfacet
  facet normal -0.138469 -0.990351 0.00552586
    outer loop
      vertex 138.737 -23.7507 42.3381
      vertex 140.03 -23.9421 40.4356
      vertex 140.264 -23.9654 42.1234
    endloop
  endfacet
  facet normal -0.394506 -0.915357 0.0805407
    outer loop
      vertex 142.9 -24.7827 39.5949
      vertex 144.861 -25.5443 40.5446
      vertex 143.567 -24.9328 41.1561
    endloop
  endfacet
  facet normal -0.708635 -0.464925 0.530737
    outer loop
      vertex 148.748 -33.1682 31.2094
      vertex 150.047 -32.981 33.1078
      vertex 148.85 -32.0699 32.3077
    endloop
  endfacet
  facet normal -0.0231667 0.00416527 0.999723
    outer loop
      vertex 136.95 -42.1886 23.9002
      vertex 137.028 -42.1868 23.902
      vertex 136.95 -40.4845 23.8931
    endloop
  endfacet
  facet normal -0.228222 -0.0225316 0.973348
    outer loop
      vertex 140.416 -41.8569 24.232
      vertex 141.89 -41.5031 24.5858
      vertex 141.504 -39.844 24.5337
    endloop
  endfacet
  facet normal 0.708524 -0.530751 0.465078
    outer loop
      vertex 83.4526 -32.87 33.2188
      vertex 84.7518 -30.9716 33.406
      vertex 83.5544 -31.7717 34.3171
    endloop
  endfacet
  facet normal 0.708524 -0.465078 0.530751
    outer loop
      vertex 83.4526 -32.981 33.1078
      vertex 83.5544 -34.0793 32.0095
      vertex 84.7518 -33.1682 31.2094
    endloop
  endfacet
  facet normal 0.696415 -0.595879 0.399917
    outer loop
      vertex 83.5749 -31.6617 34.4272
      vertex 84.7518 -30.9716 33.406
      vertex 85.0555 -29.8921 34.4856
    endloop
  endfacet
  facet normal 0.184425 -0.982773 0.0120237
    outer loop
      vertex 93.0843 -23.9942 42.0947
      vertex 93.4701 -23.9421 40.4356
      vertex 93.2359 -23.9654 42.1234
    endloop
  endfacet
  facet normal 0.138493 -0.990348 0.00554563
    outer loop
      vertex 93.2359 -23.9654 42.1234
      vertex 93.4701 -23.9421 40.4356
      vertex 94.7626 -23.7507 42.3381
    endloop
  endfacet
  facet normal 0.427206 0.904154 0
    outer loop
      vertex 88.6391 -40.3068 25.7821
      vertex 89.9333 -40.9183 25.1706
      vertex 89.9333 -40.9183 25.1705
    endloop
  endfacet
  facet normal 0.502262 -0.853021 0.141729
    outer loop
      vertex 87.2332 -26.416 39.6728
      vertex 88.1354 -26.1199 38.2577
      vertex 87.3442 -26.3376 39.7513
    endloop
  endfacet
  facet normal 0.636819 -0.275845 0.71998
    outer loop
      vertex 85.1681 -37.5081 28.5807
      vertex 86.2443 -36.2772 28.1004
      vertex 85.5558 -35.29 29.0876
    endloop
  endfacet
  facet normal -0.533976 -0.828867 0.166881
    outer loop
      vertex 146.267 -26.416 39.6728
      vertex 146.391 -26.9474 37.4302
      vertex 147.293 -27.2436 38.8452
    endloop
  endfacet
  facet normal 0.228245 -0.0224958 0.973344
    outer loop
      vertex 91.6104 -41.5031 24.5858
      vertex 93.0843 -41.8569 24.232
      vertex 91.9961 -39.844 24.5337
    endloop
  endfacet
  facet normal 0.590393 -0.776832 0.219017
    outer loop
      vertex 85.2466 -28.2468 37.842
      vertex 87.1091 -26.9474 37.4302
      vertex 86.1113 -27.3316 38.7572
    endloop
  endfacet
  facet normal 0.590393 -0.219017 0.776832
    outer loop
      vertex 85.2466 -37.6042 28.4846
      vertex 86.1113 -38.5194 27.5694
      vertex 87.1091 -37.1924 27.1852
    endloop
  endfacet
  facet normal 0.708524 -0.465078 0.530751
    outer loop
      vertex 83.4526 -32.981 33.1078
      vertex 84.7518 -33.1682 31.2094
      vertex 84.65 -32.0699 32.3077
    endloop
  endfacet
  facet normal -0.636956 -0.719829 0.275921
    outer loop
      vertex 148.332 -28.3429 37.7459
      vertex 147.256 -27.8626 36.515
      vertex 147.944 -28.8498 35.5278
    endloop
  endfacet
  facet normal -0.704321 -0.430278 0.564617
    outer loop
      vertex 148.748 -33.1682 31.2094
      vertex 149.925 -34.1894 31.8994
      vertex 149.946 -34.0793 32.0095
    endloop
  endfacet
  facet normal 0.314081 -0.0476987 0.948197
    outer loop
      vertex 90.0693 -40.9738 25.1151
      vertex 91.4653 -41.4606 24.6282
      vertex 91.9961 -39.844 24.5337
    endloop
  endfacet
  facet normal -0.696608 -0.399656 0.595829
    outer loop
      vertex 148.445 -34.2478 30.1299
      vertex 149.621 -35.2689 30.8199
      vertex 149.925 -34.1894 31.8994
    endloop
  endfacet
  facet normal -0.183972 -0.0119379 0.982859
    outer loop
      vertex 140.03 -40.1978 24.1799
      vertex 140.264 -41.8856 24.2032
      vertex 140.416 -41.8569 24.232
    endloop
  endfacet
  facet normal -0.138469 -0.00552586 0.990351
    outer loop
      vertex 138.737 -42.1003 23.9885
      vertex 140.264 -41.8856 24.2032
      vertex 140.03 -40.1978 24.1799
    endloop
  endfacet
  facet normal 0.615507 -0.245981 0.748762
    outer loop
      vertex 85.1681 -37.5081 28.5807
      vertex 85.2466 -37.6042 28.4846
      vertex 86.2443 -36.2772 28.1004
    endloop
  endfacet
  facet normal 0.502262 -0.141729 0.853021
    outer loop
      vertex 87.2332 -39.435 26.6538
      vertex 87.3442 -39.5135 26.5754
      vertex 88.1354 -38.0199 26.3577
    endloop
  endfacet
  facet normal 0.533827 -0.166888 0.828962
    outer loop
      vertex 87.1091 -37.1924 27.1852
      vertex 87.2332 -39.435 26.6538
      vertex 88.1354 -38.0199 26.3577
    endloop
  endfacet
  facet normal 0.696388 -0.595859 0.399996
    outer loop
      vertex 83.5749 -31.6617 34.4272
      vertex 85.0555 -29.8921 34.4856
      vertex 83.8786 -30.5821 35.5067
    endloop
  endfacet
  facet normal 0.686582 -0.627407 0.367376
    outer loop
      vertex 83.8786 -30.5821 35.5067
      vertex 85.0555 -29.8921 34.4856
      vertex 83.9192 -30.4749 35.6139
    endloop
  endfacet
  facet normal 0.133829 -0.991004 0
    outer loop
      vertex 93.0843 -23.9942 42.0946
      vertex 93.4701 -23.9421 40.4356
      vertex 93.0843 -23.9942 42.0947
    endloop
  endfacet
  facet normal 0.228228 -0.973348 0.0225068
    outer loop
      vertex 93.4701 -23.9421 40.4356
      vertex 93.0843 -23.9942 42.0946
      vertex 91.9961 -24.2959 40.0818
    endloop
  endfacet
  facet normal 0.228245 -0.973344 0.0224971
    outer loop
      vertex 91.6104 -24.348 41.7408
      vertex 91.9961 -24.2959 40.0818
      vertex 93.0843 -23.9942 42.0946
    endloop
  endfacet
  facet normal 0.615507 -0.748762 0.245981
    outer loop
      vertex 85.1681 -28.3429 37.7459
      vertex 86.2443 -27.8626 36.515
      vertex 85.2466 -28.2468 37.842
    endloop
  endfacet
  facet normal -0.687425 -0.625519 0.369017
    outer loop
      vertex 148.445 -29.8921 34.4856
      vertex 149.621 -30.5821 35.5067
      vertex 149.581 -30.4749 35.6139
    endloop
  endfacet
  facet normal 0.468144 -0.875404 0.120452
    outer loop
      vertex 88.1354 -26.1199 38.2577
      vertex 89.3057 -25.3942 38.9834
      vertex 88.5145 -25.6118 40.477
    endloop
  endfacet
  facet normal 0.355297 -0.932692 0.0620544
    outer loop
      vertex 89.9333 -24.9328 41.1561
      vertex 90.6 -24.7827 39.5949
      vertex 90.0693 -24.8773 41.2116
    endloop
  endfacet
  facet normal 0.0464486 -0.998916 -0.00308335
    outer loop
      vertex 94.9183 -23.7362 42.3526
      vertex 94.9967 -23.7273 40.6503
      vertex 96.4715 -23.6642 42.4246
    endloop
  endfacet
  facet normal -0.590492 -0.218734 0.776836
    outer loop
      vertex 146.391 -37.1924 27.1852
      vertex 148.253 -37.6042 28.4846
      vertex 147.256 -36.2772 28.1004
    endloop
  endfacet
  facet normal 0.394479 -0.915379 0.080426
    outer loop
      vertex 88.6391 -25.5443 40.5446
      vertex 89.3057 -25.3942 38.9834
      vertex 90.6 -24.7827 39.5949
    endloop
  endfacet
  facet normal 0.31403 -0.0475995 0.948219
    outer loop
      vertex 90.0693 -40.9738 25.1151
      vertex 91.9961 -39.844 24.5337
      vertex 90.6 -39.3571 25.0205
    endloop
  endfacet
  facet normal 0.394518 -0.0805295 0.915352
    outer loop
      vertex 88.6391 -40.3068 25.7821
      vertex 89.9333 -40.9183 25.1705
      vertex 90.6 -39.3571 25.0205
    endloop
  endfacet
  facet normal 0.184425 -0.0120237 0.982773
    outer loop
      vertex 93.0843 -41.8569 24.232
      vertex 93.2359 -41.8856 24.2032
      vertex 93.4701 -40.1978 24.1799
    endloop
  endfacet
  facet normal 0.271441 -0.0328975 0.961893
    outer loop
      vertex 91.4653 -41.4606 24.6282
      vertex 91.6104 -41.5031 24.5858
      vertex 91.9961 -39.844 24.5337
    endloop
  endfacet
  facet normal -0.468077 -0.875463 0.120287
    outer loop
      vertex 144.985 -25.6118 40.477
      vertex 145.365 -26.1199 38.2577
      vertex 146.156 -26.3376 39.7513
    endloop
  endfacet
  facet normal -0.502292 -0.853012 0.141679
    outer loop
      vertex 145.365 -26.1199 38.2577
      vertex 146.267 -26.416 39.6728
      vertex 146.156 -26.3376 39.7513
    endloop
  endfacet
  facet normal -0.636956 -0.719829 0.275921
    outer loop
      vertex 147.944 -28.8498 35.5278
      vertex 149.02 -29.3301 36.7587
      vertex 148.332 -28.3429 37.7459
    endloop
  endfacet
  facet normal -0.696615 -0.595803 0.399683
    outer loop
      vertex 148.445 -29.8921 34.4856
      vertex 149.925 -31.6617 34.4272
      vertex 149.621 -30.5821 35.5067
    endloop
  endfacet
  facet normal 0.672361 -0.336555 0.659288
    outer loop
      vertex 83.9648 -35.4711 30.6177
      vertex 85.5558 -35.29 29.0876
      vertex 83.9192 -35.3761 30.7127
    endloop
  endfacet
  facet normal 0.672361 -0.336557 0.659288
    outer loop
      vertex 85.5558 -35.29 29.0876
      vertex 83.9648 -35.4711 30.6177
      vertex 84.4195 -36.4184 29.6704
    endloop
  endfacet
  facet normal -0.687425 -0.369017 0.625519
    outer loop
      vertex 148.445 -34.2478 30.1299
      vertex 149.581 -35.3761 30.7127
      vertex 149.621 -35.2689 30.8199
    endloop
  endfacet
  facet normal 0.704717 -0.431769 0.562983
    outer loop
      vertex 83.5544 -34.0793 32.0095
      vertex 83.5749 -34.1894 31.8994
      vertex 84.7518 -33.1682 31.2094
    endloop
  endfacet
  facet normal 0.696391 -0.399938 0.595893
    outer loop
      vertex 83.5749 -34.1894 31.8994
      vertex 85.0555 -34.2478 30.1299
      vertex 84.7518 -33.1682 31.2094
    endloop
  endfacet
  facet normal 0.0230192 0.00416528 0.999726
    outer loop
      vertex 96.4715 -42.1868 23.902
      vertex 96.55 -42.1886 23.9002
      vertex 96.55 -40.4845 23.8931
    endloop
  endfacet
  facet normal 0.0464455 0.00308076 0.998916
    outer loop
      vertex 94.9967 -40.4125 23.9651
      vertex 96.4715 -42.1868 23.902
      vertex 96.55 -40.4845 23.8931
    endloop
  endfacet
  facet normal -0.533928 -0.16689 0.828896
    outer loop
      vertex 145.365 -38.0199 26.3577
      vertex 146.267 -39.435 26.6538
      vertex 146.391 -37.1924 27.1852
    endloop
  endfacet
  facet normal 0.636819 -0.71998 0.275845
    outer loop
      vertex 84.4796 -29.3301 36.7587
      vertex 85.5558 -28.8498 35.5278
      vertex 85.1681 -28.3429 37.7459
    endloop
  endfacet
  facet normal 0.533875 -0.828932 0.166878
    outer loop
      vertex 86.2069 -27.2436 38.8452
      vertex 87.1091 -26.9474 37.4302
      vertex 87.2332 -26.416 39.6728
    endloop
  endfacet
  facet normal -0.0231667 -0.999723 -0.00416527
    outer loop
      vertex 136.95 -23.6624 42.4264
      vertex 136.95 -23.6553 40.7223
      vertex 137.028 -23.6642 42.4246
    endloop
  endfacet
  facet normal -0.046455 -0.998916 -0.00309396
    outer loop
      vertex 136.95 -23.6553 40.7223
      vertex 138.503 -23.7273 40.6503
      vertex 137.028 -23.6642 42.4246
    endloop
  endfacet
  facet normal -0.562808 -0.804362 0.190389
    outer loop
      vertex 146.391 -26.9474 37.4302
      vertex 147.389 -27.3316 38.7572
      vertex 147.293 -27.2436 38.8452
    endloop
  endfacet
  facet normal -0.656819 -0.305091 0.689571
    outer loop
      vertex 147.944 -35.29 29.0876
      vertex 149.02 -36.5209 29.5679
      vertex 149.08 -36.4184 29.6704
    endloop
  endfacet
  facet normal 0.69638 -0.39997 0.595885
    outer loop
      vertex 83.5749 -34.1894 31.8994
      vertex 83.8786 -35.2689 30.8199
      vertex 85.0555 -34.2478 30.1299
    endloop
  endfacet
  facet normal 0.710798 -0.497376 0.497376
    outer loop
      vertex 83.4526 -32.981 33.1078
      vertex 84.65 -32.0699 32.3077
      vertex 83.4526 -32.87 33.2188
    endloop
  endfacet
  facet normal 0.708524 -0.530751 0.465078
    outer loop
      vertex 83.4526 -32.87 33.2188
      vertex 84.65 -32.0699 32.3077
      vertex 84.7518 -30.9716 33.406
    endloop
  endfacet
  facet normal 0.563683 -0.803559 0.191195
    outer loop
      vertex 86.1113 -27.3316 38.7572
      vertex 87.1091 -26.9474 37.4302
      vertex 86.2069 -27.2436 38.8452
    endloop
  endfacet
  facet normal 0.43223 -0.896382 0.0983715
    outer loop
      vertex 88.5145 -25.6118 40.477
      vertex 89.3057 -25.3942 38.9834
      vertex 88.6391 -25.5443 40.5446
    endloop
  endfacet
  facet normal 0.394491 -0.915371 0.0804572
    outer loop
      vertex 88.6391 -25.5443 40.5446
      vertex 90.6 -24.7827 39.5949
      vertex 89.9333 -24.9328 41.1561
    endloop
  endfacet
  facet normal -0.5905 -0.776692 0.219227
    outer loop
      vertex 146.391 -26.9474 37.4302
      vertex 148.253 -28.2468 37.842
      vertex 147.389 -27.3316 38.7572
    endloop
  endfacet
  facet normal -0.636956 -0.275921 0.719829
    outer loop
      vertex 147.944 -35.29 29.0876
      vertex 148.332 -37.5081 28.5807
      vertex 149.02 -36.5209 29.5679
    endloop
  endfacet
  facet normal -0.636956 -0.275921 0.719829
    outer loop
      vertex 147.256 -36.2772 28.1004
      vertex 148.332 -37.5081 28.5807
      vertex 147.944 -35.29 29.0876
    endloop
  endfacet
  facet normal -0.468077 -0.120287 0.875463
    outer loop
      vertex 144.985 -40.2392 25.8496
      vertex 146.156 -39.5135 26.5754
      vertex 145.365 -38.0199 26.3577
    endloop
  endfacet
  facet normal 0.377837 0.925872 0
    outer loop
      vertex 90.0693 -40.9738 25.1151
      vertex 89.9333 -40.9183 25.1705
      vertex 89.9333 -40.9183 25.1706
    endloop
  endfacet
  facet normal -0.614625 -0.244659 0.749918
    outer loop
      vertex 147.256 -36.2772 28.1004
      vertex 148.253 -37.6042 28.4846
      vertex 148.332 -37.5081 28.5807
    endloop
  endfacet
  facet normal -0.562808 -0.190389 0.804362
    outer loop
      vertex 146.391 -37.1924 27.1852
      vertex 147.293 -38.6074 27.4814
      vertex 147.389 -38.5194 27.5694
    endloop
  endfacet
  facet normal -0.533976 -0.166881 0.828867
    outer loop
      vertex 146.267 -39.435 26.6538
      vertex 147.293 -38.6074 27.4814
      vertex 146.391 -37.1924 27.1852
    endloop
  endfacet
  facet normal 0.555754 0.587838 0.587864
    outer loop
      vertex 111.25 -13.5494 10.113
      vertex 110.924 -11.6275 8.49938
      vertex 110.924 -13.3953 10.2671
    endloop
  endfacet
  facet normal 0.555953 0.58777 0.587744
    outer loop
      vertex 110.924 -11.6275 8.49938
      vertex 111.25 -13.5494 10.113
      vertex 111.25 -11.7817 8.34522
    endloop
  endfacet
  facet normal 0.997803 -0.0468477 -0.0468461
    outer loop
      vertex 109.776 -11.4354 12.227
      vertex 109.75 -9.94454 10.1823
      vertex 109.776 -9.66766 10.4592
    endloop
  endfacet
  facet normal 0.997803 -0.0468457 -0.0468447
    outer loop
      vertex 109.75 -9.94454 10.1823
      vertex 109.776 -11.4354 12.227
      vertex 109.75 -11.7123 11.9501
    endloop
  endfacet
  facet normal -0.997803 -0.0468477 -0.0468461
    outer loop
      vertex 123.75 -9.94454 10.1823
      vertex 123.724 -11.4354 12.227
      vertex 123.724 -9.66766 10.4592
    endloop
  endfacet
  facet normal -0.997803 -0.0468457 -0.0468447
    outer loop
      vertex 123.724 -11.4354 12.227
      vertex 123.75 -9.94454 10.1823
      vertex 123.75 -11.7123 11.9501
    endloop
  endfacet
  facet normal -0.195645 0.693456 0.693428
    outer loop
      vertex 121.526 -11.9936 8.1333
      vertex 121.142 -13.8155 9.84693
      vertex 121.526 -13.7613 9.90107
    endloop
  endfacet
  facet normal -0.195453 0.693461 0.693477
    outer loop
      vertex 121.142 -13.8155 9.84693
      vertex 121.526 -11.9936 8.1333
      vertex 121.142 -12.0477 8.07917
    endloop
  endfacet
  facet normal 0.659439 0.531567 0.531579
    outer loop
      vertex 110.629 -13.2123 10.4501
      vertex 110.924 -11.6275 8.49938
      vertex 110.629 -11.4445 8.68234
    endloop
  endfacet
  facet normal 0.65948 0.531536 0.53156
    outer loop
      vertex 110.924 -11.6275 8.49938
      vertex 110.629 -13.2123 10.4501
      vertex 110.924 -13.3953 10.2671
    endloop
  endfacet
  facet normal 0.555891 -0.587776 -0.587796
    outer loop
      vertex 110.924 -10.0294 13.6331
      vertex 111.25 -8.10743 12.0195
      vertex 111.25 -9.87519 13.7872
    endloop
  endfacet
  facet normal 0.555953 -0.587755 -0.587758
    outer loop
      vertex 111.25 -8.10743 12.0195
      vertex 110.924 -10.0294 13.6331
      vertex 110.924 -8.26159 11.8653
    endloop
  endfacet
  facet normal -0.896444 0.313356 0.313364
    outer loop
      vertex 123.348 -11.0052 9.12168
      vertex 123.522 -12.5241 11.1383
      vertex 123.522 -10.7563 9.37055
    endloop
  endfacet
  facet normal -0.896454 0.313338 0.313352
    outer loop
      vertex 123.522 -12.5241 11.1383
      vertex 123.348 -11.0052 9.12168
      vertex 123.348 -12.773 10.8894
    endloop
  endfacet
  facet normal 0.195627 -0.69345 -0.693438
    outer loop
      vertex 111.974 -9.66327 13.9991
      vertex 112.358 -7.84137 12.2855
      vertex 112.358 -9.60914 14.0533
    endloop
  endfacet
  facet normal 0.195471 -0.693455 -0.693478
    outer loop
      vertex 112.358 -7.84137 12.2855
      vertex 111.974 -9.66327 13.9991
      vertex 111.974 -7.89551 12.2314
    endloop
  endfacet
  facet normal -0.442188 -0.634207 -0.634232
    outer loop
      vertex 121.898 -7.9847 12.1422
      vertex 122.25 -9.87519 13.7872
      vertex 121.898 -9.75247 13.9099
    endloop
  endfacet
  facet normal -0.442203 -0.634204 -0.634226
    outer loop
      vertex 122.25 -9.87519 13.7872
      vertex 121.898 -7.9847 12.1422
      vertex 122.25 -8.10743 12.0195
    endloop
  endfacet
  facet normal -0.7515 -0.466507 -0.466496
    outer loop
      vertex 123.13 -8.65317 11.4737
      vertex 122.871 -10.2123 13.4501
      vertex 122.871 -8.44454 11.6823
    endloop
  endfacet
  facet normal -0.751477 -0.46653 -0.466511
    outer loop
      vertex 122.871 -10.2123 13.4501
      vertex 123.13 -8.65317 11.4737
      vertex 123.13 -10.4209 13.2415
    endloop
  endfacet
  facet normal 0.320967 0.669686 0.669702
    outer loop
      vertex 111.974 -13.7613 9.90107
      vertex 111.602 -11.9044 8.2225
      vertex 111.602 -13.6722 9.99026
    endloop
  endfacet
  facet normal 0.321145 0.669665 0.669638
    outer loop
      vertex 111.602 -11.9044 8.2225
      vertex 111.974 -13.7613 9.90107
      vertex 111.974 -11.9936 8.1333
    endloop
  endfacet
  facet normal -0.06525 -0.705606 -0.705594
    outer loop
      vertex 120.75 -9.59099 14.0714
      vertex 121.142 -7.84137 12.2855
      vertex 121.142 -9.60914 14.0533
    endloop
  endfacet
  facet normal -0.0654292 -0.705578 -0.705606
    outer loop
      vertex 121.142 -7.84137 12.2855
      vertex 120.75 -9.59099 14.0714
      vertex 120.75 -7.82322 12.3037
    endloop
  endfacet
  facet normal 0.442362 0.634174 0.634145
    outer loop
      vertex 111.602 -13.6722 9.99026
      vertex 111.25 -11.7817 8.34522
      vertex 111.25 -13.5494 10.113
    endloop
  endfacet
  facet normal 0.442188 0.634213 0.634227
    outer loop
      vertex 111.25 -11.7817 8.34522
      vertex 111.602 -13.6722 9.99026
      vertex 111.602 -11.9044 8.2225
    endloop
  endfacet
  facet normal 0 -0.707093 -0.707121
    outer loop
      vertex 112.75 -9.59099 14.0714
      vertex 120.75 -7.82322 12.3037
      vertex 120.75 -9.59099 14.0714
    endloop
  endfacet
  facet normal -0 -0.707093 -0.707121
    outer loop
      vertex 120.75 -7.82322 12.3037
      vertex 112.75 -9.59099 14.0714
      vertex 112.75 -7.82322 12.3037
    endloop
  endfacet
  facet normal -0.981059 0.13697 0.136974
    outer loop
      vertex 123.648 -10.4936 9.6333
      vertex 123.724 -11.9892 11.6732
      vertex 123.724 -10.2214 9.90545
    endloop
  endfacet
  facet normal -0.981049 0.137012 0.137004
    outer loop
      vertex 123.724 -11.9892 11.6732
      vertex 123.648 -10.4936 9.6333
      vertex 123.648 -12.2613 11.4011
    endloop
  endfacet
  facet normal 0.06525 -0.705606 -0.705594
    outer loop
      vertex 112.358 -7.84137 12.2855
      vertex 112.75 -9.59099 14.0714
      vertex 112.358 -9.60914 14.0533
    endloop
  endfacet
  facet normal 0.0654292 -0.705578 -0.705606
    outer loop
      vertex 112.75 -9.59099 14.0714
      vertex 112.358 -7.84137 12.2855
      vertex 112.75 -7.82322 12.3037
    endloop
  endfacet
  facet normal 0 0.707119 0.707095
    outer loop
      vertex 120.75 -12.0659 8.06102
      vertex 112.75 -13.8336 9.82878
      vertex 120.75 -13.8336 9.82878
    endloop
  endfacet
  facet normal 0 0.707119 0.707095
    outer loop
      vertex 112.75 -13.8336 9.82878
      vertex 120.75 -12.0659 8.06102
      vertex 112.75 -12.0659 8.06102
    endloop
  endfacet
  facet normal -0.555754 0.587838 0.587864
    outer loop
      vertex 122.576 -11.6275 8.49938
      vertex 122.25 -13.5494 10.113
      vertex 122.576 -13.3953 10.2671
    endloop
  endfacet
  facet normal -0.555953 0.58777 0.587744
    outer loop
      vertex 122.25 -13.5494 10.113
      vertex 122.576 -11.6275 8.49938
      vertex 122.25 -11.7817 8.34522
    endloop
  endfacet
  facet normal 0.896444 0.313356 0.313364
    outer loop
      vertex 109.978 -12.5241 11.1383
      vertex 110.152 -11.0052 9.12168
      vertex 109.978 -10.7563 9.37055
    endloop
  endfacet
  facet normal 0.896454 0.313338 0.313352
    outer loop
      vertex 110.152 -11.0052 9.12168
      vertex 109.978 -12.5241 11.1383
      vertex 110.152 -12.773 10.8894
    endloop
  endfacet
  facet normal 0.7515 -0.466507 -0.466496
    outer loop
      vertex 110.629 -10.2123 13.4501
      vertex 110.37 -8.65317 11.4737
      vertex 110.629 -8.44454 11.6823
    endloop
  endfacet
  facet normal 0.751477 -0.46653 -0.466511
    outer loop
      vertex 110.37 -8.65317 11.4737
      vertex 110.629 -10.2123 13.4501
      vertex 110.37 -10.4209 13.2415
    endloop
  endfacet
  facet normal -0.831474 -0.39285 -0.392835
    outer loop
      vertex 123.348 -8.88388 11.243
      vertex 123.13 -10.4209 13.2415
      vertex 123.13 -8.65317 11.4737
    endloop
  endfacet
  facet normal -0.831524 -0.392787 -0.392792
    outer loop
      vertex 123.13 -10.4209 13.2415
      vertex 123.348 -8.88388 11.243
      vertex 123.348 -10.6517 13.0108
    endloop
  endfacet
  facet normal 0.751492 0.4665 0.466516
    outer loop
      vertex 110.37 -13.0037 10.6587
      vertex 110.629 -11.4445 8.68234
      vertex 110.37 -11.2359 8.89096
    endloop
  endfacet
  facet normal 0.751477 0.466515 0.466526
    outer loop
      vertex 110.629 -11.4445 8.68234
      vertex 110.37 -13.0037 10.6587
      vertex 110.629 -13.2123 10.4501
    endloop
  endfacet
  facet normal -0.997802 0.0468533 0.0468523
    outer loop
      vertex 123.724 -10.2214 9.90545
      vertex 123.75 -11.7123 11.9501
      vertex 123.75 -9.94454 10.1823
    endloop
  endfacet
  facet normal -0.997803 0.0468446 0.0468459
    outer loop
      vertex 123.75 -11.7123 11.9501
      vertex 123.724 -10.2214 9.90545
      vertex 123.724 -11.9892 11.6732
    endloop
  endfacet
  facet normal 0.896444 -0.313358 -0.313362
    outer loop
      vertex 110.152 -10.6517 13.0108
      vertex 109.978 -9.13275 10.9941
      vertex 110.152 -8.88388 11.243
    endloop
  endfacet
  facet normal 0.896419 -0.3134 -0.313391
    outer loop
      vertex 109.978 -9.13275 10.9941
      vertex 110.152 -10.6517 13.0108
      vertex 109.978 -10.9005 12.7619
    endloop
  endfacet
  facet normal -0.442362 0.634174 0.634145
    outer loop
      vertex 122.25 -11.7817 8.34522
      vertex 121.898 -13.6722 9.99026
      vertex 122.25 -13.5494 10.113
    endloop
  endfacet
  facet normal -0.442188 0.634213 0.634227
    outer loop
      vertex 121.898 -13.6722 9.99026
      vertex 122.25 -11.7817 8.34522
      vertex 121.898 -11.9044 8.2225
    endloop
  endfacet
  facet normal 0.831474 -0.39285 -0.392835
    outer loop
      vertex 110.37 -10.4209 13.2415
      vertex 110.152 -8.88388 11.243
      vertex 110.37 -8.65317 11.4737
    endloop
  endfacet
  facet normal 0.831524 -0.392787 -0.392792
    outer loop
      vertex 110.152 -8.88388 11.243
      vertex 110.37 -10.4209 13.2415
      vertex 110.152 -10.6517 13.0108
    endloop
  endfacet
  facet normal -0.659429 -0.531578 -0.531581
    outer loop
      vertex 122.871 -8.44454 11.6823
      vertex 122.576 -10.0294 13.6331
      vertex 122.576 -8.26159 11.8653
    endloop
  endfacet
  facet normal -0.659378 -0.531617 -0.531605
    outer loop
      vertex 122.576 -10.0294 13.6331
      vertex 122.871 -8.44454 11.6823
      vertex 122.871 -10.2123 13.4501
    endloop
  endfacet
  facet normal -0.195627 -0.69345 -0.693438
    outer loop
      vertex 121.142 -7.84137 12.2855
      vertex 121.526 -9.66327 13.9991
      vertex 121.142 -9.60914 14.0533
    endloop
  endfacet
  facet normal -0.195471 -0.693455 -0.693478
    outer loop
      vertex 121.526 -9.66327 13.9991
      vertex 121.142 -7.84137 12.2855
      vertex 121.526 -7.89551 12.2314
    endloop
  endfacet
  facet normal -0.947026 0.227098 0.227085
    outer loop
      vertex 123.522 -10.7563 9.37055
      vertex 123.648 -12.2613 11.4011
      vertex 123.648 -10.4936 9.6333
    endloop
  endfacet
  facet normal -0.947054 0.22703 0.227037
    outer loop
      vertex 123.648 -12.2613 11.4011
      vertex 123.522 -10.7563 9.37055
      vertex 123.522 -12.5241 11.1383
    endloop
  endfacet
  facet normal -0.896444 -0.313358 -0.313362
    outer loop
      vertex 123.522 -9.13275 10.9941
      vertex 123.348 -10.6517 13.0108
      vertex 123.348 -8.88388 11.243
    endloop
  endfacet
  facet normal -0.896419 -0.3134 -0.313391
    outer loop
      vertex 123.348 -10.6517 13.0108
      vertex 123.522 -9.13275 10.9941
      vertex 123.522 -10.9005 12.7619
    endloop
  endfacet
  facet normal -0.555891 -0.587776 -0.587796
    outer loop
      vertex 122.25 -8.10743 12.0195
      vertex 122.576 -10.0294 13.6331
      vertex 122.25 -9.87519 13.7872
    endloop
  endfacet
  facet normal -0.555953 -0.587755 -0.587758
    outer loop
      vertex 122.576 -10.0294 13.6331
      vertex 122.25 -8.10743 12.0195
      vertex 122.576 -8.26159 11.8653
    endloop
  endfacet
  facet normal -0.321145 -0.669638 -0.669665
    outer loop
      vertex 121.526 -9.66327 13.9991
      vertex 121.898 -7.9847 12.1422
      vertex 121.898 -9.75247 13.9099
    endloop
  endfacet
  facet normal -0.321129 -0.669644 -0.669667
    outer loop
      vertex 121.898 -7.9847 12.1422
      vertex 121.526 -9.66327 13.9991
      vertex 121.526 -7.89551 12.2314
    endloop
  endfacet
  facet normal -0.06525 0.705592 0.705608
    outer loop
      vertex 121.142 -12.0477 8.07917
      vertex 120.75 -13.8336 9.82878
      vertex 121.142 -13.8155 9.84693
    endloop
  endfacet
  facet normal -0.0654292 0.705604 0.70558
    outer loop
      vertex 120.75 -13.8336 9.82878
      vertex 121.142 -12.0477 8.07917
      vertex 120.75 -12.0659 8.06102
    endloop
  endfacet
  facet normal -0.320967 0.669686 0.669702
    outer loop
      vertex 121.898 -11.9044 8.2225
      vertex 121.526 -13.7613 9.90107
      vertex 121.898 -13.6722 9.99026
    endloop
  endfacet
  facet normal -0.321145 0.669665 0.669638
    outer loop
      vertex 121.526 -13.7613 9.90107
      vertex 121.898 -11.9044 8.2225
      vertex 121.526 -11.9936 8.1333
    endloop
  endfacet
  facet normal 0.947028 -0.227091 -0.227085
    outer loop
      vertex 109.978 -10.9005 12.7619
      vertex 109.852 -9.39551 10.7314
      vertex 109.978 -9.13275 10.9941
    endloop
  endfacet
  facet normal 0.947054 -0.227028 -0.227039
    outer loop
      vertex 109.852 -9.39551 10.7314
      vertex 109.978 -10.9005 12.7619
      vertex 109.852 -11.1633 12.4991
    endloop
  endfacet
  facet normal 0.981059 -0.136968 -0.136975
    outer loop
      vertex 109.852 -11.1633 12.4991
      vertex 109.776 -9.66766 10.4592
      vertex 109.852 -9.39551 10.7314
    endloop
  endfacet
  facet normal 0.981049 -0.13701 -0.137006
    outer loop
      vertex 109.776 -9.66766 10.4592
      vertex 109.852 -11.1633 12.4991
      vertex 109.776 -11.4354 12.227
    endloop
  endfacet
  facet normal -0.947028 -0.227091 -0.227085
    outer loop
      vertex 123.648 -9.39551 10.7314
      vertex 123.522 -10.9005 12.7619
      vertex 123.522 -9.13275 10.9941
    endloop
  endfacet
  facet normal -0.947054 -0.227028 -0.227039
    outer loop
      vertex 123.522 -10.9005 12.7619
      vertex 123.648 -9.39551 10.7314
      vertex 123.648 -11.1633 12.4991
    endloop
  endfacet
  facet normal -0.981059 -0.136968 -0.136975
    outer loop
      vertex 123.724 -9.66766 10.4592
      vertex 123.648 -11.1633 12.4991
      vertex 123.648 -9.39551 10.7314
    endloop
  endfacet
  facet normal -0.981049 -0.13701 -0.137006
    outer loop
      vertex 123.648 -11.1633 12.4991
      vertex 123.724 -9.66766 10.4592
      vertex 123.724 -11.4354 12.227
    endloop
  endfacet
  facet normal 0.442188 -0.634207 -0.634232
    outer loop
      vertex 111.25 -9.87519 13.7872
      vertex 111.602 -7.9847 12.1422
      vertex 111.602 -9.75247 13.9099
    endloop
  endfacet
  facet normal 0.442203 -0.634204 -0.634226
    outer loop
      vertex 111.602 -7.9847 12.1422
      vertex 111.25 -9.87519 13.7872
      vertex 111.25 -8.10743 12.0195
    endloop
  endfacet
  facet normal 0.321145 -0.669638 -0.669665
    outer loop
      vertex 111.602 -7.9847 12.1422
      vertex 111.974 -9.66327 13.9991
      vertex 111.602 -9.75247 13.9099
    endloop
  endfacet
  facet normal 0.321129 -0.669644 -0.669667
    outer loop
      vertex 111.974 -9.66327 13.9991
      vertex 111.602 -7.9847 12.1422
      vertex 111.974 -7.89551 12.2314
    endloop
  endfacet
  facet normal 0.981059 0.13697 0.136974
    outer loop
      vertex 109.776 -11.9892 11.6732
      vertex 109.852 -10.4936 9.6333
      vertex 109.776 -10.2214 9.90545
    endloop
  endfacet
  facet normal 0.981049 0.137012 0.137004
    outer loop
      vertex 109.852 -10.4936 9.6333
      vertex 109.776 -11.9892 11.6732
      vertex 109.852 -12.2613 11.4011
    endloop
  endfacet
  facet normal 0.659429 -0.531578 -0.531581
    outer loop
      vertex 110.924 -10.0294 13.6331
      vertex 110.629 -8.44454 11.6823
      vertex 110.924 -8.26159 11.8653
    endloop
  endfacet
  facet normal 0.659378 -0.531617 -0.531605
    outer loop
      vertex 110.629 -8.44454 11.6823
      vertex 110.924 -10.0294 13.6331
      vertex 110.629 -10.2123 13.4501
    endloop
  endfacet
  facet normal 0.06525 0.705592 0.705608
    outer loop
      vertex 112.75 -13.8336 9.82878
      vertex 112.358 -12.0477 8.07917
      vertex 112.358 -13.8155 9.84693
    endloop
  endfacet
  facet normal 0.0654292 0.705604 0.70558
    outer loop
      vertex 112.358 -12.0477 8.07917
      vertex 112.75 -13.8336 9.82878
      vertex 112.75 -12.0659 8.06102
    endloop
  endfacet
  facet normal -0.83148 0.392828 0.392845
    outer loop
      vertex 123.13 -11.2359 8.89096
      vertex 123.348 -12.773 10.8894
      vertex 123.348 -11.0052 9.12168
    endloop
  endfacet
  facet normal -0.831469 0.392842 0.392855
    outer loop
      vertex 123.348 -12.773 10.8894
      vertex 123.13 -11.2359 8.89096
      vertex 123.13 -13.0037 10.6587
    endloop
  endfacet
  facet normal -0.751492 0.4665 0.466516
    outer loop
      vertex 122.871 -11.4445 8.68234
      vertex 123.13 -13.0037 10.6587
      vertex 123.13 -11.2359 8.89096
    endloop
  endfacet
  facet normal -0.751477 0.466515 0.466526
    outer loop
      vertex 123.13 -13.0037 10.6587
      vertex 122.871 -11.4445 8.68234
      vertex 122.871 -13.2123 10.4501
    endloop
  endfacet
  facet normal 0.83148 0.392828 0.392845
    outer loop
      vertex 110.152 -12.773 10.8894
      vertex 110.37 -11.2359 8.89096
      vertex 110.152 -11.0052 9.12168
    endloop
  endfacet
  facet normal 0.831469 0.392842 0.392855
    outer loop
      vertex 110.37 -11.2359 8.89096
      vertex 110.152 -12.773 10.8894
      vertex 110.37 -13.0037 10.6587
    endloop
  endfacet
  facet normal 0.195645 0.693456 0.693428
    outer loop
      vertex 112.358 -13.8155 9.84693
      vertex 111.974 -11.9936 8.1333
      vertex 111.974 -13.7613 9.90107
    endloop
  endfacet
  facet normal 0.195453 0.693461 0.693477
    outer loop
      vertex 111.974 -11.9936 8.1333
      vertex 112.358 -13.8155 9.84693
      vertex 112.358 -12.0477 8.07917
    endloop
  endfacet
  facet normal -0.659439 0.531567 0.531579
    outer loop
      vertex 122.576 -11.6275 8.49938
      vertex 122.871 -13.2123 10.4501
      vertex 122.871 -11.4445 8.68234
    endloop
  endfacet
  facet normal -0.65948 0.531536 0.53156
    outer loop
      vertex 122.871 -13.2123 10.4501
      vertex 122.576 -11.6275 8.49938
      vertex 122.576 -13.3953 10.2671
    endloop
  endfacet
  facet normal 0.997802 0.0468533 0.0468523
    outer loop
      vertex 109.75 -11.7123 11.9501
      vertex 109.776 -10.2214 9.90545
      vertex 109.75 -9.94454 10.1823
    endloop
  endfacet
  facet normal 0.997803 0.0468446 0.0468459
    outer loop
      vertex 109.776 -10.2214 9.90545
      vertex 109.75 -11.7123 11.9501
      vertex 109.776 -11.9892 11.6732
    endloop
  endfacet
  facet normal 0.947026 0.227098 0.227085
    outer loop
      vertex 109.852 -12.2613 11.4011
      vertex 109.978 -10.7563 9.37055
      vertex 109.852 -10.4936 9.6333
    endloop
  endfacet
  facet normal 0.947054 0.22703 0.227037
    outer loop
      vertex 109.978 -10.7563 9.37055
      vertex 109.852 -12.2613 11.4011
      vertex 109.978 -12.5241 11.1383
    endloop
  endfacet
  facet normal -0.999465 0.0231385 0.023137
    outer loop
      vertex 74.3363 -30.7658 31.0804
      vertex 74.4 -30.9385 34.0048
      vertex 74.4 -29.39 32.4562
    endloop
  endfacet
  facet normal -0.999465 0.0231353 0.0231368
    outer loop
      vertex 74.4 -30.9385 34.0048
      vertex 74.3363 -30.7658 31.0804
      vertex 74.3363 -32.3144 32.6289
    endloop
  endfacet
  facet normal 0.910876 0.291818 0.291799
    outer loop
      vertex 17.1646 -38.9888 25.9545
      vertex 17.968 -38.6942 23.152
      vertex 17.1646 -37.4403 24.4059
    endloop
  endfacet
  facet normal 0.910876 0.291818 0.291799
    outer loop
      vertex 17.968 -38.6942 23.152
      vertex 17.1646 -38.9888 25.9545
      vertex 17.968 -40.2427 24.7006
    endloop
  endfacet
  facet normal 0.773003 0.448591 0.448591
    outer loop
      vertex 21.0477 -43.7447 21.1986
      vertex 22.2828 -43.2603 18.5859
      vertex 21.0477 -42.1961 19.65
    endloop
  endfacet
  facet normal 0.772988 0.448618 0.448589
    outer loop
      vertex 22.2828 -43.2603 18.5859
      vertex 21.0477 -43.7447 21.1986
      vertex 22.2828 -44.8088 20.1345
    endloop
  endfacet
  facet normal 0.471446 -0.623614 -0.623574
    outer loop
      vertex 29.775 -12.7205 52.2228
      vertex 31.4919 -10.523 51.3232
      vertex 31.4919 -12.0715 52.8718
    endloop
  endfacet
  facet normal 0.471389 -0.623595 -0.623636
    outer loop
      vertex 31.4919 -10.523 51.3232
      vertex 29.775 -12.7205 52.2228
      vertex 29.775 -11.1719 50.6743
    endloop
  endfacet
  facet normal -0.0327049 -0.706735 -0.706722
    outer loop
      vertex 44.65 -8.35355 53.4926
      vertex 46.5957 -9.94716 54.9962
      vertex 44.65 -9.90212 55.0412
    endloop
  endfacet
  facet normal -0.0327049 -0.706735 -0.706722
    outer loop
      vertex 46.5957 -9.94716 54.9962
      vertex 44.65 -8.35355 53.4926
      vertex 46.5957 -8.39859 53.4476
    endloop
  endfacet
  facet normal -0.881917 0.333345 0.333323
    outer loop
      vertex 70.4143 -39.9082 21.938
      vertex 71.332 -40.2427 24.7006
      vertex 71.332 -38.6942 23.152
    endloop
  endfacet
  facet normal -0.881925 0.333323 0.333323
    outer loop
      vertex 71.332 -40.2427 24.7006
      vertex 70.4143 -39.9082 21.938
      vertex 70.4143 -41.4568 23.4866
    endloop
  endfacet
  facet normal 0.999465 0.0231385 0.023137
    outer loop
      vertex 14.9 -30.9385 34.0048
      vertex 14.9637 -30.7658 31.0804
      vertex 14.9 -29.39 32.4562
    endloop
  endfacet
  facet normal 0.999465 0.0231353 0.0231368
    outer loop
      vertex 14.9637 -30.7658 31.0804
      vertex 14.9 -30.9385 34.0048
      vertex 14.9637 -32.3144 32.6289
    endloop
  endfacet
  facet normal 0.528055 0.600463 0.600502
    outer loop
      vertex 29.775 -49.1566 15.7867
      vertex 28.1218 -46.8811 14.9651
      vertex 28.1218 -48.4297 16.5136
    endloop
  endfacet
  facet normal 0.528108 0.600479 0.60044
    outer loop
      vertex 28.1218 -46.8811 14.9651
      vertex 29.775 -49.1566 15.7867
      vertex 29.775 -47.6081 14.2381
    endloop
  endfacet
  facet normal -0.412743 0.644087 0.644046
    outer loop
      vertex 57.8081 -48.257 13.5892
      vertex 56.0348 -50.3737 14.5696
      vertex 57.8081 -49.8055 15.1378
    endloop
  endfacet
  facet normal -0.412683 0.644065 0.644107
    outer loop
      vertex 56.0348 -50.3737 14.5696
      vertex 57.8081 -48.257 13.5892
      vertex 56.0348 -48.8251 13.0211
    endloop
  endfacet
  facet normal -0.634416 0.54657 0.546605
    outer loop
      vertex 62.7607 -46.0793 15.7669
      vertex 64.2655 -46.7546 18.1887
      vertex 64.2655 -45.206 16.6402
    endloop
  endfacet
  facet normal -0.634416 0.54657 0.546605
    outer loop
      vertex 64.2655 -46.7546 18.1887
      vertex 62.7607 -46.0793 15.7669
      vertex 62.7607 -47.6279 17.3154
    endloop
  endfacet
  facet normal 0.227075 0.688613 0.688657
    outer loop
      vertex 36.9501 -51.2582 13.6851
      vertex 38.8461 -50.0222 11.824
      vertex 36.9501 -49.7096 12.1366
    endloop
  endfacet
  facet normal 0.227075 0.688613 0.688657
    outer loop
      vertex 38.8461 -50.0222 11.824
      vertex 36.9501 -51.2582 13.6851
      vertex 38.8461 -51.5708 13.3725
    endloop
  endfacet
  facet normal 0.849187 0.373417 0.373417
    outer loop
      vertex 18.8857 -41.4568 23.4866
      vertex 19.9138 -41.0772 20.769
      vertex 18.8857 -39.9082 21.938
    endloop
  endfacet
  facet normal 0.849187 0.373417 0.373417
    outer loop
      vertex 19.9138 -41.0772 20.769
      vertex 18.8857 -41.4568 23.4866
      vertex 19.9138 -42.6258 22.3176
    endloop
  endfacet
  facet normal -0.0327629 0.70675 0.706704
    outer loop
      vertex 46.5957 -50.3814 11.4648
      vertex 44.65 -51.975 12.9683
      vertex 46.5957 -51.9299 13.0134
    endloop
  endfacet
  facet normal -0.0326903 0.706706 0.706752
    outer loop
      vertex 44.65 -51.975 12.9683
      vertex 46.5957 -50.3814 11.4648
      vertex 44.65 -50.4264 11.4198
    endloop
  endfacet
  facet normal -0.772988 -0.448589 -0.448618
    outer loop
      vertex 68.2523 -16.5838 45.2624
      vertex 67.0172 -17.0683 47.875
      vertex 67.0172 -15.5197 46.3265
    endloop
  endfacet
  facet normal -0.772988 -0.448589 -0.448618
    outer loop
      vertex 67.0172 -17.0683 47.875
      vertex 68.2523 -16.5838 45.2624
      vertex 68.2523 -18.1324 46.8109
    endloop
  endfacet
  facet normal -0.162874 0.697642 0.697687
    outer loop
      vertex 50.4539 -50.0222 11.824
      vertex 48.5332 -51.795 13.1483
      vertex 50.4539 -51.5708 13.3725
    endloop
  endfacet
  facet normal -0.16291 0.697661 0.697661
    outer loop
      vertex 48.5332 -51.795 13.1483
      vertex 50.4539 -50.0222 11.824
      vertex 48.5332 -50.2464 11.5997
    endloop
  endfacet
  facet normal -0.471389 0.623636 0.623595
    outer loop
      vertex 59.525 -47.6081 14.2381
      vertex 57.8081 -49.8055 15.1378
      vertex 59.525 -49.1566 15.7867
    endloop
  endfacet
  facet normal -0.471389 0.623636 0.623595
    outer loop
      vertex 57.8081 -49.8055 15.1378
      vertex 59.525 -47.6081 14.2381
      vertex 57.8081 -48.257 13.5892
    endloop
  endfacet
  facet normal -0.0979919 0.703704 0.703704
    outer loop
      vertex 48.5332 -50.2464 11.5997
      vertex 46.5957 -51.9299 13.0134
      vertex 48.5332 -51.795 13.1483
    endloop
  endfacet
  facet normal -0.0980278 0.703724 0.703678
    outer loop
      vertex 46.5957 -51.9299 13.0134
      vertex 48.5332 -50.2464 11.5997
      vertex 46.5957 -50.3814 11.4648
    endloop
  endfacet
  facet normal -0.227075 -0.688649 -0.688622
    outer loop
      vertex 50.4539 -8.75776 53.0884
      vertex 52.3499 -10.6189 54.3244
      vertex 50.4539 -10.3063 54.637
    endloop
  endfacet
  facet normal -0.227072 -0.688647 -0.688625
    outer loop
      vertex 52.3499 -10.6189 54.3244
      vertex 50.4539 -8.75776 53.0884
      vertex 52.3499 -9.07035 52.7758
    endloop
  endfacet
  facet normal 0.935898 -0.249093 -0.249093
    outer loop
      vertex 17.1646 -22.8883 42.0551
      vertex 16.4788 -22.628 39.2181
      vertex 17.1646 -21.3397 40.5065
    endloop
  endfacet
  facet normal 0.935898 -0.249093 -0.249093
    outer loop
      vertex 16.4788 -22.628 39.2181
      vertex 17.1646 -22.8883 42.0551
      vertex 16.4788 -24.1766 40.7667
    endloop
  endfacet
  facet normal 0.634416 0.54657 0.546605
    outer loop
      vertex 25.0345 -46.7546 18.1887
      vertex 26.5393 -46.0793 15.7669
      vertex 25.0345 -45.206 16.6402
    endloop
  endfacet
  facet normal 0.634416 0.54657 0.546605
    outer loop
      vertex 26.5393 -46.0793 15.7669
      vertex 25.0345 -46.7546 18.1887
      vertex 26.5393 -47.6279 17.3154
    endloop
  endfacet
  facet normal -0.986645 0.11518 0.115173
    outer loop
      vertex 73.8284 -33.494 28.3522
      vertex 74.1455 -33.6843 31.259
      vertex 74.1455 -32.1358 29.7104
    endloop
  endfacet
  facet normal -0.986645 0.11518 0.115173
    outer loop
      vertex 74.1455 -33.6843 31.259
      vertex 73.8284 -33.494 28.3522
      vertex 73.8284 -35.0425 29.9008
    endloop
  endfacet
  facet normal -0.935902 0.249077 0.249093
    outer loop
      vertex 72.1354 -37.4403 24.4059
      vertex 72.8212 -37.7005 27.2428
      vertex 72.8212 -36.1519 25.6943
    endloop
  endfacet
  facet normal -0.935893 0.24911 0.249094
    outer loop
      vertex 72.8212 -37.7005 27.2428
      vertex 72.1354 -37.4403 24.4059
      vertex 72.1354 -38.9888 25.9545
    endloop
  endfacet
  facet normal 0.995186 0.0692976 0.069302
    outer loop
      vertex 14.9637 -32.3144 32.6289
      vertex 15.1545 -32.1358 29.7104
      vertex 14.9637 -30.7658 31.0804
    endloop
  endfacet
  facet normal 0.995185 0.0693071 0.0693026
    outer loop
      vertex 15.1545 -32.1358 29.7104
      vertex 14.9637 -32.3144 32.6289
      vertex 15.1545 -33.6843 31.259
    endloop
  endfacet
  facet normal 0.986645 0.11518 0.115173
    outer loop
      vertex 15.1545 -33.6843 31.259
      vertex 15.4716 -33.494 28.3522
      vertex 15.1545 -32.1358 29.7104
    endloop
  endfacet
  facet normal 0.986645 0.11518 0.115173
    outer loop
      vertex 15.4716 -33.494 28.3522
      vertex 15.1545 -33.6843 31.259
      vertex 15.4716 -35.0425 29.9008
    endloop
  endfacet
  facet normal 0.0979919 0.703704 0.703704
    outer loop
      vertex 42.7043 -51.9299 13.0134
      vertex 40.7668 -50.2464 11.5997
      vertex 40.7668 -51.795 13.1483
    endloop
  endfacet
  facet normal 0.0980278 0.703724 0.703678
    outer loop
      vertex 40.7668 -50.2464 11.5997
      vertex 42.7043 -51.9299 13.0134
      vertex 42.7043 -50.3814 11.4648
    endloop
  endfacet
  facet normal -0.773003 0.448591 0.448591
    outer loop
      vertex 67.0172 -43.2603 18.5859
      vertex 68.2523 -43.7447 21.1986
      vertex 68.2523 -42.1961 19.65
    endloop
  endfacet
  facet normal -0.772988 0.448618 0.448589
    outer loop
      vertex 68.2523 -43.7447 21.1986
      vertex 67.0172 -43.2603 18.5859
      vertex 67.0172 -44.8088 20.1345
    endloop
  endfacet
  facet normal -0.973873 0.160586 0.160576
    outer loop
      vertex 73.3863 -34.8346 27.0116
      vertex 73.8284 -35.0425 29.9008
      vertex 73.8284 -33.494 28.3522
    endloop
  endfacet
  facet normal -0.973876 0.160564 0.160575
    outer loop
      vertex 73.8284 -35.0425 29.9008
      vertex 73.3863 -34.8346 27.0116
      vertex 73.3863 -36.3832 28.5601
    endloop
  endfacet
  facet normal 0.0327049 -0.706735 -0.706722
    outer loop
      vertex 42.7043 -9.94716 54.9962
      vertex 44.65 -8.35355 53.4926
      vertex 44.65 -9.90212 55.0412
    endloop
  endfacet
  facet normal 0.0327049 -0.706735 -0.706722
    outer loop
      vertex 44.65 -8.35355 53.4926
      vertex 42.7043 -9.94716 54.9962
      vertex 42.7043 -8.39859 53.4476
    endloop
  endfacet
  facet normal 0.849187 -0.373429 -0.373405
    outer loop
      vertex 19.9138 -19.2513 45.692
      vertex 18.8857 -18.8718 42.9744
      vertex 19.9138 -17.7028 44.1434
    endloop
  endfacet
  facet normal 0.849187 -0.373429 -0.373405
    outer loop
      vertex 18.8857 -18.8718 42.9744
      vertex 19.9138 -19.2513 45.692
      vertex 18.8857 -20.4203 44.523
    endloop
  endfacet
  facet normal 0.986645 -0.11518 -0.115173
    outer loop
      vertex 15.4716 -26.8345 38.1088
      vertex 15.1545 -26.6442 35.202
      vertex 15.4716 -25.286 36.5602
    endloop
  endfacet
  facet normal 0.986645 -0.11518 -0.115173
    outer loop
      vertex 15.1545 -26.6442 35.202
      vertex 15.4716 -26.8345 38.1088
      vertex 15.1545 -28.1927 36.7506
    endloop
  endfacet
  facet normal -0.0980422 -0.703707 -0.703693
    outer loop
      vertex 46.5957 -8.39859 53.4476
      vertex 48.5332 -10.0821 54.8612
      vertex 46.5957 -9.94716 54.9962
    endloop
  endfacet
  facet normal -0.0980027 -0.703685 -0.703721
    outer loop
      vertex 48.5332 -10.0821 54.8612
      vertex 46.5957 -8.39859 53.4476
      vertex 48.5332 -8.53352 53.3127
    endloop
  endfacet
  facet normal 0.729859 -0.483392 -0.483361
    outer loop
      vertex 23.6136 -16.0635 48.8798
      vertex 22.2828 -15.5197 46.3265
      vertex 23.6136 -14.515 47.3312
    endloop
  endfacet
  facet normal 0.729893 -0.483335 -0.483366
    outer loop
      vertex 22.2828 -15.5197 46.3265
      vertex 23.6136 -16.0635 48.8798
      vertex 22.2828 -17.0683 47.875
    endloop
  endfacet
  facet normal -0.956943 0.20525 0.205263
    outer loop
      vertex 72.8212 -36.1519 25.6943
      vertex 73.3863 -36.3832 28.5601
      vertex 73.3863 -34.8346 27.0116
    endloop
  endfacet
  facet normal -0.956943 0.20525 0.205263
    outer loop
      vertex 73.3863 -36.3832 28.5601
      vertex 72.8212 -36.1519 25.6943
      vertex 72.8212 -37.7005 27.2428
    endloop
  endfacet
  facet normal 0.412683 -0.644098 -0.644073
    outer loop
      vertex 31.4919 -12.0715 52.8718
      vertex 33.2652 -9.95486 51.8913
      vertex 33.2652 -11.5034 53.4399
    endloop
  endfacet
  facet normal 0.412695 -0.644103 -0.644061
    outer loop
      vertex 33.2652 -9.95486 51.8913
      vertex 31.4919 -12.0715 52.8718
      vertex 31.4919 -10.523 51.3232
    endloop
  endfacet
  facet normal 0.995185 -0.0693071 -0.0693026
    outer loop
      vertex 15.1545 -28.1927 36.7506
      vertex 14.9637 -28.0141 33.8321
      vertex 15.1545 -26.6442 35.202
    endloop
  endfacet
  facet normal 0.995186 -0.0692976 -0.069302
    outer loop
      vertex 14.9637 -28.0141 33.8321
      vertex 15.1545 -28.1927 36.7506
      vertex 14.9637 -29.5627 35.3806
    endloop
  endfacet
  facet normal -0.849187 0.373417 0.373417
    outer loop
      vertex 69.3862 -41.0772 20.769
      vertex 70.4143 -41.4568 23.4866
      vertex 70.4143 -39.9082 21.938
    endloop
  endfacet
  facet normal -0.849187 0.373417 0.373417
    outer loop
      vertex 70.4143 -41.4568 23.4866
      vertex 69.3862 -41.0772 20.769
      vertex 69.3862 -42.6258 22.3176
    endloop
  endfacet
  facet normal 0.582448 0.574766 0.574803
    outer loop
      vertex 26.5393 -47.6279 17.3154
      vertex 28.1218 -46.8811 14.9651
      vertex 26.5393 -46.0793 15.7669
    endloop
  endfacet
  facet normal 0.582448 0.574766 0.574803
    outer loop
      vertex 28.1218 -46.8811 14.9651
      vertex 26.5393 -47.6279 17.3154
      vertex 28.1218 -48.4297 16.5136
    endloop
  endfacet
  facet normal 0.881917 0.333345 0.333323
    outer loop
      vertex 17.968 -40.2427 24.7006
      vertex 18.8857 -39.9082 21.938
      vertex 17.968 -38.6942 23.152
    endloop
  endfacet
  facet normal 0.881925 0.333323 0.333323
    outer loop
      vertex 18.8857 -39.9082 21.938
      vertex 17.968 -40.2427 24.7006
      vertex 18.8857 -41.4568 23.4866
    endloop
  endfacet
  facet normal -0.683581 0.516116 0.516083
    outer loop
      vertex 64.2655 -45.206 16.6402
      vertex 65.6864 -45.8135 19.1298
      vertex 65.6864 -44.265 17.5812
    endloop
  endfacet
  facet normal -0.683619 0.516057 0.516091
    outer loop
      vertex 65.6864 -45.8135 19.1298
      vertex 64.2655 -45.206 16.6402
      vertex 64.2655 -46.7546 18.1887
    endloop
  endfacet
  facet normal 0.729859 0.483392 0.483361
    outer loop
      vertex 22.2828 -44.8088 20.1345
      vertex 23.6136 -44.265 17.5812
      vertex 22.2828 -43.2603 18.5859
    endloop
  endfacet
  facet normal 0.729859 0.483392 0.483361
    outer loop
      vertex 23.6136 -44.265 17.5812
      vertex 22.2828 -44.8088 20.1345
      vertex 23.6136 -45.8135 19.1298
    endloop
  endfacet
  facet normal 0.35225 -0.661796 -0.661775
    outer loop
      vertex 33.2652 -11.5034 53.4399
      vertex 35.0872 -9.46995 52.3762
      vertex 35.0872 -11.0185 53.9248
    endloop
  endfacet
  facet normal 0.352253 -0.661797 -0.661772
    outer loop
      vertex 35.0872 -9.46995 52.3762
      vertex 33.2652 -11.5034 53.4399
      vertex 33.2652 -9.95486 51.8913
    endloop
  endfacet
  facet normal 0.956946 -0.205249 -0.205249
    outer loop
      vertex 16.4788 -24.1766 40.7667
      vertex 15.9137 -23.9454 37.9008
      vertex 16.4788 -22.628 39.2181
    endloop
  endfacet
  facet normal 0.956943 -0.205263 -0.20525
    outer loop
      vertex 15.9137 -23.9454 37.9008
      vertex 16.4788 -24.1766 40.7667
      vertex 15.9137 -25.4939 39.4494
    endloop
  endfacet
  facet normal 0.999465 -0.0231353 -0.0231368
    outer loop
      vertex 14.9637 -29.5627 35.3806
      vertex 14.9 -29.39 32.4562
      vertex 14.9637 -28.0141 33.8321
    endloop
  endfacet
  facet normal 0.999465 -0.0231385 -0.023137
    outer loop
      vertex 14.9 -29.39 32.4562
      vertex 14.9637 -29.5627 35.3806
      vertex 14.9 -30.9385 34.0048
    endloop
  endfacet
  facet normal -0.729859 0.483392 0.483361
    outer loop
      vertex 65.6864 -44.265 17.5812
      vertex 67.0172 -44.8088 20.1345
      vertex 67.0172 -43.2603 18.5859
    endloop
  endfacet
  facet normal -0.729859 0.483392 0.483361
    outer loop
      vertex 67.0172 -44.8088 20.1345
      vertex 65.6864 -44.265 17.5812
      vertex 65.6864 -45.8135 19.1298
    endloop
  endfacet
  facet normal 0.162874 0.697642 0.697687
    outer loop
      vertex 40.7668 -51.795 13.1483
      vertex 38.8461 -50.0222 11.824
      vertex 38.8461 -51.5708 13.3725
    endloop
  endfacet
  facet normal 0.16291 0.697661 0.697661
    outer loop
      vertex 38.8461 -50.0222 11.824
      vertex 40.7668 -51.795 13.1483
      vertex 40.7668 -50.2464 11.5997
    endloop
  endfacet
  facet normal 0.973873 0.160586 0.160576
    outer loop
      vertex 15.4716 -35.0425 29.9008
      vertex 15.9137 -34.8346 27.0116
      vertex 15.4716 -33.494 28.3522
    endloop
  endfacet
  facet normal 0.973876 0.160564 0.160575
    outer loop
      vertex 15.9137 -34.8346 27.0116
      vertex 15.4716 -35.0425 29.9008
      vertex 15.9137 -36.3832 28.5601
    endloop
  endfacet
  facet normal 0.162874 -0.697647 -0.697683
    outer loop
      vertex 38.8461 -10.3063 54.637
      vertex 40.7668 -8.53352 53.3127
      vertex 40.7668 -10.0821 54.8612
    endloop
  endfacet
  facet normal 0.162924 -0.697672 -0.697645
    outer loop
      vertex 40.7668 -8.53352 53.3127
      vertex 38.8461 -10.3063 54.637
      vertex 38.8461 -8.75776 53.0884
    endloop
  endfacet
  facet normal -0.995186 0.0692976 0.069302
    outer loop
      vertex 74.1455 -32.1358 29.7104
      vertex 74.3363 -32.3144 32.6289
      vertex 74.3363 -30.7658 31.0804
    endloop
  endfacet
  facet normal -0.995185 0.0693071 0.0693026
    outer loop
      vertex 74.3363 -32.3144 32.6289
      vertex 74.1455 -32.1358 29.7104
      vertex 74.1455 -33.6843 31.259
    endloop
  endfacet
  facet normal 0.956943 0.20525 0.205263
    outer loop
      vertex 15.9137 -36.3832 28.5601
      vertex 16.4788 -36.1519 25.6943
      vertex 15.9137 -34.8346 27.0116
    endloop
  endfacet
  facet normal 0.956943 0.20525 0.205263
    outer loop
      vertex 16.4788 -36.1519 25.6943
      vertex 15.9137 -36.3832 28.5601
      vertex 16.4788 -37.7005 27.2428
    endloop
  endfacet
  facet normal 0.935902 0.249077 0.249093
    outer loop
      vertex 16.4788 -37.7005 27.2428
      vertex 17.1646 -37.4403 24.4059
      vertex 16.4788 -36.1519 25.6943
    endloop
  endfacet
  facet normal 0.935893 0.24911 0.249094
    outer loop
      vertex 17.1646 -37.4403 24.4059
      vertex 16.4788 -37.7005 27.2428
      vertex 17.1646 -38.9888 25.9545
    endloop
  endfacet
  facet normal -0.582472 -0.574772 -0.574772
    outer loop
      vertex 62.7607 -12.7007 49.1455
      vertex 61.1782 -13.4474 51.4959
      vertex 61.1782 -11.8988 49.9473
    endloop
  endfacet
  facet normal -0.582448 -0.574803 -0.574766
    outer loop
      vertex 61.1782 -13.4474 51.4959
      vertex 62.7607 -12.7007 49.1455
      vertex 62.7607 -14.2492 50.6941
    endloop
  endfacet
  facet normal -0.910876 0.291818 0.291799
    outer loop
      vertex 71.332 -38.6942 23.152
      vertex 72.1354 -38.9888 25.9545
      vertex 72.1354 -37.4403 24.4059
    endloop
  endfacet
  facet normal -0.910876 0.291818 0.291799
    outer loop
      vertex 72.1354 -38.9888 25.9545
      vertex 71.332 -38.6942 23.152
      vertex 71.332 -40.2427 24.7006
    endloop
  endfacet
  facet normal -0.528055 0.600463 0.600502
    outer loop
      vertex 61.1782 -46.8811 14.9651
      vertex 59.525 -49.1566 15.7867
      vertex 61.1782 -48.4297 16.5136
    endloop
  endfacet
  facet normal -0.528108 0.600479 0.60044
    outer loop
      vertex 59.525 -49.1566 15.7867
      vertex 61.1782 -46.8811 14.9651
      vertex 59.525 -47.6081 14.2381
    endloop
  endfacet
  facet normal -0.812873 -0.411835 -0.411862
    outer loop
      vertex 69.3862 -17.7028 44.1434
      vertex 68.2523 -18.1324 46.8109
      vertex 68.2523 -16.5838 45.2624
    endloop
  endfacet
  facet normal -0.812848 -0.411886 -0.411859
    outer loop
      vertex 68.2523 -18.1324 46.8109
      vertex 69.3862 -17.7028 44.1434
      vertex 69.3862 -19.2513 45.692
    endloop
  endfacet
  facet normal 0.412743 0.644087 0.644046
    outer loop
      vertex 33.2652 -50.3737 14.5696
      vertex 31.4919 -48.257 13.5892
      vertex 31.4919 -49.8055 15.1378
    endloop
  endfacet
  facet normal 0.412683 0.644065 0.644107
    outer loop
      vertex 31.4919 -48.257 13.5892
      vertex 33.2652 -50.3737 14.5696
      vertex 33.2652 -48.8251 13.0211
    endloop
  endfacet
  facet normal -0.935898 -0.249093 -0.249093
    outer loop
      vertex 72.8212 -22.628 39.2181
      vertex 72.1354 -22.8883 42.0551
      vertex 72.1354 -21.3397 40.5065
    endloop
  endfacet
  facet normal -0.935898 -0.249093 -0.249093
    outer loop
      vertex 72.1354 -22.8883 42.0551
      vertex 72.8212 -22.628 39.2181
      vertex 72.8212 -24.1766 40.7667
    endloop
  endfacet
  facet normal -0.290292 -0.676668 -0.676647
    outer loop
      vertex 52.3499 -9.07035 52.7758
      vertex 54.2128 -11.0185 53.9248
      vertex 52.3499 -10.6189 54.3244
    endloop
  endfacet
  facet normal -0.290292 -0.676668 -0.676647
    outer loop
      vertex 54.2128 -11.0185 53.9248
      vertex 52.3499 -9.07035 52.7758
      vertex 54.2128 -9.46995 52.3762
    endloop
  endfacet
  facet normal -0.162874 -0.697647 -0.697683
    outer loop
      vertex 48.5332 -8.53352 53.3127
      vertex 50.4539 -10.3063 54.637
      vertex 48.5332 -10.0821 54.8612
    endloop
  endfacet
  facet normal -0.162924 -0.697672 -0.697645
    outer loop
      vertex 50.4539 -10.3063 54.637
      vertex 48.5332 -8.53352 53.3127
      vertex 50.4539 -8.75776 53.0884
    endloop
  endfacet
  facet normal -0.910876 -0.291799 -0.291818
    outer loop
      vertex 72.1354 -21.3397 40.5065
      vertex 71.332 -21.6344 43.3089
      vertex 71.332 -20.0858 41.7604
    endloop
  endfacet
  facet normal -0.91087 -0.291818 -0.291818
    outer loop
      vertex 71.332 -21.6344 43.3089
      vertex 72.1354 -21.3397 40.5065
      vertex 72.1354 -22.8883 42.0551
    endloop
  endfacet
  facet normal 0.582472 -0.574772 -0.574772
    outer loop
      vertex 28.1218 -13.4474 51.4959
      vertex 26.5393 -12.7007 49.1455
      vertex 28.1218 -11.8988 49.9473
    endloop
  endfacet
  facet normal 0.582448 -0.574803 -0.574766
    outer loop
      vertex 26.5393 -12.7007 49.1455
      vertex 28.1218 -13.4474 51.4959
      vertex 26.5393 -14.2492 50.6941
    endloop
  endfacet
  facet normal -0.995185 -0.0693071 -0.0693026
    outer loop
      vertex 74.3363 -28.0141 33.8321
      vertex 74.1455 -28.1927 36.7506
      vertex 74.1455 -26.6442 35.202
    endloop
  endfacet
  facet normal -0.995186 -0.0692976 -0.069302
    outer loop
      vertex 74.1455 -28.1927 36.7506
      vertex 74.3363 -28.0141 33.8321
      vertex 74.3363 -29.5627 35.3806
    endloop
  endfacet
  facet normal 0.290292 -0.676668 -0.676647
    outer loop
      vertex 35.0872 -11.0185 53.9248
      vertex 36.9501 -9.07035 52.7758
      vertex 36.9501 -10.6189 54.3244
    endloop
  endfacet
  facet normal 0.290292 -0.676668 -0.676647
    outer loop
      vertex 36.9501 -9.07035 52.7758
      vertex 35.0872 -11.0185 53.9248
      vertex 35.0872 -9.46995 52.3762
    endloop
  endfacet
  facet normal -0.81286 0.41186 0.41186
    outer loop
      vertex 68.2523 -42.1961 19.65
      vertex 69.3862 -42.6258 22.3176
      vertex 69.3862 -41.0772 20.769
    endloop
  endfacet
  facet normal -0.81286 0.41186 0.41186
    outer loop
      vertex 69.3862 -42.6258 22.3176
      vertex 68.2523 -42.1961 19.65
      vertex 68.2523 -43.7447 21.1986
    endloop
  endfacet
  facet normal -0.973873 -0.160586 -0.160576
    outer loop
      vertex 73.8284 -25.286 36.5602
      vertex 73.3863 -25.4939 39.4494
      vertex 73.3863 -23.9454 37.9008
    endloop
  endfacet
  facet normal -0.973873 -0.160586 -0.160576
    outer loop
      vertex 73.3863 -25.4939 39.4494
      vertex 73.8284 -25.286 36.5602
      vertex 73.8284 -26.8345 38.1088
    endloop
  endfacet
  facet normal 0.81286 0.41186 0.41186
    outer loop
      vertex 19.9138 -42.6258 22.3176
      vertex 21.0477 -42.1961 19.65
      vertex 19.9138 -41.0772 20.769
    endloop
  endfacet
  facet normal 0.81286 0.41186 0.41186
    outer loop
      vertex 21.0477 -42.1961 19.65
      vertex 19.9138 -42.6258 22.3176
      vertex 21.0477 -43.7447 21.1986
    endloop
  endfacet
  facet normal -0.582448 0.574766 0.574803
    outer loop
      vertex 61.1782 -46.8811 14.9651
      vertex 62.7607 -47.6279 17.3154
      vertex 62.7607 -46.0793 15.7669
    endloop
  endfacet
  facet normal -0.582448 0.574766 0.574803
    outer loop
      vertex 62.7607 -47.6279 17.3154
      vertex 61.1782 -46.8811 14.9651
      vertex 61.1782 -48.4297 16.5136
    endloop
  endfacet
  facet normal -0.35225 0.661764 0.661807
    outer loop
      vertex 56.0348 -48.8251 13.0211
      vertex 54.2128 -50.8586 14.0847
      vertex 56.0348 -50.3737 14.5696
    endloop
  endfacet
  facet normal -0.35225 0.661764 0.661807
    outer loop
      vertex 54.2128 -50.8586 14.0847
      vertex 56.0348 -48.8251 13.0211
      vertex 54.2128 -49.31 12.5362
    endloop
  endfacet
  facet normal 0.227075 -0.688649 -0.688622
    outer loop
      vertex 36.9501 -10.6189 54.3244
      vertex 38.8461 -8.75776 53.0884
      vertex 38.8461 -10.3063 54.637
    endloop
  endfacet
  facet normal 0.227072 -0.688647 -0.688625
    outer loop
      vertex 38.8461 -8.75776 53.0884
      vertex 36.9501 -10.6189 54.3244
      vertex 36.9501 -9.07035 52.7758
    endloop
  endfacet
  facet normal 0.634416 -0.546605 -0.54657
    outer loop
      vertex 26.5393 -14.2492 50.6941
      vertex 25.0345 -13.574 48.2722
      vertex 26.5393 -12.7007 49.1455
    endloop
  endfacet
  facet normal 0.634416 -0.546605 -0.54657
    outer loop
      vertex 25.0345 -13.574 48.2722
      vertex 26.5393 -14.2492 50.6941
      vertex 25.0345 -15.1225 49.8208
    endloop
  endfacet
  facet normal -0.290292 0.676636 0.676679
    outer loop
      vertex 54.2128 -49.31 12.5362
      vertex 52.3499 -51.2582 13.6851
      vertex 54.2128 -50.8586 14.0847
    endloop
  endfacet
  facet normal -0.290292 0.676636 0.676679
    outer loop
      vertex 52.3499 -51.2582 13.6851
      vertex 54.2128 -49.31 12.5362
      vertex 52.3499 -49.7096 12.1366
    endloop
  endfacet
  facet normal 0.0980422 -0.703707 -0.703693
    outer loop
      vertex 40.7668 -10.0821 54.8612
      vertex 42.7043 -8.39859 53.4476
      vertex 42.7043 -9.94716 54.9962
    endloop
  endfacet
  facet normal 0.0980027 -0.703685 -0.703721
    outer loop
      vertex 42.7043 -8.39859 53.4476
      vertex 40.7668 -10.0821 54.8612
      vertex 40.7668 -8.53352 53.3127
    endloop
  endfacet
  facet normal 0.683581 0.516116 0.516083
    outer loop
      vertex 23.6136 -45.8135 19.1298
      vertex 25.0345 -45.206 16.6402
      vertex 23.6136 -44.265 17.5812
    endloop
  endfacet
  facet normal 0.683619 0.516057 0.516091
    outer loop
      vertex 25.0345 -45.206 16.6402
      vertex 23.6136 -45.8135 19.1298
      vertex 25.0345 -46.7546 18.1887
    endloop
  endfacet
  facet normal 0.973873 -0.160586 -0.160576
    outer loop
      vertex 15.9137 -25.4939 39.4494
      vertex 15.4716 -25.286 36.5602
      vertex 15.9137 -23.9454 37.9008
    endloop
  endfacet
  facet normal 0.973873 -0.160586 -0.160576
    outer loop
      vertex 15.4716 -25.286 36.5602
      vertex 15.9137 -25.4939 39.4494
      vertex 15.4716 -26.8345 38.1088
    endloop
  endfacet
  facet normal -0.683581 -0.516116 -0.516083
    outer loop
      vertex 65.6864 -14.515 47.3312
      vertex 64.2655 -15.1225 49.8208
      vertex 64.2655 -13.574 48.2722
    endloop
  endfacet
  facet normal -0.683581 -0.516116 -0.516083
    outer loop
      vertex 64.2655 -15.1225 49.8208
      vertex 65.6864 -14.515 47.3312
      vertex 65.6864 -16.0635 48.8798
    endloop
  endfacet
  facet normal 0.683581 -0.516116 -0.516083
    outer loop
      vertex 25.0345 -15.1225 49.8208
      vertex 23.6136 -14.515 47.3312
      vertex 25.0345 -13.574 48.2722
    endloop
  endfacet
  facet normal 0.683581 -0.516116 -0.516083
    outer loop
      vertex 23.6136 -14.515 47.3312
      vertex 25.0345 -15.1225 49.8208
      vertex 23.6136 -16.0635 48.8798
    endloop
  endfacet
  facet normal 1.45174e-05 -0.707106 0.707107
    outer loop
      vertex 44.65 -50.4264 11.4198
      vertex 44.65 -8.35355 53.4926
      vertex 42.7043 -8.39859 53.4476
    endloop
  endfacet
  facet normal 1.0937e-05 -0.707107 0.707107
    outer loop
      vertex 42.7043 -50.3814 11.4648
      vertex 42.7043 -8.39859 53.4476
      vertex 40.7668 -8.53352 53.3127
    endloop
  endfacet
  facet normal -1.45174e-05 -0.707106 0.707107
    outer loop
      vertex 44.65 -8.35355 53.4926
      vertex 44.65 -50.4264 11.4198
      vertex 46.5957 -8.39859 53.4476
    endloop
  endfacet
  facet normal -2.18515e-05 -0.707108 0.707106
    outer loop
      vertex 40.7668 -50.2464 11.5997
      vertex 40.7668 -8.53352 53.3127
      vertex 38.8461 -8.75776 53.0884
    endloop
  endfacet
  facet normal -3.89538e-09 -0.707107 0.707107
    outer loop
      vertex 46.5957 -50.3814 11.4648
      vertex 46.5957 -8.39859 53.4476
      vertex 44.65 -50.4264 11.4198
    endloop
  endfacet
  facet normal -3.84248e-06 -0.707106 0.707107
    outer loop
      vertex 38.8461 -50.0222 11.824
      vertex 38.8461 -8.75776 53.0884
      vertex 36.9501 -9.07035 52.7758
    endloop
  endfacet
  facet normal -1.0937e-05 -0.707107 0.707107
    outer loop
      vertex 46.5957 -8.39859 53.4476
      vertex 46.5957 -50.3814 11.4648
      vertex 48.5332 -8.53352 53.3127
    endloop
  endfacet
  facet normal -1.86615e-07 -0.707106 0.707107
    outer loop
      vertex 36.9501 -49.7096 12.1366
      vertex 36.9501 -9.07035 52.7758
      vertex 35.0872 -9.46995 52.3762
    endloop
  endfacet
  facet normal 3.66375e-05 -0.707108 0.707106
    outer loop
      vertex 48.5332 -50.2464 11.5997
      vertex 48.5332 -8.53352 53.3127
      vertex 46.5957 -50.3814 11.4648
    endloop
  endfacet
  facet normal 3.64476e-06 -0.707106 0.707107
    outer loop
      vertex 35.0872 -49.31 12.5362
      vertex 35.0872 -9.46995 52.3762
      vertex 33.2652 -9.95486 51.8913
    endloop
  endfacet
  facet normal 2.18515e-05 -0.707108 0.707106
    outer loop
      vertex 48.5332 -8.53352 53.3127
      vertex 48.5332 -50.2464 11.5997
      vertex 50.4539 -8.75776 53.0884
    endloop
  endfacet
  facet normal 1.5717e-05 -0.707106 0.707107
    outer loop
      vertex 33.2652 -48.8251 13.0211
      vertex 33.2652 -9.95486 51.8913
      vertex 31.4919 -10.523 51.3232
    endloop
  endfacet
  facet normal -3.68951e-05 -0.707106 0.707107
    outer loop
      vertex 50.4539 -50.0222 11.824
      vertex 50.4539 -8.75776 53.0884
      vertex 48.5332 -50.2464 11.5997
    endloop
  endfacet
  facet normal 0 -0.707107 0.707107
    outer loop
      vertex 31.4919 -48.257 13.5892
      vertex 31.4919 -10.523 51.3232
      vertex 29.775 -11.1719 50.6743
    endloop
  endfacet
  facet normal 3.84248e-06 -0.707106 0.707107
    outer loop
      vertex 50.4539 -8.75776 53.0884
      vertex 50.4539 -50.0222 11.824
      vertex 52.3499 -9.07035 52.7758
    endloop
  endfacet
  facet normal -4.2772e-05 -0.707107 0.707107
    outer loop
      vertex 29.775 -47.6081 14.2381
      vertex 29.775 -11.1719 50.6743
      vertex 28.1218 -11.8988 49.9473
    endloop
  endfacet
  facet normal -1.43437e-07 -0.707106 0.707107
    outer loop
      vertex 52.3499 -49.7096 12.1366
      vertex 52.3499 -9.07035 52.7758
      vertex 50.4539 -50.0222 11.824
    endloop
  endfacet
  facet normal 4.36587e-05 -0.707106 0.707108
    outer loop
      vertex 28.1218 -46.8811 14.9651
      vertex 28.1218 -11.8988 49.9473
      vertex 26.5393 -12.7007 49.1455
    endloop
  endfacet
  facet normal 1.86615e-07 -0.707106 0.707107
    outer loop
      vertex 52.3499 -9.07035 52.7758
      vertex 52.3499 -49.7096 12.1366
      vertex 54.2128 -9.46995 52.3762
    endloop
  endfacet
  facet normal 0 -0.707107 0.707107
    outer loop
      vertex 26.5393 -46.0793 15.7669
      vertex 26.5393 -12.7007 49.1455
      vertex 25.0345 -13.574 48.2722
    endloop
  endfacet
  facet normal -1.90358e-07 -0.707106 0.707107
    outer loop
      vertex 54.2128 -49.31 12.5362
      vertex 54.2128 -9.46995 52.3762
      vertex 52.3499 -49.7096 12.1366
    endloop
  endfacet
  facet normal 3.57713e-15 -0.707107 0.707107
    outer loop
      vertex 25.0345 -45.206 16.6402
      vertex 25.0345 -13.574 48.2722
      vertex 23.6136 -14.515 47.3312
    endloop
  endfacet
  facet normal -3.64476e-06 -0.707106 0.707107
    outer loop
      vertex 54.2128 -9.46995 52.3762
      vertex 54.2128 -49.31 12.5362
      vertex 56.0348 -9.95486 51.8913
    endloop
  endfacet
  facet normal 0 -0.707107 0.707107
    outer loop
      vertex 23.6136 -44.265 17.5812
      vertex 23.6136 -14.515 47.3312
      vertex 22.2828 -15.5197 46.3265
    endloop
  endfacet
  facet normal -1.93656e-07 -0.707106 0.707107
    outer loop
      vertex 56.0348 -48.8251 13.0211
      vertex 56.0348 -9.95486 51.8913
      vertex 54.2128 -49.31 12.5362
    endloop
  endfacet
  facet normal -2.34627e-15 -0.707107 0.707107
    outer loop
      vertex 22.2828 -43.2603 18.5859
      vertex 22.2828 -15.5197 46.3265
      vertex 21.0477 -16.5838 45.2624
    endloop
  endfacet
  facet normal -1.5717e-05 -0.707106 0.707107
    outer loop
      vertex 56.0348 -9.95486 51.8913
      vertex 56.0348 -48.8251 13.0211
      vertex 57.8081 -10.523 51.3232
    endloop
  endfacet
  facet normal 2.72453e-06 -0.707108 0.707105
    outer loop
      vertex 21.0477 -42.1961 19.65
      vertex 21.0477 -16.5838 45.2624
      vertex 19.9138 -17.7028 44.1434
    endloop
  endfacet
  facet normal 7.50862e-16 -0.707107 0.707107
    outer loop
      vertex 57.8081 -48.257 13.5892
      vertex 57.8081 -10.523 51.3232
      vertex 56.0348 -48.8251 13.0211
    endloop
  endfacet
  facet normal 3.34518e-15 -0.707107 0.707107
    outer loop
      vertex 19.9138 -41.0772 20.769
      vertex 19.9138 -17.7028 44.1434
      vertex 18.8857 -18.8718 42.9744
    endloop
  endfacet
  facet normal -1.51228e-15 -0.707107 0.707107
    outer loop
      vertex 57.8081 -10.523 51.3232
      vertex 57.8081 -48.257 13.5892
      vertex 59.525 -11.1719 50.6743
    endloop
  endfacet
  facet normal -6.24618e-15 -0.707107 0.707107
    outer loop
      vertex 18.8857 -39.9082 21.938
      vertex 18.8857 -18.8718 42.9744
      vertex 17.968 -20.0858 41.7604
    endloop
  endfacet
  facet normal -7.22836e-16 -0.707107 0.707107
    outer loop
      vertex 59.525 -47.6081 14.2381
      vertex 59.525 -11.1719 50.6743
      vertex 57.8081 -48.257 13.5892
    endloop
  endfacet
  facet normal 5.37718e-15 -0.707107 0.707107
    outer loop
      vertex 17.968 -38.6942 23.152
      vertex 17.968 -20.0858 41.7604
      vertex 17.1646 -21.3397 40.5065
    endloop
  endfacet
  facet normal 4.2772e-05 -0.707107 0.707107
    outer loop
      vertex 59.525 -11.1719 50.6743
      vertex 59.525 -47.6081 14.2381
      vertex 61.1782 -11.8988 49.9473
    endloop
  endfacet
  facet normal -0.000103107 -0.707107 0.707107
    outer loop
      vertex 17.1646 -37.4403 24.4059
      vertex 17.1646 -21.3397 40.5065
      vertex 16.4788 -22.628 39.2181
    endloop
  endfacet
  facet normal -8.88886e-07 -0.707106 0.707108
    outer loop
      vertex 61.1782 -46.8811 14.9651
      vertex 61.1782 -11.8988 49.9473
      vertex 59.525 -47.6081 14.2381
    endloop
  endfacet
  facet normal 0.000102895 -0.707102 0.707112
    outer loop
      vertex 17.1646 -37.4403 24.4059
      vertex 16.4788 -22.628 39.2181
      vertex 15.9137 -23.9454 37.9008
    endloop
  endfacet
  facet normal -4.36587e-05 -0.707106 0.707108
    outer loop
      vertex 61.1782 -11.8988 49.9473
      vertex 61.1782 -46.8811 14.9651
      vertex 62.7607 -12.7007 49.1455
    endloop
  endfacet
  facet normal 7.88841e-15 -0.707107 0.707107
    outer loop
      vertex 17.1646 -37.4403 24.4059
      vertex 15.9137 -23.9454 37.9008
      vertex 15.4716 -25.286 36.5602
    endloop
  endfacet
  facet normal -9.51181e-17 -0.707107 0.707107
    outer loop
      vertex 62.7607 -46.0793 15.7669
      vertex 62.7607 -12.7007 49.1455
      vertex 61.1782 -46.8811 14.9651
    endloop
  endfacet
  facet normal -6.53189e-15 -0.707107 0.707107
    outer loop
      vertex 17.1646 -37.4403 24.4059
      vertex 15.4716 -25.286 36.5602
      vertex 15.1545 -26.6442 35.202
    endloop
  endfacet
  facet normal 3.89538e-09 -0.707107 0.707107
    outer loop
      vertex 42.7043 -8.39859 53.4476
      vertex 42.7043 -50.3814 11.4648
      vertex 44.65 -50.4264 11.4198
    endloop
  endfacet
  facet normal -4.17514e-15 -0.707107 0.707107
    outer loop
      vertex 17.1646 -37.4403 24.4059
      vertex 15.1545 -26.6442 35.202
      vertex 14.9637 -28.0141 33.8321
    endloop
  endfacet
  facet normal 1.0003e-16 -0.707107 0.707107
    outer loop
      vertex 62.7607 -12.7007 49.1455
      vertex 62.7607 -46.0793 15.7669
      vertex 64.2655 -13.574 48.2722
    endloop
  endfacet
  facet normal 1.10769e-14 -0.707107 0.707107
    outer loop
      vertex 17.1646 -37.4403 24.4059
      vertex 14.9637 -28.0141 33.8321
      vertex 14.9 -29.39 32.4562
    endloop
  endfacet
  facet normal -1.05553e-16 -0.707107 0.707107
    outer loop
      vertex 64.2655 -45.206 16.6402
      vertex 64.2655 -13.574 48.2722
      vertex 62.7607 -46.0793 15.7669
    endloop
  endfacet
  facet normal -5.79096e-15 -0.707107 0.707107
    outer loop
      vertex 17.1646 -37.4403 24.4059
      vertex 14.9 -29.39 32.4562
      vertex 14.9637 -30.7658 31.0804
    endloop
  endfacet
  facet normal -2.57106e-15 -0.707107 0.707107
    outer loop
      vertex 64.2655 -13.574 48.2722
      vertex 64.2655 -45.206 16.6402
      vertex 65.6864 -14.515 47.3312
    endloop
  endfacet
  facet normal 8.65393e-15 -0.707107 0.707107
    outer loop
      vertex 17.1646 -37.4403 24.4059
      vertex 14.9637 -30.7658 31.0804
      vertex 15.1545 -32.1358 29.7104
    endloop
  endfacet
  facet normal 1.84228e-15 -0.707107 0.707107
    outer loop
      vertex 65.6864 -44.265 17.5812
      vertex 65.6864 -14.515 47.3312
      vertex 64.2655 -45.206 16.6402
    endloop
  endfacet
  facet normal -9.58779e-15 -0.707107 0.707107
    outer loop
      vertex 17.1646 -37.4403 24.4059
      vertex 15.1545 -32.1358 29.7104
      vertex 15.4716 -33.494 28.3522
    endloop
  endfacet
  facet normal -6.3452e-17 -0.707107 0.707107
    outer loop
      vertex 65.6864 -14.515 47.3312
      vertex 65.6864 -44.265 17.5812
      vertex 67.0172 -15.5197 46.3265
    endloop
  endfacet
  facet normal 5.73567e-14 -0.707107 0.707107
    outer loop
      vertex 16.4788 -36.1519 25.6943
      vertex 15.4716 -33.494 28.3522
      vertex 15.9137 -34.8346 27.0116
    endloop
  endfacet
  facet normal 6.80482e-17 -0.707107 0.707107
    outer loop
      vertex 67.0172 -43.2603 18.5859
      vertex 67.0172 -15.5197 46.3265
      vertex 65.6864 -44.265 17.5812
    endloop
  endfacet
  facet normal -1.91361e-14 -0.707107 0.707107
    outer loop
      vertex 17.1646 -37.4403 24.4059
      vertex 15.4716 -33.494 28.3522
      vertex 16.4788 -36.1519 25.6943
    endloop
  endfacet
  facet normal 1.90634e-15 -0.707107 0.707107
    outer loop
      vertex 67.0172 -15.5197 46.3265
      vertex 67.0172 -43.2603 18.5859
      vertex 68.2523 -16.5838 45.2624
    endloop
  endfacet
  facet normal -6.21472e-15 -0.707107 0.707107
    outer loop
      vertex 17.1646 -21.3397 40.5065
      vertex 17.1646 -37.4403 24.4059
      vertex 17.968 -38.6942 23.152
    endloop
  endfacet
  facet normal 5.96297e-05 -0.707108 0.707105
    outer loop
      vertex 68.2523 -42.1961 19.65
      vertex 68.2523 -16.5838 45.2624
      vertex 67.0172 -43.2603 18.5859
    endloop
  endfacet
  facet normal 2.35372e-15 -0.707107 0.707107
    outer loop
      vertex 17.968 -20.0858 41.7604
      vertex 17.968 -38.6942 23.152
      vertex 18.8857 -39.9082 21.938
    endloop
  endfacet
  facet normal -6.23606e-05 -0.707107 0.707107
    outer loop
      vertex 69.3862 -41.0772 20.769
      vertex 69.3862 -17.7028 44.1434
      vertex 68.2523 -42.1961 19.65
    endloop
  endfacet
  facet normal 1.85848e-15 -0.707107 0.707107
    outer loop
      vertex 18.8857 -18.8718 42.9744
      vertex 18.8857 -39.9082 21.938
      vertex 19.9138 -41.0772 20.769
    endloop
  endfacet
  facet normal -2.50888e-15 -0.707107 0.707107
    outer loop
      vertex 69.3862 -17.7028 44.1434
      vertex 69.3862 -41.0772 20.769
      vertex 70.4143 -18.8718 42.9744
    endloop
  endfacet
  facet normal 6.23606e-05 -0.707107 0.707107
    outer loop
      vertex 19.9138 -17.7028 44.1434
      vertex 19.9138 -41.0772 20.769
      vertex 21.0477 -42.1961 19.65
    endloop
  endfacet
  facet normal -3.66375e-05 -0.707108 0.707106
    outer loop
      vertex 40.7668 -8.53352 53.3127
      vertex 40.7668 -50.2464 11.5997
      vertex 42.7043 -50.3814 11.4648
    endloop
  endfacet
  facet normal -5.96297e-05 -0.707108 0.707105
    outer loop
      vertex 21.0477 -16.5838 45.2624
      vertex 21.0477 -42.1961 19.65
      vertex 22.2828 -43.2603 18.5859
    endloop
  endfacet
  facet normal -2.3231e-15 -0.707107 0.707107
    outer loop
      vertex 70.4143 -39.9082 21.938
      vertex 70.4143 -18.8718 42.9744
      vertex 69.3862 -41.0772 20.769
    endloop
  endfacet
  facet normal 0 -0.707107 0.707107
    outer loop
      vertex 22.2828 -15.5197 46.3265
      vertex 22.2828 -43.2603 18.5859
      vertex 23.6136 -44.265 17.5812
    endloop
  endfacet
  facet normal 5.20515e-15 -0.707107 0.707107
    outer loop
      vertex 70.4143 -18.8718 42.9744
      vertex 70.4143 -39.9082 21.938
      vertex 71.332 -20.0858 41.7604
    endloop
  endfacet
  facet normal -1.90171e-15 -0.707107 0.707107
    outer loop
      vertex 23.6136 -14.515 47.3312
      vertex 23.6136 -44.265 17.5812
      vertex 25.0345 -45.206 16.6402
    endloop
  endfacet
  facet normal 3.68951e-05 -0.707106 0.707107
    outer loop
      vertex 38.8461 -8.75776 53.0884
      vertex 38.8461 -50.0222 11.824
      vertex 40.7668 -50.2464 11.5997
    endloop
  endfacet
  facet normal 0 -0.707107 0.707107
    outer loop
      vertex 25.0345 -13.574 48.2722
      vertex 25.0345 -45.206 16.6402
      vertex 26.5393 -46.0793 15.7669
    endloop
  endfacet
  facet normal 3.30157e-15 -0.707107 0.707107
    outer loop
      vertex 72.1354 -37.4403 24.4059
      vertex 72.1354 -21.3397 40.5065
      vertex 71.332 -38.6942 23.152
    endloop
  endfacet
  facet normal 3.04378e-15 -0.707107 0.707107
    outer loop
      vertex 26.5393 -12.7007 49.1455
      vertex 26.5393 -46.0793 15.7669
      vertex 28.1218 -46.8811 14.9651
    endloop
  endfacet
  facet normal 8.88886e-07 -0.707106 0.707108
    outer loop
      vertex 28.1218 -11.8988 49.9473
      vertex 28.1218 -46.8811 14.9651
      vertex 29.775 -47.6081 14.2381
    endloop
  endfacet
  facet normal 2.57008e-15 -0.707107 0.707107
    outer loop
      vertex 29.775 -11.1719 50.6743
      vertex 29.775 -47.6081 14.2381
      vertex 31.4919 -48.257 13.5892
    endloop
  endfacet
  facet normal 5.74082e-15 -0.707107 0.707107
    outer loop
      vertex 74.1455 -26.6442 35.202
      vertex 72.1354 -37.4403 24.4059
      vertex 74.3363 -28.0141 33.8321
    endloop
  endfacet
  facet normal -2.40276e-15 -0.707107 0.707107
    outer loop
      vertex 31.4919 -10.523 51.3232
      vertex 31.4919 -48.257 13.5892
      vertex 33.2652 -48.8251 13.0211
    endloop
  endfacet
  facet normal 1.67441e-14 -0.707107 0.707107
    outer loop
      vertex 73.8284 -33.494 28.3522
      vertex 72.1354 -37.4403 24.4059
      vertex 72.8212 -36.1519 25.6943
    endloop
  endfacet
  facet normal 1.93656e-07 -0.707106 0.707107
    outer loop
      vertex 33.2652 -9.95486 51.8913
      vertex 33.2652 -48.8251 13.0211
      vertex 35.0872 -49.31 12.5362
    endloop
  endfacet
  facet normal -5.73567e-14 -0.707107 0.707107
    outer loop
      vertex 73.8284 -33.494 28.3522
      vertex 72.8212 -36.1519 25.6943
      vertex 73.3863 -34.8346 27.0116
    endloop
  endfacet
  facet normal 1.90358e-07 -0.707106 0.707107
    outer loop
      vertex 35.0872 -9.46995 52.3762
      vertex 35.0872 -49.31 12.5362
      vertex 36.9501 -49.7096 12.1366
    endloop
  endfacet
  facet normal 9.58779e-15 -0.707107 0.707107
    outer loop
      vertex 74.1455 -32.1358 29.7104
      vertex 72.1354 -37.4403 24.4059
      vertex 73.8284 -33.494 28.3522
    endloop
  endfacet
  facet normal 1.43437e-07 -0.707106 0.707107
    outer loop
      vertex 36.9501 -9.07035 52.7758
      vertex 36.9501 -49.7096 12.1366
      vertex 38.8461 -50.0222 11.824
    endloop
  endfacet
  facet normal -1.00963e-14 -0.707107 0.707107
    outer loop
      vertex 74.3363 -30.7658 31.0804
      vertex 72.1354 -37.4403 24.4059
      vertex 74.1455 -32.1358 29.7104
    endloop
  endfacet
  facet normal 0.000103107 -0.707107 0.707107
    outer loop
      vertex 72.1354 -21.3397 40.5065
      vertex 72.1354 -37.4403 24.4059
      vertex 72.8212 -22.628 39.2181
    endloop
  endfacet
  facet normal 6.27354e-15 -0.707107 0.707107
    outer loop
      vertex 74.4 -29.39 32.4562
      vertex 72.1354 -37.4403 24.4059
      vertex 74.3363 -30.7658 31.0804
    endloop
  endfacet
  facet normal 4.49067e-15 -0.707107 0.707107
    outer loop
      vertex 73.8284 -25.286 36.5602
      vertex 72.1354 -37.4403 24.4059
      vertex 74.1455 -26.6442 35.202
    endloop
  endfacet
  facet normal -1.21154e-14 -0.707107 0.707107
    outer loop
      vertex 74.3363 -28.0141 33.8321
      vertex 72.1354 -37.4403 24.4059
      vertex 74.4 -29.39 32.4562
    endloop
  endfacet
  facet normal -8.54578e-15 -0.707107 0.707107
    outer loop
      vertex 73.3863 -23.9454 37.9008
      vertex 72.1354 -37.4403 24.4059
      vertex 73.8284 -25.286 36.5602
    endloop
  endfacet
  facet normal -0.000102895 -0.707102 0.707112
    outer loop
      vertex 72.8212 -22.628 39.2181
      vertex 72.1354 -37.4403 24.4059
      vertex 73.3863 -23.9454 37.9008
    endloop
  endfacet
  facet normal -5.88129e-15 -0.707107 0.707107
    outer loop
      vertex 71.332 -20.0858 41.7604
      vertex 71.332 -38.6942 23.152
      vertex 72.1354 -21.3397 40.5065
    endloop
  endfacet
  facet normal -3.08926e-15 -0.707107 0.707107
    outer loop
      vertex 71.332 -38.6942 23.152
      vertex 71.332 -20.0858 41.7604
      vertex 70.4143 -39.9082 21.938
    endloop
  endfacet
  facet normal -2.72453e-06 -0.707108 0.707105
    outer loop
      vertex 68.2523 -16.5838 45.2624
      vertex 68.2523 -42.1961 19.65
      vertex 69.3862 -17.7028 44.1434
    endloop
  endfacet
  facet normal 0.471389 0.623636 0.623595
    outer loop
      vertex 31.4919 -49.8055 15.1378
      vertex 29.775 -47.6081 14.2381
      vertex 29.775 -49.1566 15.7867
    endloop
  endfacet
  facet normal 0.471389 0.623636 0.623595
    outer loop
      vertex 29.775 -47.6081 14.2381
      vertex 31.4919 -49.8055 15.1378
      vertex 31.4919 -48.257 13.5892
    endloop
  endfacet
  facet normal 0.35225 0.661764 0.661807
    outer loop
      vertex 35.0872 -50.8586 14.0847
      vertex 33.2652 -48.8251 13.0211
      vertex 33.2652 -50.3737 14.5696
    endloop
  endfacet
  facet normal 0.35225 0.661764 0.661807
    outer loop
      vertex 33.2652 -48.8251 13.0211
      vertex 35.0872 -50.8586 14.0847
      vertex 35.0872 -49.31 12.5362
    endloop
  endfacet
  facet normal -0.999465 -0.0231353 -0.0231368
    outer loop
      vertex 74.4 -29.39 32.4562
      vertex 74.3363 -29.5627 35.3806
      vertex 74.3363 -28.0141 33.8321
    endloop
  endfacet
  facet normal -0.999465 -0.0231385 -0.023137
    outer loop
      vertex 74.3363 -29.5627 35.3806
      vertex 74.4 -29.39 32.4562
      vertex 74.4 -30.9385 34.0048
    endloop
  endfacet
  facet normal 0.528055 -0.600463 -0.600502
    outer loop
      vertex 28.1218 -13.4474 51.4959
      vertex 29.775 -11.1719 50.6743
      vertex 29.775 -12.7205 52.2228
    endloop
  endfacet
  facet normal 0.528081 -0.600471 -0.600471
    outer loop
      vertex 29.775 -11.1719 50.6743
      vertex 28.1218 -13.4474 51.4959
      vertex 28.1218 -11.8988 49.9473
    endloop
  endfacet
  facet normal 0.881917 -0.333345 -0.333323
    outer loop
      vertex 18.8857 -20.4203 44.523
      vertex 17.968 -20.0858 41.7604
      vertex 18.8857 -18.8718 42.9744
    endloop
  endfacet
  facet normal 0.881933 -0.333302 -0.333323
    outer loop
      vertex 17.968 -20.0858 41.7604
      vertex 18.8857 -20.4203 44.523
      vertex 17.968 -21.6344 43.3089
    endloop
  endfacet
  facet normal -0.227075 0.688613 0.688657
    outer loop
      vertex 50.4539 -50.0222 11.824
      vertex 52.3499 -51.2582 13.6851
      vertex 52.3499 -49.7096 12.1366
    endloop
  endfacet
  facet normal -0.227075 0.688613 0.688657
    outer loop
      vertex 52.3499 -51.2582 13.6851
      vertex 50.4539 -50.0222 11.824
      vertex 50.4539 -51.5708 13.3725
    endloop
  endfacet
  facet normal -0.634416 -0.546605 -0.54657
    outer loop
      vertex 64.2655 -13.574 48.2722
      vertex 62.7607 -14.2492 50.6941
      vertex 62.7607 -12.7007 49.1455
    endloop
  endfacet
  facet normal -0.634416 -0.546605 -0.54657
    outer loop
      vertex 62.7607 -14.2492 50.6941
      vertex 64.2655 -13.574 48.2722
      vertex 64.2655 -15.1225 49.8208
    endloop
  endfacet
  facet normal 0.910876 -0.291799 -0.291818
    outer loop
      vertex 17.968 -21.6344 43.3089
      vertex 17.1646 -21.3397 40.5065
      vertex 17.968 -20.0858 41.7604
    endloop
  endfacet
  facet normal 0.91087 -0.291818 -0.291818
    outer loop
      vertex 17.1646 -21.3397 40.5065
      vertex 17.968 -21.6344 43.3089
      vertex 17.1646 -22.8883 42.0551
    endloop
  endfacet
  facet normal -0.35225 -0.661796 -0.661775
    outer loop
      vertex 54.2128 -9.46995 52.3762
      vertex 56.0348 -11.5034 53.4399
      vertex 54.2128 -11.0185 53.9248
    endloop
  endfacet
  facet normal -0.352253 -0.661797 -0.661772
    outer loop
      vertex 56.0348 -11.5034 53.4399
      vertex 54.2128 -9.46995 52.3762
      vertex 56.0348 -9.95486 51.8913
    endloop
  endfacet
  facet normal 0.0327629 0.70675 0.706704
    outer loop
      vertex 44.65 -51.975 12.9683
      vertex 42.7043 -50.3814 11.4648
      vertex 42.7043 -51.9299 13.0134
    endloop
  endfacet
  facet normal 0.0326903 0.706706 0.706752
    outer loop
      vertex 42.7043 -50.3814 11.4648
      vertex 44.65 -51.975 12.9683
      vertex 44.65 -50.4264 11.4198
    endloop
  endfacet
  facet normal 0.812873 -0.411835 -0.411862
    outer loop
      vertex 21.0477 -18.1324 46.8109
      vertex 19.9138 -17.7028 44.1434
      vertex 21.0477 -16.5838 45.2624
    endloop
  endfacet
  facet normal 0.812848 -0.411886 -0.411859
    outer loop
      vertex 19.9138 -17.7028 44.1434
      vertex 21.0477 -18.1324 46.8109
      vertex 19.9138 -19.2513 45.692
    endloop
  endfacet
  facet normal -0.471446 -0.623614 -0.623574
    outer loop
      vertex 57.8081 -10.523 51.3232
      vertex 59.525 -12.7205 52.2228
      vertex 57.8081 -12.0715 52.8718
    endloop
  endfacet
  facet normal -0.471389 -0.623595 -0.623636
    outer loop
      vertex 59.525 -12.7205 52.2228
      vertex 57.8081 -10.523 51.3232
      vertex 59.525 -11.1719 50.6743
    endloop
  endfacet
  facet normal -0.528055 -0.600463 -0.600502
    outer loop
      vertex 59.525 -11.1719 50.6743
      vertex 61.1782 -13.4474 51.4959
      vertex 59.525 -12.7205 52.2228
    endloop
  endfacet
  facet normal -0.528081 -0.600471 -0.600471
    outer loop
      vertex 61.1782 -13.4474 51.4959
      vertex 59.525 -11.1719 50.6743
      vertex 61.1782 -11.8988 49.9473
    endloop
  endfacet
  facet normal -0.956946 -0.205249 -0.205249
    outer loop
      vertex 73.3863 -23.9454 37.9008
      vertex 72.8212 -24.1766 40.7667
      vertex 72.8212 -22.628 39.2181
    endloop
  endfacet
  facet normal -0.956943 -0.205263 -0.20525
    outer loop
      vertex 72.8212 -24.1766 40.7667
      vertex 73.3863 -23.9454 37.9008
      vertex 73.3863 -25.4939 39.4494
    endloop
  endfacet
  facet normal -0.412683 -0.644098 -0.644073
    outer loop
      vertex 56.0348 -9.95486 51.8913
      vertex 57.8081 -12.0715 52.8718
      vertex 56.0348 -11.5034 53.4399
    endloop
  endfacet
  facet normal -0.412695 -0.644103 -0.644061
    outer loop
      vertex 57.8081 -12.0715 52.8718
      vertex 56.0348 -9.95486 51.8913
      vertex 57.8081 -10.523 51.3232
    endloop
  endfacet
  facet normal -0.986645 -0.11518 -0.115173
    outer loop
      vertex 74.1455 -26.6442 35.202
      vertex 73.8284 -26.8345 38.1088
      vertex 73.8284 -25.286 36.5602
    endloop
  endfacet
  facet normal -0.986645 -0.11518 -0.115173
    outer loop
      vertex 73.8284 -26.8345 38.1088
      vertex 74.1455 -26.6442 35.202
      vertex 74.1455 -28.1927 36.7506
    endloop
  endfacet
  facet normal 0.290292 0.676636 0.676679
    outer loop
      vertex 36.9501 -51.2582 13.6851
      vertex 35.0872 -49.31 12.5362
      vertex 35.0872 -50.8586 14.0847
    endloop
  endfacet
  facet normal 0.290292 0.676636 0.676679
    outer loop
      vertex 35.0872 -49.31 12.5362
      vertex 36.9501 -51.2582 13.6851
      vertex 36.9501 -49.7096 12.1366
    endloop
  endfacet
  facet normal 0.772988 -0.448589 -0.448618
    outer loop
      vertex 22.2828 -17.0683 47.875
      vertex 21.0477 -16.5838 45.2624
      vertex 22.2828 -15.5197 46.3265
    endloop
  endfacet
  facet normal 0.772988 -0.448589 -0.448618
    outer loop
      vertex 21.0477 -16.5838 45.2624
      vertex 22.2828 -17.0683 47.875
      vertex 21.0477 -18.1324 46.8109
    endloop
  endfacet
  facet normal -0.881917 -0.333345 -0.333323
    outer loop
      vertex 71.332 -20.0858 41.7604
      vertex 70.4143 -20.4203 44.523
      vertex 70.4143 -18.8718 42.9744
    endloop
  endfacet
  facet normal -0.881933 -0.333302 -0.333323
    outer loop
      vertex 70.4143 -20.4203 44.523
      vertex 71.332 -20.0858 41.7604
      vertex 71.332 -21.6344 43.3089
    endloop
  endfacet
  facet normal -0.849187 -0.373429 -0.373405
    outer loop
      vertex 70.4143 -18.8718 42.9744
      vertex 69.3862 -19.2513 45.692
      vertex 69.3862 -17.7028 44.1434
    endloop
  endfacet
  facet normal -0.849187 -0.373429 -0.373405
    outer loop
      vertex 69.3862 -19.2513 45.692
      vertex 70.4143 -18.8718 42.9744
      vertex 70.4143 -20.4203 44.523
    endloop
  endfacet
  facet normal -0.729859 -0.483392 -0.483361
    outer loop
      vertex 67.0172 -15.5197 46.3265
      vertex 65.6864 -16.0635 48.8798
      vertex 65.6864 -14.515 47.3312
    endloop
  endfacet
  facet normal -0.729893 -0.483335 -0.483366
    outer loop
      vertex 65.6864 -16.0635 48.8798
      vertex 67.0172 -15.5197 46.3265
      vertex 67.0172 -17.0683 47.875
    endloop
  endfacet
  facet normal 0.375701 -0.0696469 0.92412
    outer loop
      vertex 27.6993 -49.4828 16.606
      vertex 29.3525 -50.2098 15.8791
      vertex 28.1218 -48.4297 16.5136
    endloop
  endfacet
  facet normal 0.680878 -0.350821 0.642907
    outer loop
      vertex 15.1482 -37.1201 28.9687
      vertex 15.7133 -38.4374 27.6514
      vertex 16.4788 -37.7005 27.2428
    endloop
  endfacet
  facet normal 0.552152 0.833744 0
    outer loop
      vertex 23.0667 -46.7992 19.2897
      vertex 24.4876 -47.7402 18.3486
      vertex 23.0667 -46.7992 19.2896
    endloop
  endfacet
  facet normal 0.293659 -0.0386455 0.955129
    outer loop
      vertex 31.4919 -49.8055 15.1378
      vertex 32.935 -51.4617 14.6271
      vertex 33.2652 -50.3737 14.5696
    endloop
  endfacet
  facet normal 0.549974 -0.177704 0.816058
    outer loop
      vertex 20.4293 -44.6763 21.4125
      vertex 21.6644 -45.7404 20.3484
      vertex 21.0477 -43.7447 21.1986
    endloop
  endfacet
  facet normal -0.375701 -0.0696469 0.92412
    outer loop
      vertex 59.9475 -50.2098 15.8791
      vertex 61.6007 -49.4828 16.606
      vertex 61.1782 -48.4297 16.5136
    endloop
  endfacet
  facet normal 0.375707 -0.0696426 0.924118
    outer loop
      vertex 28.1218 -48.4297 16.5136
      vertex 29.3525 -50.2098 15.8791
      vertex 29.775 -49.1566 15.7867
    endloop
  endfacet
  facet normal -0.648087 -0.289254 0.704497
    outer loop
      vertex 71.332 -40.2427 24.7006
      vertex 72.8641 -39.7951 26.2938
      vertex 72.1354 -38.9888 25.9545
    endloop
  endfacet
  facet normal -0.657452 -0.30406 0.689424
    outer loop
      vertex 72.1354 -38.9888 25.9545
      vertex 72.8641 -39.7951 26.2938
      vertex 72.8841 -39.7608 26.328
    endloop
  endfacet
  facet normal 0.638594 -0.274571 0.718894
    outer loop
      vertex 17.2394 -41.0489 25.0399
      vertex 17.2625 -41.0821 25.0067
      vertex 17.968 -40.2427 24.7006
    endloop
  endfacet
  facet normal -0.335398 -0.0531586 0.940576
    outer loop
      vertex 57.8081 -49.8055 15.1378
      vertex 59.9021 -50.2283 15.8606
      vertex 59.525 -49.1566 15.7867
    endloop
  endfacet
  facet normal 0.161567 -0.00689298 0.986838
    outer loop
      vertex 36.9501 -51.2582 13.6851
      vertex 38.6644 -52.6944 13.3944
      vertex 38.8461 -51.5708 13.3725
    endloop
  endfacet
  facet normal -0.519263 -0.840807 0.153004
    outer loop
      vertex 66.2703 -16.2496 49.8392
      vertex 67.0172 -17.0683 47.875
      vertex 67.6011 -17.2543 48.8345
    endloop
  endfacet
  facet normal 0.140143 -0.990126 0.00336441
    outer loop
      vertex 38.6644 -10.3282 55.7606
      vertex 38.8461 -10.3063 54.637
      vertex 38.7158 -10.3209 55.7679
    endloop
  endfacet
  facet normal 0.519263 -0.153004 0.840807
    outer loop
      vertex 22.2828 -44.8088 20.1345
      vertex 23.0297 -46.773 19.3158
      vertex 23.6136 -45.8135 19.1298
    endloop
  endfacet
  facet normal 0.549974 -0.177704 0.816058
    outer loop
      vertex 21.0477 -43.7447 21.1986
      vertex 21.6644 -45.7404 20.3484
      vertex 22.2828 -44.8088 20.1345
    endloop
  endfacet
  facet normal -0.293637 -0.955137 0.0386115
    outer loop
      vertex 56.365 -11.5609 54.5279
      vertex 57.8081 -12.0715 52.8718
      vertex 58.1382 -12.129 53.9598
    endloop
  endfacet
  facet normal -0.0233105 0.00596303 0.99971
    outer loop
      vertex 44.6762 -53.1131 12.9757
      vertex 46.6219 -53.0681 13.0208
      vertex 46.5957 -51.9299 13.0134
    endloop
  endfacet
  facet normal 0.578318 -0.203916 0.789916
    outer loop
      vertex 19.2635 -43.528 22.5608
      vertex 21.0477 -43.7447 21.1986
      vertex 19.9138 -42.6258 22.3176
    endloop
  endfacet
  facet normal 0.313838 -0.0451209 0.948404
    outer loop
      vertex 31.1148 -50.8772 15.2116
      vertex 31.1617 -50.8936 15.1953
      vertex 31.4919 -49.8055 15.1378
    endloop
  endfacet
  facet normal 0.414446 -0.0878766 0.905821
    outer loop
      vertex 26.0734 -48.6604 17.4284
      vertex 27.6558 -49.4623 16.6266
      vertex 26.5393 -47.6279 17.3154
    endloop
  endfacet
  facet normal 0.615886 -0.244635 0.748891
    outer loop
      vertex 18.1802 -42.2962 23.7926
      vertex 18.2064 -42.3282 23.7606
      vertex 18.8857 -41.4568 23.4866
    endloop
  endfacet
  facet normal 0.451387 -0.107932 0.885777
    outer loop
      vertex 24.527 -47.7646 18.3242
      vertex 26.0319 -48.6379 17.4509
      vertex 26.5393 -47.6279 17.3154
    endloop
  endfacet
  facet normal 0.565535 -0.191203 0.802254
    outer loop
      vertex 20.3975 -44.647 21.4419
      vertex 20.4293 -44.6763 21.4125
      vertex 21.0477 -43.7447 21.1986
    endloop
  endfacet
  facet normal -0.519318 -0.840779 0.152972
    outer loop
      vertex 66.2703 -16.2496 49.8392
      vertex 65.6864 -16.0635 48.8798
      vertex 67.0172 -17.0683 47.875
    endloop
  endfacet
  facet normal -0.355348 -0.0607173 0.93276
    outer loop
      vertex 59.525 -49.1566 15.7867
      vertex 59.9021 -50.2283 15.8606
      vertex 59.9475 -50.2098 15.8791
    endloop
  endfacet
  facet normal 0.648087 -0.289254 0.704497
    outer loop
      vertex 16.4359 -39.7951 26.2938
      vertex 17.968 -40.2427 24.7006
      vertex 17.1646 -38.9888 25.9545
    endloop
  endfacet
  facet normal 0.6481 -0.28922 0.704499
    outer loop
      vertex 16.4359 -39.7951 26.2938
      vertex 17.2394 -41.0489 25.0399
      vertex 17.968 -40.2427 24.7006
    endloop
  endfacet
  facet normal -0.375707 -0.0696426 0.924118
    outer loop
      vertex 59.525 -49.1566 15.7867
      vertex 59.9475 -50.2098 15.8791
      vertex 61.1782 -48.4297 16.5136
    endloop
  endfacet
  facet normal 0.375677 -0.924125 0.0697177
    outer loop
      vertex 29.775 -12.7205 52.2228
      vertex 29.3525 -12.8128 53.276
      vertex 28.1218 -13.4474 51.4959
    endloop
  endfacet
  facet normal -0.206552 -0.978315 0.0153886
    outer loop
      vertex 52.5821 -10.6504 55.4385
      vertex 54.2128 -11.0185 53.9248
      vertex 54.445 -11.05 55.0389
    endloop
  endfacet
  facet normal 0.51933 -0.152964 0.840772
    outer loop
      vertex 21.6989 -45.7683 20.3206
      vertex 23.0297 -46.773 19.3158
      vertex 22.2828 -44.8088 20.1345
    endloop
  endfacet
  facet normal 0.228716 -0.020152 0.973285
    outer loop
      vertex 34.8054 -51.9608 14.1281
      vertex 34.855 -51.9726 14.1162
      vertex 35.0872 -50.8586 14.0847
    endloop
  endfacet
  facet normal 0.161577 -0.0068803 0.986836
    outer loop
      vertex 36.7685 -52.3818 13.707
      vertex 38.6644 -52.6944 13.3944
      vertex 36.9501 -51.2582 13.6851
    endloop
  endfacet
  facet normal -0.552152 0.833744 0
    outer loop
      vertex 64.8124 -47.7402 18.3486
      vertex 66.2333 -46.7992 19.2897
      vertex 66.2333 -46.7992 19.2896
    endloop
  endfacet
  facet normal 0.680878 -0.350821 0.642907
    outer loop
      vertex 15.1482 -37.1201 28.9687
      vertex 16.4788 -37.7005 27.2428
      vertex 15.9137 -36.3832 28.5601
    endloop
  endfacet
  facet normal 0.863229 0 0.504812
    outer loop
      vertex 16.4359 -39.7951 26.2938
      vertex 16.4159 -39.7608 26.328
      vertex 16.4159 -39.7609 26.328
    endloop
  endfacet
  facet normal 0.687191 -0.365847 0.627634
    outer loop
      vertex 15.1346 -37.0844 29.0044
      vertex 15.1482 -37.1201 28.9687
      vertex 15.9137 -36.3832 28.5601
    endloop
  endfacet
  facet normal 0.414421 -0.0878957 0.905831
    outer loop
      vertex 26.5393 -47.6279 17.3154
      vertex 27.6558 -49.4623 16.6266
      vertex 28.1218 -48.4297 16.5136
    endloop
  endfacet
  facet normal 0.604232 -0.762546 0.231143
    outer loop
      vertex 18.2064 -20.6944 45.3945
      vertex 18.8857 -20.4203 44.523
      vertex 19.9138 -19.2513 45.692
    endloop
  endfacet
  facet normal 0.692893 -0.611137 0.382636
    outer loop
      vertex 14.6925 -27.2788 38.81
      vertex 15.4716 -26.8345 38.1088
      vertex 15.9137 -25.4939 39.4494
    endloop
  endfacet
  facet normal 0.0232791 -0.999711 -0.00593793
    outer loop
      vertex 44.65 -9.90212 55.0412
      vertex 44.6238 -9.90949 56.1793
      vertex 42.7043 -9.94716 54.9962
    endloop
  endfacet
  facet normal 0.433059 -0.0973402 0.896094
    outer loop
      vertex 26.0319 -48.6379 17.4509
      vertex 26.0734 -48.6604 17.4284
      vertex 26.5393 -47.6279 17.3154
    endloop
  endfacet
  facet normal 0.657452 -0.30406 0.689424
    outer loop
      vertex 16.4159 -39.7608 26.328
      vertex 16.4359 -39.7951 26.2938
      vertex 17.1646 -38.9888 25.9545
    endloop
  endfacet
  facet normal 0.627494 -0.259723 0.734026
    outer loop
      vertex 17.2625 -41.0821 25.0067
      vertex 18.1802 -42.2962 23.7926
      vertex 17.968 -40.2427 24.7006
    endloop
  endfacet
  facet normal -0.228716 -0.020152 0.973285
    outer loop
      vertex 54.2128 -50.8586 14.0847
      vertex 54.445 -51.9726 14.1162
      vertex 54.4946 -51.9608 14.1281
    endloop
  endfacet
  facet normal -0.250615 -0.967736 0.0260572
    outer loop
      vertex 56.0348 -11.5034 53.4399
      vertex 56.3166 -11.5467 54.5421
      vertex 54.2128 -11.0185 53.9248
    endloop
  endfacet
  facet normal -0.503558 -0.141211 0.852343
    outer loop
      vertex 65.6864 -45.8135 19.1298
      vertex 66.2333 -46.7992 19.2896
      vertex 66.2703 -46.773 19.3158
    endloop
  endfacet
  facet normal -0.486353 -0.129763 0.864073
    outer loop
      vertex 64.2655 -46.7546 18.1887
      vertex 66.2333 -46.7992 19.2896
      vertex 65.6864 -45.8135 19.1298
    endloop
  endfacet
  facet normal 0.27105 -0.0314178 0.962052
    outer loop
      vertex 32.935 -51.4617 14.6271
      vertex 32.9834 -51.4759 14.613
      vertex 33.2652 -50.3737 14.5696
    endloop
  endfacet
  facet normal 0.375742 -0.924102 0.0696646
    outer loop
      vertex 27.6993 -13.5398 52.549
      vertex 28.1218 -13.4474 51.4959
      vertex 29.3525 -12.8128 53.276
    endloop
  endfacet
  facet normal -0.0697474 -0.997557 -0.003787
    outer loop
      vertex 46.5957 -9.94716 54.9962
      vertex 48.6115 -10.0919 55.9969
      vertex 46.6742 -9.95696 56.1319
    endloop
  endfacet
  facet normal -0.657626 -0.689067 0.304491
    outer loop
      vertex 72.1354 -22.8883 42.0551
      vertex 72.8841 -23.2617 42.8271
      vertex 72.8641 -23.2275 42.8613
    endloop
  endfacet
  facet normal 0.665883 -0.319644 0.674113
    outer loop
      vertex 16.4159 -39.7608 26.328
      vertex 17.1646 -38.9888 25.9545
      vertex 16.4788 -37.7005 27.2428
    endloop
  endfacet
  facet normal -0.708076 -0.447562 0.546183
    outer loop
      vertex 74.3363 -32.3144 32.6289
      vertex 74.9416 -34.3125 31.7763
      vertex 75.1324 -32.9426 33.1462
    endloop
  endfacet
  facet normal 0.293637 -0.955137 0.0386115
    outer loop
      vertex 31.1618 -12.129 53.9598
      vertex 31.4919 -12.0715 52.8718
      vertex 32.935 -11.5609 54.5279
    endloop
  endfacet
  facet normal -0.0697411 -0.997558 -0.00379972
    outer loop
      vertex 48.5332 -10.0821 54.8612
      vertex 48.6115 -10.0919 55.9969
      vertex 46.5957 -9.94716 54.9962
    endloop
  endfacet
  facet normal 0 -0.999963 -0.00862872
    outer loop
      vertex 48.6115 -10.0919 55.9969
      vertex 48.5332 -10.0821 54.8612
      vertex 48.6116 -10.0919 55.9969
    endloop
  endfacet
  facet normal -0.711089 -0.513358 0.480434
    outer loop
      vertex 74.4 -30.9385 34.0048
      vertex 75.1996 -31.4928 34.596
      vertex 74.3363 -29.5627 35.3806
    endloop
  endfacet
  facet normal 0.161567 -0.986838 0.00689298
    outer loop
      vertex 38.8461 -10.3063 54.637
      vertex 38.6644 -10.3282 55.7606
      vertex 36.9501 -10.6189 54.3244
    endloop
  endfacet
  facet normal 0.250615 -0.967736 0.0260572
    outer loop
      vertex 32.9834 -11.5467 54.5421
      vertex 33.2652 -11.5034 53.4399
      vertex 35.0872 -11.0185 53.9248
    endloop
  endfacet
  facet normal -0.680899 -0.642896 0.350802
    outer loop
      vertex 73.3863 -25.4939 39.4494
      vertex 74.1518 -25.9025 40.1864
      vertex 72.8212 -24.1766 40.7667
    endloop
  endfacet
  facet normal -0.470887 -0.882193 -0
    outer loop
      vertex 74.1518 -25.9025 40.1864
      vertex 73.3863 -25.4939 39.4494
      vertex 74.1518 -25.9025 40.1863
    endloop
  endfacet
  facet normal -0.702021 -0.578808 0.414907
    outer loop
      vertex 74.1455 -28.1927 36.7506
      vertex 74.9348 -28.6734 37.4155
      vertex 73.8284 -26.8345 38.1088
    endloop
  endfacet
  facet normal 0.710078 -0.530426 0.463075
    outer loop
      vertex 14.1641 -30.1169 35.9719
      vertex 14.9637 -29.5627 35.3806
      vertex 14.1676 -30.08 36.0088
    endloop
  endfacet
  facet normal 0.451387 -0.107977 0.885771
    outer loop
      vertex 24.527 -47.7646 18.3242
      vertex 26.5393 -47.6279 17.3154
      vertex 25.0345 -46.7546 18.1887
    endloop
  endfacet
  facet normal -0.161567 -0.00689298 0.986838
    outer loop
      vertex 50.4539 -51.5708 13.3725
      vertex 50.6356 -52.6944 13.3944
      vertex 52.3499 -51.2582 13.6851
    endloop
  endfacet
  facet normal -0.206551 -0.0153899 0.978315
    outer loop
      vertex 52.3499 -51.2582 13.6851
      vertex 52.5821 -52.3722 13.7166
      vertex 54.2128 -50.8586 14.0847
    endloop
  endfacet
  facet normal 0.293662 -0.0386429 0.955128
    outer loop
      vertex 31.1617 -50.8936 15.1953
      vertex 32.935 -51.4617 14.6271
      vertex 31.4919 -49.8055 15.1378
    endloop
  endfacet
  facet normal 0.604165 -0.231269 0.762561
    outer loop
      vertex 18.2064 -42.3282 23.7606
      vertex 19.2344 -43.4972 22.5916
      vertex 19.9138 -42.6258 22.3176
    endloop
  endfacet
  facet normal 0.697891 -0.398142 0.595341
    outer loop
      vertex 14.6823 -35.7074 30.3814
      vertex 14.6925 -35.7438 30.3451
      vertex 15.4716 -35.0425 29.9008
    endloop
  endfacet
  facet normal -0.615698 -0.749158 0.244291
    outer loop
      vertex 70.4143 -20.4203 44.523
      vertex 71.1198 -20.7264 45.3624
      vertex 71.0936 -20.6944 45.3945
    endloop
  endfacet
  facet normal -0.534722 -0.164647 0.828833
    outer loop
      vertex 67.0172 -44.8088 20.1345
      vertex 67.6011 -45.7683 20.3206
      vertex 67.6356 -45.7404 20.3484
    endloop
  endfacet
  facet normal -0.51933 -0.152964 0.840772
    outer loop
      vertex 66.2703 -46.773 19.3158
      vertex 67.6011 -45.7683 20.3206
      vertex 67.0172 -44.8088 20.1345
    endloop
  endfacet
  facet normal 0.206551 -0.0153899 0.978315
    outer loop
      vertex 35.0872 -50.8586 14.0847
      vertex 36.7179 -52.3722 13.7166
      vertex 36.9501 -51.2582 13.6851
    endloop
  endfacet
  facet normal 0.115941 -0.000447597 0.993256
    outer loop
      vertex 38.7158 -52.7017 13.3872
      vertex 40.6365 -52.9259 13.1629
      vertex 38.8461 -51.5708 13.3725
    endloop
  endfacet
  facet normal -0.11588 -0.993263 0.000528385
    outer loop
      vertex 48.6635 -10.0967 55.9921
      vertex 48.5332 -10.0821 54.8612
      vertex 50.4539 -10.3063 54.637
    endloop
  endfacet
  facet normal 0.335411 -0.940566 0.0532515
    outer loop
      vertex 29.3979 -12.7943 53.2945
      vertex 29.775 -12.7205 52.2228
      vertex 31.4919 -12.0715 52.8718
    endloop
  endfacet
  facet normal 0.486353 -0.129763 0.864073
    outer loop
      vertex 23.0667 -46.7992 19.2896
      vertex 25.0345 -46.7546 18.1887
      vertex 23.6136 -45.8135 19.1298
    endloop
  endfacet
  facet normal -0.0233108 0.00596355 0.99971
    outer loop
      vertex 44.65 -51.975 12.9683
      vertex 44.6762 -53.1131 12.9757
      vertex 46.5957 -51.9299 13.0134
    endloop
  endfacet
  facet normal 0.184436 -0.0106538 0.982787
    outer loop
      vertex 36.7179 -52.3722 13.7166
      vertex 36.7685 -52.3818 13.707
      vertex 36.9501 -51.2582 13.6851
    endloop
  endfacet
  facet normal 0.57835 -0.20376 0.789933
    outer loop
      vertex 19.2635 -43.528 22.5608
      vertex 20.3975 -44.647 21.4419
      vertex 21.0477 -43.7447 21.1986
    endloop
  endfacet
  facet normal 0.396148 -0.0786667 0.914811
    outer loop
      vertex 27.6558 -49.4623 16.6266
      vertex 27.6993 -49.4828 16.606
      vertex 28.1218 -48.4297 16.5136
    endloop
  endfacet
  facet normal 0.534722 -0.164647 0.828833
    outer loop
      vertex 21.6644 -45.7404 20.3484
      vertex 21.6989 -45.7683 20.3206
      vertex 22.2828 -44.8088 20.1345
    endloop
  endfacet
  facet normal -0.60418 -0.231209 0.762567
    outer loop
      vertex 69.3862 -42.6258 22.3176
      vertex 71.0936 -42.3282 23.7606
      vertex 70.4143 -41.4568 23.4866
    endloop
  endfacet
  facet normal 0.468889 -0.118174 0.875316
    outer loop
      vertex 24.4876 -47.7402 18.3486
      vertex 24.527 -47.7646 18.3242
      vertex 25.0345 -46.7546 18.1887
    endloop
  endfacet
  facet normal 0.486356 -0.129689 0.864082
    outer loop
      vertex 23.0667 -46.7992 19.2896
      vertex 24.4876 -47.7402 18.3486
      vertex 25.0345 -46.7546 18.1887
    endloop
  endfacet
  facet normal -0.648037 -0.704513 0.289325
    outer loop
      vertex 72.1354 -22.8883 42.0551
      vertex 72.8641 -23.2275 42.8613
      vertex 71.332 -21.6344 43.3089
    endloop
  endfacet
  facet normal 0.60418 -0.231209 0.762567
    outer loop
      vertex 18.2064 -42.3282 23.7606
      vertex 19.9138 -42.6258 22.3176
      vertex 18.8857 -41.4568 23.4866
    endloop
  endfacet
  facet normal -0.687191 -0.365847 0.627634
    outer loop
      vertex 73.3863 -36.3832 28.5601
      vertex 74.1518 -37.1201 28.9687
      vertex 74.1654 -37.0844 29.0044
    endloop
  endfacet
  facet normal -0.692893 -0.611137 0.382636
    outer loop
      vertex 73.3863 -25.4939 39.4494
      vertex 74.6075 -27.2788 38.81
      vertex 74.1654 -25.9382 40.1506
    endloop
  endfacet
  facet normal -0.549974 -0.177704 0.816058
    outer loop
      vertex 67.0172 -44.8088 20.1345
      vertex 67.6356 -45.7404 20.3484
      vertex 68.2523 -43.7447 21.1986
    endloop
  endfacet
  facet normal 0.701985 -0.414937 0.57883
    outer loop
      vertex 14.3652 -34.3492 31.7396
      vertex 15.4716 -35.0425 29.9008
      vertex 15.1545 -33.6843 31.259
    endloop
  endfacet
  facet normal -0.692919 -0.382624 0.611116
    outer loop
      vertex 73.3863 -36.3832 28.5601
      vertex 74.6075 -35.7438 30.3451
      vertex 73.8284 -35.0425 29.9008
    endloop
  endfacet
  facet normal 0.0233108 0.00596355 0.99971
    outer loop
      vertex 42.7043 -51.9299 13.0134
      vertex 44.6238 -53.1131 12.9757
      vertex 44.65 -51.975 12.9683
    endloop
  endfacet
  facet normal 0.0233105 0.00596303 0.99971
    outer loop
      vertex 42.6781 -53.0681 13.0208
      vertex 44.6238 -53.1131 12.9757
      vertex 42.7043 -51.9299 13.0134
    endloop
  endfacet
  facet normal -0.11588 -0.000528385 0.993263
    outer loop
      vertex 48.5332 -51.795 13.1483
      vertex 48.6635 -52.9259 13.1629
      vertex 50.4539 -51.5708 13.3725
    endloop
  endfacet
  facet normal -0.293662 -0.0386429 0.955128
    outer loop
      vertex 56.365 -51.4617 14.6271
      vertex 58.1383 -50.8936 15.1953
      vertex 57.8081 -49.8055 15.1378
    endloop
  endfacet
  facet normal -0.674345 -0.657632 0.335825
    outer loop
      vertex 72.8212 -24.1766 40.7667
      vertex 73.5867 -24.5852 41.5037
      vertex 73.5699 -24.5501 41.5387
    endloop
  endfacet
  facet normal -0.627494 -0.259723 0.734026
    outer loop
      vertex 71.1198 -42.2962 23.7926
      vertex 72.0375 -41.0821 25.0067
      vertex 71.332 -40.2427 24.7006
    endloop
  endfacet
  facet normal 0.692893 -0.611137 0.382636
    outer loop
      vertex 14.6925 -27.2788 38.81
      vertex 15.9137 -25.4939 39.4494
      vertex 15.1346 -25.9382 40.1506
    endloop
  endfacet
  facet normal -0.705686 -0.562095 0.431342
    outer loop
      vertex 74.1455 -28.1927 36.7506
      vertex 74.9416 -28.7101 37.3788
      vertex 74.9348 -28.6734 37.4155
    endloop
  endfacet
  facet normal -0.0460994 0.00543333 0.998922
    outer loop
      vertex 46.5957 -51.9299 13.0134
      vertex 46.6219 -53.0681 13.0208
      vertex 46.6742 -53.0656 13.0232
    endloop
  endfacet
  facet normal -0.591767 -0.776298 0.217194
    outer loop
      vertex 69.3862 -19.2513 45.692
      vertex 70.0656 -19.5254 46.5634
      vertex 70.0365 -19.4946 46.5942
    endloop
  endfacet
  facet normal -0.11588 -0.993263 0.000528385
    outer loop
      vertex 48.6635 -10.0967 55.9921
      vertex 50.4539 -10.3063 54.637
      vertex 50.5842 -10.3209 55.7679
    endloop
  endfacet
  facet normal -0.0232791 -0.999711 -0.00593793
    outer loop
      vertex 44.6762 -9.90949 56.1793
      vertex 46.5957 -9.94716 54.9962
      vertex 46.6219 -9.95453 56.1343
    endloop
  endfacet
  facet normal 0.627437 -0.259747 0.734067
    outer loop
      vertex 17.968 -40.2427 24.7006
      vertex 18.1802 -42.2962 23.7926
      vertex 18.8857 -41.4568 23.4866
    endloop
  endfacet
  facet normal -0.627437 -0.259747 0.734067
    outer loop
      vertex 70.4143 -41.4568 23.4866
      vertex 71.1198 -42.2962 23.7926
      vertex 71.332 -40.2427 24.7006
    endloop
  endfacet
  facet normal -0.486356 -0.129689 0.864082
    outer loop
      vertex 64.2655 -46.7546 18.1887
      vertex 64.8124 -47.7402 18.3486
      vertex 66.2333 -46.7992 19.2896
    endloop
  endfacet
  facet normal -0.519263 -0.153004 0.840807
    outer loop
      vertex 65.6864 -45.8135 19.1298
      vertex 66.2703 -46.773 19.3158
      vertex 67.0172 -44.8088 20.1345
    endloop
  endfacet
  facet normal -0.0697233 0.00378868 0.997559
    outer loop
      vertex 46.5957 -51.9299 13.0134
      vertex 46.6742 -53.0656 13.0232
      vertex 48.6116 -52.9307 13.1581
    endloop
  endfacet
  facet normal -0.335396 -0.940576 0.053163
    outer loop
      vertex 57.8081 -12.0715 52.8718
      vertex 59.9021 -12.7943 53.2945
      vertex 58.1852 -12.1454 53.9434
    endloop
  endfacet
  facet normal -0.250615 -0.967736 0.0260572
    outer loop
      vertex 54.2128 -11.0185 53.9248
      vertex 56.3166 -11.5467 54.5421
      vertex 54.4946 -11.0618 55.027
    endloop
  endfacet
  facet normal -0.604232 -0.762546 0.231143
    outer loop
      vertex 71.0936 -20.6944 45.3945
      vertex 69.3862 -19.2513 45.692
      vertex 70.4143 -20.4203 44.523
    endloop
  endfacet
  facet normal 0.882721 0 0.469898
    outer loop
      vertex 16.4159 -39.7608 26.328
      vertex 15.7301 -38.4725 27.6163
      vertex 16.4159 -39.7609 26.328
    endloop
  endfacet
  facet normal 0.184456 -0.982783 0.0106571
    outer loop
      vertex 36.7179 -10.6504 55.4385
      vertex 36.9501 -10.6189 54.3244
      vertex 36.7685 -10.6408 55.448
    endloop
  endfacet
  facet normal -0.451387 -0.107977 0.885771
    outer loop
      vertex 62.7607 -47.6279 17.3154
      vertex 64.773 -47.7646 18.3242
      vertex 64.2655 -46.7546 18.1887
    endloop
  endfacet
  facet normal -0.451387 -0.107977 0.885771
    outer loop
      vertex 62.7607 -47.6279 17.3154
      vertex 63.2682 -48.6379 17.4509
      vertex 64.773 -47.7646 18.3242
    endloop
  endfacet
  facet normal -0.414446 -0.0878766 0.905821
    outer loop
      vertex 61.6442 -49.4623 16.6266
      vertex 63.2266 -48.6604 17.4284
      vertex 62.7607 -47.6279 17.3154
    endloop
  endfacet
  facet normal 0.702021 -0.578808 0.414907
    outer loop
      vertex 14.3652 -28.6734 37.4155
      vertex 15.4716 -26.8345 38.1088
      vertex 14.6823 -27.3152 38.7737
    endloop
  endfacet
  facet normal -0.206551 -0.0153899 0.978315
    outer loop
      vertex 52.5821 -52.3722 13.7166
      vertex 54.445 -51.9726 14.1162
      vertex 54.2128 -50.8586 14.0847
    endloop
  endfacet
  facet normal -0.468889 -0.118174 0.875316
    outer loop
      vertex 64.2655 -46.7546 18.1887
      vertex 64.773 -47.7646 18.3242
      vertex 64.8124 -47.7402 18.3486
    endloop
  endfacet
  facet normal -0.414421 -0.0878957 0.905831
    outer loop
      vertex 61.1782 -48.4297 16.5136
      vertex 61.6442 -49.4623 16.6266
      vertex 62.7607 -47.6279 17.3154
    endloop
  endfacet
  facet normal 0.503558 -0.141211 0.852343
    outer loop
      vertex 23.0297 -46.773 19.3158
      vertex 23.0667 -46.7992 19.2896
      vertex 23.6136 -45.8135 19.1298
    endloop
  endfacet
  facet normal 0.0697201 0.00379504 0.997559
    outer loop
      vertex 40.6884 -52.9307 13.1581
      vertex 42.7043 -51.9299 13.0134
      vertex 40.7668 -51.795 13.1483
    endloop
  endfacet
  facet normal -0.549974 -0.177704 0.816058
    outer loop
      vertex 67.6356 -45.7404 20.3484
      vertex 68.8707 -44.6763 21.4125
      vertex 68.2523 -43.7447 21.1986
    endloop
  endfacet
  facet normal -0.432395 -0.0970013 0.896452
    outer loop
      vertex 62.7607 -47.6279 17.3154
      vertex 63.2266 -48.6604 17.4284
      vertex 63.2682 -48.6379 17.4509
    endloop
  endfacet
  facet normal -0.396148 -0.0786667 0.914811
    outer loop
      vertex 61.1782 -48.4297 16.5136
      vertex 61.6007 -49.4828 16.606
      vertex 61.6442 -49.4623 16.6266
    endloop
  endfacet
  facet normal 0.250636 -0.0259749 0.967733
    outer loop
      vertex 32.9834 -51.4759 14.613
      vertex 35.0872 -50.8586 14.0847
      vertex 33.2652 -50.3737 14.5696
    endloop
  endfacet
  facet normal 0.161577 -0.986836 0.0068803
    outer loop
      vertex 36.7685 -10.6408 55.448
      vertex 36.9501 -10.6189 54.3244
      vertex 38.6644 -10.3282 55.7606
    endloop
  endfacet
  facet normal 0.717857 -0 0.696191
    outer loop
      vertex 16.4159 -23.2618 42.8271
      vertex 17.1646 -22.8883 42.0551
      vertex 16.4159 -23.2617 42.8271
    endloop
  endfacet
  facet normal 0.665877 -0.674124 0.319633
    outer loop
      vertex 17.1646 -22.8883 42.0551
      vertex 16.4159 -23.2618 42.8271
      vertex 16.4788 -24.1766 40.7667
    endloop
  endfacet
  facet normal 0.591727 -0.217247 0.776314
    outer loop
      vertex 19.2344 -43.4972 22.5916
      vertex 19.2635 -43.528 22.5608
      vertex 19.9138 -42.6258 22.3176
    endloop
  endfacet
  facet normal 0.665883 -0.319644 0.674113
    outer loop
      vertex 15.7301 -38.4725 27.6163
      vertex 16.4159 -39.7608 26.328
      vertex 16.4788 -37.7005 27.2428
    endloop
  endfacet
  facet normal 0.335413 -0.0532525 0.940565
    outer loop
      vertex 29.3979 -50.2283 15.8606
      vertex 31.1148 -50.8772 15.2116
      vertex 31.4919 -49.8055 15.1378
    endloop
  endfacet
  facet normal -0.638834 -0.718557 0.274895
    outer loop
      vertex 71.332 -21.6344 43.3089
      vertex 72.0606 -21.9737 44.1152
      vertex 72.0375 -21.9405 44.1483
    endloop
  endfacet
  facet normal -0.0922959 -0.995729 -0.00222078
    outer loop
      vertex 48.5332 -10.0821 54.8612
      vertex 48.6635 -10.0967 55.9921
      vertex 48.6116 -10.0919 55.9969
    endloop
  endfacet
  facet normal -0.711087 -0.480437 0.513358
    outer loop
      vertex 74.3363 -32.3144 32.6289
      vertex 75.1996 -31.5298 34.559
      vertex 74.4 -30.9385 34.0048
    endloop
  endfacet
  facet normal 0.206551 -0.0153899 0.978315
    outer loop
      vertex 34.855 -51.9726 14.1162
      vertex 36.7179 -52.3722 13.7166
      vertex 35.0872 -50.8586 14.0847
    endloop
  endfacet
  facet normal 0.11588 -0.000528385 0.993263
    outer loop
      vertex 38.8461 -51.5708 13.3725
      vertex 40.6365 -52.9259 13.1629
      vertex 40.7668 -51.795 13.1483
    endloop
  endfacet
  facet normal -0.0922959 0.00222078 0.995729
    outer loop
      vertex 48.5332 -51.795 13.1483
      vertex 48.6116 -52.9307 13.1581
      vertex 48.6635 -52.9259 13.1629
    endloop
  endfacet
  facet normal -0.711118 -0.480395 0.513354
    outer loop
      vertex 74.3363 -32.3144 32.6289
      vertex 75.1359 -32.9057 33.1832
      vertex 75.1996 -31.5298 34.559
    endloop
  endfacet
  facet normal -0.0697201 0.00379504 0.997559
    outer loop
      vertex 46.5957 -51.9299 13.0134
      vertex 48.6116 -52.9307 13.1581
      vertex 48.5332 -51.795 13.1483
    endloop
  endfacet
  facet normal -0.604165 -0.231269 0.762561
    outer loop
      vertex 69.3862 -42.6258 22.3176
      vertex 70.0656 -43.4972 22.5916
      vertex 71.0936 -42.3282 23.7606
    endloop
  endfacet
  facet normal -0 0.00650193 0.999979
    outer loop
      vertex 44.6238 -53.1131 12.9757
      vertex 44.6762 -53.1131 12.9757
      vertex 44.65 -51.975 12.9683
    endloop
  endfacet
  facet normal -0.648095 -0.704524 0.289169
    outer loop
      vertex 71.332 -21.6344 43.3089
      vertex 72.8641 -23.2275 42.8613
      vertex 72.0606 -21.9737 44.1152
    endloop
  endfacet
  facet normal -0.638594 -0.274571 0.718894
    outer loop
      vertex 71.332 -40.2427 24.7006
      vertex 72.0375 -41.0821 25.0067
      vertex 72.0606 -41.0489 25.0399
    endloop
  endfacet
  facet normal -0.665883 -0.319644 0.674113
    outer loop
      vertex 72.1354 -38.9888 25.9545
      vertex 72.8841 -39.7608 26.328
      vertex 72.8212 -37.7005 27.2428
    endloop
  endfacet
  facet normal 0.70811 -0.546158 0.447539
    outer loop
      vertex 15.1545 -28.1927 36.7506
      vertex 14.3584 -28.7101 37.3788
      vertex 14.9637 -29.5627 35.3806
    endloop
  endfacet
  facet normal -0.708074 -0.5462 0.447546
    outer loop
      vertex 74.3363 -29.5627 35.3806
      vertex 75.1324 -30.08 36.0088
      vertex 74.9416 -28.7101 37.3788
    endloop
  endfacet
  facet normal 0.549974 -0.816058 0.177704
    outer loop
      vertex 22.2828 -17.0683 47.875
      vertex 21.6644 -17.2822 48.8066
      vertex 21.0477 -18.1324 46.8109
    endloop
  endfacet
  facet normal 0.627494 -0.734026 0.259723
    outer loop
      vertex 18.8857 -20.4203 44.523
      vertex 18.1802 -20.7264 45.3624
      vertex 17.968 -21.6344 43.3089
    endloop
  endfacet
  facet normal -0.549974 -0.816058 0.177704
    outer loop
      vertex 67.6356 -17.2822 48.8066
      vertex 67.0172 -17.0683 47.875
      vertex 68.2523 -18.1324 46.8109
    endloop
  endfacet
  facet normal -0.0232791 -0.999711 -0.00593793
    outer loop
      vertex 44.6762 -9.90949 56.1793
      vertex 44.65 -9.90212 55.0412
      vertex 46.5957 -9.94716 54.9962
    endloop
  endfacet
  facet normal -0.140143 -0.990126 0.00336441
    outer loop
      vertex 50.4539 -10.3063 54.637
      vertex 50.6356 -10.3282 55.7606
      vertex 50.5842 -10.3209 55.7679
    endloop
  endfacet
  facet normal 0.486356 -0.864082 0.129689
    outer loop
      vertex 23.0667 -16.2234 49.8654
      vertex 25.0345 -15.1225 49.8208
      vertex 24.4876 -15.2824 50.8064
    endloop
  endfacet
  facet normal 0 -0.999963 -0.00862872
    outer loop
      vertex 40.7668 -10.0821 54.8612
      vertex 40.6885 -10.0919 55.9969
      vertex 40.6884 -10.0919 55.9969
    endloop
  endfacet
  facet normal 0.0697411 -0.997558 -0.00379972
    outer loop
      vertex 40.6885 -10.0919 55.9969
      vertex 40.7668 -10.0821 54.8612
      vertex 42.7043 -9.94716 54.9962
    endloop
  endfacet
  facet normal -0.604211 -0.762538 0.231225
    outer loop
      vertex 69.3862 -19.2513 45.692
      vertex 71.0936 -20.6944 45.3945
      vertex 70.0656 -19.5254 46.5634
    endloop
  endfacet
  facet normal -0.27105 -0.0314178 0.962052
    outer loop
      vertex 56.0348 -50.3737 14.5696
      vertex 56.3166 -51.4759 14.613
      vertex 56.365 -51.4617 14.6271
    endloop
  endfacet
  facet normal 0.11588 -0.993263 0.000528385
    outer loop
      vertex 38.7158 -10.3209 55.7679
      vertex 38.8461 -10.3063 54.637
      vertex 40.6365 -10.0967 55.9921
    endloop
  endfacet
  facet normal -0.451387 -0.885777 0.107932
    outer loop
      vertex 62.7607 -14.2492 50.6941
      vertex 64.773 -15.258 50.8308
      vertex 63.2681 -14.3847 51.7041
    endloop
  endfacet
  facet normal -0.375742 -0.924102 0.0696646
    outer loop
      vertex 59.9475 -12.8128 53.276
      vertex 61.1782 -13.4474 51.4959
      vertex 61.6007 -13.5398 52.549
    endloop
  endfacet
  facet normal -0.6929 -0.382658 0.611116
    outer loop
      vertex 73.3863 -36.3832 28.5601
      vertex 74.1654 -37.0844 29.0044
      vertex 74.6075 -35.7438 30.3451
    endloop
  endfacet
  facet normal -0.161567 -0.986838 0.00689298
    outer loop
      vertex 50.6356 -10.3282 55.7606
      vertex 50.4539 -10.3063 54.637
      vertex 52.3499 -10.6189 54.3244
    endloop
  endfacet
  facet normal 0.711089 -0.513358 0.480434
    outer loop
      vertex 14.1004 -31.4928 34.596
      vertex 14.9 -30.9385 34.0048
      vertex 14.9637 -29.5627 35.3806
    endloop
  endfacet
  facet normal 0.468889 -0.875316 0.118174
    outer loop
      vertex 24.4876 -15.2824 50.8064
      vertex 25.0345 -15.1225 49.8208
      vertex 24.527 -15.258 50.8308
    endloop
  endfacet
  facet normal 0.0922959 -0.995729 -0.00222078
    outer loop
      vertex 40.6365 -10.0967 55.9921
      vertex 40.7668 -10.0821 54.8612
      vertex 40.6884 -10.0919 55.9969
    endloop
  endfacet
  facet normal 0.0922959 0.00222078 0.995729
    outer loop
      vertex 40.6365 -52.9259 13.1629
      vertex 40.6884 -52.9307 13.1581
      vertex 40.7668 -51.795 13.1483
    endloop
  endfacet
  facet normal 0.31494 -0.948023 0.0454507
    outer loop
      vertex 31.1148 -12.1454 53.9434
      vertex 31.4919 -12.0715 52.8718
      vertex 31.1618 -12.129 53.9598
    endloop
  endfacet
  facet normal -0.184436 -0.0106538 0.982787
    outer loop
      vertex 52.3499 -51.2582 13.6851
      vertex 52.5315 -52.3818 13.707
      vertex 52.5821 -52.3722 13.7166
    endloop
  endfacet
  facet normal -0.161577 -0.0068803 0.986836
    outer loop
      vertex 50.6356 -52.6944 13.3944
      vertex 52.5315 -52.3818 13.707
      vertex 52.3499 -51.2582 13.6851
    endloop
  endfacet
  facet normal -0.226909 -0.973715 0.0197614
    outer loop
      vertex 54.2128 -11.0185 53.9248
      vertex 54.4946 -11.0618 55.027
      vertex 54.445 -11.05 55.0389
    endloop
  endfacet
  facet normal -0.577895 0.816111 0
    outer loop
      vertex 66.2703 -46.773 19.3158
      vertex 66.2333 -46.7992 19.2896
      vertex 66.2333 -46.7992 19.2897
    endloop
  endfacet
  facet normal 0.708076 -0.447562 0.546183
    outer loop
      vertex 14.1676 -32.9426 33.1462
      vertex 14.3584 -34.3125 31.7763
      vertex 14.9637 -32.3144 32.6289
    endloop
  endfacet
  facet normal 0.67413 -0.335406 0.658066
    outer loop
      vertex 15.7133 -38.4374 27.6514
      vertex 15.7301 -38.4725 27.6163
      vertex 16.4788 -37.7005 27.2428
    endloop
  endfacet
  facet normal 0.335398 -0.0531586 0.940576
    outer loop
      vertex 29.3979 -50.2283 15.8606
      vertex 31.4919 -49.8055 15.1378
      vertex 29.775 -49.1566 15.7867
    endloop
  endfacet
  facet normal 0.355348 -0.0607173 0.93276
    outer loop
      vertex 29.3525 -50.2098 15.8791
      vertex 29.3979 -50.2283 15.8606
      vertex 29.775 -49.1566 15.7867
    endloop
  endfacet
  facet normal 0.648037 -0.704513 0.289325
    outer loop
      vertex 16.4359 -23.2275 42.8613
      vertex 17.1646 -22.8883 42.0551
      vertex 17.968 -21.6344 43.3089
    endloop
  endfacet
  facet normal 0.577895 0.816111 -0
    outer loop
      vertex 23.0667 -46.7992 19.2896
      vertex 23.0297 -46.773 19.3158
      vertex 23.0667 -46.7992 19.2897
    endloop
  endfacet
  facet normal 0.138296 -0.0030607 0.990386
    outer loop
      vertex 38.6644 -52.6944 13.3944
      vertex 38.7158 -52.7017 13.3872
      vertex 38.8461 -51.5708 13.3725
    endloop
  endfacet
  facet normal 0.708076 -0.447562 0.546183
    outer loop
      vertex 14.3584 -34.3125 31.7763
      vertex 15.1545 -33.6843 31.259
      vertex 14.9637 -32.3144 32.6289
    endloop
  endfacet
  facet normal -0.665877 -0.674124 0.319633
    outer loop
      vertex 72.8212 -24.1766 40.7667
      vertex 73.5699 -24.5501 41.5387
      vertex 72.8841 -23.2618 42.8271
    endloop
  endfacet
  facet normal -0.115941 -0.000447597 0.993256
    outer loop
      vertex 48.6635 -52.9259 13.1629
      vertex 50.5842 -52.7017 13.3872
      vertex 50.4539 -51.5708 13.3725
    endloop
  endfacet
  facet normal -0.687191 -0.627634 0.365847
    outer loop
      vertex 73.3863 -25.4939 39.4494
      vertex 74.1654 -25.9382 40.1506
      vertex 74.1518 -25.9025 40.1863
    endloop
  endfacet
  facet normal -0.591727 -0.217247 0.776314
    outer loop
      vertex 69.3862 -42.6258 22.3176
      vertex 70.0365 -43.528 22.5608
      vertex 70.0656 -43.4972 22.5916
    endloop
  endfacet
  facet normal -0.565535 -0.191203 0.802254
    outer loop
      vertex 68.2523 -43.7447 21.1986
      vertex 68.8707 -44.6763 21.4125
      vertex 68.9025 -44.647 21.4419
    endloop
  endfacet
  facet normal -0.615886 -0.244635 0.748891
    outer loop
      vertex 70.4143 -41.4568 23.4866
      vertex 71.0936 -42.3282 23.7606
      vertex 71.1198 -42.2962 23.7926
    endloop
  endfacet
  facet normal -0.6481 -0.28922 0.704499
    outer loop
      vertex 71.332 -40.2427 24.7006
      vertex 72.0606 -41.0489 25.0399
      vertex 72.8641 -39.7951 26.2938
    endloop
  endfacet
  facet normal -0.863229 0 0.504812
    outer loop
      vertex 72.8841 -39.7608 26.328
      vertex 72.8641 -39.7951 26.2938
      vertex 72.8841 -39.7609 26.328
    endloop
  endfacet
  facet normal -0.680878 -0.350821 0.642907
    outer loop
      vertex 72.8212 -37.7005 27.2428
      vertex 74.1518 -37.1201 28.9687
      vertex 73.3863 -36.3832 28.5601
    endloop
  endfacet
  facet normal -0.67413 -0.335406 0.658066
    outer loop
      vertex 72.8212 -37.7005 27.2428
      vertex 73.5699 -38.4725 27.6163
      vertex 73.5867 -38.4374 27.6514
    endloop
  endfacet
  facet normal 0.272735 -0.961558 0.0319553
    outer loop
      vertex 32.935 -11.5609 54.5279
      vertex 33.2652 -11.5034 53.4399
      vertex 32.9834 -11.5467 54.5421
    endloop
  endfacet
  facet normal -0.711657 -0.496762 0.496762
    outer loop
      vertex 74.4 -30.9385 34.0048
      vertex 75.1996 -31.5298 34.559
      vertex 75.1996 -31.4928 34.596
    endloop
  endfacet
  facet normal -0.702021 -0.578808 0.414907
    outer loop
      vertex 73.8284 -26.8345 38.1088
      vertex 74.9348 -28.6734 37.4155
      vertex 74.6177 -27.3152 38.7737
    endloop
  endfacet
  facet normal 0.414388 -0.905839 0.0879679
    outer loop
      vertex 28.1218 -13.4474 51.4959
      vertex 27.6558 -13.5603 52.5285
      vertex 26.5393 -14.2492 50.6941
    endloop
  endfacet
  facet normal -0.578334 -0.789924 0.203837
    outer loop
      vertex 70.0365 -19.4946 46.5942
      vertex 68.2523 -18.1324 46.8109
      vertex 69.3862 -19.2513 45.692
    endloop
  endfacet
  facet normal -0.468889 -0.875316 0.118174
    outer loop
      vertex 64.2655 -15.1225 49.8208
      vertex 64.8124 -15.2824 50.8064
      vertex 64.773 -15.258 50.8308
    endloop
  endfacet
  facet normal -0.701985 -0.414937 0.57883
    outer loop
      vertex 73.8284 -35.0425 29.9008
      vertex 74.9348 -34.3492 31.7396
      vertex 74.1455 -33.6843 31.259
    endloop
  endfacet
  facet normal 0.680899 -0.642896 0.350802
    outer loop
      vertex 15.1482 -25.9025 40.1864
      vertex 15.9137 -25.4939 39.4494
      vertex 16.4788 -24.1766 40.7667
    endloop
  endfacet
  facet normal 0.470887 -0.882193 0
    outer loop
      vertex 15.9137 -25.4939 39.4494
      vertex 15.1482 -25.9025 40.1864
      vertex 15.1482 -25.9025 40.1863
    endloop
  endfacet
  facet normal -0.680878 -0.350821 0.642907
    outer loop
      vertex 72.8212 -37.7005 27.2428
      vertex 73.5867 -38.4374 27.6514
      vertex 74.1518 -37.1201 28.9687
    endloop
  endfacet
  facet normal 0.578334 -0.789924 0.203837
    outer loop
      vertex 19.2635 -19.4946 46.5942
      vertex 19.9138 -19.2513 45.692
      vertex 21.0477 -18.1324 46.8109
    endloop
  endfacet
  facet normal 0.705686 -0.562095 0.431342
    outer loop
      vertex 14.3584 -28.7101 37.3788
      vertex 15.1545 -28.1927 36.7506
      vertex 14.3652 -28.6734 37.4155
    endloop
  endfacet
  facet normal -0.184456 -0.982783 0.0106571
    outer loop
      vertex 52.3499 -10.6189 54.3244
      vertex 52.5821 -10.6504 55.4385
      vertex 52.5315 -10.6408 55.448
    endloop
  endfacet
  facet normal -0.206552 -0.978315 0.0153886
    outer loop
      vertex 52.5821 -10.6504 55.4385
      vertex 52.3499 -10.6189 54.3244
      vertex 54.2128 -11.0185 53.9248
    endloop
  endfacet
  facet normal -0.335411 -0.940566 0.0532515
    outer loop
      vertex 59.525 -12.7205 52.2228
      vertex 59.9021 -12.7943 53.2945
      vertex 57.8081 -12.0715 52.8718
    endloop
  endfacet
  facet normal 0.711087 -0.513358 0.480437
    outer loop
      vertex 14.1004 -31.4928 34.596
      vertex 14.9637 -29.5627 35.3806
      vertex 14.1641 -30.1169 35.9719
    endloop
  endfacet
  facet normal -0.717857 0 0.696191
    outer loop
      vertex 72.1354 -22.8883 42.0551
      vertex 72.8841 -23.2618 42.8271
      vertex 72.8841 -23.2617 42.8271
    endloop
  endfacet
  facet normal -0.665877 -0.674124 0.319633
    outer loop
      vertex 72.8841 -23.2618 42.8271
      vertex 72.1354 -22.8883 42.0551
      vertex 72.8212 -24.1766 40.7667
    endloop
  endfacet
  facet normal 0.708074 -0.5462 0.447546
    outer loop
      vertex 14.1676 -30.08 36.0088
      vertex 14.9637 -29.5627 35.3806
      vertex 14.3584 -28.7101 37.3788
    endloop
  endfacet
  facet normal 0.206552 -0.978315 0.0153886
    outer loop
      vertex 34.855 -11.05 55.0389
      vertex 35.0872 -11.0185 53.9248
      vertex 36.7179 -10.6504 55.4385
    endloop
  endfacet
  facet normal -0.335413 -0.0532525 0.940565
    outer loop
      vertex 57.8081 -49.8055 15.1378
      vertex 58.1852 -50.8772 15.2116
      vertex 59.9021 -50.2283 15.8606
    endloop
  endfacet
  facet normal -0.710161 -0.463777 0.529701
    outer loop
      vertex 74.3363 -32.3144 32.6289
      vertex 75.1324 -32.9426 33.1462
      vertex 75.1359 -32.9057 33.1832
    endloop
  endfacet
  facet normal 0.250636 -0.0259749 0.967733
    outer loop
      vertex 32.9834 -51.4759 14.613
      vertex 34.8054 -51.9608 14.1281
      vertex 35.0872 -50.8586 14.0847
    endloop
  endfacet
  facet normal 0.0460994 0.00543333 0.998922
    outer loop
      vertex 42.6258 -53.0656 13.0232
      vertex 42.6781 -53.0681 13.0208
      vertex 42.7043 -51.9299 13.0134
    endloop
  endfacet
  facet normal 0.0697233 0.00378868 0.997559
    outer loop
      vertex 40.6884 -52.9307 13.1581
      vertex 42.6258 -53.0656 13.0232
      vertex 42.7043 -51.9299 13.0134
    endloop
  endfacet
  facet normal -0.138296 -0.0030607 0.990386
    outer loop
      vertex 50.4539 -51.5708 13.3725
      vertex 50.5842 -52.7017 13.3872
      vertex 50.6356 -52.6944 13.3944
    endloop
  endfacet
  facet normal -0.665883 -0.319644 0.674113
    outer loop
      vertex 72.8212 -37.7005 27.2428
      vertex 72.8841 -39.7608 26.328
      vertex 73.5699 -38.4725 27.6163
    endloop
  endfacet
  facet normal -0.692893 -0.611137 0.382636
    outer loop
      vertex 73.8284 -26.8345 38.1088
      vertex 74.6075 -27.2788 38.81
      vertex 73.3863 -25.4939 39.4494
    endloop
  endfacet
  facet normal -0.711087 -0.513358 0.480437
    outer loop
      vertex 74.3363 -29.5627 35.3806
      vertex 75.1996 -31.4928 34.596
      vertex 75.1359 -30.1169 35.9719
    endloop
  endfacet
  facet normal -0.578334 -0.789924 0.203838
    outer loop
      vertex 68.2523 -18.1324 46.8109
      vertex 70.0365 -19.4946 46.5942
      vertex 68.9025 -18.3756 47.7132
    endloop
  endfacet
  facet normal -0.578318 -0.203916 0.789916
    outer loop
      vertex 68.2523 -43.7447 21.1986
      vertex 70.0365 -43.528 22.5608
      vertex 69.3862 -42.6258 22.3176
    endloop
  endfacet
  facet normal -0.57835 -0.20376 0.789933
    outer loop
      vertex 68.2523 -43.7447 21.1986
      vertex 68.9025 -44.647 21.4419
      vertex 70.0365 -43.528 22.5608
    endloop
  endfacet
  facet normal -0.701972 -0.41496 0.57883
    outer loop
      vertex 73.8284 -35.0425 29.9008
      vertex 74.6729 -35.4711 30.6177
      vertex 74.9348 -34.3492 31.7396
    endloop
  endfacet
  facet normal -0.701975 -0.414892 0.578874
    outer loop
      vertex 74.6729 -35.4711 30.6177
      vertex 73.8284 -35.0425 29.9008
      vertex 74.6177 -35.7074 30.3814
    endloop
  endfacet
  facet normal -0.697891 -0.398142 0.595341
    outer loop
      vertex 73.8284 -35.0425 29.9008
      vertex 74.6075 -35.7438 30.3451
      vertex 74.6177 -35.7074 30.3814
    endloop
  endfacet
  facet normal -0.708076 -0.447562 0.546183
    outer loop
      vertex 74.1455 -33.6843 31.259
      vertex 74.9416 -34.3125 31.7763
      vertex 74.3363 -32.3144 32.6289
    endloop
  endfacet
  facet normal -0.705652 -0.43137 0.562117
    outer loop
      vertex 74.1455 -33.6843 31.259
      vertex 74.9348 -34.3492 31.7396
      vertex 74.9416 -34.3125 31.7763
    endloop
  endfacet
  facet normal -0.627494 -0.734026 0.259723
    outer loop
      vertex 71.1198 -20.7264 45.3624
      vertex 70.4143 -20.4203 44.523
      vertex 71.332 -21.6344 43.3089
    endloop
  endfacet
  facet normal -0.627494 -0.734026 0.259723
    outer loop
      vertex 71.1198 -20.7264 45.3624
      vertex 71.332 -21.6344 43.3089
      vertex 72.0375 -21.9405 44.1483
    endloop
  endfacet
  facet normal 0.711087 -0.480437 0.513358
    outer loop
      vertex 14.1004 -31.5298 34.559
      vertex 14.9637 -32.3144 32.6289
      vertex 14.9 -30.9385 34.0048
    endloop
  endfacet
  facet normal -0.375677 -0.924125 0.0697177
    outer loop
      vertex 59.9475 -12.8128 53.276
      vertex 59.525 -12.7205 52.2228
      vertex 61.1782 -13.4474 51.4959
    endloop
  endfacet
  facet normal 0.11588 -0.993263 0.000528385
    outer loop
      vertex 40.7668 -10.0821 54.8612
      vertex 40.6365 -10.0967 55.9921
      vertex 38.8461 -10.3063 54.637
    endloop
  endfacet
  facet normal -0.70811 -0.546158 0.447539
    outer loop
      vertex 74.9416 -28.7101 37.3788
      vertex 74.1455 -28.1927 36.7506
      vertex 74.3363 -29.5627 35.3806
    endloop
  endfacet
  facet normal 0.293616 -0.955142 0.0386318
    outer loop
      vertex 33.2652 -11.5034 53.4399
      vertex 32.935 -11.5609 54.5279
      vertex 31.4919 -12.0715 52.8718
    endloop
  endfacet
  facet normal 0.711657 -0.496762 0.496762
    outer loop
      vertex 14.1004 -31.5298 34.559
      vertex 14.9 -30.9385 34.0048
      vertex 14.1004 -31.4928 34.596
    endloop
  endfacet
  facet normal 0.0232791 -0.999711 -0.00593793
    outer loop
      vertex 42.6781 -9.95453 56.1343
      vertex 42.7043 -9.94716 54.9962
      vertex 44.6238 -9.90949 56.1793
    endloop
  endfacet
  facet normal 0.0697474 -0.997557 -0.003787
    outer loop
      vertex 40.6885 -10.0919 55.9969
      vertex 42.7043 -9.94716 54.9962
      vertex 42.6258 -9.95696 56.1319
    endloop
  endfacet
  facet normal -0.414484 -0.905802 0.0878957
    outer loop
      vertex 61.6442 -13.5603 52.5285
      vertex 62.7607 -14.2492 50.6941
      vertex 63.2266 -14.3622 51.7266
    endloop
  endfacet
  facet normal -0.355319 -0.932766 0.0607938
    outer loop
      vertex 59.525 -12.7205 52.2228
      vertex 59.9475 -12.8128 53.276
      vertex 59.9021 -12.7943 53.2945
    endloop
  endfacet
  facet normal -0.451387 -0.885771 0.107977
    outer loop
      vertex 64.2655 -15.1225 49.8208
      vertex 64.773 -15.258 50.8308
      vertex 62.7607 -14.2492 50.6941
    endloop
  endfacet
  facet normal 0.206552 -0.978315 0.0153886
    outer loop
      vertex 36.9501 -10.6189 54.3244
      vertex 36.7179 -10.6504 55.4385
      vertex 35.0872 -11.0185 53.9248
    endloop
  endfacet
  facet normal 0.578334 -0.789924 0.203838
    outer loop
      vertex 19.2635 -19.4946 46.5942
      vertex 21.0477 -18.1324 46.8109
      vertex 20.3975 -18.3756 47.7132
    endloop
  endfacet
  facet normal -0.293659 -0.0386455 0.955129
    outer loop
      vertex 56.0348 -50.3737 14.5696
      vertex 56.365 -51.4617 14.6271
      vertex 57.8081 -49.8055 15.1378
    endloop
  endfacet
  facet normal -0.882721 0 0.469898
    outer loop
      vertex 73.5699 -38.4725 27.6163
      vertex 72.8841 -39.7608 26.328
      vertex 72.8841 -39.7609 26.328
    endloop
  endfacet
  facet normal -0.698267 -0.594022 0.399451
    outer loop
      vertex 73.8284 -26.8345 38.1088
      vertex 74.6177 -27.3152 38.7737
      vertex 74.6075 -27.2788 38.81
    endloop
  endfacet
  facet normal -0.710078 -0.530426 0.463075
    outer loop
      vertex 74.3363 -29.5627 35.3806
      vertex 75.1359 -30.1169 35.9719
      vertex 75.1324 -30.08 36.0088
    endloop
  endfacet
  facet normal -0.535745 -0.827998 0.165517
    outer loop
      vertex 67.0172 -17.0683 47.875
      vertex 67.6356 -17.2822 48.8066
      vertex 67.6011 -17.2543 48.8345
    endloop
  endfacet
  facet normal 0.705652 -0.43137 0.562117
    outer loop
      vertex 14.3584 -34.3125 31.7763
      vertex 14.3652 -34.3492 31.7396
      vertex 15.1545 -33.6843 31.259
    endloop
  endfacet
  facet normal -0.680899 -0.642896 0.350802
    outer loop
      vertex 72.8212 -24.1766 40.7667
      vertex 74.1518 -25.9025 40.1864
      vertex 73.5867 -24.5852 41.5037
    endloop
  endfacet
  facet normal 0.250615 -0.967736 0.0260572
    outer loop
      vertex 32.9834 -11.5467 54.5421
      vertex 35.0872 -11.0185 53.9248
      vertex 34.8054 -11.0618 55.027
    endloop
  endfacet
  facet normal 0.226909 -0.973715 0.0197614
    outer loop
      vertex 34.8054 -11.0618 55.027
      vertex 35.0872 -11.0185 53.9248
      vertex 34.855 -11.05 55.0389
    endloop
  endfacet
  facet normal 0.604211 -0.762538 0.231225
    outer loop
      vertex 18.2064 -20.6944 45.3945
      vertex 19.9138 -19.2513 45.692
      vertex 19.2344 -19.5254 46.5634
    endloop
  endfacet
  facet normal -0.31494 -0.948023 0.0454507
    outer loop
      vertex 57.8081 -12.0715 52.8718
      vertex 58.1852 -12.1454 53.9434
      vertex 58.1382 -12.129 53.9598
    endloop
  endfacet
  facet normal -0.272735 -0.961558 0.0319553
    outer loop
      vertex 56.0348 -11.5034 53.4399
      vertex 56.365 -11.5609 54.5279
      vertex 56.3166 -11.5467 54.5421
    endloop
  endfacet
  facet normal -0.293616 -0.955142 0.0386318
    outer loop
      vertex 56.365 -11.5609 54.5279
      vertex 56.0348 -11.5034 53.4399
      vertex 57.8081 -12.0715 52.8718
    endloop
  endfacet
  facet normal -0.486356 -0.864082 0.129689
    outer loop
      vertex 64.2655 -15.1225 49.8208
      vertex 66.2333 -16.2234 49.8654
      vertex 64.8124 -15.2824 50.8064
    endloop
  endfacet
  facet normal 0.657626 -0.689067 0.304491
    outer loop
      vertex 16.4159 -23.2617 42.8271
      vertex 17.1646 -22.8883 42.0551
      vertex 16.4359 -23.2275 42.8613
    endloop
  endfacet
  facet normal 0.710161 -0.463777 0.529701
    outer loop
      vertex 14.1641 -32.9057 33.1832
      vertex 14.1676 -32.9426 33.1462
      vertex 14.9637 -32.3144 32.6289
    endloop
  endfacet
  facet normal 0.519263 -0.840807 0.153004
    outer loop
      vertex 21.6989 -17.2543 48.8345
      vertex 22.2828 -17.0683 47.875
      vertex 23.0297 -16.2496 49.8392
    endloop
  endfacet
  facet normal 0.519318 -0.840779 0.152972
    outer loop
      vertex 23.6136 -16.0635 48.8798
      vertex 23.0297 -16.2496 49.8392
      vertex 22.2828 -17.0683 47.875
    endloop
  endfacet
  facet normal 0.702021 -0.578808 0.414907
    outer loop
      vertex 14.3652 -28.6734 37.4155
      vertex 15.1545 -28.1927 36.7506
      vertex 15.4716 -26.8345 38.1088
    endloop
  endfacet
  facet normal 0.451387 -0.885771 0.107977
    outer loop
      vertex 24.527 -15.258 50.8308
      vertex 25.0345 -15.1225 49.8208
      vertex 26.5393 -14.2492 50.6941
    endloop
  endfacet
  facet normal 0.433059 -0.896094 0.0973402
    outer loop
      vertex 26.0319 -14.3847 51.7041
      vertex 26.5393 -14.2492 50.6941
      vertex 26.0734 -14.3622 51.7266
    endloop
  endfacet
  facet normal -0.250636 -0.0259749 0.967733
    outer loop
      vertex 54.2128 -50.8586 14.0847
      vertex 56.3166 -51.4759 14.613
      vertex 56.0348 -50.3737 14.5696
    endloop
  endfacet
  facet normal -0.250636 -0.0259749 0.967733
    outer loop
      vertex 54.2128 -50.8586 14.0847
      vertex 54.4946 -51.9608 14.1281
      vertex 56.3166 -51.4759 14.613
    endloop
  endfacet
  facet normal -0.313838 -0.0451209 0.948404
    outer loop
      vertex 57.8081 -49.8055 15.1378
      vertex 58.1383 -50.8936 15.1953
      vertex 58.1852 -50.8772 15.2116
    endloop
  endfacet
  facet normal -0.549974 -0.816058 0.177704
    outer loop
      vertex 67.6356 -17.2822 48.8066
      vertex 68.2523 -18.1324 46.8109
      vertex 68.8707 -18.3463 47.7425
    endloop
  endfacet
  facet normal -0.564581 -0.803124 0.19037
    outer loop
      vertex 68.2523 -18.1324 46.8109
      vertex 68.9025 -18.3756 47.7132
      vertex 68.8707 -18.3463 47.7425
    endloop
  endfacet
  facet normal 0 -0.999979 -0.00647557
    outer loop
      vertex 44.6238 -9.90949 56.1793
      vertex 44.65 -9.90212 55.0412
      vertex 44.6762 -9.90949 56.1793
    endloop
  endfacet
  facet normal -0.046659 -0.998896 -0.00539443
    outer loop
      vertex 46.5957 -9.94716 54.9962
      vertex 46.6742 -9.95696 56.1319
      vertex 46.6219 -9.95453 56.1343
    endloop
  endfacet
  facet normal -0.161577 -0.986836 0.0068803
    outer loop
      vertex 50.6356 -10.3282 55.7606
      vertex 52.3499 -10.6189 54.3244
      vertex 52.5315 -10.6408 55.448
    endloop
  endfacet
  facet normal -0.486356 -0.864082 0.129689
    outer loop
      vertex 65.6864 -16.0635 48.8798
      vertex 66.2333 -16.2234 49.8654
      vertex 64.2655 -15.1225 49.8208
    endloop
  endfacet
  facet normal -0.503589 -0.852333 0.141158
    outer loop
      vertex 65.6864 -16.0635 48.8798
      vertex 66.2703 -16.2496 49.8392
      vertex 66.2333 -16.2234 49.8654
    endloop
  endfacet
  facet normal -0.433059 -0.896094 0.0973402
    outer loop
      vertex 62.7607 -14.2492 50.6941
      vertex 63.2681 -14.3847 51.7041
      vertex 63.2266 -14.3622 51.7266
    endloop
  endfacet
  facet normal -0.394677 -0.915502 0.0780161
    outer loop
      vertex 61.1782 -13.4474 51.4959
      vertex 61.6442 -13.5603 52.5285
      vertex 61.6007 -13.5398 52.549
    endloop
  endfacet
  facet normal -0.414388 -0.905839 0.0879679
    outer loop
      vertex 61.6442 -13.5603 52.5285
      vertex 61.1782 -13.4474 51.4959
      vertex 62.7607 -14.2492 50.6941
    endloop
  endfacet
  facet normal 0.6929 -0.382658 0.611116
    outer loop
      vertex 14.6925 -35.7438 30.3451
      vertex 15.1346 -37.0844 29.0044
      vertex 15.9137 -36.3832 28.5601
    endloop
  endfacet
  facet normal 0.692919 -0.382624 0.611116
    outer loop
      vertex 14.6925 -35.7438 30.3451
      vertex 15.9137 -36.3832 28.5601
      vertex 15.4716 -35.0425 29.9008
    endloop
  endfacet
  facet normal 0.711118 -0.480395 0.513354
    outer loop
      vertex 14.1004 -31.5298 34.559
      vertex 14.1641 -32.9057 33.1832
      vertex 14.9637 -32.3144 32.6289
    endloop
  endfacet
  facet normal 0.698267 -0.594022 0.399451
    outer loop
      vertex 14.6823 -27.3152 38.7737
      vertex 15.4716 -26.8345 38.1088
      vertex 14.6925 -27.2788 38.81
    endloop
  endfacet
  facet normal 0.615698 -0.749158 0.244291
    outer loop
      vertex 18.1802 -20.7264 45.3624
      vertex 18.8857 -20.4203 44.523
      vertex 18.2064 -20.6944 45.3945
    endloop
  endfacet
  facet normal 0.414484 -0.905802 0.0878957
    outer loop
      vertex 26.0734 -14.3622 51.7266
      vertex 26.5393 -14.2492 50.6941
      vertex 27.6558 -13.5603 52.5285
    endloop
  endfacet
  facet normal 0.535745 -0.827998 0.165517
    outer loop
      vertex 21.6644 -17.2822 48.8066
      vertex 22.2828 -17.0683 47.875
      vertex 21.6989 -17.2543 48.8345
    endloop
  endfacet
  facet normal 0.335396 -0.940576 0.053163
    outer loop
      vertex 29.3979 -12.7943 53.2945
      vertex 31.4919 -12.0715 52.8718
      vertex 31.1148 -12.1454 53.9434
    endloop
  endfacet
  facet normal 0.394677 -0.915502 0.0780161
    outer loop
      vertex 27.6558 -13.5603 52.5285
      vertex 28.1218 -13.4474 51.4959
      vertex 27.6993 -13.5398 52.549
    endloop
  endfacet
  facet normal 0.046659 -0.998896 -0.00539443
    outer loop
      vertex 42.6258 -9.95696 56.1319
      vertex 42.7043 -9.94716 54.9962
      vertex 42.6781 -9.95453 56.1343
    endloop
  endfacet
  facet normal 0.701972 -0.41496 0.57883
    outer loop
      vertex 14.6271 -35.4711 30.6177
      vertex 15.4716 -35.0425 29.9008
      vertex 14.3652 -34.3492 31.7396
    endloop
  endfacet
  facet normal 0.701975 -0.414892 0.578874
    outer loop
      vertex 15.4716 -35.0425 29.9008
      vertex 14.6271 -35.4711 30.6177
      vertex 14.6823 -35.7074 30.3814
    endloop
  endfacet
  facet normal 0.674345 -0.657632 0.335825
    outer loop
      vertex 15.7133 -24.5852 41.5037
      vertex 16.4788 -24.1766 40.7667
      vertex 15.7301 -24.5501 41.5387
    endloop
  endfacet
  facet normal 0.665877 -0.674124 0.319633
    outer loop
      vertex 15.7301 -24.5501 41.5387
      vertex 16.4788 -24.1766 40.7667
      vertex 16.4159 -23.2618 42.8271
    endloop
  endfacet
  facet normal 0.591767 -0.776298 0.217194
    outer loop
      vertex 19.2344 -19.5254 46.5634
      vertex 19.9138 -19.2513 45.692
      vertex 19.2635 -19.4946 46.5942
    endloop
  endfacet
  facet normal 0.451387 -0.885777 0.107932
    outer loop
      vertex 24.527 -15.258 50.8308
      vertex 26.5393 -14.2492 50.6941
      vertex 26.0319 -14.3847 51.7041
    endloop
  endfacet
  facet normal 0.503589 -0.852333 0.141158
    outer loop
      vertex 23.0297 -16.2496 49.8392
      vertex 23.6136 -16.0635 48.8798
      vertex 23.0667 -16.2234 49.8654
    endloop
  endfacet
  facet normal 0.486356 -0.864082 0.129689
    outer loop
      vertex 23.0667 -16.2234 49.8654
      vertex 23.6136 -16.0635 48.8798
      vertex 25.0345 -15.1225 49.8208
    endloop
  endfacet
  facet normal 0.564581 -0.803124 0.19037
    outer loop
      vertex 20.3975 -18.3756 47.7132
      vertex 21.0477 -18.1324 46.8109
      vertex 20.4293 -18.3463 47.7425
    endloop
  endfacet
  facet normal 0.549974 -0.816058 0.177704
    outer loop
      vertex 20.4293 -18.3463 47.7425
      vertex 21.0477 -18.1324 46.8109
      vertex 21.6644 -17.2822 48.8066
    endloop
  endfacet
  facet normal 0.355319 -0.932766 0.0607938
    outer loop
      vertex 29.3525 -12.8128 53.276
      vertex 29.775 -12.7205 52.2228
      vertex 29.3979 -12.7943 53.2945
    endloop
  endfacet
  facet normal 0.680899 -0.642896 0.350802
    outer loop
      vertex 15.1482 -25.9025 40.1864
      vertex 16.4788 -24.1766 40.7667
      vertex 15.7133 -24.5852 41.5037
    endloop
  endfacet
  facet normal 0.638834 -0.718557 0.274895
    outer loop
      vertex 17.2394 -21.9737 44.1152
      vertex 17.968 -21.6344 43.3089
      vertex 17.2625 -21.9405 44.1483
    endloop
  endfacet
  facet normal 0.627494 -0.734026 0.259723
    outer loop
      vertex 17.2625 -21.9405 44.1483
      vertex 17.968 -21.6344 43.3089
      vertex 18.1802 -20.7264 45.3624
    endloop
  endfacet
  facet normal 0.687191 -0.627634 0.365847
    outer loop
      vertex 15.1346 -25.9382 40.1506
      vertex 15.9137 -25.4939 39.4494
      vertex 15.1482 -25.9025 40.1863
    endloop
  endfacet
  facet normal 0.648095 -0.704524 0.289169
    outer loop
      vertex 16.4359 -23.2275 42.8613
      vertex 17.968 -21.6344 43.3089
      vertex 17.2394 -21.9737 44.1152
    endloop
  endfacet
  facet normal 0 0.707107 -0.707107
    outer loop
      vertex 21.5 48.8 56.9888
      vertex 6.5 50.8 58.9888
      vertex 21.5 50.8 58.9888
    endloop
  endfacet
  facet normal 0 0.707107 -0.707107
    outer loop
      vertex 6.5 50.8 58.9888
      vertex 21.5 48.8 56.9888
      vertex 6.5 48.8 56.9888
    endloop
  endfacet
  facet normal 0.659278 0 0.7519
    outer loop
      vertex 10.5251 50.8 68.5139
      vertex 10.8693 48.3 68.2121
      vertex 10.8693 50.8 68.2121
    endloop
  endfacet
  facet normal 0.659278 0 0.7519
    outer loop
      vertex 10.8693 48.3 68.2121
      vertex 10.5251 50.8 68.5139
      vertex 10.5251 48.3 68.5139
    endloop
  endfacet
  facet normal 0.980782 -0 0.195108
    outer loop
      vertex 9.52994 48.3 70.532
      vertex 9.61926 50.8 70.083
      vertex 9.52994 50.8 70.532
    endloop
  endfacet
  facet normal 0.980782 0 0.195108
    outer loop
      vertex 9.61926 50.8 70.083
      vertex 9.52994 48.3 70.532
      vertex 9.61926 48.3 70.083
    endloop
  endfacet
  facet normal -0.707107 0 -0.707107
    outer loop
      vertex 13 48.3 75.9386
      vertex 15.4749 50.8 73.4637
      vertex 15.4749 48.3 73.4637
    endloop
  endfacet
  facet normal -0.707107 0 -0.707107
    outer loop
      vertex 15.4749 50.8 73.4637
      vertex 13 48.3 75.9386
      vertex 13 50.8 75.9386
    endloop
  endfacet
  facet normal 0.997859 -0 0.0654026
    outer loop
      vertex 9.5 48.3 70.9888
      vertex 9.52994 50.8 70.532
      vertex 9.5 50.8 70.9888
    endloop
  endfacet
  facet normal 0.997859 0 0.0654026
    outer loop
      vertex 9.52994 50.8 70.532
      vertex 9.5 48.3 70.9888
      vertex 9.52994 48.3 70.532
    endloop
  endfacet
  facet normal 0.7519 0 -0.659278
    outer loop
      vertex 10.5251 48.3 73.4637
      vertex 10.2233 50.8 73.1195
      vertex 10.5251 50.8 73.4637
    endloop
  endfacet
  facet normal 0.7519 0 -0.659278
    outer loop
      vertex 10.2233 50.8 73.1195
      vertex 10.5251 48.3 73.4637
      vertex 10.2233 48.3 73.1195
    endloop
  endfacet
  facet normal 0.99786 0 -0.0653883
    outer loop
      vertex 9.52994 48.3 71.4457
      vertex 9.5 50.8 70.9888
      vertex 9.52994 50.8 71.4457
    endloop
  endfacet
  facet normal 0.99786 0 -0.0653883
    outer loop
      vertex 9.5 50.8 70.9888
      vertex 9.52994 48.3 71.4457
      vertex 9.5 48.3 70.9888
    endloop
  endfacet
  facet normal -0.831445 0 -0.555607
    outer loop
      vertex 16.0311 48.3 72.7388
      vertex 15.7767 50.8 73.1195
      vertex 16.0311 50.8 72.7388
    endloop
  endfacet
  facet normal -0.831445 -0 -0.555607
    outer loop
      vertex 15.7767 50.8 73.1195
      vertex 16.0311 48.3 72.7388
      vertex 15.7767 48.3 73.1195
    endloop
  endfacet
  facet normal 0.946926 0 -0.321452
    outer loop
      vertex 9.76642 48.3 72.3282
      vertex 9.61926 50.8 71.8947
      vertex 9.76642 50.8 72.3282
    endloop
  endfacet
  facet normal 0.946926 0 -0.321452
    outer loop
      vertex 9.61926 50.8 71.8947
      vertex 9.76642 48.3 72.3282
      vertex 9.61926 48.3 71.8947
    endloop
  endfacet
  facet normal 0.831455 0 -0.555592
    outer loop
      vertex 10.2233 48.3 73.1195
      vertex 9.96891 50.8 72.7388
      vertex 10.2233 50.8 73.1195
    endloop
  endfacet
  facet normal 0.831455 0 -0.555592
    outer loop
      vertex 9.96891 50.8 72.7388
      vertex 10.2233 48.3 73.1195
      vertex 9.96891 48.3 72.7388
    endloop
  endfacet
  facet normal -0.659278 0 0.7519
    outer loop
      vertex 15.1307 50.8 68.2121
      vertex 15.4749 48.3 68.5139
      vertex 15.4749 50.8 68.5139
    endloop
  endfacet
  facet normal -0.659278 0 0.7519
    outer loop
      vertex 15.4749 48.3 68.5139
      vertex 15.1307 50.8 68.2121
      vertex 15.1307 48.3 68.2121
    endloop
  endfacet
  facet normal 0.321335 0 0.946966
    outer loop
      vertex 11.6606 50.8 67.7552
      vertex 12.0941 48.3 67.6081
      vertex 12.0941 50.8 67.6081
    endloop
  endfacet
  facet normal 0.321335 0 0.946966
    outer loop
      vertex 12.0941 48.3 67.6081
      vertex 11.6606 50.8 67.7552
      vertex 11.6606 48.3 67.7552
    endloop
  endfacet
  facet normal -0.831378 0 0.555708
    outer loop
      vertex 15.7767 48.3 68.8582
      vertex 16.0311 50.8 69.2388
      vertex 15.7767 50.8 68.8582
    endloop
  endfacet
  facet normal -0.831378 0 0.555708
    outer loop
      vertex 16.0311 50.8 69.2388
      vertex 15.7767 48.3 68.8582
      vertex 16.0311 48.3 69.2388
    endloop
  endfacet
  facet normal -0.89686 0 -0.442314
    outer loop
      vertex 16.2336 48.3 72.3282
      vertex 16.0311 50.8 72.7388
      vertex 16.2336 50.8 72.3282
    endloop
  endfacet
  facet normal -0.89686 -0 -0.442314
    outer loop
      vertex 16.0311 50.8 72.7388
      vertex 16.2336 48.3 72.3282
      vertex 16.0311 48.3 72.7388
    endloop
  endfacet
  facet normal -0.946966 0 -0.321335
    outer loop
      vertex 16.3807 48.3 71.8947
      vertex 16.2336 50.8 72.3282
      vertex 16.3807 50.8 71.8947
    endloop
  endfacet
  facet normal -0.946966 -0 -0.321335
    outer loop
      vertex 16.2336 50.8 72.3282
      vertex 16.3807 48.3 71.8947
      vertex 16.2336 48.3 72.3282
    endloop
  endfacet
  facet normal 0.751995 -0 0.659169
    outer loop
      vertex 10.2233 48.3 68.8582
      vertex 10.5251 50.8 68.5139
      vertex 10.2233 50.8 68.8582
    endloop
  endfacet
  facet normal 0.751995 0 0.659169
    outer loop
      vertex 10.5251 50.8 68.5139
      vertex 10.2233 48.3 68.8582
      vertex 10.5251 48.3 68.5139
    endloop
  endfacet
  facet normal 0.896869 -0 0.442297
    outer loop
      vertex 9.76642 48.3 69.6494
      vertex 9.96891 50.8 69.2388
      vertex 9.76642 50.8 69.6494
    endloop
  endfacet
  facet normal 0.896869 0 0.442297
    outer loop
      vertex 9.96891 50.8 69.2388
      vertex 9.76642 48.3 69.6494
      vertex 9.96891 48.3 69.2388
    endloop
  endfacet
  facet normal 0.195024 0 0.980798
    outer loop
      vertex 12.0941 50.8 67.6081
      vertex 12.5432 48.3 67.5188
      vertex 12.5432 50.8 67.5188
    endloop
  endfacet
  facet normal 0.195024 0 0.980798
    outer loop
      vertex 12.5432 48.3 67.5188
      vertex 12.0941 50.8 67.6081
      vertex 12.0941 48.3 67.6081
    endloop
  endfacet
  facet normal 0.980782 0 -0.195108
    outer loop
      vertex 9.61926 48.3 71.8947
      vertex 9.52994 50.8 71.4457
      vertex 9.61926 50.8 71.8947
    endloop
  endfacet
  facet normal 0.980782 0 -0.195108
    outer loop
      vertex 9.52994 50.8 71.4457
      vertex 9.61926 48.3 71.8947
      vertex 9.52994 48.3 71.4457
    endloop
  endfacet
  facet normal 0.707107 0 -0.707107
    outer loop
      vertex 10.5251 48.3 73.4637
      vertex 13 50.8 75.9386
      vertex 13 48.3 75.9386
    endloop
  endfacet
  facet normal 0.707107 0 -0.707107
    outer loop
      vertex 13 50.8 75.9386
      vertex 10.5251 48.3 73.4637
      vertex 10.5251 50.8 73.4637
    endloop
  endfacet
  facet normal -0.0655331 0 0.99785
    outer loop
      vertex 13 50.8 67.4888
      vertex 13.4568 48.3 67.5188
      vertex 13.4568 50.8 67.5188
    endloop
  endfacet
  facet normal -0.0655331 0 0.99785
    outer loop
      vertex 13.4568 48.3 67.5188
      vertex 13 50.8 67.4888
      vertex 13 48.3 67.4888
    endloop
  endfacet
  facet normal -0.7519 0 -0.659278
    outer loop
      vertex 15.7767 48.3 73.1195
      vertex 15.4749 50.8 73.4637
      vertex 15.7767 50.8 73.1195
    endloop
  endfacet
  facet normal -0.7519 -0 -0.659278
    outer loop
      vertex 15.4749 50.8 73.4637
      vertex 15.7767 48.3 73.1195
      vertex 15.4749 48.3 73.4637
    endloop
  endfacet
  facet normal -0.946988 0 0.321268
    outer loop
      vertex 16.2336 48.3 69.6494
      vertex 16.3807 50.8 70.083
      vertex 16.2336 50.8 69.6494
    endloop
  endfacet
  facet normal -0.946988 0 0.321268
    outer loop
      vertex 16.3807 50.8 70.083
      vertex 16.2336 48.3 69.6494
      vertex 16.3807 48.3 70.083
    endloop
  endfacet
  facet normal -0.980748 0 -0.195276
    outer loop
      vertex 16.4701 48.3 71.4457
      vertex 16.3807 50.8 71.8947
      vertex 16.4701 50.8 71.4457
    endloop
  endfacet
  facet normal -0.980748 -0 -0.195276
    outer loop
      vertex 16.3807 50.8 71.8947
      vertex 16.4701 48.3 71.4457
      vertex 16.3807 48.3 71.8947
    endloop
  endfacet
  facet normal -0.751995 0 0.659169
    outer loop
      vertex 15.4749 48.3 68.5139
      vertex 15.7767 50.8 68.8582
      vertex 15.4749 50.8 68.5139
    endloop
  endfacet
  facet normal -0.751995 0 0.659169
    outer loop
      vertex 15.7767 50.8 68.8582
      vertex 15.4749 48.3 68.5139
      vertex 15.7767 48.3 68.8582
    endloop
  endfacet
  facet normal 0.555607 0 0.831445
    outer loop
      vertex 10.8693 50.8 68.2121
      vertex 11.25 48.3 67.9577
      vertex 11.25 50.8 67.9577
    endloop
  endfacet
  facet normal 0.555607 0 0.831445
    outer loop
      vertex 11.25 48.3 67.9577
      vertex 10.8693 50.8 68.2121
      vertex 10.8693 48.3 68.2121
    endloop
  endfacet
  facet normal 0.896869 0 -0.442297
    outer loop
      vertex 9.96891 48.3 72.7388
      vertex 9.76642 50.8 72.3282
      vertex 9.96891 50.8 72.7388
    endloop
  endfacet
  facet normal 0.896869 0 -0.442297
    outer loop
      vertex 9.76642 50.8 72.3282
      vertex 9.96891 48.3 72.7388
      vertex 9.76642 48.3 72.3282
    endloop
  endfacet
  facet normal -0.997865 0 0.0653156
    outer loop
      vertex 16.4701 48.3 70.532
      vertex 16.5 50.8 70.9888
      vertex 16.4701 50.8 70.532
    endloop
  endfacet
  facet normal -0.997865 0 0.0653156
    outer loop
      vertex 16.5 50.8 70.9888
      vertex 16.4701 48.3 70.532
      vertex 16.5 48.3 70.9888
    endloop
  endfacet
  facet normal -0.997866 0 -0.0653013
    outer loop
      vertex 16.5 48.3 70.9888
      vertex 16.4701 50.8 71.4457
      vertex 16.5 50.8 70.9888
    endloop
  endfacet
  facet normal -0.997866 -0 -0.0653013
    outer loop
      vertex 16.4701 50.8 71.4457
      vertex 16.5 48.3 70.9888
      vertex 16.4701 48.3 71.4457
    endloop
  endfacet
  facet normal -0.321335 0 0.946966
    outer loop
      vertex 13.9059 50.8 67.6081
      vertex 14.3394 48.3 67.7552
      vertex 14.3394 50.8 67.7552
    endloop
  endfacet
  facet normal -0.321335 0 0.946966
    outer loop
      vertex 14.3394 48.3 67.7552
      vertex 13.9059 50.8 67.6081
      vertex 13.9059 48.3 67.6081
    endloop
  endfacet
  facet normal -0.442314 0 0.89686
    outer loop
      vertex 14.3394 50.8 67.7552
      vertex 14.75 48.3 67.9577
      vertex 14.75 50.8 67.9577
    endloop
  endfacet
  facet normal -0.442314 0 0.89686
    outer loop
      vertex 14.75 48.3 67.9577
      vertex 14.3394 50.8 67.7552
      vertex 14.3394 48.3 67.7552
    endloop
  endfacet
  facet normal 0.442314 0 0.89686
    outer loop
      vertex 11.25 50.8 67.9577
      vertex 11.6606 48.3 67.7552
      vertex 11.6606 50.8 67.7552
    endloop
  endfacet
  facet normal 0.442314 0 0.89686
    outer loop
      vertex 11.6606 48.3 67.7552
      vertex 11.25 50.8 67.9577
      vertex 11.25 48.3 67.9577
    endloop
  endfacet
  facet normal -0.195024 0 0.980798
    outer loop
      vertex 13.4568 50.8 67.5188
      vertex 13.9059 48.3 67.6081
      vertex 13.9059 50.8 67.6081
    endloop
  endfacet
  facet normal -0.195024 0 0.980798
    outer loop
      vertex 13.9059 48.3 67.6081
      vertex 13.4568 50.8 67.5188
      vertex 13.4568 48.3 67.5188
    endloop
  endfacet
  facet normal -0.980748 0 0.195276
    outer loop
      vertex 16.3807 48.3 70.083
      vertex 16.4701 50.8 70.532
      vertex 16.3807 50.8 70.083
    endloop
  endfacet
  facet normal -0.980748 0 0.195276
    outer loop
      vertex 16.4701 50.8 70.532
      vertex 16.3807 48.3 70.083
      vertex 16.4701 48.3 70.532
    endloop
  endfacet
  facet normal -0.89686 0 0.442314
    outer loop
      vertex 16.0311 48.3 69.2388
      vertex 16.2336 50.8 69.6494
      vertex 16.0311 50.8 69.2388
    endloop
  endfacet
  facet normal -0.89686 0 0.442314
    outer loop
      vertex 16.2336 50.8 69.6494
      vertex 16.0311 48.3 69.2388
      vertex 16.2336 48.3 69.6494
    endloop
  endfacet
  facet normal 0.0655331 0 0.99785
    outer loop
      vertex 12.5432 50.8 67.5188
      vertex 13 48.3 67.4888
      vertex 13 50.8 67.4888
    endloop
  endfacet
  facet normal 0.0655331 0 0.99785
    outer loop
      vertex 13 48.3 67.4888
      vertex 12.5432 50.8 67.5188
      vertex 12.5432 48.3 67.5188
    endloop
  endfacet
  facet normal 0.831388 -0 0.555693
    outer loop
      vertex 9.96891 48.3 69.2388
      vertex 10.2233 50.8 68.8582
      vertex 9.96891 50.8 69.2388
    endloop
  endfacet
  facet normal 0.831388 0 0.555693
    outer loop
      vertex 10.2233 50.8 68.8582
      vertex 9.96891 48.3 69.2388
      vertex 10.2233 48.3 68.8582
    endloop
  endfacet
  facet normal -0.555607 0 0.831445
    outer loop
      vertex 14.75 50.8 67.9577
      vertex 15.1307 48.3 68.2121
      vertex 15.1307 50.8 68.2121
    endloop
  endfacet
  facet normal -0.555607 0 0.831445
    outer loop
      vertex 15.1307 48.3 68.2121
      vertex 14.75 50.8 67.9577
      vertex 14.75 48.3 67.9577
    endloop
  endfacet
  facet normal 0.946948 -0 0.321386
    outer loop
      vertex 9.61926 48.3 70.083
      vertex 9.76642 50.8 69.6494
      vertex 9.61926 50.8 70.083
    endloop
  endfacet
  facet normal 0.946948 0 0.321386
    outer loop
      vertex 9.76642 50.8 69.6494
      vertex 9.61926 48.3 70.083
      vertex 9.76642 48.3 69.6494
    endloop
  endfacet
  facet normal 0 0.707107 -0.707107
    outer loop
      vertex 158 48.8 56.9888
      vertex 143 50.8 58.9888
      vertex 158 50.8 58.9888
    endloop
  endfacet
  facet normal 0 0.707107 -0.707107
    outer loop
      vertex 143 50.8 58.9888
      vertex 158 48.8 56.9888
      vertex 143 48.8 56.9888
    endloop
  endfacet
  facet normal 0.659494 0 0.75171
    outer loop
      vertex 149.025 50.8 68.5139
      vertex 149.369 48.3 68.2121
      vertex 149.369 50.8 68.2121
    endloop
  endfacet
  facet normal 0.659494 0 0.75171
    outer loop
      vertex 149.369 48.3 68.2121
      vertex 149.025 50.8 68.5139
      vertex 149.025 48.3 68.5139
    endloop
  endfacet
  facet normal 0.980915 -0 0.194435
    outer loop
      vertex 148.03 48.3 70.532
      vertex 148.119 50.8 70.083
      vertex 148.03 50.8 70.532
    endloop
  endfacet
  facet normal 0.980915 0 0.194435
    outer loop
      vertex 148.119 50.8 70.083
      vertex 148.03 48.3 70.532
      vertex 148.119 48.3 70.083
    endloop
  endfacet
  facet normal -0.707092 0 -0.707121
    outer loop
      vertex 151.5 48.3 75.9386
      vertex 153.975 50.8 73.4637
      vertex 153.975 48.3 73.4637
    endloop
  endfacet
  facet normal -0.707092 0 -0.707121
    outer loop
      vertex 153.975 50.8 73.4637
      vertex 151.5 48.3 75.9386
      vertex 151.5 50.8 75.9386
    endloop
  endfacet
  facet normal 0.99785 -0 0.0655331
    outer loop
      vertex 148 48.3 70.9888
      vertex 148.03 50.8 70.532
      vertex 148 50.8 70.9888
    endloop
  endfacet
  facet normal 0.99785 0 0.0655331
    outer loop
      vertex 148.03 50.8 70.532
      vertex 148 48.3 70.9888
      vertex 148.03 48.3 70.532
    endloop
  endfacet
  facet normal 0.751683 0 -0.659524
    outer loop
      vertex 149.025 48.3 73.4637
      vertex 148.723 50.8 73.1195
      vertex 149.025 50.8 73.4637
    endloop
  endfacet
  facet normal 0.751683 0 -0.659524
    outer loop
      vertex 148.723 50.8 73.1195
      vertex 149.025 48.3 73.4637
      vertex 148.723 48.3 73.1195
    endloop
  endfacet
  facet normal 0.997851 0 -0.0655188
    outer loop
      vertex 148.03 48.3 71.4457
      vertex 148 50.8 70.9888
      vertex 148.03 50.8 71.4457
    endloop
  endfacet
  facet normal 0.997851 0 -0.0655188
    outer loop
      vertex 148 50.8 70.9888
      vertex 148.03 48.3 71.4457
      vertex 148 48.3 70.9888
    endloop
  endfacet
  facet normal -0.831849 0 -0.555003
    outer loop
      vertex 154.531 48.3 72.7388
      vertex 154.277 50.8 73.1195
      vertex 154.531 50.8 72.7388
    endloop
  endfacet
  facet normal -0.831849 -0 -0.555003
    outer loop
      vertex 154.277 50.8 73.1195
      vertex 154.531 48.3 72.7388
      vertex 154.277 48.3 73.1195
    endloop
  endfacet
  facet normal 0.947032 0 -0.321139
    outer loop
      vertex 148.266 48.3 72.3282
      vertex 148.119 50.8 71.8947
      vertex 148.266 50.8 72.3282
    endloop
  endfacet
  facet normal 0.947032 0 -0.321139
    outer loop
      vertex 148.119 50.8 71.8947
      vertex 148.266 48.3 72.3282
      vertex 148.119 48.3 71.8947
    endloop
  endfacet
  facet normal 0.831849 0 -0.555003
    outer loop
      vertex 148.723 48.3 73.1195
      vertex 148.469 50.8 72.7388
      vertex 148.723 50.8 73.1195
    endloop
  endfacet
  facet normal 0.831849 0 -0.555003
    outer loop
      vertex 148.469 50.8 72.7388
      vertex 148.723 48.3 73.1195
      vertex 148.469 48.3 72.7388
    endloop
  endfacet
  facet normal -0.659494 0 0.75171
    outer loop
      vertex 153.631 50.8 68.2121
      vertex 153.975 48.3 68.5139
      vertex 153.975 50.8 68.5139
    endloop
  endfacet
  facet normal -0.659494 0 0.75171
    outer loop
      vertex 153.975 48.3 68.5139
      vertex 153.631 50.8 68.2121
      vertex 153.631 48.3 68.2121
    endloop
  endfacet
  facet normal 0.321668 0 0.946853
    outer loop
      vertex 150.161 50.8 67.7552
      vertex 150.594 48.3 67.6081
      vertex 150.594 50.8 67.6081
    endloop
  endfacet
  facet normal 0.321668 0 0.946853
    outer loop
      vertex 150.594 48.3 67.6081
      vertex 150.161 50.8 67.7552
      vertex 150.161 48.3 67.7552
    endloop
  endfacet
  facet normal -0.831781 0 0.555104
    outer loop
      vertex 154.277 48.3 68.8582
      vertex 154.531 50.8 69.2388
      vertex 154.277 50.8 68.8582
    endloop
  endfacet
  facet normal -0.831781 0 0.555104
    outer loop
      vertex 154.531 50.8 69.2388
      vertex 154.277 48.3 68.8582
      vertex 154.531 48.3 69.2388
    endloop
  endfacet
  facet normal -0.896427 0 -0.443192
    outer loop
      vertex 154.734 48.3 72.3282
      vertex 154.531 50.8 72.7388
      vertex 154.734 50.8 72.3282
    endloop
  endfacet
  facet normal -0.896427 -0 -0.443192
    outer loop
      vertex 154.531 50.8 72.7388
      vertex 154.734 48.3 72.3282
      vertex 154.531 48.3 72.7388
    endloop
  endfacet
  facet normal -0.947032 0 -0.321139
    outer loop
      vertex 154.881 48.3 71.8947
      vertex 154.734 50.8 72.3282
      vertex 154.881 50.8 71.8947
    endloop
  endfacet
  facet normal -0.947032 -0 -0.321139
    outer loop
      vertex 154.734 50.8 72.3282
      vertex 154.881 48.3 71.8947
      vertex 154.734 48.3 72.3282
    endloop
  endfacet
  facet normal 0.751778 -0 0.659416
    outer loop
      vertex 148.723 48.3 68.8582
      vertex 149.025 50.8 68.5139
      vertex 148.723 50.8 68.8582
    endloop
  endfacet
  facet normal 0.751778 0 0.659416
    outer loop
      vertex 149.025 50.8 68.5139
      vertex 148.723 48.3 68.8582
      vertex 149.025 48.3 68.5139
    endloop
  endfacet
  facet normal 0.896427 -0 0.443192
    outer loop
      vertex 148.266 48.3 69.6494
      vertex 148.469 50.8 69.2388
      vertex 148.266 50.8 69.6494
    endloop
  endfacet
  facet normal 0.896427 0 0.443192
    outer loop
      vertex 148.469 50.8 69.2388
      vertex 148.266 48.3 69.6494
      vertex 148.469 48.3 69.2388
    endloop
  endfacet
  facet normal 0.195066 0 0.98079
    outer loop
      vertex 150.594 50.8 67.6081
      vertex 151.043 48.3 67.5188
      vertex 151.043 50.8 67.5188
    endloop
  endfacet
  facet normal 0.195066 0 0.98079
    outer loop
      vertex 151.043 48.3 67.5188
      vertex 150.594 50.8 67.6081
      vertex 150.594 48.3 67.6081
    endloop
  endfacet
  facet normal 0.980915 0 -0.194435
    outer loop
      vertex 148.119 48.3 71.8947
      vertex 148.03 50.8 71.4457
      vertex 148.119 50.8 71.8947
    endloop
  endfacet
  facet normal 0.980915 0 -0.194435
    outer loop
      vertex 148.03 50.8 71.4457
      vertex 148.119 48.3 71.8947
      vertex 148.03 48.3 71.4457
    endloop
  endfacet
  facet normal 0.707092 0 -0.707121
    outer loop
      vertex 149.025 48.3 73.4637
      vertex 151.5 50.8 75.9386
      vertex 151.5 48.3 75.9386
    endloop
  endfacet
  facet normal 0.707092 0 -0.707121
    outer loop
      vertex 151.5 50.8 75.9386
      vertex 149.025 48.3 73.4637
      vertex 149.025 50.8 73.4637
    endloop
  endfacet
  facet normal -0.0655045 0 0.997852
    outer loop
      vertex 151.5 50.8 67.4888
      vertex 151.957 48.3 67.5188
      vertex 151.957 50.8 67.5188
    endloop
  endfacet
  facet normal -0.0655045 0 0.997852
    outer loop
      vertex 151.957 48.3 67.5188
      vertex 151.5 50.8 67.4888
      vertex 151.5 48.3 67.4888
    endloop
  endfacet
  facet normal -0.751683 0 -0.659524
    outer loop
      vertex 154.277 48.3 73.1195
      vertex 153.975 50.8 73.4637
      vertex 154.277 50.8 73.1195
    endloop
  endfacet
  facet normal -0.751683 -0 -0.659524
    outer loop
      vertex 153.975 50.8 73.4637
      vertex 154.277 48.3 73.1195
      vertex 153.975 48.3 73.4637
    endloop
  endfacet
  facet normal -0.947055 0 0.321072
    outer loop
      vertex 154.734 48.3 69.6494
      vertex 154.881 50.8 70.083
      vertex 154.734 50.8 69.6494
    endloop
  endfacet
  facet normal -0.947055 0 0.321072
    outer loop
      vertex 154.881 50.8 70.083
      vertex 154.734 48.3 69.6494
      vertex 154.881 48.3 70.083
    endloop
  endfacet
  facet normal -0.980915 0 -0.194435
    outer loop
      vertex 154.97 48.3 71.4457
      vertex 154.881 50.8 71.8947
      vertex 154.97 50.8 71.4457
    endloop
  endfacet
  facet normal -0.980915 -0 -0.194435
    outer loop
      vertex 154.881 50.8 71.8947
      vertex 154.97 48.3 71.4457
      vertex 154.881 48.3 71.8947
    endloop
  endfacet
  facet normal -0.751778 0 0.659416
    outer loop
      vertex 153.975 48.3 68.5139
      vertex 154.277 50.8 68.8582
      vertex 153.975 50.8 68.5139
    endloop
  endfacet
  facet normal -0.751778 0 0.659416
    outer loop
      vertex 154.277 50.8 68.8582
      vertex 153.975 48.3 68.5139
      vertex 154.277 48.3 68.8582
    endloop
  endfacet
  facet normal 0.555305 0 0.831647
    outer loop
      vertex 149.369 50.8 68.2121
      vertex 149.75 48.3 67.9577
      vertex 149.75 50.8 67.9577
    endloop
  endfacet
  facet normal 0.555305 0 0.831647
    outer loop
      vertex 149.75 48.3 67.9577
      vertex 149.369 50.8 68.2121
      vertex 149.369 48.3 68.2121
    endloop
  endfacet
  facet normal 0.896427 0 -0.443192
    outer loop
      vertex 148.469 48.3 72.7388
      vertex 148.266 50.8 72.3282
      vertex 148.469 50.8 72.7388
    endloop
  endfacet
  facet normal 0.896427 0 -0.443192
    outer loop
      vertex 148.266 50.8 72.3282
      vertex 148.469 48.3 72.7388
      vertex 148.266 48.3 72.3282
    endloop
  endfacet
  facet normal -0.99785 0 0.0655331
    outer loop
      vertex 154.97 48.3 70.532
      vertex 155 50.8 70.9888
      vertex 154.97 50.8 70.532
    endloop
  endfacet
  facet normal -0.99785 0 0.0655331
    outer loop
      vertex 155 50.8 70.9888
      vertex 154.97 48.3 70.532
      vertex 155 48.3 70.9888
    endloop
  endfacet
  facet normal -0.997851 0 -0.0655188
    outer loop
      vertex 155 48.3 70.9888
      vertex 154.97 50.8 71.4457
      vertex 155 50.8 70.9888
    endloop
  endfacet
  facet normal -0.997851 -0 -0.0655188
    outer loop
      vertex 154.97 50.8 71.4457
      vertex 155 48.3 70.9888
      vertex 154.97 48.3 71.4457
    endloop
  endfacet
  facet normal -0.321668 0 0.946853
    outer loop
      vertex 152.406 50.8 67.6081
      vertex 152.839 48.3 67.7552
      vertex 152.839 50.8 67.7552
    endloop
  endfacet
  facet normal -0.321668 0 0.946853
    outer loop
      vertex 152.839 48.3 67.7552
      vertex 152.406 50.8 67.6081
      vertex 152.406 48.3 67.6081
    endloop
  endfacet
  facet normal -0.441968 0 0.897031
    outer loop
      vertex 152.839 50.8 67.7552
      vertex 153.25 48.3 67.9577
      vertex 153.25 50.8 67.9577
    endloop
  endfacet
  facet normal -0.441968 0 0.897031
    outer loop
      vertex 153.25 48.3 67.9577
      vertex 152.839 50.8 67.7552
      vertex 152.839 48.3 67.7552
    endloop
  endfacet
  facet normal 0.441968 0 0.897031
    outer loop
      vertex 149.75 50.8 67.9577
      vertex 150.161 48.3 67.7552
      vertex 150.161 50.8 67.7552
    endloop
  endfacet
  facet normal 0.441968 0 0.897031
    outer loop
      vertex 150.161 48.3 67.7552
      vertex 149.75 50.8 67.9577
      vertex 149.75 48.3 67.9577
    endloop
  endfacet
  facet normal -0.195066 0 0.98079
    outer loop
      vertex 151.957 50.8 67.5188
      vertex 152.406 48.3 67.6081
      vertex 152.406 50.8 67.6081
    endloop
  endfacet
  facet normal -0.195066 0 0.98079
    outer loop
      vertex 152.406 48.3 67.6081
      vertex 151.957 50.8 67.5188
      vertex 151.957 48.3 67.5188
    endloop
  endfacet
  facet normal -0.980915 0 0.194435
    outer loop
      vertex 154.881 48.3 70.083
      vertex 154.97 50.8 70.532
      vertex 154.881 50.8 70.083
    endloop
  endfacet
  facet normal -0.980915 0 0.194435
    outer loop
      vertex 154.97 50.8 70.532
      vertex 154.881 48.3 70.083
      vertex 154.97 48.3 70.532
    endloop
  endfacet
  facet normal -0.896427 0 0.443192
    outer loop
      vertex 154.531 48.3 69.2388
      vertex 154.734 50.8 69.6494
      vertex 154.531 50.8 69.2388
    endloop
  endfacet
  facet normal -0.896427 0 0.443192
    outer loop
      vertex 154.734 50.8 69.6494
      vertex 154.531 48.3 69.2388
      vertex 154.734 48.3 69.6494
    endloop
  endfacet
  facet normal 0.0655045 0 0.997852
    outer loop
      vertex 151.043 50.8 67.5188
      vertex 151.5 48.3 67.4888
      vertex 151.5 50.8 67.4888
    endloop
  endfacet
  facet normal 0.0655045 0 0.997852
    outer loop
      vertex 151.5 48.3 67.4888
      vertex 151.043 50.8 67.5188
      vertex 151.043 48.3 67.5188
    endloop
  endfacet
  facet normal 0.831781 -0 0.555104
    outer loop
      vertex 148.469 48.3 69.2388
      vertex 148.723 50.8 68.8582
      vertex 148.469 50.8 69.2388
    endloop
  endfacet
  facet normal 0.831781 0 0.555104
    outer loop
      vertex 148.723 50.8 68.8582
      vertex 148.469 48.3 69.2388
      vertex 148.723 48.3 68.8582
    endloop
  endfacet
  facet normal -0.555305 0 0.831647
    outer loop
      vertex 153.25 50.8 67.9577
      vertex 153.631 48.3 68.2121
      vertex 153.631 50.8 68.2121
    endloop
  endfacet
  facet normal -0.555305 0 0.831647
    outer loop
      vertex 153.631 48.3 68.2121
      vertex 153.25 50.8 67.9577
      vertex 153.25 48.3 67.9577
    endloop
  endfacet
  facet normal 0.947055 -0 0.321072
    outer loop
      vertex 148.119 48.3 70.083
      vertex 148.266 50.8 69.6494
      vertex 148.119 50.8 70.083
    endloop
  endfacet
  facet normal 0.947055 0 0.321072
    outer loop
      vertex 148.266 50.8 69.6494
      vertex 148.119 48.3 70.083
      vertex 148.266 48.3 69.6494
    endloop
  endfacet
endsolid OpenSCAD_Model
