solid OpenSCAD_Model
  facet normal 1 0 0
    outer loop
      vertex 164.5 98 50.8
      vertex 164.5 78.9 50.79
      vertex 164.5 98 50.79
    endloop
  endfacet
  facet normal 1 -0 0
    outer loop
      vertex 164.5 0 50.8
      vertex 164.5 78.9 50.79
      vertex 164.5 98 50.8
    endloop
  endfacet
  facet normal 1 0 0
    outer loop
      vertex 164.5 78.9 50.79
      vertex 164.5 0 50.8
      vertex 164.5 0 50.79
    endloop
  endfacet
  facet normal -1 0 0
    outer loop
      vertex 0 78.9 50.79
      vertex 0 98 50.8
      vertex 0 98 50.79
    endloop
  endfacet
  facet normal -1 0 0
    outer loop
      vertex 0 0 50.8
      vertex 0 78.9 50.79
      vertex 0 0 50.79
    endloop
  endfacet
  facet normal -1 0 0
    outer loop
      vertex 0 78.9 50.79
      vertex 0 0 50.8
      vertex 0 98 50.8
    endloop
  endfacet
  facet normal -0.996912 0 -0.0785292
    outer loop
      vertex 1.92126 97 26.4
      vertex 0 78.9 50.79
      vertex 0 98 50.79
    endloop
  endfacet
  facet normal -0.996912 0 -0.0785292
    outer loop
      vertex 0 78.9 50.79
      vertex 1.92126 97 26.4
      vertex 1.92126 78.1797 26.4
    endloop
  endfacet
  facet normal -0 0 1
    outer loop
      vertex 158.15 6.86794 50.8
      vertex 158.3 5.3 50.8
      vertex 158.368 7.0133 50.8
    endloop
  endfacet
  facet normal -0 0 1
    outer loop
      vertex 157.915 6.75224 50.8
      vertex 158.3 5.3 50.8
      vertex 158.15 6.86794 50.8
    endloop
  endfacet
  facet normal -0 0 1
    outer loop
      vertex 157.668 6.66815 50.8
      vertex 158.3 5.3 50.8
      vertex 157.915 6.75224 50.8
    endloop
  endfacet
  facet normal -0 0 1
    outer loop
      vertex 157.411 6.6171 50.8
      vertex 158.3 5.3 50.8
      vertex 157.668 6.66815 50.8
    endloop
  endfacet
  facet normal -0 0 1
    outer loop
      vertex 157.15 6.6 50.8
      vertex 158.3 5.3 50.8
      vertex 157.411 6.6171 50.8
    endloop
  endfacet
  facet normal 0 0 1
    outer loop
      vertex 157.15 6.6 50.8
      vertex 142.7 5.3 50.8
      vertex 158.3 5.3 50.8
    endloop
  endfacet
  facet normal 0 0 1
    outer loop
      vertex 133.235 3.17811 50.8
      vertex 142.7 5.3 50.8
      vertex 133.25 3.4 50.8
    endloop
  endfacet
  facet normal 0 0 1
    outer loop
      vertex 142.7 5.3 50.8
      vertex 133.235 3.62189 50.8
      vertex 133.25 3.4 50.8
    endloop
  endfacet
  facet normal 0 0 1
    outer loop
      vertex 142.7 5.3 50.8
      vertex 133.192 3.83999 50.8
      vertex 133.235 3.62189 50.8
    endloop
  endfacet
  facet normal 0 0 1
    outer loop
      vertex 142.7 5.3 50.8
      vertex 133.121 4.05056 50.8
      vertex 133.192 3.83999 50.8
    endloop
  endfacet
  facet normal 0 0 1
    outer loop
      vertex 142.7 5.3 50.8
      vertex 133.022 4.25 50.8
      vertex 133.121 4.05056 50.8
    endloop
  endfacet
  facet normal 0 0 1
    outer loop
      vertex 142.7 5.3 50.8
      vertex 132.899 4.43489 50.8
      vertex 133.022 4.25 50.8
    endloop
  endfacet
  facet normal 0 0 1
    outer loop
      vertex 131.55 5.1 50.8
      vertex 142.7 5.3 50.8
      vertex 157.15 6.6 50.8
    endloop
  endfacet
  facet normal 0 0 1
    outer loop
      vertex 142.7 5.3 50.8
      vertex 132.752 4.60208 50.8
      vertex 132.899 4.43489 50.8
    endloop
  endfacet
  facet normal 0 0 1
    outer loop
      vertex 142.7 5.3 50.8
      vertex 132.585 4.7487 50.8
      vertex 132.752 4.60208 50.8
    endloop
  endfacet
  facet normal 0 0 1
    outer loop
      vertex 142.7 5.3 50.8
      vertex 132.4 4.87224 50.8
      vertex 132.585 4.7487 50.8
    endloop
  endfacet
  facet normal 0 0 1
    outer loop
      vertex 142.7 5.3 50.8
      vertex 132.201 4.97059 50.8
      vertex 132.4 4.87224 50.8
    endloop
  endfacet
  facet normal 0 0 1
    outer loop
      vertex 142.7 5.3 50.8
      vertex 131.99 5.04207 50.8
      vertex 132.201 4.97059 50.8
    endloop
  endfacet
  facet normal 0 0 1
    outer loop
      vertex 142.7 5.3 50.8
      vertex 131.772 5.08546 50.8
      vertex 131.99 5.04207 50.8
    endloop
  endfacet
  facet normal 0 0 1
    outer loop
      vertex 142.7 5.3 50.8
      vertex 131.55 5.1 50.8
      vertex 131.772 5.08546 50.8
    endloop
  endfacet
  facet normal 0 0 1
    outer loop
      vertex 157.15 6.6 50.8
      vertex 128.95 5.1 50.8
      vertex 131.55 5.1 50.8
    endloop
  endfacet
  facet normal 0 0 1
    outer loop
      vertex 127.265 3.62189 50.8
      vertex 125.25 3.4 50.8
      vertex 127.25 3.4 50.8
    endloop
  endfacet
  facet normal 0 0 1
    outer loop
      vertex 125.235 3.62189 50.8
      vertex 127.265 3.62189 50.8
      vertex 127.308 3.83999 50.8
    endloop
  endfacet
  facet normal 0 0 1
    outer loop
      vertex 125.192 3.83999 50.8
      vertex 127.308 3.83999 50.8
      vertex 127.379 4.05056 50.8
    endloop
  endfacet
  facet normal 0 0 1
    outer loop
      vertex 125.121 4.05056 50.8
      vertex 127.379 4.05056 50.8
      vertex 127.478 4.25 50.8
    endloop
  endfacet
  facet normal 0 0 1
    outer loop
      vertex 125.022 4.25 50.8
      vertex 127.478 4.25 50.8
      vertex 127.601 4.43489 50.8
    endloop
  endfacet
  facet normal 0 0 1
    outer loop
      vertex 124.899 4.43489 50.8
      vertex 127.601 4.43489 50.8
      vertex 127.748 4.60208 50.8
    endloop
  endfacet
  facet normal 0 0 1
    outer loop
      vertex 124.752 4.60208 50.8
      vertex 127.748 4.60208 50.8
      vertex 127.915 4.7487 50.8
    endloop
  endfacet
  facet normal 0 0 1
    outer loop
      vertex 124.585 4.7487 50.8
      vertex 127.915 4.7487 50.8
      vertex 128.1 4.87224 50.8
    endloop
  endfacet
  facet normal 0 0 1
    outer loop
      vertex 127.265 3.62189 50.8
      vertex 125.235 3.62189 50.8
      vertex 125.25 3.4 50.8
    endloop
  endfacet
  facet normal 0 0 1
    outer loop
      vertex 124.4 4.87224 50.8
      vertex 128.1 4.87224 50.8
      vertex 128.299 4.97059 50.8
    endloop
  endfacet
  facet normal 0 0 1
    outer loop
      vertex 127.308 3.83999 50.8
      vertex 125.192 3.83999 50.8
      vertex 125.235 3.62189 50.8
    endloop
  endfacet
  facet normal 0 0 1
    outer loop
      vertex 127.379 4.05056 50.8
      vertex 125.121 4.05056 50.8
      vertex 125.192 3.83999 50.8
    endloop
  endfacet
  facet normal 0 0 1
    outer loop
      vertex 124.201 4.97059 50.8
      vertex 128.299 4.97059 50.8
      vertex 128.51 5.04207 50.8
    endloop
  endfacet
  facet normal 0 0 1
    outer loop
      vertex 127.478 4.25 50.8
      vertex 125.022 4.25 50.8
      vertex 125.121 4.05056 50.8
    endloop
  endfacet
  facet normal 0 0 1
    outer loop
      vertex 127.601 4.43489 50.8
      vertex 124.899 4.43489 50.8
      vertex 125.022 4.25 50.8
    endloop
  endfacet
  facet normal 0 0 1
    outer loop
      vertex 123.99 5.04207 50.8
      vertex 128.51 5.04207 50.8
      vertex 128.728 5.08546 50.8
    endloop
  endfacet
  facet normal 0 0 1
    outer loop
      vertex 127.748 4.60208 50.8
      vertex 124.752 4.60208 50.8
      vertex 124.899 4.43489 50.8
    endloop
  endfacet
  facet normal 0 0 1
    outer loop
      vertex 127.915 4.7487 50.8
      vertex 124.585 4.7487 50.8
      vertex 124.752 4.60208 50.8
    endloop
  endfacet
  facet normal 0 0 1
    outer loop
      vertex 128.1 4.87224 50.8
      vertex 124.4 4.87224 50.8
      vertex 124.585 4.7487 50.8
    endloop
  endfacet
  facet normal 0 0 1
    outer loop
      vertex 123.772 5.08546 50.8
      vertex 128.728 5.08546 50.8
      vertex 128.95 5.1 50.8
    endloop
  endfacet
  facet normal 0 0 1
    outer loop
      vertex 123.55 5.1 50.8
      vertex 128.95 5.1 50.8
      vertex 157.15 6.6 50.8
    endloop
  endfacet
  facet normal 0 0 1
    outer loop
      vertex 128.299 4.97059 50.8
      vertex 124.201 4.97059 50.8
      vertex 124.4 4.87224 50.8
    endloop
  endfacet
  facet normal 0 0 1
    outer loop
      vertex 128.51 5.04207 50.8
      vertex 123.99 5.04207 50.8
      vertex 124.201 4.97059 50.8
    endloop
  endfacet
  facet normal 0 0 1
    outer loop
      vertex 128.728 5.08546 50.8
      vertex 123.772 5.08546 50.8
      vertex 123.99 5.04207 50.8
    endloop
  endfacet
  facet normal 0 0 1
    outer loop
      vertex 128.95 5.1 50.8
      vertex 123.55 5.1 50.8
      vertex 123.772 5.08546 50.8
    endloop
  endfacet
  facet normal 0 0 1
    outer loop
      vertex 157.15 6.6 50.8
      vertex 120.95 5.1 50.8
      vertex 123.55 5.1 50.8
    endloop
  endfacet
  facet normal 0 0 1
    outer loop
      vertex 119.265 3.62189 50.8
      vertex 117.25 3.4 50.8
      vertex 119.25 3.4 50.8
    endloop
  endfacet
  facet normal 0 0 1
    outer loop
      vertex 117.235 3.62189 50.8
      vertex 119.265 3.62189 50.8
      vertex 119.308 3.83999 50.8
    endloop
  endfacet
  facet normal 0 0 1
    outer loop
      vertex 117.192 3.83999 50.8
      vertex 119.308 3.83999 50.8
      vertex 119.379 4.05056 50.8
    endloop
  endfacet
  facet normal 0 0 1
    outer loop
      vertex 117.121 4.05056 50.8
      vertex 119.379 4.05056 50.8
      vertex 119.478 4.25 50.8
    endloop
  endfacet
  facet normal 0 0 1
    outer loop
      vertex 117.022 4.25 50.8
      vertex 119.478 4.25 50.8
      vertex 119.601 4.43489 50.8
    endloop
  endfacet
  facet normal 0 0 1
    outer loop
      vertex 116.899 4.43489 50.8
      vertex 119.601 4.43489 50.8
      vertex 119.748 4.60208 50.8
    endloop
  endfacet
  facet normal 0 0 1
    outer loop
      vertex 116.752 4.60208 50.8
      vertex 119.748 4.60208 50.8
      vertex 119.915 4.7487 50.8
    endloop
  endfacet
  facet normal 0 0 1
    outer loop
      vertex 116.585 4.7487 50.8
      vertex 119.915 4.7487 50.8
      vertex 120.1 4.87224 50.8
    endloop
  endfacet
  facet normal 0 0 1
    outer loop
      vertex 119.265 3.62189 50.8
      vertex 117.235 3.62189 50.8
      vertex 117.25 3.4 50.8
    endloop
  endfacet
  facet normal 0 0 1
    outer loop
      vertex 116.4 4.87224 50.8
      vertex 120.1 4.87224 50.8
      vertex 120.299 4.97059 50.8
    endloop
  endfacet
  facet normal 0 0 1
    outer loop
      vertex 119.308 3.83999 50.8
      vertex 117.192 3.83999 50.8
      vertex 117.235 3.62189 50.8
    endloop
  endfacet
  facet normal 0 0 1
    outer loop
      vertex 119.379 4.05056 50.8
      vertex 117.121 4.05056 50.8
      vertex 117.192 3.83999 50.8
    endloop
  endfacet
  facet normal 0 0 1
    outer loop
      vertex 116.201 4.97059 50.8
      vertex 120.299 4.97059 50.8
      vertex 120.51 5.04207 50.8
    endloop
  endfacet
  facet normal 0 0 1
    outer loop
      vertex 119.478 4.25 50.8
      vertex 117.022 4.25 50.8
      vertex 117.121 4.05056 50.8
    endloop
  endfacet
  facet normal 0 0 1
    outer loop
      vertex 119.601 4.43489 50.8
      vertex 116.899 4.43489 50.8
      vertex 117.022 4.25 50.8
    endloop
  endfacet
  facet normal 0 0 1
    outer loop
      vertex 115.99 5.04207 50.8
      vertex 120.51 5.04207 50.8
      vertex 120.728 5.08546 50.8
    endloop
  endfacet
  facet normal 0 0 1
    outer loop
      vertex 119.748 4.60208 50.8
      vertex 116.752 4.60208 50.8
      vertex 116.899 4.43489 50.8
    endloop
  endfacet
  facet normal 0 0 1
    outer loop
      vertex 119.915 4.7487 50.8
      vertex 116.585 4.7487 50.8
      vertex 116.752 4.60208 50.8
    endloop
  endfacet
  facet normal 0 0 1
    outer loop
      vertex 120.1 4.87224 50.8
      vertex 116.4 4.87224 50.8
      vertex 116.585 4.7487 50.8
    endloop
  endfacet
  facet normal 0 0 1
    outer loop
      vertex 115.772 5.08546 50.8
      vertex 120.728 5.08546 50.8
      vertex 120.95 5.1 50.8
    endloop
  endfacet
  facet normal 0 0 1
    outer loop
      vertex 120.299 4.97059 50.8
      vertex 116.201 4.97059 50.8
      vertex 116.4 4.87224 50.8
    endloop
  endfacet
  facet normal 0 0 1
    outer loop
      vertex 115.55 5.1 50.8
      vertex 120.95 5.1 50.8
      vertex 157.15 6.6 50.8
    endloop
  endfacet
  facet normal 0 0 1
    outer loop
      vertex 120.51 5.04207 50.8
      vertex 115.99 5.04207 50.8
      vertex 116.201 4.97059 50.8
    endloop
  endfacet
  facet normal 0 0 1
    outer loop
      vertex 120.728 5.08546 50.8
      vertex 115.772 5.08546 50.8
      vertex 115.99 5.04207 50.8
    endloop
  endfacet
  facet normal 0 0 1
    outer loop
      vertex 120.95 5.1 50.8
      vertex 115.55 5.1 50.8
      vertex 115.772 5.08546 50.8
    endloop
  endfacet
  facet normal 0 0 1
    outer loop
      vertex 157.15 6.6 50.8
      vertex 112.95 5.1 50.8
      vertex 115.55 5.1 50.8
    endloop
  endfacet
  facet normal 0 0 1
    outer loop
      vertex 111.265 3.62189 50.8
      vertex 109.25 3.4 50.8
      vertex 111.25 3.4 50.8
    endloop
  endfacet
  facet normal 0 0 1
    outer loop
      vertex 109.235 3.62189 50.8
      vertex 111.265 3.62189 50.8
      vertex 111.308 3.83999 50.8
    endloop
  endfacet
  facet normal 0 0 1
    outer loop
      vertex 109.192 3.83999 50.8
      vertex 111.308 3.83999 50.8
      vertex 111.379 4.05056 50.8
    endloop
  endfacet
  facet normal 0 0 1
    outer loop
      vertex 109.121 4.05056 50.8
      vertex 111.379 4.05056 50.8
      vertex 111.478 4.25 50.8
    endloop
  endfacet
  facet normal 0 0 1
    outer loop
      vertex 109.022 4.25 50.8
      vertex 111.478 4.25 50.8
      vertex 111.601 4.43489 50.8
    endloop
  endfacet
  facet normal 0 0 1
    outer loop
      vertex 108.899 4.43489 50.8
      vertex 111.601 4.43489 50.8
      vertex 111.748 4.60208 50.8
    endloop
  endfacet
  facet normal 0 0 1
    outer loop
      vertex 108.752 4.60208 50.8
      vertex 111.748 4.60208 50.8
      vertex 111.915 4.7487 50.8
    endloop
  endfacet
  facet normal 0 0 1
    outer loop
      vertex 108.585 4.7487 50.8
      vertex 111.915 4.7487 50.8
      vertex 112.1 4.87224 50.8
    endloop
  endfacet
  facet normal 0 0 1
    outer loop
      vertex 111.265 3.62189 50.8
      vertex 109.235 3.62189 50.8
      vertex 109.25 3.4 50.8
    endloop
  endfacet
  facet normal 0 0 1
    outer loop
      vertex 108.4 4.87224 50.8
      vertex 112.1 4.87224 50.8
      vertex 112.299 4.97059 50.8
    endloop
  endfacet
  facet normal 0 0 1
    outer loop
      vertex 111.308 3.83999 50.8
      vertex 109.192 3.83999 50.8
      vertex 109.235 3.62189 50.8
    endloop
  endfacet
  facet normal 0 0 1
    outer loop
      vertex 111.379 4.05056 50.8
      vertex 109.121 4.05056 50.8
      vertex 109.192 3.83999 50.8
    endloop
  endfacet
  facet normal 0 0 1
    outer loop
      vertex 108.201 4.97059 50.8
      vertex 112.299 4.97059 50.8
      vertex 112.51 5.04207 50.8
    endloop
  endfacet
  facet normal 0 0 1
    outer loop
      vertex 111.478 4.25 50.8
      vertex 109.022 4.25 50.8
      vertex 109.121 4.05056 50.8
    endloop
  endfacet
  facet normal 0 0 1
    outer loop
      vertex 111.601 4.43489 50.8
      vertex 108.899 4.43489 50.8
      vertex 109.022 4.25 50.8
    endloop
  endfacet
  facet normal 0 0 1
    outer loop
      vertex 107.99 5.04207 50.8
      vertex 112.51 5.04207 50.8
      vertex 112.728 5.08546 50.8
    endloop
  endfacet
  facet normal 0 0 1
    outer loop
      vertex 111.748 4.60208 50.8
      vertex 108.752 4.60208 50.8
      vertex 108.899 4.43489 50.8
    endloop
  endfacet
  facet normal 0 0 1
    outer loop
      vertex 111.915 4.7487 50.8
      vertex 108.585 4.7487 50.8
      vertex 108.752 4.60208 50.8
    endloop
  endfacet
  facet normal 0 0 1
    outer loop
      vertex 112.1 4.87224 50.8
      vertex 108.4 4.87224 50.8
      vertex 108.585 4.7487 50.8
    endloop
  endfacet
  facet normal 0 0 1
    outer loop
      vertex 107.772 5.08546 50.8
      vertex 112.728 5.08546 50.8
      vertex 112.95 5.1 50.8
    endloop
  endfacet
  facet normal 0 0 1
    outer loop
      vertex 112.299 4.97059 50.8
      vertex 108.201 4.97059 50.8
      vertex 108.4 4.87224 50.8
    endloop
  endfacet
  facet normal 0 0 1
    outer loop
      vertex 107.55 5.1 50.8
      vertex 112.95 5.1 50.8
      vertex 157.15 6.6 50.8
    endloop
  endfacet
  facet normal 0 0 1
    outer loop
      vertex 112.51 5.04207 50.8
      vertex 107.99 5.04207 50.8
      vertex 108.201 4.97059 50.8
    endloop
  endfacet
  facet normal 0 0 1
    outer loop
      vertex 112.728 5.08546 50.8
      vertex 107.772 5.08546 50.8
      vertex 107.99 5.04207 50.8
    endloop
  endfacet
  facet normal 0 0 1
    outer loop
      vertex 112.95 5.1 50.8
      vertex 107.55 5.1 50.8
      vertex 107.772 5.08546 50.8
    endloop
  endfacet
  facet normal 0 0 1
    outer loop
      vertex 157.15 6.6 50.8
      vertex 104.95 5.1 50.8
      vertex 107.55 5.1 50.8
    endloop
  endfacet
  facet normal 0 0 1
    outer loop
      vertex 103.265 3.62189 50.8
      vertex 101.25 3.4 50.8
      vertex 103.25 3.4 50.8
    endloop
  endfacet
  facet normal 0 0 1
    outer loop
      vertex 101.235 3.62189 50.8
      vertex 103.265 3.62189 50.8
      vertex 103.308 3.83999 50.8
    endloop
  endfacet
  facet normal 0 0 1
    outer loop
      vertex 101.192 3.83999 50.8
      vertex 103.308 3.83999 50.8
      vertex 103.379 4.05056 50.8
    endloop
  endfacet
  facet normal 0 0 1
    outer loop
      vertex 101.121 4.05056 50.8
      vertex 103.379 4.05056 50.8
      vertex 103.478 4.25 50.8
    endloop
  endfacet
  facet normal 0 0 1
    outer loop
      vertex 101.022 4.25 50.8
      vertex 103.478 4.25 50.8
      vertex 103.601 4.43489 50.8
    endloop
  endfacet
  facet normal 0 0 1
    outer loop
      vertex 100.899 4.43489 50.8
      vertex 103.601 4.43489 50.8
      vertex 103.748 4.60208 50.8
    endloop
  endfacet
  facet normal 0 0 1
    outer loop
      vertex 100.752 4.60208 50.8
      vertex 103.748 4.60208 50.8
      vertex 103.915 4.7487 50.8
    endloop
  endfacet
  facet normal 0 0 1
    outer loop
      vertex 100.585 4.7487 50.8
      vertex 103.915 4.7487 50.8
      vertex 104.1 4.87224 50.8
    endloop
  endfacet
  facet normal 0 0 1
    outer loop
      vertex 103.265 3.62189 50.8
      vertex 101.235 3.62189 50.8
      vertex 101.25 3.4 50.8
    endloop
  endfacet
  facet normal 0 0 1
    outer loop
      vertex 100.4 4.87224 50.8
      vertex 104.1 4.87224 50.8
      vertex 104.299 4.97059 50.8
    endloop
  endfacet
  facet normal 0 0 1
    outer loop
      vertex 103.308 3.83999 50.8
      vertex 101.192 3.83999 50.8
      vertex 101.235 3.62189 50.8
    endloop
  endfacet
  facet normal 0 0 1
    outer loop
      vertex 103.379 4.05056 50.8
      vertex 101.121 4.05056 50.8
      vertex 101.192 3.83999 50.8
    endloop
  endfacet
  facet normal 0 0 1
    outer loop
      vertex 100.201 4.97059 50.8
      vertex 104.299 4.97059 50.8
      vertex 104.51 5.04207 50.8
    endloop
  endfacet
  facet normal 0 0 1
    outer loop
      vertex 103.478 4.25 50.8
      vertex 101.022 4.25 50.8
      vertex 101.121 4.05056 50.8
    endloop
  endfacet
  facet normal 0 0 1
    outer loop
      vertex 103.601 4.43489 50.8
      vertex 100.899 4.43489 50.8
      vertex 101.022 4.25 50.8
    endloop
  endfacet
  facet normal 0 0 1
    outer loop
      vertex 99.99 5.04207 50.8
      vertex 104.51 5.04207 50.8
      vertex 104.728 5.08546 50.8
    endloop
  endfacet
  facet normal 0 0 1
    outer loop
      vertex 103.748 4.60208 50.8
      vertex 100.752 4.60208 50.8
      vertex 100.899 4.43489 50.8
    endloop
  endfacet
  facet normal 0 0 1
    outer loop
      vertex 103.915 4.7487 50.8
      vertex 100.585 4.7487 50.8
      vertex 100.752 4.60208 50.8
    endloop
  endfacet
  facet normal 0 0 1
    outer loop
      vertex 104.1 4.87224 50.8
      vertex 100.4 4.87224 50.8
      vertex 100.585 4.7487 50.8
    endloop
  endfacet
  facet normal 0 0 1
    outer loop
      vertex 99.7719 5.08546 50.8
      vertex 104.728 5.08546 50.8
      vertex 104.95 5.1 50.8
    endloop
  endfacet
  facet normal 0 0 1
    outer loop
      vertex 104.299 4.97059 50.8
      vertex 100.201 4.97059 50.8
      vertex 100.4 4.87224 50.8
    endloop
  endfacet
  facet normal 0 0 1
    outer loop
      vertex 99.55 5.1 50.8
      vertex 104.95 5.1 50.8
      vertex 157.15 6.6 50.8
    endloop
  endfacet
  facet normal 0 0 1
    outer loop
      vertex 104.51 5.04207 50.8
      vertex 99.99 5.04207 50.8
      vertex 100.201 4.97059 50.8
    endloop
  endfacet
  facet normal 0 0 1
    outer loop
      vertex 104.728 5.08546 50.8
      vertex 99.7719 5.08546 50.8
      vertex 99.99 5.04207 50.8
    endloop
  endfacet
  facet normal 0 0 1
    outer loop
      vertex 104.95 5.1 50.8
      vertex 99.55 5.1 50.8
      vertex 99.7719 5.08546 50.8
    endloop
  endfacet
  facet normal 0 0 1
    outer loop
      vertex 157.15 6.6 50.8
      vertex 96.95 5.1 50.8
      vertex 99.55 5.1 50.8
    endloop
  endfacet
  facet normal 0 0 1
    outer loop
      vertex 95.2645 3.62189 50.8
      vertex 93.25 3.4 50.8
      vertex 95.25 3.4 50.8
    endloop
  endfacet
  facet normal 0 0 1
    outer loop
      vertex 93.2355 3.62189 50.8
      vertex 95.2645 3.62189 50.8
      vertex 95.3079 3.83999 50.8
    endloop
  endfacet
  facet normal 0 0 1
    outer loop
      vertex 93.1921 3.83999 50.8
      vertex 95.3079 3.83999 50.8
      vertex 95.3794 4.05056 50.8
    endloop
  endfacet
  facet normal 0 0 1
    outer loop
      vertex 93.1206 4.05056 50.8
      vertex 95.3794 4.05056 50.8
      vertex 95.4778 4.25 50.8
    endloop
  endfacet
  facet normal 0 0 1
    outer loop
      vertex 93.0222 4.25 50.8
      vertex 95.4778 4.25 50.8
      vertex 95.6013 4.43489 50.8
    endloop
  endfacet
  facet normal 0 0 1
    outer loop
      vertex 92.8987 4.43489 50.8
      vertex 95.6013 4.43489 50.8
      vertex 95.7479 4.60208 50.8
    endloop
  endfacet
  facet normal 0 0 1
    outer loop
      vertex 92.7521 4.60208 50.8
      vertex 95.7479 4.60208 50.8
      vertex 95.9151 4.7487 50.8
    endloop
  endfacet
  facet normal 0 0 1
    outer loop
      vertex 92.5849 4.7487 50.8
      vertex 95.9151 4.7487 50.8
      vertex 96.1 4.87224 50.8
    endloop
  endfacet
  facet normal 0 0 1
    outer loop
      vertex 95.2645 3.62189 50.8
      vertex 93.2355 3.62189 50.8
      vertex 93.25 3.4 50.8
    endloop
  endfacet
  facet normal 0 0 1
    outer loop
      vertex 92.4 4.87224 50.8
      vertex 96.1 4.87224 50.8
      vertex 96.2994 4.97059 50.8
    endloop
  endfacet
  facet normal 0 0 1
    outer loop
      vertex 95.3079 3.83999 50.8
      vertex 93.1921 3.83999 50.8
      vertex 93.2355 3.62189 50.8
    endloop
  endfacet
  facet normal 0 0 1
    outer loop
      vertex 95.3794 4.05056 50.8
      vertex 93.1206 4.05056 50.8
      vertex 93.1921 3.83999 50.8
    endloop
  endfacet
  facet normal 0 0 1
    outer loop
      vertex 92.2006 4.97059 50.8
      vertex 96.2994 4.97059 50.8
      vertex 96.51 5.04207 50.8
    endloop
  endfacet
  facet normal 0 0 1
    outer loop
      vertex 95.4778 4.25 50.8
      vertex 93.0222 4.25 50.8
      vertex 93.1206 4.05056 50.8
    endloop
  endfacet
  facet normal 0 0 1
    outer loop
      vertex 95.6013 4.43489 50.8
      vertex 92.8987 4.43489 50.8
      vertex 93.0222 4.25 50.8
    endloop
  endfacet
  facet normal 0 0 1
    outer loop
      vertex 91.99 5.04207 50.8
      vertex 96.51 5.04207 50.8
      vertex 96.7281 5.08546 50.8
    endloop
  endfacet
  facet normal 0 0 1
    outer loop
      vertex 95.7479 4.60208 50.8
      vertex 92.7521 4.60208 50.8
      vertex 92.8987 4.43489 50.8
    endloop
  endfacet
  facet normal 0 0 1
    outer loop
      vertex 95.9151 4.7487 50.8
      vertex 92.5849 4.7487 50.8
      vertex 92.7521 4.60208 50.8
    endloop
  endfacet
  facet normal 0 0 1
    outer loop
      vertex 96.1 4.87224 50.8
      vertex 92.4 4.87224 50.8
      vertex 92.5849 4.7487 50.8
    endloop
  endfacet
  facet normal 0 0 1
    outer loop
      vertex 91.7719 5.08546 50.8
      vertex 96.7281 5.08546 50.8
      vertex 96.95 5.1 50.8
    endloop
  endfacet
  facet normal 0 0 1
    outer loop
      vertex 96.2994 4.97059 50.8
      vertex 92.2006 4.97059 50.8
      vertex 92.4 4.87224 50.8
    endloop
  endfacet
  facet normal 0 0 1
    outer loop
      vertex 96.51 5.04207 50.8
      vertex 91.99 5.04207 50.8
      vertex 92.2006 4.97059 50.8
    endloop
  endfacet
  facet normal 0 0 1
    outer loop
      vertex 91.55 5.1 50.8
      vertex 96.95 5.1 50.8
      vertex 157.15 6.6 50.8
    endloop
  endfacet
  facet normal 0 0 1
    outer loop
      vertex 96.7281 5.08546 50.8
      vertex 91.7719 5.08546 50.8
      vertex 91.99 5.04207 50.8
    endloop
  endfacet
  facet normal 0 0 1
    outer loop
      vertex 96.95 5.1 50.8
      vertex 91.55 5.1 50.8
      vertex 91.7719 5.08546 50.8
    endloop
  endfacet
  facet normal 0 0 1
    outer loop
      vertex 157.15 6.6 50.8
      vertex 88.95 5.1 50.8
      vertex 91.55 5.1 50.8
    endloop
  endfacet
  facet normal 0 0 1
    outer loop
      vertex 87.2645 3.62189 50.8
      vertex 85.25 3.4 50.8
      vertex 87.25 3.4 50.8
    endloop
  endfacet
  facet normal 0 0 1
    outer loop
      vertex 85.2355 3.62189 50.8
      vertex 87.2645 3.62189 50.8
      vertex 87.3079 3.83999 50.8
    endloop
  endfacet
  facet normal 0 0 1
    outer loop
      vertex 85.1921 3.83999 50.8
      vertex 87.3079 3.83999 50.8
      vertex 87.3794 4.05056 50.8
    endloop
  endfacet
  facet normal 0 0 1
    outer loop
      vertex 85.1206 4.05056 50.8
      vertex 87.3794 4.05056 50.8
      vertex 87.4778 4.25 50.8
    endloop
  endfacet
  facet normal 0 0 1
    outer loop
      vertex 85.0222 4.25 50.8
      vertex 87.4778 4.25 50.8
      vertex 87.6013 4.43489 50.8
    endloop
  endfacet
  facet normal 0 0 1
    outer loop
      vertex 84.8987 4.43489 50.8
      vertex 87.6013 4.43489 50.8
      vertex 87.7479 4.60208 50.8
    endloop
  endfacet
  facet normal 0 0 1
    outer loop
      vertex 84.7521 4.60208 50.8
      vertex 87.7479 4.60208 50.8
      vertex 87.9151 4.7487 50.8
    endloop
  endfacet
  facet normal 0 0 1
    outer loop
      vertex 84.5849 4.7487 50.8
      vertex 87.9151 4.7487 50.8
      vertex 88.1 4.87224 50.8
    endloop
  endfacet
  facet normal 0 0 1
    outer loop
      vertex 87.2645 3.62189 50.8
      vertex 85.2355 3.62189 50.8
      vertex 85.25 3.4 50.8
    endloop
  endfacet
  facet normal 0 0 1
    outer loop
      vertex 84.4 4.87224 50.8
      vertex 88.1 4.87224 50.8
      vertex 88.2994 4.97059 50.8
    endloop
  endfacet
  facet normal 0 0 1
    outer loop
      vertex 87.3079 3.83999 50.8
      vertex 85.1921 3.83999 50.8
      vertex 85.2355 3.62189 50.8
    endloop
  endfacet
  facet normal 0 0 1
    outer loop
      vertex 87.3794 4.05056 50.8
      vertex 85.1206 4.05056 50.8
      vertex 85.1921 3.83999 50.8
    endloop
  endfacet
  facet normal 0 0 1
    outer loop
      vertex 84.2006 4.97059 50.8
      vertex 88.2994 4.97059 50.8
      vertex 88.51 5.04207 50.8
    endloop
  endfacet
  facet normal 0 0 1
    outer loop
      vertex 87.4778 4.25 50.8
      vertex 85.0222 4.25 50.8
      vertex 85.1206 4.05056 50.8
    endloop
  endfacet
  facet normal 0 0 1
    outer loop
      vertex 87.6013 4.43489 50.8
      vertex 84.8987 4.43489 50.8
      vertex 85.0222 4.25 50.8
    endloop
  endfacet
  facet normal 0 0 1
    outer loop
      vertex 83.99 5.04207 50.8
      vertex 88.51 5.04207 50.8
      vertex 88.7281 5.08546 50.8
    endloop
  endfacet
  facet normal 0 0 1
    outer loop
      vertex 87.7479 4.60208 50.8
      vertex 84.7521 4.60208 50.8
      vertex 84.8987 4.43489 50.8
    endloop
  endfacet
  facet normal 0 0 1
    outer loop
      vertex 87.9151 4.7487 50.8
      vertex 84.5849 4.7487 50.8
      vertex 84.7521 4.60208 50.8
    endloop
  endfacet
  facet normal 0 0 1
    outer loop
      vertex 88.1 4.87224 50.8
      vertex 84.4 4.87224 50.8
      vertex 84.5849 4.7487 50.8
    endloop
  endfacet
  facet normal 0 0 1
    outer loop
      vertex 83.7719 5.08546 50.8
      vertex 88.7281 5.08546 50.8
      vertex 88.95 5.1 50.8
    endloop
  endfacet
  facet normal 0 0 1
    outer loop
      vertex 88.2994 4.97059 50.8
      vertex 84.2006 4.97059 50.8
      vertex 84.4 4.87224 50.8
    endloop
  endfacet
  facet normal 0 0 1
    outer loop
      vertex 88.51 5.04207 50.8
      vertex 83.99 5.04207 50.8
      vertex 84.2006 4.97059 50.8
    endloop
  endfacet
  facet normal 0 0 1
    outer loop
      vertex 83.55 5.1 50.8
      vertex 88.95 5.1 50.8
      vertex 157.15 6.6 50.8
    endloop
  endfacet
  facet normal 0 0 1
    outer loop
      vertex 88.7281 5.08546 50.8
      vertex 83.7719 5.08546 50.8
      vertex 83.99 5.04207 50.8
    endloop
  endfacet
  facet normal 0 0 1
    outer loop
      vertex 88.95 5.1 50.8
      vertex 83.55 5.1 50.8
      vertex 83.7719 5.08546 50.8
    endloop
  endfacet
  facet normal 0 0 1
    outer loop
      vertex 157.15 6.6 50.8
      vertex 80.95 5.1 50.8
      vertex 83.55 5.1 50.8
    endloop
  endfacet
  facet normal 0 0 1
    outer loop
      vertex 79.2645 3.62189 50.8
      vertex 77.25 3.4 50.8
      vertex 79.25 3.4 50.8
    endloop
  endfacet
  facet normal 0 0 1
    outer loop
      vertex 77.2355 3.62189 50.8
      vertex 79.2645 3.62189 50.8
      vertex 79.3079 3.83999 50.8
    endloop
  endfacet
  facet normal 0 0 1
    outer loop
      vertex 77.1921 3.83999 50.8
      vertex 79.3079 3.83999 50.8
      vertex 79.3794 4.05056 50.8
    endloop
  endfacet
  facet normal 0 0 1
    outer loop
      vertex 77.1206 4.05056 50.8
      vertex 79.3794 4.05056 50.8
      vertex 79.4778 4.25 50.8
    endloop
  endfacet
  facet normal 0 0 1
    outer loop
      vertex 77.0222 4.25 50.8
      vertex 79.4778 4.25 50.8
      vertex 79.6013 4.43489 50.8
    endloop
  endfacet
  facet normal 0 0 1
    outer loop
      vertex 76.8987 4.43489 50.8
      vertex 79.6013 4.43489 50.8
      vertex 79.7479 4.60208 50.8
    endloop
  endfacet
  facet normal 0 0 1
    outer loop
      vertex 76.7521 4.60208 50.8
      vertex 79.7479 4.60208 50.8
      vertex 79.9151 4.7487 50.8
    endloop
  endfacet
  facet normal 0 0 1
    outer loop
      vertex 76.5849 4.7487 50.8
      vertex 79.9151 4.7487 50.8
      vertex 80.1 4.87224 50.8
    endloop
  endfacet
  facet normal 0 0 1
    outer loop
      vertex 79.2645 3.62189 50.8
      vertex 77.2355 3.62189 50.8
      vertex 77.25 3.4 50.8
    endloop
  endfacet
  facet normal 0 0 1
    outer loop
      vertex 76.4 4.87224 50.8
      vertex 80.1 4.87224 50.8
      vertex 80.2994 4.97059 50.8
    endloop
  endfacet
  facet normal 0 0 1
    outer loop
      vertex 79.3079 3.83999 50.8
      vertex 77.1921 3.83999 50.8
      vertex 77.2355 3.62189 50.8
    endloop
  endfacet
  facet normal 0 0 1
    outer loop
      vertex 79.3794 4.05056 50.8
      vertex 77.1206 4.05056 50.8
      vertex 77.1921 3.83999 50.8
    endloop
  endfacet
  facet normal 0 0 1
    outer loop
      vertex 76.2006 4.97059 50.8
      vertex 80.2994 4.97059 50.8
      vertex 80.51 5.04207 50.8
    endloop
  endfacet
  facet normal 0 0 1
    outer loop
      vertex 79.4778 4.25 50.8
      vertex 77.0222 4.25 50.8
      vertex 77.1206 4.05056 50.8
    endloop
  endfacet
  facet normal 0 0 1
    outer loop
      vertex 79.6013 4.43489 50.8
      vertex 76.8987 4.43489 50.8
      vertex 77.0222 4.25 50.8
    endloop
  endfacet
  facet normal 0 0 1
    outer loop
      vertex 75.99 5.04207 50.8
      vertex 80.51 5.04207 50.8
      vertex 80.7281 5.08546 50.8
    endloop
  endfacet
  facet normal 0 0 1
    outer loop
      vertex 79.7479 4.60208 50.8
      vertex 76.7521 4.60208 50.8
      vertex 76.8987 4.43489 50.8
    endloop
  endfacet
  facet normal 0 0 1
    outer loop
      vertex 79.9151 4.7487 50.8
      vertex 76.5849 4.7487 50.8
      vertex 76.7521 4.60208 50.8
    endloop
  endfacet
  facet normal 0 0 1
    outer loop
      vertex 80.1 4.87224 50.8
      vertex 76.4 4.87224 50.8
      vertex 76.5849 4.7487 50.8
    endloop
  endfacet
  facet normal 0 0 1
    outer loop
      vertex 75.7719 5.08546 50.8
      vertex 80.7281 5.08546 50.8
      vertex 80.95 5.1 50.8
    endloop
  endfacet
  facet normal 0 0 1
    outer loop
      vertex 80.2994 4.97059 50.8
      vertex 76.2006 4.97059 50.8
      vertex 76.4 4.87224 50.8
    endloop
  endfacet
  facet normal 0 0 1
    outer loop
      vertex 80.51 5.04207 50.8
      vertex 75.99 5.04207 50.8
      vertex 76.2006 4.97059 50.8
    endloop
  endfacet
  facet normal 0 0 1
    outer loop
      vertex 75.55 5.1 50.8
      vertex 80.95 5.1 50.8
      vertex 157.15 6.6 50.8
    endloop
  endfacet
  facet normal 0 0 1
    outer loop
      vertex 80.7281 5.08546 50.8
      vertex 75.7719 5.08546 50.8
      vertex 75.99 5.04207 50.8
    endloop
  endfacet
  facet normal 0 0 1
    outer loop
      vertex 80.95 5.1 50.8
      vertex 75.55 5.1 50.8
      vertex 75.7719 5.08546 50.8
    endloop
  endfacet
  facet normal 0 0 1
    outer loop
      vertex 157.15 6.6 50.8
      vertex 72.95 5.1 50.8
      vertex 75.55 5.1 50.8
    endloop
  endfacet
  facet normal 0 0 1
    outer loop
      vertex 71.2645 3.62189 50.8
      vertex 69.25 3.4 50.8
      vertex 71.25 3.4 50.8
    endloop
  endfacet
  facet normal 0 0 1
    outer loop
      vertex 69.2355 3.62189 50.8
      vertex 71.2645 3.62189 50.8
      vertex 71.3079 3.83999 50.8
    endloop
  endfacet
  facet normal 0 0 1
    outer loop
      vertex 69.1921 3.83999 50.8
      vertex 71.3079 3.83999 50.8
      vertex 71.3794 4.05056 50.8
    endloop
  endfacet
  facet normal 0 0 1
    outer loop
      vertex 69.1206 4.05056 50.8
      vertex 71.3794 4.05056 50.8
      vertex 71.4778 4.25 50.8
    endloop
  endfacet
  facet normal 0 0 1
    outer loop
      vertex 69.0222 4.25 50.8
      vertex 71.4778 4.25 50.8
      vertex 71.6013 4.43489 50.8
    endloop
  endfacet
  facet normal 0 0 1
    outer loop
      vertex 68.8987 4.43489 50.8
      vertex 71.6013 4.43489 50.8
      vertex 71.7479 4.60208 50.8
    endloop
  endfacet
  facet normal 0 0 1
    outer loop
      vertex 68.7521 4.60208 50.8
      vertex 71.7479 4.60208 50.8
      vertex 71.9151 4.7487 50.8
    endloop
  endfacet
  facet normal 0 0 1
    outer loop
      vertex 68.5849 4.7487 50.8
      vertex 71.9151 4.7487 50.8
      vertex 72.1 4.87224 50.8
    endloop
  endfacet
  facet normal 0 0 1
    outer loop
      vertex 71.2645 3.62189 50.8
      vertex 69.2355 3.62189 50.8
      vertex 69.25 3.4 50.8
    endloop
  endfacet
  facet normal 0 0 1
    outer loop
      vertex 68.4 4.87224 50.8
      vertex 72.1 4.87224 50.8
      vertex 72.2994 4.97059 50.8
    endloop
  endfacet
  facet normal 0 0 1
    outer loop
      vertex 71.3079 3.83999 50.8
      vertex 69.1921 3.83999 50.8
      vertex 69.2355 3.62189 50.8
    endloop
  endfacet
  facet normal 0 0 1
    outer loop
      vertex 71.3794 4.05056 50.8
      vertex 69.1206 4.05056 50.8
      vertex 69.1921 3.83999 50.8
    endloop
  endfacet
  facet normal 0 0 1
    outer loop
      vertex 68.2006 4.97059 50.8
      vertex 72.2994 4.97059 50.8
      vertex 72.51 5.04207 50.8
    endloop
  endfacet
  facet normal 0 0 1
    outer loop
      vertex 71.4778 4.25 50.8
      vertex 69.0222 4.25 50.8
      vertex 69.1206 4.05056 50.8
    endloop
  endfacet
  facet normal 0 0 1
    outer loop
      vertex 71.6013 4.43489 50.8
      vertex 68.8987 4.43489 50.8
      vertex 69.0222 4.25 50.8
    endloop
  endfacet
  facet normal 0 0 1
    outer loop
      vertex 67.99 5.04207 50.8
      vertex 72.51 5.04207 50.8
      vertex 72.7281 5.08546 50.8
    endloop
  endfacet
  facet normal 0 0 1
    outer loop
      vertex 71.7479 4.60208 50.8
      vertex 68.7521 4.60208 50.8
      vertex 68.8987 4.43489 50.8
    endloop
  endfacet
  facet normal 0 0 1
    outer loop
      vertex 71.9151 4.7487 50.8
      vertex 68.5849 4.7487 50.8
      vertex 68.7521 4.60208 50.8
    endloop
  endfacet
  facet normal 0 0 1
    outer loop
      vertex 72.1 4.87224 50.8
      vertex 68.4 4.87224 50.8
      vertex 68.5849 4.7487 50.8
    endloop
  endfacet
  facet normal 0 0 1
    outer loop
      vertex 67.7719 5.08546 50.8
      vertex 72.7281 5.08546 50.8
      vertex 72.95 5.1 50.8
    endloop
  endfacet
  facet normal 0 0 1
    outer loop
      vertex 72.2994 4.97059 50.8
      vertex 68.2006 4.97059 50.8
      vertex 68.4 4.87224 50.8
    endloop
  endfacet
  facet normal 0 0 1
    outer loop
      vertex 72.51 5.04207 50.8
      vertex 67.99 5.04207 50.8
      vertex 68.2006 4.97059 50.8
    endloop
  endfacet
  facet normal 0 0 1
    outer loop
      vertex 67.55 5.1 50.8
      vertex 72.95 5.1 50.8
      vertex 157.15 6.6 50.8
    endloop
  endfacet
  facet normal 0 0 1
    outer loop
      vertex 72.7281 5.08546 50.8
      vertex 67.7719 5.08546 50.8
      vertex 67.99 5.04207 50.8
    endloop
  endfacet
  facet normal 0 0 1
    outer loop
      vertex 72.95 5.1 50.8
      vertex 67.55 5.1 50.8
      vertex 67.7719 5.08546 50.8
    endloop
  endfacet
  facet normal 0 0 1
    outer loop
      vertex 157.15 6.6 50.8
      vertex 64.95 5.1 50.8
      vertex 67.55 5.1 50.8
    endloop
  endfacet
  facet normal 0 0 1
    outer loop
      vertex 63.2645 3.62189 50.8
      vertex 61.25 3.4 50.8
      vertex 63.25 3.4 50.8
    endloop
  endfacet
  facet normal 0 0 1
    outer loop
      vertex 61.2355 3.62189 50.8
      vertex 63.2645 3.62189 50.8
      vertex 63.3079 3.83999 50.8
    endloop
  endfacet
  facet normal 0 0 1
    outer loop
      vertex 61.1921 3.83999 50.8
      vertex 63.3079 3.83999 50.8
      vertex 63.3794 4.05056 50.8
    endloop
  endfacet
  facet normal 0 0 1
    outer loop
      vertex 61.1206 4.05056 50.8
      vertex 63.3794 4.05056 50.8
      vertex 63.4778 4.25 50.8
    endloop
  endfacet
  facet normal 0 0 1
    outer loop
      vertex 61.0222 4.25 50.8
      vertex 63.4778 4.25 50.8
      vertex 63.6013 4.43489 50.8
    endloop
  endfacet
  facet normal 0 0 1
    outer loop
      vertex 60.8987 4.43489 50.8
      vertex 63.6013 4.43489 50.8
      vertex 63.7479 4.60208 50.8
    endloop
  endfacet
  facet normal 0 0 1
    outer loop
      vertex 60.7521 4.60208 50.8
      vertex 63.7479 4.60208 50.8
      vertex 63.9151 4.7487 50.8
    endloop
  endfacet
  facet normal 0 0 1
    outer loop
      vertex 60.5849 4.7487 50.8
      vertex 63.9151 4.7487 50.8
      vertex 64.1 4.87224 50.8
    endloop
  endfacet
  facet normal 0 0 1
    outer loop
      vertex 63.2645 3.62189 50.8
      vertex 61.2355 3.62189 50.8
      vertex 61.25 3.4 50.8
    endloop
  endfacet
  facet normal 0 0 1
    outer loop
      vertex 60.4 4.87224 50.8
      vertex 64.1 4.87224 50.8
      vertex 64.2994 4.97059 50.8
    endloop
  endfacet
  facet normal 0 0 1
    outer loop
      vertex 63.3079 3.83999 50.8
      vertex 61.1921 3.83999 50.8
      vertex 61.2355 3.62189 50.8
    endloop
  endfacet
  facet normal 0 0 1
    outer loop
      vertex 63.3794 4.05056 50.8
      vertex 61.1206 4.05056 50.8
      vertex 61.1921 3.83999 50.8
    endloop
  endfacet
  facet normal 0 0 1
    outer loop
      vertex 60.2006 4.97059 50.8
      vertex 64.2994 4.97059 50.8
      vertex 64.51 5.04207 50.8
    endloop
  endfacet
  facet normal 0 0 1
    outer loop
      vertex 63.4778 4.25 50.8
      vertex 61.0222 4.25 50.8
      vertex 61.1206 4.05056 50.8
    endloop
  endfacet
  facet normal 0 0 1
    outer loop
      vertex 63.6013 4.43489 50.8
      vertex 60.8987 4.43489 50.8
      vertex 61.0222 4.25 50.8
    endloop
  endfacet
  facet normal 0 0 1
    outer loop
      vertex 59.99 5.04207 50.8
      vertex 64.51 5.04207 50.8
      vertex 64.7281 5.08546 50.8
    endloop
  endfacet
  facet normal 0 0 1
    outer loop
      vertex 63.7479 4.60208 50.8
      vertex 60.7521 4.60208 50.8
      vertex 60.8987 4.43489 50.8
    endloop
  endfacet
  facet normal 0 0 1
    outer loop
      vertex 63.9151 4.7487 50.8
      vertex 60.5849 4.7487 50.8
      vertex 60.7521 4.60208 50.8
    endloop
  endfacet
  facet normal 0 0 1
    outer loop
      vertex 64.1 4.87224 50.8
      vertex 60.4 4.87224 50.8
      vertex 60.5849 4.7487 50.8
    endloop
  endfacet
  facet normal 0 0 1
    outer loop
      vertex 59.7719 5.08546 50.8
      vertex 64.7281 5.08546 50.8
      vertex 64.95 5.1 50.8
    endloop
  endfacet
  facet normal 0 0 1
    outer loop
      vertex 64.2994 4.97059 50.8
      vertex 60.2006 4.97059 50.8
      vertex 60.4 4.87224 50.8
    endloop
  endfacet
  facet normal 0 0 1
    outer loop
      vertex 64.51 5.04207 50.8
      vertex 59.99 5.04207 50.8
      vertex 60.2006 4.97059 50.8
    endloop
  endfacet
  facet normal -0 0 1
    outer loop
      vertex 7.35 6.6 50.8
      vertex 64.95 5.1 50.8
      vertex 157.15 6.6 50.8
    endloop
  endfacet
  facet normal 0 0 1
    outer loop
      vertex 64.7281 5.08546 50.8
      vertex 59.7719 5.08546 50.8
      vertex 59.99 5.04207 50.8
    endloop
  endfacet
  facet normal 0 0 1
    outer loop
      vertex 64.95 5.1 50.8
      vertex 59.55 5.1 50.8
      vertex 59.7719 5.08546 50.8
    endloop
  endfacet
  facet normal 0 0 1
    outer loop
      vertex 64.95 5.1 50.8
      vertex 7.35 6.6 50.8
      vertex 59.55 5.1 50.8
    endloop
  endfacet
  facet normal 0 0 1
    outer loop
      vertex 55.2645 3.62189 50.8
      vertex 53.25 3.4 50.8
      vertex 55.25 3.4 50.8
    endloop
  endfacet
  facet normal 0 0 1
    outer loop
      vertex 53.2355 3.62189 50.8
      vertex 55.2645 3.62189 50.8
      vertex 55.3079 3.83999 50.8
    endloop
  endfacet
  facet normal 0 0 1
    outer loop
      vertex 53.1921 3.83999 50.8
      vertex 55.3079 3.83999 50.8
      vertex 55.3794 4.05056 50.8
    endloop
  endfacet
  facet normal 0 0 1
    outer loop
      vertex 53.1206 4.05056 50.8
      vertex 55.3794 4.05056 50.8
      vertex 55.4778 4.25 50.8
    endloop
  endfacet
  facet normal 0 0 1
    outer loop
      vertex 53.0222 4.25 50.8
      vertex 55.4778 4.25 50.8
      vertex 55.6013 4.43489 50.8
    endloop
  endfacet
  facet normal 0 0 1
    outer loop
      vertex 52.8987 4.43489 50.8
      vertex 55.6013 4.43489 50.8
      vertex 55.7479 4.60208 50.8
    endloop
  endfacet
  facet normal 0 0 1
    outer loop
      vertex 52.7521 4.60208 50.8
      vertex 55.7479 4.60208 50.8
      vertex 55.9151 4.7487 50.8
    endloop
  endfacet
  facet normal 0 0 1
    outer loop
      vertex 52.5849 4.7487 50.8
      vertex 55.9151 4.7487 50.8
      vertex 56.1 4.87224 50.8
    endloop
  endfacet
  facet normal 0 0 1
    outer loop
      vertex 55.2645 3.62189 50.8
      vertex 53.2355 3.62189 50.8
      vertex 53.25 3.4 50.8
    endloop
  endfacet
  facet normal 0 0 1
    outer loop
      vertex 52.4 4.87224 50.8
      vertex 56.1 4.87224 50.8
      vertex 56.2994 4.97059 50.8
    endloop
  endfacet
  facet normal 0 0 1
    outer loop
      vertex 55.3079 3.83999 50.8
      vertex 53.1921 3.83999 50.8
      vertex 53.2355 3.62189 50.8
    endloop
  endfacet
  facet normal 0 0 1
    outer loop
      vertex 55.3794 4.05056 50.8
      vertex 53.1206 4.05056 50.8
      vertex 53.1921 3.83999 50.8
    endloop
  endfacet
  facet normal 0 0 1
    outer loop
      vertex 52.2006 4.97059 50.8
      vertex 56.2994 4.97059 50.8
      vertex 56.51 5.04207 50.8
    endloop
  endfacet
  facet normal 0 0 1
    outer loop
      vertex 55.4778 4.25 50.8
      vertex 53.0222 4.25 50.8
      vertex 53.1206 4.05056 50.8
    endloop
  endfacet
  facet normal 0 0 1
    outer loop
      vertex 55.6013 4.43489 50.8
      vertex 52.8987 4.43489 50.8
      vertex 53.0222 4.25 50.8
    endloop
  endfacet
  facet normal 0 0 1
    outer loop
      vertex 51.99 5.04207 50.8
      vertex 56.51 5.04207 50.8
      vertex 56.7281 5.08546 50.8
    endloop
  endfacet
  facet normal 0 0 1
    outer loop
      vertex 55.7479 4.60208 50.8
      vertex 52.7521 4.60208 50.8
      vertex 52.8987 4.43489 50.8
    endloop
  endfacet
  facet normal 0 0 1
    outer loop
      vertex 55.9151 4.7487 50.8
      vertex 52.5849 4.7487 50.8
      vertex 52.7521 4.60208 50.8
    endloop
  endfacet
  facet normal 0 0 1
    outer loop
      vertex 56.1 4.87224 50.8
      vertex 52.4 4.87224 50.8
      vertex 52.5849 4.7487 50.8
    endloop
  endfacet
  facet normal 0 0 1
    outer loop
      vertex 51.7719 5.08546 50.8
      vertex 56.7281 5.08546 50.8
      vertex 56.95 5.1 50.8
    endloop
  endfacet
  facet normal 0 0 1
    outer loop
      vertex 56.2994 4.97059 50.8
      vertex 52.2006 4.97059 50.8
      vertex 52.4 4.87224 50.8
    endloop
  endfacet
  facet normal 0 0 1
    outer loop
      vertex 56.51 5.04207 50.8
      vertex 51.99 5.04207 50.8
      vertex 52.2006 4.97059 50.8
    endloop
  endfacet
  facet normal 0 0 1
    outer loop
      vertex 59.55 5.1 50.8
      vertex 7.35 6.6 50.8
      vertex 56.95 5.1 50.8
    endloop
  endfacet
  facet normal 0 0 1
    outer loop
      vertex 56.7281 5.08546 50.8
      vertex 51.7719 5.08546 50.8
      vertex 51.99 5.04207 50.8
    endloop
  endfacet
  facet normal 0 0 1
    outer loop
      vertex 56.95 5.1 50.8
      vertex 51.55 5.1 50.8
      vertex 51.7719 5.08546 50.8
    endloop
  endfacet
  facet normal 0 0 1
    outer loop
      vertex 56.95 5.1 50.8
      vertex 7.35 6.6 50.8
      vertex 51.55 5.1 50.8
    endloop
  endfacet
  facet normal 0 0 1
    outer loop
      vertex 47.2645 3.62189 50.8
      vertex 45.25 3.4 50.8
      vertex 47.25 3.4 50.8
    endloop
  endfacet
  facet normal 0 0 1
    outer loop
      vertex 45.2355 3.62189 50.8
      vertex 47.2645 3.62189 50.8
      vertex 47.3079 3.83999 50.8
    endloop
  endfacet
  facet normal 0 0 1
    outer loop
      vertex 45.1921 3.83999 50.8
      vertex 47.3079 3.83999 50.8
      vertex 47.3794 4.05056 50.8
    endloop
  endfacet
  facet normal 0 0 1
    outer loop
      vertex 45.1206 4.05056 50.8
      vertex 47.3794 4.05056 50.8
      vertex 47.4778 4.25 50.8
    endloop
  endfacet
  facet normal 0 0 1
    outer loop
      vertex 45.0222 4.25 50.8
      vertex 47.4778 4.25 50.8
      vertex 47.6013 4.43489 50.8
    endloop
  endfacet
  facet normal 0 0 1
    outer loop
      vertex 44.8987 4.43489 50.8
      vertex 47.6013 4.43489 50.8
      vertex 47.7479 4.60208 50.8
    endloop
  endfacet
  facet normal 0 0 1
    outer loop
      vertex 44.7521 4.60208 50.8
      vertex 47.7479 4.60208 50.8
      vertex 47.9151 4.7487 50.8
    endloop
  endfacet
  facet normal 0 0 1
    outer loop
      vertex 44.5849 4.7487 50.8
      vertex 47.9151 4.7487 50.8
      vertex 48.1 4.87224 50.8
    endloop
  endfacet
  facet normal 0 0 1
    outer loop
      vertex 47.2645 3.62189 50.8
      vertex 45.2355 3.62189 50.8
      vertex 45.25 3.4 50.8
    endloop
  endfacet
  facet normal 0 0 1
    outer loop
      vertex 44.4 4.87224 50.8
      vertex 48.1 4.87224 50.8
      vertex 48.2994 4.97059 50.8
    endloop
  endfacet
  facet normal 0 0 1
    outer loop
      vertex 47.3079 3.83999 50.8
      vertex 45.1921 3.83999 50.8
      vertex 45.2355 3.62189 50.8
    endloop
  endfacet
  facet normal 0 0 1
    outer loop
      vertex 47.3794 4.05056 50.8
      vertex 45.1206 4.05056 50.8
      vertex 45.1921 3.83999 50.8
    endloop
  endfacet
  facet normal 0 0 1
    outer loop
      vertex 44.2006 4.97059 50.8
      vertex 48.2994 4.97059 50.8
      vertex 48.51 5.04207 50.8
    endloop
  endfacet
  facet normal 0 0 1
    outer loop
      vertex 47.4778 4.25 50.8
      vertex 45.0222 4.25 50.8
      vertex 45.1206 4.05056 50.8
    endloop
  endfacet
  facet normal 0 0 1
    outer loop
      vertex 47.6013 4.43489 50.8
      vertex 44.8987 4.43489 50.8
      vertex 45.0222 4.25 50.8
    endloop
  endfacet
  facet normal 0 0 1
    outer loop
      vertex 43.99 5.04207 50.8
      vertex 48.51 5.04207 50.8
      vertex 48.7281 5.08546 50.8
    endloop
  endfacet
  facet normal 0 0 1
    outer loop
      vertex 47.7479 4.60208 50.8
      vertex 44.7521 4.60208 50.8
      vertex 44.8987 4.43489 50.8
    endloop
  endfacet
  facet normal 0 0 1
    outer loop
      vertex 47.9151 4.7487 50.8
      vertex 44.5849 4.7487 50.8
      vertex 44.7521 4.60208 50.8
    endloop
  endfacet
  facet normal 0 0 1
    outer loop
      vertex 48.1 4.87224 50.8
      vertex 44.4 4.87224 50.8
      vertex 44.5849 4.7487 50.8
    endloop
  endfacet
  facet normal 0 0 1
    outer loop
      vertex 43.7719 5.08546 50.8
      vertex 48.7281 5.08546 50.8
      vertex 48.95 5.1 50.8
    endloop
  endfacet
  facet normal 0 0 1
    outer loop
      vertex 48.2994 4.97059 50.8
      vertex 44.2006 4.97059 50.8
      vertex 44.4 4.87224 50.8
    endloop
  endfacet
  facet normal 0 0 1
    outer loop
      vertex 48.51 5.04207 50.8
      vertex 43.99 5.04207 50.8
      vertex 44.2006 4.97059 50.8
    endloop
  endfacet
  facet normal 0 0 1
    outer loop
      vertex 51.55 5.1 50.8
      vertex 7.35 6.6 50.8
      vertex 48.95 5.1 50.8
    endloop
  endfacet
  facet normal 0 0 1
    outer loop
      vertex 48.7281 5.08546 50.8
      vertex 43.7719 5.08546 50.8
      vertex 43.99 5.04207 50.8
    endloop
  endfacet
  facet normal 0 0 1
    outer loop
      vertex 48.95 5.1 50.8
      vertex 43.55 5.1 50.8
      vertex 43.7719 5.08546 50.8
    endloop
  endfacet
  facet normal 0 0 1
    outer loop
      vertex 48.95 5.1 50.8
      vertex 7.35 6.6 50.8
      vertex 43.55 5.1 50.8
    endloop
  endfacet
  facet normal 0 0 1
    outer loop
      vertex 39.2645 3.62189 50.8
      vertex 37.25 3.4 50.8
      vertex 39.25 3.4 50.8
    endloop
  endfacet
  facet normal 0 0 1
    outer loop
      vertex 37.2355 3.62189 50.8
      vertex 39.2645 3.62189 50.8
      vertex 39.3079 3.83999 50.8
    endloop
  endfacet
  facet normal 0 0 1
    outer loop
      vertex 37.1921 3.83999 50.8
      vertex 39.3079 3.83999 50.8
      vertex 39.3794 4.05056 50.8
    endloop
  endfacet
  facet normal 0 0 1
    outer loop
      vertex 37.1206 4.05056 50.8
      vertex 39.3794 4.05056 50.8
      vertex 39.4778 4.25 50.8
    endloop
  endfacet
  facet normal 0 0 1
    outer loop
      vertex 37.0222 4.25 50.8
      vertex 39.4778 4.25 50.8
      vertex 39.6013 4.43489 50.8
    endloop
  endfacet
  facet normal 0 0 1
    outer loop
      vertex 36.8987 4.43489 50.8
      vertex 39.6013 4.43489 50.8
      vertex 39.7479 4.60208 50.8
    endloop
  endfacet
  facet normal 0 0 1
    outer loop
      vertex 36.7521 4.60208 50.8
      vertex 39.7479 4.60208 50.8
      vertex 39.9151 4.7487 50.8
    endloop
  endfacet
  facet normal 0 0 1
    outer loop
      vertex 36.5849 4.7487 50.8
      vertex 39.9151 4.7487 50.8
      vertex 40.1 4.87224 50.8
    endloop
  endfacet
  facet normal 0 0 1
    outer loop
      vertex 39.2645 3.62189 50.8
      vertex 37.2355 3.62189 50.8
      vertex 37.25 3.4 50.8
    endloop
  endfacet
  facet normal 0 0 1
    outer loop
      vertex 36.4 4.87224 50.8
      vertex 40.1 4.87224 50.8
      vertex 40.2994 4.97059 50.8
    endloop
  endfacet
  facet normal 0 0 1
    outer loop
      vertex 39.3079 3.83999 50.8
      vertex 37.1921 3.83999 50.8
      vertex 37.2355 3.62189 50.8
    endloop
  endfacet
  facet normal 0 0 1
    outer loop
      vertex 39.3794 4.05056 50.8
      vertex 37.1206 4.05056 50.8
      vertex 37.1921 3.83999 50.8
    endloop
  endfacet
  facet normal 0 0 1
    outer loop
      vertex 36.2006 4.97059 50.8
      vertex 40.2994 4.97059 50.8
      vertex 40.51 5.04207 50.8
    endloop
  endfacet
  facet normal 0 0 1
    outer loop
      vertex 39.4778 4.25 50.8
      vertex 37.0222 4.25 50.8
      vertex 37.1206 4.05056 50.8
    endloop
  endfacet
  facet normal 0 0 1
    outer loop
      vertex 39.6013 4.43489 50.8
      vertex 36.8987 4.43489 50.8
      vertex 37.0222 4.25 50.8
    endloop
  endfacet
  facet normal 0 0 1
    outer loop
      vertex 35.99 5.04207 50.8
      vertex 40.51 5.04207 50.8
      vertex 40.7281 5.08546 50.8
    endloop
  endfacet
  facet normal 0 0 1
    outer loop
      vertex 39.7479 4.60208 50.8
      vertex 36.7521 4.60208 50.8
      vertex 36.8987 4.43489 50.8
    endloop
  endfacet
  facet normal 0 0 1
    outer loop
      vertex 39.9151 4.7487 50.8
      vertex 36.5849 4.7487 50.8
      vertex 36.7521 4.60208 50.8
    endloop
  endfacet
  facet normal 0 0 1
    outer loop
      vertex 40.1 4.87224 50.8
      vertex 36.4 4.87224 50.8
      vertex 36.5849 4.7487 50.8
    endloop
  endfacet
  facet normal 0 0 1
    outer loop
      vertex 35.7719 5.08546 50.8
      vertex 40.7281 5.08546 50.8
      vertex 40.95 5.1 50.8
    endloop
  endfacet
  facet normal 0 0 1
    outer loop
      vertex 40.2994 4.97059 50.8
      vertex 36.2006 4.97059 50.8
      vertex 36.4 4.87224 50.8
    endloop
  endfacet
  facet normal 0 0 1
    outer loop
      vertex 40.51 5.04207 50.8
      vertex 35.99 5.04207 50.8
      vertex 36.2006 4.97059 50.8
    endloop
  endfacet
  facet normal 0 0 1
    outer loop
      vertex 43.55 5.1 50.8
      vertex 7.35 6.6 50.8
      vertex 40.95 5.1 50.8
    endloop
  endfacet
  facet normal 0 0 1
    outer loop
      vertex 40.7281 5.08546 50.8
      vertex 35.7719 5.08546 50.8
      vertex 35.99 5.04207 50.8
    endloop
  endfacet
  facet normal 0 0 1
    outer loop
      vertex 40.95 5.1 50.8
      vertex 35.55 5.1 50.8
      vertex 35.7719 5.08546 50.8
    endloop
  endfacet
  facet normal 0 0 1
    outer loop
      vertex 40.95 5.1 50.8
      vertex 7.35 6.6 50.8
      vertex 35.55 5.1 50.8
    endloop
  endfacet
  facet normal 0 0 1
    outer loop
      vertex 31.2645 3.62189 50.8
      vertex 21.8 5.3 50.8
      vertex 31.25 3.4 50.8
    endloop
  endfacet
  facet normal 0 0 1
    outer loop
      vertex 31.3079 3.83999 50.8
      vertex 21.8 5.3 50.8
      vertex 31.2645 3.62189 50.8
    endloop
  endfacet
  facet normal 0 0 1
    outer loop
      vertex 31.3794 4.05056 50.8
      vertex 21.8 5.3 50.8
      vertex 31.3079 3.83999 50.8
    endloop
  endfacet
  facet normal 0 0 1
    outer loop
      vertex 31.4778 4.25 50.8
      vertex 21.8 5.3 50.8
      vertex 31.3794 4.05056 50.8
    endloop
  endfacet
  facet normal 0 0 1
    outer loop
      vertex 31.6013 4.43489 50.8
      vertex 21.8 5.3 50.8
      vertex 31.4778 4.25 50.8
    endloop
  endfacet
  facet normal 0 0 1
    outer loop
      vertex 31.7479 4.60208 50.8
      vertex 21.8 5.3 50.8
      vertex 31.6013 4.43489 50.8
    endloop
  endfacet
  facet normal 0 0 1
    outer loop
      vertex 31.9151 4.7487 50.8
      vertex 21.8 5.3 50.8
      vertex 31.7479 4.60208 50.8
    endloop
  endfacet
  facet normal 0 0 1
    outer loop
      vertex 32.1 4.87224 50.8
      vertex 21.8 5.3 50.8
      vertex 31.9151 4.7487 50.8
    endloop
  endfacet
  facet normal 0 0 1
    outer loop
      vertex 32.2994 4.97059 50.8
      vertex 21.8 5.3 50.8
      vertex 32.1 4.87224 50.8
    endloop
  endfacet
  facet normal 0 0 1
    outer loop
      vertex 32.51 5.04207 50.8
      vertex 21.8 5.3 50.8
      vertex 32.2994 4.97059 50.8
    endloop
  endfacet
  facet normal 0 0 1
    outer loop
      vertex 32.7281 5.08546 50.8
      vertex 21.8 5.3 50.8
      vertex 32.51 5.04207 50.8
    endloop
  endfacet
  facet normal 0 0 1
    outer loop
      vertex 32.95 5.1 50.8
      vertex 21.8 5.3 50.8
      vertex 32.7281 5.08546 50.8
    endloop
  endfacet
  facet normal 0 0 1
    outer loop
      vertex 35.55 5.1 50.8
      vertex 7.35 6.6 50.8
      vertex 32.95 5.1 50.8
    endloop
  endfacet
  facet normal 0 0 1
    outer loop
      vertex 32.95 5.1 50.8
      vertex 7.35 6.6 50.8
      vertex 21.8 5.3 50.8
    endloop
  endfacet
  facet normal 0 0 1
    outer loop
      vertex 6.2 5.3 50.8
      vertex 7.35 6.6 50.8
      vertex 7.08895 6.6171 50.8
    endloop
  endfacet
  facet normal 0 0 1
    outer loop
      vertex 7.35 6.6 50.8
      vertex 6.2 5.3 50.8
      vertex 21.8 5.3 50.8
    endloop
  endfacet
  facet normal 0 0 1
    outer loop
      vertex 6.83236 6.66815 50.8
      vertex 6.2 5.3 50.8
      vertex 7.08895 6.6171 50.8
    endloop
  endfacet
  facet normal 0 0 1
    outer loop
      vertex 6.58463 6.75224 50.8
      vertex 6.2 5.3 50.8
      vertex 6.83236 6.66815 50.8
    endloop
  endfacet
  facet normal 0 0 1
    outer loop
      vertex 6.35 6.86794 50.8
      vertex 6.2 5.3 50.8
      vertex 6.58463 6.75224 50.8
    endloop
  endfacet
  facet normal 0 0 1
    outer loop
      vertex 6.13247 7.0133 50.8
      vertex 6.2 5.3 50.8
      vertex 6.35 6.86794 50.8
    endloop
  endfacet
  facet normal 0 0 1
    outer loop
      vertex 5.93578 7.18578 50.8
      vertex 6.2 5.3 50.8
      vertex 6.13247 7.0133 50.8
    endloop
  endfacet
  facet normal 0 0 1
    outer loop
      vertex 5.7633 7.38247 50.8
      vertex 6.2 5.3 50.8
      vertex 5.93578 7.18578 50.8
    endloop
  endfacet
  facet normal 0 0 1
    outer loop
      vertex 5.61794 7.6 50.8
      vertex 6.2 5.3 50.8
      vertex 5.7633 7.38247 50.8
    endloop
  endfacet
  facet normal 0 0 1
    outer loop
      vertex 6.2 5.3 50.8
      vertex 5.61794 7.6 50.8
      vertex 0 0 50.8
    endloop
  endfacet
  facet normal 0 0 1
    outer loop
      vertex 0 0 50.8
      vertex 5.61794 7.6 50.8
      vertex 5.50224 7.83463 50.8
    endloop
  endfacet
  facet normal 0 0 1
    outer loop
      vertex 0 0 50.8
      vertex 5.50224 7.83463 50.8
      vertex 5.41815 8.08236 50.8
    endloop
  endfacet
  facet normal 0 0 1
    outer loop
      vertex 0 0 50.8
      vertex 5.41815 8.08236 50.8
      vertex 5.3671 8.33895 50.8
    endloop
  endfacet
  facet normal 0 0 1
    outer loop
      vertex 6.2 5.3 50.8
      vertex 0 0 50.8
      vertex 6.2 0 50.8
    endloop
  endfacet
  facet normal 0 0 1
    outer loop
      vertex 5.35 8.6 50.8
      vertex 0 0 50.8
      vertex 5.3671 8.33895 50.8
    endloop
  endfacet
  facet normal 0 0 1
    outer loop
      vertex 0 0 50.8
      vertex 5.35 8.6 50.8
      vertex 0 98 50.8
    endloop
  endfacet
  facet normal 0 0 1
    outer loop
      vertex 159.15 8.6 50.8
      vertex 164.5 98 50.8
      vertex 159.15 92.4 50.8
    endloop
  endfacet
  facet normal 0 0 1
    outer loop
      vertex 164.5 98 50.8
      vertex 159.133 92.661 50.8
      vertex 159.15 92.4 50.8
    endloop
  endfacet
  facet normal 0 0 1
    outer loop
      vertex 164.5 98 50.8
      vertex 159.082 92.9176 50.8
      vertex 159.133 92.661 50.8
    endloop
  endfacet
  facet normal 0 0 1
    outer loop
      vertex 164.5 98 50.8
      vertex 158.998 93.1654 50.8
      vertex 159.082 92.9176 50.8
    endloop
  endfacet
  facet normal 0 0 1
    outer loop
      vertex 164.5 98 50.8
      vertex 158.882 93.4 50.8
      vertex 158.998 93.1654 50.8
    endloop
  endfacet
  facet normal 0 0 1
    outer loop
      vertex 164.5 98 50.8
      vertex 158.737 93.6175 50.8
      vertex 158.882 93.4 50.8
    endloop
  endfacet
  facet normal 0 0 1
    outer loop
      vertex 164.5 98 50.8
      vertex 158.564 93.8142 50.8
      vertex 158.737 93.6175 50.8
    endloop
  endfacet
  facet normal 0 0 1
    outer loop
      vertex 164.5 98 50.8
      vertex 158.368 93.9867 50.8
      vertex 158.564 93.8142 50.8
    endloop
  endfacet
  facet normal 0 0 1
    outer loop
      vertex 164.5 98 50.8
      vertex 158.15 94.132 50.8
      vertex 158.368 93.9867 50.8
    endloop
  endfacet
  facet normal 0 0 1
    outer loop
      vertex 164.5 98 50.8
      vertex 157.915 94.2477 50.8
      vertex 158.15 94.132 50.8
    endloop
  endfacet
  facet normal 0 0 1
    outer loop
      vertex 164.5 98 50.8
      vertex 157.668 94.3318 50.8
      vertex 157.915 94.2477 50.8
    endloop
  endfacet
  facet normal 0 0 1
    outer loop
      vertex 164.5 98 50.8
      vertex 157.411 94.3829 50.8
      vertex 157.668 94.3318 50.8
    endloop
  endfacet
  facet normal 0 0 1
    outer loop
      vertex 164.5 98 50.8
      vertex 157.15 94.4 50.8
      vertex 157.411 94.3829 50.8
    endloop
  endfacet
  facet normal 0 0 1
    outer loop
      vertex 164.5 98 50.8
      vertex 110.45 95.6 50.8
      vertex 157.15 94.4 50.8
    endloop
  endfacet
  facet normal 0 0 1
    outer loop
      vertex 164.5 98 50.8
      vertex 102.45 95.6 50.8
      vertex 110.45 95.6 50.8
    endloop
  endfacet
  facet normal 0 0 1
    outer loop
      vertex 102.45 95.6 50.8
      vertex 7.35 94.4 50.8
      vertex 102.45 94.4 50.8
    endloop
  endfacet
  facet normal -0 0 1
    outer loop
      vertex 0 98 50.8
      vertex 102.45 95.6 50.8
      vertex 164.5 98 50.8
    endloop
  endfacet
  facet normal 0 0 1
    outer loop
      vertex 5.35 92.4 50.8
      vertex 0 98 50.8
      vertex 5.35 8.6 50.8
    endloop
  endfacet
  facet normal 0 0 1
    outer loop
      vertex 5.3671 92.661 50.8
      vertex 0 98 50.8
      vertex 5.35 92.4 50.8
    endloop
  endfacet
  facet normal 0 0 1
    outer loop
      vertex 5.41815 92.9176 50.8
      vertex 0 98 50.8
      vertex 5.3671 92.661 50.8
    endloop
  endfacet
  facet normal 0 0 1
    outer loop
      vertex 5.50224 93.1654 50.8
      vertex 0 98 50.8
      vertex 5.41815 92.9176 50.8
    endloop
  endfacet
  facet normal 0 0 1
    outer loop
      vertex 5.61794 93.4 50.8
      vertex 0 98 50.8
      vertex 5.50224 93.1654 50.8
    endloop
  endfacet
  facet normal 0 0 1
    outer loop
      vertex 5.7633 93.6175 50.8
      vertex 0 98 50.8
      vertex 5.61794 93.4 50.8
    endloop
  endfacet
  facet normal 0 0 1
    outer loop
      vertex 5.93578 93.8142 50.8
      vertex 0 98 50.8
      vertex 5.7633 93.6175 50.8
    endloop
  endfacet
  facet normal 0 0 1
    outer loop
      vertex 6.13247 93.9867 50.8
      vertex 0 98 50.8
      vertex 5.93578 93.8142 50.8
    endloop
  endfacet
  facet normal 0 0 1
    outer loop
      vertex 6.35 94.132 50.8
      vertex 0 98 50.8
      vertex 6.13247 93.9867 50.8
    endloop
  endfacet
  facet normal 0 0 1
    outer loop
      vertex 6.58463 94.2477 50.8
      vertex 0 98 50.8
      vertex 6.35 94.132 50.8
    endloop
  endfacet
  facet normal 0 0 1
    outer loop
      vertex 6.83236 94.3318 50.8
      vertex 0 98 50.8
      vertex 6.58463 94.2477 50.8
    endloop
  endfacet
  facet normal 0 0 1
    outer loop
      vertex 7.08895 94.3829 50.8
      vertex 0 98 50.8
      vertex 6.83236 94.3318 50.8
    endloop
  endfacet
  facet normal 0 0 1
    outer loop
      vertex 7.35 94.4 50.8
      vertex 0 98 50.8
      vertex 7.08895 94.3829 50.8
    endloop
  endfacet
  facet normal 0 0 1
    outer loop
      vertex 102.45 95.6 50.8
      vertex 0 98 50.8
      vertex 7.35 94.4 50.8
    endloop
  endfacet
  facet normal 0 0 1
    outer loop
      vertex 164.5 98 50.8
      vertex 159.15 8.6 50.8
      vertex 164.5 0 50.8
    endloop
  endfacet
  facet normal -0 0 1
    outer loop
      vertex 159.133 8.33895 50.8
      vertex 164.5 0 50.8
      vertex 159.15 8.6 50.8
    endloop
  endfacet
  facet normal -0 0 1
    outer loop
      vertex 159.082 8.08236 50.8
      vertex 164.5 0 50.8
      vertex 159.133 8.33895 50.8
    endloop
  endfacet
  facet normal -0 0 1
    outer loop
      vertex 158.998 7.83463 50.8
      vertex 164.5 0 50.8
      vertex 159.082 8.08236 50.8
    endloop
  endfacet
  facet normal -0 0 1
    outer loop
      vertex 158.882 7.6 50.8
      vertex 164.5 0 50.8
      vertex 158.998 7.83463 50.8
    endloop
  endfacet
  facet normal 0 0 1
    outer loop
      vertex 158.3 5.3 50.8
      vertex 158.882 7.6 50.8
      vertex 158.737 7.38247 50.8
    endloop
  endfacet
  facet normal 0 0 1
    outer loop
      vertex 158.3 5.3 50.8
      vertex 158.737 7.38247 50.8
      vertex 158.564 7.18578 50.8
    endloop
  endfacet
  facet normal 0 0 1
    outer loop
      vertex 158.3 5.3 50.8
      vertex 158.564 7.18578 50.8
      vertex 158.368 7.0133 50.8
    endloop
  endfacet
  facet normal 0 0 1
    outer loop
      vertex 158.882 7.6 50.8
      vertex 158.3 5.3 50.8
      vertex 164.5 0 50.8
    endloop
  endfacet
  facet normal 0 0 1
    outer loop
      vertex 164.5 0 50.8
      vertex 158.3 5.3 50.8
      vertex 158.3 0 50.8
    endloop
  endfacet
  facet normal 0 0 1
    outer loop
      vertex 142.7 5.3 50.8
      vertex 133.235 3.17811 50.8
      vertex 142.7 0 50.8
    endloop
  endfacet
  facet normal -0 0 1
    outer loop
      vertex 133.192 2.96001 50.8
      vertex 142.7 0 50.8
      vertex 133.235 3.17811 50.8
    endloop
  endfacet
  facet normal -0 0 1
    outer loop
      vertex 133.121 2.74944 50.8
      vertex 142.7 0 50.8
      vertex 133.192 2.96001 50.8
    endloop
  endfacet
  facet normal -0 0 1
    outer loop
      vertex 133.022 2.55 50.8
      vertex 142.7 0 50.8
      vertex 133.121 2.74944 50.8
    endloop
  endfacet
  facet normal -0 0 1
    outer loop
      vertex 132.899 2.3651 50.8
      vertex 142.7 0 50.8
      vertex 133.022 2.55 50.8
    endloop
  endfacet
  facet normal -0 0 1
    outer loop
      vertex 132.752 2.19792 50.8
      vertex 142.7 0 50.8
      vertex 132.899 2.3651 50.8
    endloop
  endfacet
  facet normal -0 0 1
    outer loop
      vertex 132.585 2.0513 50.8
      vertex 142.7 0 50.8
      vertex 132.752 2.19792 50.8
    endloop
  endfacet
  facet normal -0 0 1
    outer loop
      vertex 132.4 1.92776 50.8
      vertex 142.7 0 50.8
      vertex 132.585 2.0513 50.8
    endloop
  endfacet
  facet normal -0 0 1
    outer loop
      vertex 132.201 1.8294 50.8
      vertex 142.7 0 50.8
      vertex 132.4 1.92776 50.8
    endloop
  endfacet
  facet normal -0 0 1
    outer loop
      vertex 131.99 1.75793 50.8
      vertex 142.7 0 50.8
      vertex 132.201 1.8294 50.8
    endloop
  endfacet
  facet normal -0 0 1
    outer loop
      vertex 131.772 1.71454 50.8
      vertex 142.7 0 50.8
      vertex 131.99 1.75793 50.8
    endloop
  endfacet
  facet normal -0 0 1
    outer loop
      vertex 131.55 1.7 50.8
      vertex 142.7 0 50.8
      vertex 131.772 1.71454 50.8
    endloop
  endfacet
  facet normal -0 0 1
    outer loop
      vertex 128.95 1.7 50.8
      vertex 142.7 0 50.8
      vertex 131.55 1.7 50.8
    endloop
  endfacet
  facet normal 0 0 1
    outer loop
      vertex 123.55 1.7 50.8
      vertex 128.95 1.7 50.8
      vertex 128.728 1.71454 50.8
    endloop
  endfacet
  facet normal -0 0 1
    outer loop
      vertex 125.25 3.4 50.8
      vertex 127.265 3.17811 50.8
      vertex 127.25 3.4 50.8
    endloop
  endfacet
  facet normal 0 0 1
    outer loop
      vertex 125.235 3.17811 50.8
      vertex 127.265 3.17811 50.8
      vertex 125.25 3.4 50.8
    endloop
  endfacet
  facet normal 0 0 1
    outer loop
      vertex 127.265 3.17811 50.8
      vertex 125.235 3.17811 50.8
      vertex 127.308 2.96001 50.8
    endloop
  endfacet
  facet normal 0 0 1
    outer loop
      vertex 125.192 2.96001 50.8
      vertex 127.308 2.96001 50.8
      vertex 125.235 3.17811 50.8
    endloop
  endfacet
  facet normal 0 0 1
    outer loop
      vertex 127.308 2.96001 50.8
      vertex 125.192 2.96001 50.8
      vertex 127.379 2.74944 50.8
    endloop
  endfacet
  facet normal 0 0 1
    outer loop
      vertex 125.121 2.74944 50.8
      vertex 127.379 2.74944 50.8
      vertex 125.192 2.96001 50.8
    endloop
  endfacet
  facet normal 0 0 1
    outer loop
      vertex 127.379 2.74944 50.8
      vertex 125.121 2.74944 50.8
      vertex 127.478 2.55 50.8
    endloop
  endfacet
  facet normal 0 0 1
    outer loop
      vertex 125.022 2.55 50.8
      vertex 127.478 2.55 50.8
      vertex 125.121 2.74944 50.8
    endloop
  endfacet
  facet normal 0 0 1
    outer loop
      vertex 127.478 2.55 50.8
      vertex 125.022 2.55 50.8
      vertex 127.601 2.3651 50.8
    endloop
  endfacet
  facet normal 0 0 1
    outer loop
      vertex 124.899 2.3651 50.8
      vertex 127.601 2.3651 50.8
      vertex 125.022 2.55 50.8
    endloop
  endfacet
  facet normal 0 0 1
    outer loop
      vertex 127.601 2.3651 50.8
      vertex 124.899 2.3651 50.8
      vertex 127.748 2.19792 50.8
    endloop
  endfacet
  facet normal 0 0 1
    outer loop
      vertex 124.752 2.19792 50.8
      vertex 127.748 2.19792 50.8
      vertex 124.899 2.3651 50.8
    endloop
  endfacet
  facet normal 0 0 1
    outer loop
      vertex 127.748 2.19792 50.8
      vertex 124.752 2.19792 50.8
      vertex 127.915 2.0513 50.8
    endloop
  endfacet
  facet normal 0 0 1
    outer loop
      vertex 124.585 2.0513 50.8
      vertex 127.915 2.0513 50.8
      vertex 124.752 2.19792 50.8
    endloop
  endfacet
  facet normal 0 0 1
    outer loop
      vertex 127.915 2.0513 50.8
      vertex 124.585 2.0513 50.8
      vertex 128.1 1.92776 50.8
    endloop
  endfacet
  facet normal 0 0 1
    outer loop
      vertex 124.4 1.92776 50.8
      vertex 128.1 1.92776 50.8
      vertex 124.585 2.0513 50.8
    endloop
  endfacet
  facet normal 0 0 1
    outer loop
      vertex 128.1 1.92776 50.8
      vertex 124.4 1.92776 50.8
      vertex 128.299 1.8294 50.8
    endloop
  endfacet
  facet normal 0 0 1
    outer loop
      vertex 124.201 1.8294 50.8
      vertex 128.299 1.8294 50.8
      vertex 124.4 1.92776 50.8
    endloop
  endfacet
  facet normal 0 0 1
    outer loop
      vertex 128.299 1.8294 50.8
      vertex 124.201 1.8294 50.8
      vertex 128.51 1.75793 50.8
    endloop
  endfacet
  facet normal 0 0 1
    outer loop
      vertex 123.99 1.75793 50.8
      vertex 128.51 1.75793 50.8
      vertex 124.201 1.8294 50.8
    endloop
  endfacet
  facet normal 0 0 1
    outer loop
      vertex 128.51 1.75793 50.8
      vertex 123.99 1.75793 50.8
      vertex 128.728 1.71454 50.8
    endloop
  endfacet
  facet normal 0 0 1
    outer loop
      vertex 123.772 1.71454 50.8
      vertex 128.728 1.71454 50.8
      vertex 123.99 1.75793 50.8
    endloop
  endfacet
  facet normal 0 0 1
    outer loop
      vertex 123.55 1.7 50.8
      vertex 128.728 1.71454 50.8
      vertex 123.772 1.71454 50.8
    endloop
  endfacet
  facet normal 0 0 1
    outer loop
      vertex 128.95 1.7 50.8
      vertex 123.55 1.7 50.8
      vertex 142.7 0 50.8
    endloop
  endfacet
  facet normal -0 0 1
    outer loop
      vertex 120.95 1.7 50.8
      vertex 142.7 0 50.8
      vertex 123.55 1.7 50.8
    endloop
  endfacet
  facet normal 0 0 1
    outer loop
      vertex 115.55 1.7 50.8
      vertex 120.95 1.7 50.8
      vertex 120.728 1.71454 50.8
    endloop
  endfacet
  facet normal -0 0 1
    outer loop
      vertex 117.25 3.4 50.8
      vertex 119.265 3.17811 50.8
      vertex 119.25 3.4 50.8
    endloop
  endfacet
  facet normal 0 0 1
    outer loop
      vertex 117.235 3.17811 50.8
      vertex 119.265 3.17811 50.8
      vertex 117.25 3.4 50.8
    endloop
  endfacet
  facet normal 0 0 1
    outer loop
      vertex 119.265 3.17811 50.8
      vertex 117.235 3.17811 50.8
      vertex 119.308 2.96001 50.8
    endloop
  endfacet
  facet normal 0 0 1
    outer loop
      vertex 117.192 2.96001 50.8
      vertex 119.308 2.96001 50.8
      vertex 117.235 3.17811 50.8
    endloop
  endfacet
  facet normal 0 0 1
    outer loop
      vertex 119.308 2.96001 50.8
      vertex 117.192 2.96001 50.8
      vertex 119.379 2.74944 50.8
    endloop
  endfacet
  facet normal 0 0 1
    outer loop
      vertex 117.121 2.74944 50.8
      vertex 119.379 2.74944 50.8
      vertex 117.192 2.96001 50.8
    endloop
  endfacet
  facet normal 0 0 1
    outer loop
      vertex 119.379 2.74944 50.8
      vertex 117.121 2.74944 50.8
      vertex 119.478 2.55 50.8
    endloop
  endfacet
  facet normal 0 0 1
    outer loop
      vertex 117.022 2.55 50.8
      vertex 119.478 2.55 50.8
      vertex 117.121 2.74944 50.8
    endloop
  endfacet
  facet normal 0 0 1
    outer loop
      vertex 119.478 2.55 50.8
      vertex 117.022 2.55 50.8
      vertex 119.601 2.3651 50.8
    endloop
  endfacet
  facet normal 0 0 1
    outer loop
      vertex 116.899 2.3651 50.8
      vertex 119.601 2.3651 50.8
      vertex 117.022 2.55 50.8
    endloop
  endfacet
  facet normal 0 0 1
    outer loop
      vertex 119.601 2.3651 50.8
      vertex 116.899 2.3651 50.8
      vertex 119.748 2.19792 50.8
    endloop
  endfacet
  facet normal 0 0 1
    outer loop
      vertex 116.752 2.19792 50.8
      vertex 119.748 2.19792 50.8
      vertex 116.899 2.3651 50.8
    endloop
  endfacet
  facet normal 0 0 1
    outer loop
      vertex 119.748 2.19792 50.8
      vertex 116.752 2.19792 50.8
      vertex 119.915 2.0513 50.8
    endloop
  endfacet
  facet normal 0 0 1
    outer loop
      vertex 116.585 2.0513 50.8
      vertex 119.915 2.0513 50.8
      vertex 116.752 2.19792 50.8
    endloop
  endfacet
  facet normal 0 0 1
    outer loop
      vertex 119.915 2.0513 50.8
      vertex 116.585 2.0513 50.8
      vertex 120.1 1.92776 50.8
    endloop
  endfacet
  facet normal 0 0 1
    outer loop
      vertex 116.4 1.92776 50.8
      vertex 120.1 1.92776 50.8
      vertex 116.585 2.0513 50.8
    endloop
  endfacet
  facet normal 0 0 1
    outer loop
      vertex 120.1 1.92776 50.8
      vertex 116.4 1.92776 50.8
      vertex 120.299 1.8294 50.8
    endloop
  endfacet
  facet normal 0 0 1
    outer loop
      vertex 116.201 1.8294 50.8
      vertex 120.299 1.8294 50.8
      vertex 116.4 1.92776 50.8
    endloop
  endfacet
  facet normal 0 0 1
    outer loop
      vertex 120.299 1.8294 50.8
      vertex 116.201 1.8294 50.8
      vertex 120.51 1.75793 50.8
    endloop
  endfacet
  facet normal 0 0 1
    outer loop
      vertex 115.99 1.75793 50.8
      vertex 120.51 1.75793 50.8
      vertex 116.201 1.8294 50.8
    endloop
  endfacet
  facet normal 0 0 1
    outer loop
      vertex 120.51 1.75793 50.8
      vertex 115.99 1.75793 50.8
      vertex 120.728 1.71454 50.8
    endloop
  endfacet
  facet normal 0 0 1
    outer loop
      vertex 115.772 1.71454 50.8
      vertex 120.728 1.71454 50.8
      vertex 115.99 1.75793 50.8
    endloop
  endfacet
  facet normal 0 0 1
    outer loop
      vertex 115.55 1.7 50.8
      vertex 120.728 1.71454 50.8
      vertex 115.772 1.71454 50.8
    endloop
  endfacet
  facet normal 0 0 1
    outer loop
      vertex 120.95 1.7 50.8
      vertex 115.55 1.7 50.8
      vertex 142.7 0 50.8
    endloop
  endfacet
  facet normal -0 0 1
    outer loop
      vertex 112.95 1.7 50.8
      vertex 142.7 0 50.8
      vertex 115.55 1.7 50.8
    endloop
  endfacet
  facet normal -0 0 1
    outer loop
      vertex 109.25 3.4 50.8
      vertex 111.265 3.17811 50.8
      vertex 111.25 3.4 50.8
    endloop
  endfacet
  facet normal 0 0 1
    outer loop
      vertex 109.235 3.17811 50.8
      vertex 111.265 3.17811 50.8
      vertex 109.25 3.4 50.8
    endloop
  endfacet
  facet normal 0 0 1
    outer loop
      vertex 111.265 3.17811 50.8
      vertex 109.235 3.17811 50.8
      vertex 111.308 2.96001 50.8
    endloop
  endfacet
  facet normal 0 0 1
    outer loop
      vertex 109.192 2.96001 50.8
      vertex 111.308 2.96001 50.8
      vertex 109.235 3.17811 50.8
    endloop
  endfacet
  facet normal 0 0 1
    outer loop
      vertex 111.308 2.96001 50.8
      vertex 109.192 2.96001 50.8
      vertex 111.379 2.74944 50.8
    endloop
  endfacet
  facet normal 0 0 1
    outer loop
      vertex 109.121 2.74944 50.8
      vertex 111.379 2.74944 50.8
      vertex 109.192 2.96001 50.8
    endloop
  endfacet
  facet normal 0 0 1
    outer loop
      vertex 111.379 2.74944 50.8
      vertex 109.121 2.74944 50.8
      vertex 111.478 2.55 50.8
    endloop
  endfacet
  facet normal 0 0 1
    outer loop
      vertex 109.022 2.55 50.8
      vertex 111.478 2.55 50.8
      vertex 109.121 2.74944 50.8
    endloop
  endfacet
  facet normal 0 0 1
    outer loop
      vertex 111.478 2.55 50.8
      vertex 109.022 2.55 50.8
      vertex 111.601 2.3651 50.8
    endloop
  endfacet
  facet normal 0 0 1
    outer loop
      vertex 108.899 2.3651 50.8
      vertex 111.601 2.3651 50.8
      vertex 109.022 2.55 50.8
    endloop
  endfacet
  facet normal 0 0 1
    outer loop
      vertex 111.601 2.3651 50.8
      vertex 108.899 2.3651 50.8
      vertex 111.748 2.19792 50.8
    endloop
  endfacet
  facet normal 0 0 1
    outer loop
      vertex 108.752 2.19792 50.8
      vertex 111.748 2.19792 50.8
      vertex 108.899 2.3651 50.8
    endloop
  endfacet
  facet normal 0 0 1
    outer loop
      vertex 111.748 2.19792 50.8
      vertex 108.752 2.19792 50.8
      vertex 111.915 2.0513 50.8
    endloop
  endfacet
  facet normal 0 0 1
    outer loop
      vertex 108.585 2.0513 50.8
      vertex 111.915 2.0513 50.8
      vertex 108.752 2.19792 50.8
    endloop
  endfacet
  facet normal 0 0 1
    outer loop
      vertex 111.915 2.0513 50.8
      vertex 108.585 2.0513 50.8
      vertex 112.1 1.92776 50.8
    endloop
  endfacet
  facet normal 0 0 1
    outer loop
      vertex 108.4 1.92776 50.8
      vertex 112.1 1.92776 50.8
      vertex 108.585 2.0513 50.8
    endloop
  endfacet
  facet normal 0 0 1
    outer loop
      vertex 112.1 1.92776 50.8
      vertex 108.4 1.92776 50.8
      vertex 112.299 1.8294 50.8
    endloop
  endfacet
  facet normal 0 0 1
    outer loop
      vertex 108.201 1.8294 50.8
      vertex 112.299 1.8294 50.8
      vertex 108.4 1.92776 50.8
    endloop
  endfacet
  facet normal 0 0 1
    outer loop
      vertex 112.299 1.8294 50.8
      vertex 108.201 1.8294 50.8
      vertex 112.51 1.75793 50.8
    endloop
  endfacet
  facet normal 0 0 1
    outer loop
      vertex 107.99 1.75793 50.8
      vertex 112.51 1.75793 50.8
      vertex 108.201 1.8294 50.8
    endloop
  endfacet
  facet normal 0 0 1
    outer loop
      vertex 112.51 1.75793 50.8
      vertex 107.99 1.75793 50.8
      vertex 112.728 1.71454 50.8
    endloop
  endfacet
  facet normal 0 0 1
    outer loop
      vertex 107.772 1.71454 50.8
      vertex 112.728 1.71454 50.8
      vertex 107.99 1.75793 50.8
    endloop
  endfacet
  facet normal 0 0 1
    outer loop
      vertex 112.728 1.71454 50.8
      vertex 107.772 1.71454 50.8
      vertex 112.95 1.7 50.8
    endloop
  endfacet
  facet normal 0 0 1
    outer loop
      vertex 107.55 1.7 50.8
      vertex 112.95 1.7 50.8
      vertex 107.772 1.71454 50.8
    endloop
  endfacet
  facet normal 0 0 1
    outer loop
      vertex 112.95 1.7 50.8
      vertex 107.55 1.7 50.8
      vertex 142.7 0 50.8
    endloop
  endfacet
  facet normal -0 0 1
    outer loop
      vertex 104.95 1.7 50.8
      vertex 142.7 0 50.8
      vertex 107.55 1.7 50.8
    endloop
  endfacet
  facet normal -0 0 1
    outer loop
      vertex 101.25 3.4 50.8
      vertex 103.265 3.17811 50.8
      vertex 103.25 3.4 50.8
    endloop
  endfacet
  facet normal 0 0 1
    outer loop
      vertex 101.235 3.17811 50.8
      vertex 103.265 3.17811 50.8
      vertex 101.25 3.4 50.8
    endloop
  endfacet
  facet normal 0 0 1
    outer loop
      vertex 103.265 3.17811 50.8
      vertex 101.235 3.17811 50.8
      vertex 103.308 2.96001 50.8
    endloop
  endfacet
  facet normal 0 0 1
    outer loop
      vertex 101.192 2.96001 50.8
      vertex 103.308 2.96001 50.8
      vertex 101.235 3.17811 50.8
    endloop
  endfacet
  facet normal 0 0 1
    outer loop
      vertex 103.308 2.96001 50.8
      vertex 101.192 2.96001 50.8
      vertex 103.379 2.74944 50.8
    endloop
  endfacet
  facet normal 0 0 1
    outer loop
      vertex 101.121 2.74944 50.8
      vertex 103.379 2.74944 50.8
      vertex 101.192 2.96001 50.8
    endloop
  endfacet
  facet normal 0 0 1
    outer loop
      vertex 103.379 2.74944 50.8
      vertex 101.121 2.74944 50.8
      vertex 103.478 2.55 50.8
    endloop
  endfacet
  facet normal 0 0 1
    outer loop
      vertex 101.022 2.55 50.8
      vertex 103.478 2.55 50.8
      vertex 101.121 2.74944 50.8
    endloop
  endfacet
  facet normal 0 0 1
    outer loop
      vertex 103.478 2.55 50.8
      vertex 101.022 2.55 50.8
      vertex 103.601 2.3651 50.8
    endloop
  endfacet
  facet normal 0 0 1
    outer loop
      vertex 100.899 2.3651 50.8
      vertex 103.601 2.3651 50.8
      vertex 101.022 2.55 50.8
    endloop
  endfacet
  facet normal 0 0 1
    outer loop
      vertex 103.601 2.3651 50.8
      vertex 100.899 2.3651 50.8
      vertex 103.748 2.19792 50.8
    endloop
  endfacet
  facet normal 0 0 1
    outer loop
      vertex 100.752 2.19792 50.8
      vertex 103.748 2.19792 50.8
      vertex 100.899 2.3651 50.8
    endloop
  endfacet
  facet normal 0 0 1
    outer loop
      vertex 103.748 2.19792 50.8
      vertex 100.752 2.19792 50.8
      vertex 103.915 2.0513 50.8
    endloop
  endfacet
  facet normal 0 0 1
    outer loop
      vertex 100.585 2.0513 50.8
      vertex 103.915 2.0513 50.8
      vertex 100.752 2.19792 50.8
    endloop
  endfacet
  facet normal 0 0 1
    outer loop
      vertex 103.915 2.0513 50.8
      vertex 100.585 2.0513 50.8
      vertex 104.1 1.92776 50.8
    endloop
  endfacet
  facet normal 0 0 1
    outer loop
      vertex 100.4 1.92776 50.8
      vertex 104.1 1.92776 50.8
      vertex 100.585 2.0513 50.8
    endloop
  endfacet
  facet normal 0 0 1
    outer loop
      vertex 104.1 1.92776 50.8
      vertex 100.4 1.92776 50.8
      vertex 104.299 1.8294 50.8
    endloop
  endfacet
  facet normal 0 0 1
    outer loop
      vertex 100.201 1.8294 50.8
      vertex 104.299 1.8294 50.8
      vertex 100.4 1.92776 50.8
    endloop
  endfacet
  facet normal 0 0 1
    outer loop
      vertex 104.299 1.8294 50.8
      vertex 100.201 1.8294 50.8
      vertex 104.51 1.75793 50.8
    endloop
  endfacet
  facet normal 0 0 1
    outer loop
      vertex 99.99 1.75793 50.8
      vertex 104.51 1.75793 50.8
      vertex 100.201 1.8294 50.8
    endloop
  endfacet
  facet normal 0 0 1
    outer loop
      vertex 104.51 1.75793 50.8
      vertex 99.99 1.75793 50.8
      vertex 104.728 1.71454 50.8
    endloop
  endfacet
  facet normal 0 0 1
    outer loop
      vertex 99.7719 1.71454 50.8
      vertex 104.728 1.71454 50.8
      vertex 99.99 1.75793 50.8
    endloop
  endfacet
  facet normal 0 0 1
    outer loop
      vertex 104.728 1.71454 50.8
      vertex 99.7719 1.71454 50.8
      vertex 104.95 1.7 50.8
    endloop
  endfacet
  facet normal 0 0 1
    outer loop
      vertex 99.55 1.7 50.8
      vertex 104.95 1.7 50.8
      vertex 99.7719 1.71454 50.8
    endloop
  endfacet
  facet normal 0 0 1
    outer loop
      vertex 104.95 1.7 50.8
      vertex 99.55 1.7 50.8
      vertex 142.7 0 50.8
    endloop
  endfacet
  facet normal -0 0 1
    outer loop
      vertex 96.95 1.7 50.8
      vertex 142.7 0 50.8
      vertex 99.55 1.7 50.8
    endloop
  endfacet
  facet normal -0 0 1
    outer loop
      vertex 93.25 3.4 50.8
      vertex 95.2645 3.17811 50.8
      vertex 95.25 3.4 50.8
    endloop
  endfacet
  facet normal 0 0 1
    outer loop
      vertex 93.2355 3.17811 50.8
      vertex 95.2645 3.17811 50.8
      vertex 93.25 3.4 50.8
    endloop
  endfacet
  facet normal 0 0 1
    outer loop
      vertex 95.2645 3.17811 50.8
      vertex 93.2355 3.17811 50.8
      vertex 95.3079 2.96001 50.8
    endloop
  endfacet
  facet normal 0 0 1
    outer loop
      vertex 93.1921 2.96001 50.8
      vertex 95.3079 2.96001 50.8
      vertex 93.2355 3.17811 50.8
    endloop
  endfacet
  facet normal 0 0 1
    outer loop
      vertex 95.3079 2.96001 50.8
      vertex 93.1921 2.96001 50.8
      vertex 95.3794 2.74944 50.8
    endloop
  endfacet
  facet normal 0 0 1
    outer loop
      vertex 93.1206 2.74944 50.8
      vertex 95.3794 2.74944 50.8
      vertex 93.1921 2.96001 50.8
    endloop
  endfacet
  facet normal 0 0 1
    outer loop
      vertex 95.3794 2.74944 50.8
      vertex 93.1206 2.74944 50.8
      vertex 95.4778 2.55 50.8
    endloop
  endfacet
  facet normal 0 0 1
    outer loop
      vertex 93.0222 2.55 50.8
      vertex 95.4778 2.55 50.8
      vertex 93.1206 2.74944 50.8
    endloop
  endfacet
  facet normal 0 0 1
    outer loop
      vertex 95.4778 2.55 50.8
      vertex 93.0222 2.55 50.8
      vertex 95.6013 2.3651 50.8
    endloop
  endfacet
  facet normal 0 0 1
    outer loop
      vertex 92.8987 2.3651 50.8
      vertex 95.6013 2.3651 50.8
      vertex 93.0222 2.55 50.8
    endloop
  endfacet
  facet normal 0 0 1
    outer loop
      vertex 95.6013 2.3651 50.8
      vertex 92.8987 2.3651 50.8
      vertex 95.7479 2.19792 50.8
    endloop
  endfacet
  facet normal 0 0 1
    outer loop
      vertex 92.7521 2.19792 50.8
      vertex 95.7479 2.19792 50.8
      vertex 92.8987 2.3651 50.8
    endloop
  endfacet
  facet normal 0 0 1
    outer loop
      vertex 95.7479 2.19792 50.8
      vertex 92.7521 2.19792 50.8
      vertex 95.9151 2.0513 50.8
    endloop
  endfacet
  facet normal 0 0 1
    outer loop
      vertex 92.5849 2.0513 50.8
      vertex 95.9151 2.0513 50.8
      vertex 92.7521 2.19792 50.8
    endloop
  endfacet
  facet normal 0 0 1
    outer loop
      vertex 95.9151 2.0513 50.8
      vertex 92.5849 2.0513 50.8
      vertex 96.1 1.92776 50.8
    endloop
  endfacet
  facet normal 0 0 1
    outer loop
      vertex 92.4 1.92776 50.8
      vertex 96.1 1.92776 50.8
      vertex 92.5849 2.0513 50.8
    endloop
  endfacet
  facet normal 0 0 1
    outer loop
      vertex 96.1 1.92776 50.8
      vertex 92.4 1.92776 50.8
      vertex 96.2994 1.8294 50.8
    endloop
  endfacet
  facet normal 0 0 1
    outer loop
      vertex 92.2006 1.8294 50.8
      vertex 96.2994 1.8294 50.8
      vertex 92.4 1.92776 50.8
    endloop
  endfacet
  facet normal 0 0 1
    outer loop
      vertex 96.2994 1.8294 50.8
      vertex 92.2006 1.8294 50.8
      vertex 96.51 1.75793 50.8
    endloop
  endfacet
  facet normal 0 0 1
    outer loop
      vertex 91.99 1.75793 50.8
      vertex 96.51 1.75793 50.8
      vertex 92.2006 1.8294 50.8
    endloop
  endfacet
  facet normal 0 0 1
    outer loop
      vertex 96.51 1.75793 50.8
      vertex 91.99 1.75793 50.8
      vertex 96.7281 1.71454 50.8
    endloop
  endfacet
  facet normal 0 0 1
    outer loop
      vertex 91.7719 1.71454 50.8
      vertex 96.7281 1.71454 50.8
      vertex 91.99 1.75793 50.8
    endloop
  endfacet
  facet normal 0 0 1
    outer loop
      vertex 96.7281 1.71454 50.8
      vertex 91.7719 1.71454 50.8
      vertex 96.95 1.7 50.8
    endloop
  endfacet
  facet normal 0 0 1
    outer loop
      vertex 91.55 1.7 50.8
      vertex 96.95 1.7 50.8
      vertex 91.7719 1.71454 50.8
    endloop
  endfacet
  facet normal 0 0 1
    outer loop
      vertex 96.95 1.7 50.8
      vertex 91.55 1.7 50.8
      vertex 142.7 0 50.8
    endloop
  endfacet
  facet normal -0 0 1
    outer loop
      vertex 88.95 1.7 50.8
      vertex 142.7 0 50.8
      vertex 91.55 1.7 50.8
    endloop
  endfacet
  facet normal -0 0 1
    outer loop
      vertex 85.25 3.4 50.8
      vertex 87.2645 3.17811 50.8
      vertex 87.25 3.4 50.8
    endloop
  endfacet
  facet normal 0 0 1
    outer loop
      vertex 85.2355 3.17811 50.8
      vertex 87.2645 3.17811 50.8
      vertex 85.25 3.4 50.8
    endloop
  endfacet
  facet normal 0 0 1
    outer loop
      vertex 87.2645 3.17811 50.8
      vertex 85.2355 3.17811 50.8
      vertex 87.3079 2.96001 50.8
    endloop
  endfacet
  facet normal 0 0 1
    outer loop
      vertex 85.1921 2.96001 50.8
      vertex 87.3079 2.96001 50.8
      vertex 85.2355 3.17811 50.8
    endloop
  endfacet
  facet normal 0 0 1
    outer loop
      vertex 87.3079 2.96001 50.8
      vertex 85.1921 2.96001 50.8
      vertex 87.3794 2.74944 50.8
    endloop
  endfacet
  facet normal 0 0 1
    outer loop
      vertex 85.1206 2.74944 50.8
      vertex 87.3794 2.74944 50.8
      vertex 85.1921 2.96001 50.8
    endloop
  endfacet
  facet normal 0 0 1
    outer loop
      vertex 87.3794 2.74944 50.8
      vertex 85.1206 2.74944 50.8
      vertex 87.4778 2.55 50.8
    endloop
  endfacet
  facet normal 0 0 1
    outer loop
      vertex 85.0222 2.55 50.8
      vertex 87.4778 2.55 50.8
      vertex 85.1206 2.74944 50.8
    endloop
  endfacet
  facet normal 0 0 1
    outer loop
      vertex 87.4778 2.55 50.8
      vertex 85.0222 2.55 50.8
      vertex 87.6013 2.3651 50.8
    endloop
  endfacet
  facet normal 0 0 1
    outer loop
      vertex 84.8987 2.3651 50.8
      vertex 87.6013 2.3651 50.8
      vertex 85.0222 2.55 50.8
    endloop
  endfacet
  facet normal 0 0 1
    outer loop
      vertex 87.6013 2.3651 50.8
      vertex 84.8987 2.3651 50.8
      vertex 87.7479 2.19792 50.8
    endloop
  endfacet
  facet normal 0 0 1
    outer loop
      vertex 84.7521 2.19792 50.8
      vertex 87.7479 2.19792 50.8
      vertex 84.8987 2.3651 50.8
    endloop
  endfacet
  facet normal 0 0 1
    outer loop
      vertex 87.7479 2.19792 50.8
      vertex 84.7521 2.19792 50.8
      vertex 87.9151 2.0513 50.8
    endloop
  endfacet
  facet normal 0 0 1
    outer loop
      vertex 84.5849 2.0513 50.8
      vertex 87.9151 2.0513 50.8
      vertex 84.7521 2.19792 50.8
    endloop
  endfacet
  facet normal 0 0 1
    outer loop
      vertex 87.9151 2.0513 50.8
      vertex 84.5849 2.0513 50.8
      vertex 88.1 1.92776 50.8
    endloop
  endfacet
  facet normal 0 0 1
    outer loop
      vertex 84.4 1.92776 50.8
      vertex 88.1 1.92776 50.8
      vertex 84.5849 2.0513 50.8
    endloop
  endfacet
  facet normal 0 0 1
    outer loop
      vertex 88.1 1.92776 50.8
      vertex 84.4 1.92776 50.8
      vertex 88.2994 1.8294 50.8
    endloop
  endfacet
  facet normal 0 0 1
    outer loop
      vertex 84.2006 1.8294 50.8
      vertex 88.2994 1.8294 50.8
      vertex 84.4 1.92776 50.8
    endloop
  endfacet
  facet normal 0 0 1
    outer loop
      vertex 88.2994 1.8294 50.8
      vertex 84.2006 1.8294 50.8
      vertex 88.51 1.75793 50.8
    endloop
  endfacet
  facet normal 0 0 1
    outer loop
      vertex 83.99 1.75793 50.8
      vertex 88.51 1.75793 50.8
      vertex 84.2006 1.8294 50.8
    endloop
  endfacet
  facet normal 0 0 1
    outer loop
      vertex 88.51 1.75793 50.8
      vertex 83.99 1.75793 50.8
      vertex 88.7281 1.71454 50.8
    endloop
  endfacet
  facet normal 0 0 1
    outer loop
      vertex 83.7719 1.71454 50.8
      vertex 88.7281 1.71454 50.8
      vertex 83.99 1.75793 50.8
    endloop
  endfacet
  facet normal 0 0 1
    outer loop
      vertex 88.7281 1.71454 50.8
      vertex 83.7719 1.71454 50.8
      vertex 88.95 1.7 50.8
    endloop
  endfacet
  facet normal 0 0 1
    outer loop
      vertex 83.55 1.7 50.8
      vertex 88.95 1.7 50.8
      vertex 83.7719 1.71454 50.8
    endloop
  endfacet
  facet normal 0 0 1
    outer loop
      vertex 88.95 1.7 50.8
      vertex 83.55 1.7 50.8
      vertex 142.7 0 50.8
    endloop
  endfacet
  facet normal -0 0 1
    outer loop
      vertex 80.95 1.7 50.8
      vertex 142.7 0 50.8
      vertex 83.55 1.7 50.8
    endloop
  endfacet
  facet normal -0 0 1
    outer loop
      vertex 77.25 3.4 50.8
      vertex 79.2645 3.17811 50.8
      vertex 79.25 3.4 50.8
    endloop
  endfacet
  facet normal 0 0 1
    outer loop
      vertex 77.2355 3.17811 50.8
      vertex 79.2645 3.17811 50.8
      vertex 77.25 3.4 50.8
    endloop
  endfacet
  facet normal 0 0 1
    outer loop
      vertex 79.2645 3.17811 50.8
      vertex 77.2355 3.17811 50.8
      vertex 79.3079 2.96001 50.8
    endloop
  endfacet
  facet normal 0 0 1
    outer loop
      vertex 77.1921 2.96001 50.8
      vertex 79.3079 2.96001 50.8
      vertex 77.2355 3.17811 50.8
    endloop
  endfacet
  facet normal 0 0 1
    outer loop
      vertex 79.3079 2.96001 50.8
      vertex 77.1921 2.96001 50.8
      vertex 79.3794 2.74944 50.8
    endloop
  endfacet
  facet normal 0 0 1
    outer loop
      vertex 77.1206 2.74944 50.8
      vertex 79.3794 2.74944 50.8
      vertex 77.1921 2.96001 50.8
    endloop
  endfacet
  facet normal 0 0 1
    outer loop
      vertex 79.3794 2.74944 50.8
      vertex 77.1206 2.74944 50.8
      vertex 79.4778 2.55 50.8
    endloop
  endfacet
  facet normal 0 0 1
    outer loop
      vertex 77.0222 2.55 50.8
      vertex 79.4778 2.55 50.8
      vertex 77.1206 2.74944 50.8
    endloop
  endfacet
  facet normal 0 0 1
    outer loop
      vertex 79.4778 2.55 50.8
      vertex 77.0222 2.55 50.8
      vertex 79.6013 2.3651 50.8
    endloop
  endfacet
  facet normal 0 0 1
    outer loop
      vertex 76.8987 2.3651 50.8
      vertex 79.6013 2.3651 50.8
      vertex 77.0222 2.55 50.8
    endloop
  endfacet
  facet normal 0 0 1
    outer loop
      vertex 79.6013 2.3651 50.8
      vertex 76.8987 2.3651 50.8
      vertex 79.7479 2.19792 50.8
    endloop
  endfacet
  facet normal 0 0 1
    outer loop
      vertex 76.7521 2.19792 50.8
      vertex 79.7479 2.19792 50.8
      vertex 76.8987 2.3651 50.8
    endloop
  endfacet
  facet normal 0 0 1
    outer loop
      vertex 79.7479 2.19792 50.8
      vertex 76.7521 2.19792 50.8
      vertex 79.9151 2.0513 50.8
    endloop
  endfacet
  facet normal 0 0 1
    outer loop
      vertex 76.5849 2.0513 50.8
      vertex 79.9151 2.0513 50.8
      vertex 76.7521 2.19792 50.8
    endloop
  endfacet
  facet normal 0 0 1
    outer loop
      vertex 79.9151 2.0513 50.8
      vertex 76.5849 2.0513 50.8
      vertex 80.1 1.92776 50.8
    endloop
  endfacet
  facet normal 0 0 1
    outer loop
      vertex 76.4 1.92776 50.8
      vertex 80.1 1.92776 50.8
      vertex 76.5849 2.0513 50.8
    endloop
  endfacet
  facet normal 0 0 1
    outer loop
      vertex 80.1 1.92776 50.8
      vertex 76.4 1.92776 50.8
      vertex 80.2994 1.8294 50.8
    endloop
  endfacet
  facet normal 0 0 1
    outer loop
      vertex 76.2006 1.8294 50.8
      vertex 80.2994 1.8294 50.8
      vertex 76.4 1.92776 50.8
    endloop
  endfacet
  facet normal 0 0 1
    outer loop
      vertex 80.2994 1.8294 50.8
      vertex 76.2006 1.8294 50.8
      vertex 80.51 1.75793 50.8
    endloop
  endfacet
  facet normal 0 0 1
    outer loop
      vertex 75.99 1.75793 50.8
      vertex 80.51 1.75793 50.8
      vertex 76.2006 1.8294 50.8
    endloop
  endfacet
  facet normal 0 0 1
    outer loop
      vertex 80.51 1.75793 50.8
      vertex 75.99 1.75793 50.8
      vertex 80.7281 1.71454 50.8
    endloop
  endfacet
  facet normal 0 0 1
    outer loop
      vertex 75.7719 1.71454 50.8
      vertex 80.7281 1.71454 50.8
      vertex 75.99 1.75793 50.8
    endloop
  endfacet
  facet normal 0 0 1
    outer loop
      vertex 80.7281 1.71454 50.8
      vertex 75.7719 1.71454 50.8
      vertex 80.95 1.7 50.8
    endloop
  endfacet
  facet normal 0 0 1
    outer loop
      vertex 75.55 1.7 50.8
      vertex 80.95 1.7 50.8
      vertex 75.7719 1.71454 50.8
    endloop
  endfacet
  facet normal 0 0 1
    outer loop
      vertex 80.95 1.7 50.8
      vertex 75.55 1.7 50.8
      vertex 142.7 0 50.8
    endloop
  endfacet
  facet normal -0 0 1
    outer loop
      vertex 72.95 1.7 50.8
      vertex 142.7 0 50.8
      vertex 75.55 1.7 50.8
    endloop
  endfacet
  facet normal -0 0 1
    outer loop
      vertex 69.25 3.4 50.8
      vertex 71.2645 3.17811 50.8
      vertex 71.25 3.4 50.8
    endloop
  endfacet
  facet normal 0 0 1
    outer loop
      vertex 69.2355 3.17811 50.8
      vertex 71.2645 3.17811 50.8
      vertex 69.25 3.4 50.8
    endloop
  endfacet
  facet normal 0 0 1
    outer loop
      vertex 71.2645 3.17811 50.8
      vertex 69.2355 3.17811 50.8
      vertex 71.3079 2.96001 50.8
    endloop
  endfacet
  facet normal 0 0 1
    outer loop
      vertex 69.1921 2.96001 50.8
      vertex 71.3079 2.96001 50.8
      vertex 69.2355 3.17811 50.8
    endloop
  endfacet
  facet normal 0 0 1
    outer loop
      vertex 71.3079 2.96001 50.8
      vertex 69.1921 2.96001 50.8
      vertex 71.3794 2.74944 50.8
    endloop
  endfacet
  facet normal 0 0 1
    outer loop
      vertex 69.1206 2.74944 50.8
      vertex 71.3794 2.74944 50.8
      vertex 69.1921 2.96001 50.8
    endloop
  endfacet
  facet normal 0 0 1
    outer loop
      vertex 71.3794 2.74944 50.8
      vertex 69.1206 2.74944 50.8
      vertex 71.4778 2.55 50.8
    endloop
  endfacet
  facet normal 0 0 1
    outer loop
      vertex 69.0222 2.55 50.8
      vertex 71.4778 2.55 50.8
      vertex 69.1206 2.74944 50.8
    endloop
  endfacet
  facet normal 0 0 1
    outer loop
      vertex 71.4778 2.55 50.8
      vertex 69.0222 2.55 50.8
      vertex 71.6013 2.3651 50.8
    endloop
  endfacet
  facet normal 0 0 1
    outer loop
      vertex 68.8987 2.3651 50.8
      vertex 71.6013 2.3651 50.8
      vertex 69.0222 2.55 50.8
    endloop
  endfacet
  facet normal 0 0 1
    outer loop
      vertex 71.6013 2.3651 50.8
      vertex 68.8987 2.3651 50.8
      vertex 71.7479 2.19792 50.8
    endloop
  endfacet
  facet normal 0 0 1
    outer loop
      vertex 68.7521 2.19792 50.8
      vertex 71.7479 2.19792 50.8
      vertex 68.8987 2.3651 50.8
    endloop
  endfacet
  facet normal 0 0 1
    outer loop
      vertex 71.7479 2.19792 50.8
      vertex 68.7521 2.19792 50.8
      vertex 71.9151 2.0513 50.8
    endloop
  endfacet
  facet normal 0 0 1
    outer loop
      vertex 68.5849 2.0513 50.8
      vertex 71.9151 2.0513 50.8
      vertex 68.7521 2.19792 50.8
    endloop
  endfacet
  facet normal 0 0 1
    outer loop
      vertex 71.9151 2.0513 50.8
      vertex 68.5849 2.0513 50.8
      vertex 72.1 1.92776 50.8
    endloop
  endfacet
  facet normal 0 0 1
    outer loop
      vertex 68.4 1.92776 50.8
      vertex 72.1 1.92776 50.8
      vertex 68.5849 2.0513 50.8
    endloop
  endfacet
  facet normal 0 0 1
    outer loop
      vertex 72.1 1.92776 50.8
      vertex 68.4 1.92776 50.8
      vertex 72.2994 1.8294 50.8
    endloop
  endfacet
  facet normal 0 0 1
    outer loop
      vertex 68.2006 1.8294 50.8
      vertex 72.2994 1.8294 50.8
      vertex 68.4 1.92776 50.8
    endloop
  endfacet
  facet normal 0 0 1
    outer loop
      vertex 72.2994 1.8294 50.8
      vertex 68.2006 1.8294 50.8
      vertex 72.51 1.75793 50.8
    endloop
  endfacet
  facet normal 0 0 1
    outer loop
      vertex 67.99 1.75793 50.8
      vertex 72.51 1.75793 50.8
      vertex 68.2006 1.8294 50.8
    endloop
  endfacet
  facet normal 0 0 1
    outer loop
      vertex 72.51 1.75793 50.8
      vertex 67.99 1.75793 50.8
      vertex 72.7281 1.71454 50.8
    endloop
  endfacet
  facet normal 0 0 1
    outer loop
      vertex 67.7719 1.71454 50.8
      vertex 72.7281 1.71454 50.8
      vertex 67.99 1.75793 50.8
    endloop
  endfacet
  facet normal 0 0 1
    outer loop
      vertex 72.7281 1.71454 50.8
      vertex 67.7719 1.71454 50.8
      vertex 72.95 1.7 50.8
    endloop
  endfacet
  facet normal 0 0 1
    outer loop
      vertex 67.55 1.7 50.8
      vertex 72.95 1.7 50.8
      vertex 67.7719 1.71454 50.8
    endloop
  endfacet
  facet normal 0 0 1
    outer loop
      vertex 21.8 0 50.8
      vertex 72.95 1.7 50.8
      vertex 67.55 1.7 50.8
    endloop
  endfacet
  facet normal 0 0 1
    outer loop
      vertex 21.8 0 50.8
      vertex 67.55 1.7 50.8
      vertex 64.95 1.7 50.8
    endloop
  endfacet
  facet normal -0 0 1
    outer loop
      vertex 61.25 3.4 50.8
      vertex 63.2645 3.17811 50.8
      vertex 63.25 3.4 50.8
    endloop
  endfacet
  facet normal 0 0 1
    outer loop
      vertex 61.2355 3.17811 50.8
      vertex 63.2645 3.17811 50.8
      vertex 61.25 3.4 50.8
    endloop
  endfacet
  facet normal 0 0 1
    outer loop
      vertex 63.2645 3.17811 50.8
      vertex 61.2355 3.17811 50.8
      vertex 63.3079 2.96001 50.8
    endloop
  endfacet
  facet normal 0 0 1
    outer loop
      vertex 61.1921 2.96001 50.8
      vertex 63.3079 2.96001 50.8
      vertex 61.2355 3.17811 50.8
    endloop
  endfacet
  facet normal 0 0 1
    outer loop
      vertex 63.3079 2.96001 50.8
      vertex 61.1921 2.96001 50.8
      vertex 63.3794 2.74944 50.8
    endloop
  endfacet
  facet normal 0 0 1
    outer loop
      vertex 61.1206 2.74944 50.8
      vertex 63.3794 2.74944 50.8
      vertex 61.1921 2.96001 50.8
    endloop
  endfacet
  facet normal 0 0 1
    outer loop
      vertex 63.3794 2.74944 50.8
      vertex 61.1206 2.74944 50.8
      vertex 63.4778 2.55 50.8
    endloop
  endfacet
  facet normal 0 0 1
    outer loop
      vertex 61.0222 2.55 50.8
      vertex 63.4778 2.55 50.8
      vertex 61.1206 2.74944 50.8
    endloop
  endfacet
  facet normal 0 0 1
    outer loop
      vertex 63.4778 2.55 50.8
      vertex 61.0222 2.55 50.8
      vertex 63.6013 2.3651 50.8
    endloop
  endfacet
  facet normal 0 0 1
    outer loop
      vertex 60.8987 2.3651 50.8
      vertex 63.6013 2.3651 50.8
      vertex 61.0222 2.55 50.8
    endloop
  endfacet
  facet normal 0 0 1
    outer loop
      vertex 63.6013 2.3651 50.8
      vertex 60.8987 2.3651 50.8
      vertex 63.7479 2.19792 50.8
    endloop
  endfacet
  facet normal 0 0 1
    outer loop
      vertex 60.7521 2.19792 50.8
      vertex 63.7479 2.19792 50.8
      vertex 60.8987 2.3651 50.8
    endloop
  endfacet
  facet normal 0 0 1
    outer loop
      vertex 63.7479 2.19792 50.8
      vertex 60.7521 2.19792 50.8
      vertex 63.9151 2.0513 50.8
    endloop
  endfacet
  facet normal 0 0 1
    outer loop
      vertex 60.5849 2.0513 50.8
      vertex 63.9151 2.0513 50.8
      vertex 60.7521 2.19792 50.8
    endloop
  endfacet
  facet normal 0 0 1
    outer loop
      vertex 63.9151 2.0513 50.8
      vertex 60.5849 2.0513 50.8
      vertex 64.1 1.92776 50.8
    endloop
  endfacet
  facet normal 0 0 1
    outer loop
      vertex 60.4 1.92776 50.8
      vertex 64.1 1.92776 50.8
      vertex 60.5849 2.0513 50.8
    endloop
  endfacet
  facet normal 0 0 1
    outer loop
      vertex 64.1 1.92776 50.8
      vertex 60.4 1.92776 50.8
      vertex 64.2994 1.8294 50.8
    endloop
  endfacet
  facet normal 0 0 1
    outer loop
      vertex 60.2006 1.8294 50.8
      vertex 64.2994 1.8294 50.8
      vertex 60.4 1.92776 50.8
    endloop
  endfacet
  facet normal 0 0 1
    outer loop
      vertex 64.2994 1.8294 50.8
      vertex 60.2006 1.8294 50.8
      vertex 64.51 1.75793 50.8
    endloop
  endfacet
  facet normal 0 0 1
    outer loop
      vertex 59.99 1.75793 50.8
      vertex 64.51 1.75793 50.8
      vertex 60.2006 1.8294 50.8
    endloop
  endfacet
  facet normal 0 0 1
    outer loop
      vertex 64.51 1.75793 50.8
      vertex 59.99 1.75793 50.8
      vertex 64.7281 1.71454 50.8
    endloop
  endfacet
  facet normal 0 0 1
    outer loop
      vertex 59.7719 1.71454 50.8
      vertex 64.7281 1.71454 50.8
      vertex 59.99 1.75793 50.8
    endloop
  endfacet
  facet normal 0 0 1
    outer loop
      vertex 64.7281 1.71454 50.8
      vertex 59.7719 1.71454 50.8
      vertex 64.95 1.7 50.8
    endloop
  endfacet
  facet normal 0 0 1
    outer loop
      vertex 59.55 1.7 50.8
      vertex 64.95 1.7 50.8
      vertex 59.7719 1.71454 50.8
    endloop
  endfacet
  facet normal 0 0 1
    outer loop
      vertex 21.8 0 50.8
      vertex 64.95 1.7 50.8
      vertex 59.55 1.7 50.8
    endloop
  endfacet
  facet normal 0 0 1
    outer loop
      vertex 21.8 0 50.8
      vertex 59.55 1.7 50.8
      vertex 56.95 1.7 50.8
    endloop
  endfacet
  facet normal -0 0 1
    outer loop
      vertex 53.25 3.4 50.8
      vertex 55.2645 3.17811 50.8
      vertex 55.25 3.4 50.8
    endloop
  endfacet
  facet normal 0 0 1
    outer loop
      vertex 53.2355 3.17811 50.8
      vertex 55.2645 3.17811 50.8
      vertex 53.25 3.4 50.8
    endloop
  endfacet
  facet normal 0 0 1
    outer loop
      vertex 55.2645 3.17811 50.8
      vertex 53.2355 3.17811 50.8
      vertex 55.3079 2.96001 50.8
    endloop
  endfacet
  facet normal 0 0 1
    outer loop
      vertex 53.1921 2.96001 50.8
      vertex 55.3079 2.96001 50.8
      vertex 53.2355 3.17811 50.8
    endloop
  endfacet
  facet normal 0 0 1
    outer loop
      vertex 55.3079 2.96001 50.8
      vertex 53.1921 2.96001 50.8
      vertex 55.3794 2.74944 50.8
    endloop
  endfacet
  facet normal 0 0 1
    outer loop
      vertex 53.1206 2.74944 50.8
      vertex 55.3794 2.74944 50.8
      vertex 53.1921 2.96001 50.8
    endloop
  endfacet
  facet normal 0 0 1
    outer loop
      vertex 55.3794 2.74944 50.8
      vertex 53.1206 2.74944 50.8
      vertex 55.4778 2.55 50.8
    endloop
  endfacet
  facet normal 0 0 1
    outer loop
      vertex 53.0222 2.55 50.8
      vertex 55.4778 2.55 50.8
      vertex 53.1206 2.74944 50.8
    endloop
  endfacet
  facet normal 0 0 1
    outer loop
      vertex 55.4778 2.55 50.8
      vertex 53.0222 2.55 50.8
      vertex 55.6013 2.3651 50.8
    endloop
  endfacet
  facet normal 0 0 1
    outer loop
      vertex 52.8987 2.3651 50.8
      vertex 55.6013 2.3651 50.8
      vertex 53.0222 2.55 50.8
    endloop
  endfacet
  facet normal 0 0 1
    outer loop
      vertex 55.6013 2.3651 50.8
      vertex 52.8987 2.3651 50.8
      vertex 55.7479 2.19792 50.8
    endloop
  endfacet
  facet normal 0 0 1
    outer loop
      vertex 52.7521 2.19792 50.8
      vertex 55.7479 2.19792 50.8
      vertex 52.8987 2.3651 50.8
    endloop
  endfacet
  facet normal 0 0 1
    outer loop
      vertex 55.7479 2.19792 50.8
      vertex 52.7521 2.19792 50.8
      vertex 55.9151 2.0513 50.8
    endloop
  endfacet
  facet normal 0 0 1
    outer loop
      vertex 52.5849 2.0513 50.8
      vertex 55.9151 2.0513 50.8
      vertex 52.7521 2.19792 50.8
    endloop
  endfacet
  facet normal 0 0 1
    outer loop
      vertex 55.9151 2.0513 50.8
      vertex 52.5849 2.0513 50.8
      vertex 56.1 1.92776 50.8
    endloop
  endfacet
  facet normal 0 0 1
    outer loop
      vertex 52.4 1.92776 50.8
      vertex 56.1 1.92776 50.8
      vertex 52.5849 2.0513 50.8
    endloop
  endfacet
  facet normal 0 0 1
    outer loop
      vertex 56.1 1.92776 50.8
      vertex 52.4 1.92776 50.8
      vertex 56.2994 1.8294 50.8
    endloop
  endfacet
  facet normal 0 0 1
    outer loop
      vertex 52.2006 1.8294 50.8
      vertex 56.2994 1.8294 50.8
      vertex 52.4 1.92776 50.8
    endloop
  endfacet
  facet normal 0 0 1
    outer loop
      vertex 56.2994 1.8294 50.8
      vertex 52.2006 1.8294 50.8
      vertex 56.51 1.75793 50.8
    endloop
  endfacet
  facet normal 0 0 1
    outer loop
      vertex 51.99 1.75793 50.8
      vertex 56.51 1.75793 50.8
      vertex 52.2006 1.8294 50.8
    endloop
  endfacet
  facet normal 0 0 1
    outer loop
      vertex 56.51 1.75793 50.8
      vertex 51.99 1.75793 50.8
      vertex 56.7281 1.71454 50.8
    endloop
  endfacet
  facet normal 0 0 1
    outer loop
      vertex 51.7719 1.71454 50.8
      vertex 56.7281 1.71454 50.8
      vertex 51.99 1.75793 50.8
    endloop
  endfacet
  facet normal 0 0 1
    outer loop
      vertex 56.7281 1.71454 50.8
      vertex 51.7719 1.71454 50.8
      vertex 56.95 1.7 50.8
    endloop
  endfacet
  facet normal 0 0 1
    outer loop
      vertex 51.55 1.7 50.8
      vertex 56.95 1.7 50.8
      vertex 51.7719 1.71454 50.8
    endloop
  endfacet
  facet normal 0 0 1
    outer loop
      vertex 21.8 0 50.8
      vertex 56.95 1.7 50.8
      vertex 51.55 1.7 50.8
    endloop
  endfacet
  facet normal 0 0 1
    outer loop
      vertex 21.8 0 50.8
      vertex 51.55 1.7 50.8
      vertex 48.95 1.7 50.8
    endloop
  endfacet
  facet normal -0 0 1
    outer loop
      vertex 45.25 3.4 50.8
      vertex 47.2645 3.17811 50.8
      vertex 47.25 3.4 50.8
    endloop
  endfacet
  facet normal 0 0 1
    outer loop
      vertex 45.2355 3.17811 50.8
      vertex 47.2645 3.17811 50.8
      vertex 45.25 3.4 50.8
    endloop
  endfacet
  facet normal 0 0 1
    outer loop
      vertex 47.2645 3.17811 50.8
      vertex 45.2355 3.17811 50.8
      vertex 47.3079 2.96001 50.8
    endloop
  endfacet
  facet normal 0 0 1
    outer loop
      vertex 45.1921 2.96001 50.8
      vertex 47.3079 2.96001 50.8
      vertex 45.2355 3.17811 50.8
    endloop
  endfacet
  facet normal 0 0 1
    outer loop
      vertex 47.3079 2.96001 50.8
      vertex 45.1921 2.96001 50.8
      vertex 47.3794 2.74944 50.8
    endloop
  endfacet
  facet normal 0 0 1
    outer loop
      vertex 45.1206 2.74944 50.8
      vertex 47.3794 2.74944 50.8
      vertex 45.1921 2.96001 50.8
    endloop
  endfacet
  facet normal 0 0 1
    outer loop
      vertex 47.3794 2.74944 50.8
      vertex 45.1206 2.74944 50.8
      vertex 47.4778 2.55 50.8
    endloop
  endfacet
  facet normal 0 0 1
    outer loop
      vertex 45.0222 2.55 50.8
      vertex 47.4778 2.55 50.8
      vertex 45.1206 2.74944 50.8
    endloop
  endfacet
  facet normal 0 0 1
    outer loop
      vertex 47.4778 2.55 50.8
      vertex 45.0222 2.55 50.8
      vertex 47.6013 2.3651 50.8
    endloop
  endfacet
  facet normal 0 0 1
    outer loop
      vertex 44.8987 2.3651 50.8
      vertex 47.6013 2.3651 50.8
      vertex 45.0222 2.55 50.8
    endloop
  endfacet
  facet normal 0 0 1
    outer loop
      vertex 47.6013 2.3651 50.8
      vertex 44.8987 2.3651 50.8
      vertex 47.7479 2.19792 50.8
    endloop
  endfacet
  facet normal 0 0 1
    outer loop
      vertex 44.7521 2.19792 50.8
      vertex 47.7479 2.19792 50.8
      vertex 44.8987 2.3651 50.8
    endloop
  endfacet
  facet normal 0 0 1
    outer loop
      vertex 47.7479 2.19792 50.8
      vertex 44.7521 2.19792 50.8
      vertex 47.9151 2.0513 50.8
    endloop
  endfacet
  facet normal 0 0 1
    outer loop
      vertex 44.5849 2.0513 50.8
      vertex 47.9151 2.0513 50.8
      vertex 44.7521 2.19792 50.8
    endloop
  endfacet
  facet normal 0 0 1
    outer loop
      vertex 47.9151 2.0513 50.8
      vertex 44.5849 2.0513 50.8
      vertex 48.1 1.92776 50.8
    endloop
  endfacet
  facet normal 0 0 1
    outer loop
      vertex 44.4 1.92776 50.8
      vertex 48.1 1.92776 50.8
      vertex 44.5849 2.0513 50.8
    endloop
  endfacet
  facet normal 0 0 1
    outer loop
      vertex 48.1 1.92776 50.8
      vertex 44.4 1.92776 50.8
      vertex 48.2994 1.8294 50.8
    endloop
  endfacet
  facet normal 0 0 1
    outer loop
      vertex 44.2006 1.8294 50.8
      vertex 48.2994 1.8294 50.8
      vertex 44.4 1.92776 50.8
    endloop
  endfacet
  facet normal 0 0 1
    outer loop
      vertex 48.2994 1.8294 50.8
      vertex 44.2006 1.8294 50.8
      vertex 48.51 1.75793 50.8
    endloop
  endfacet
  facet normal 0 0 1
    outer loop
      vertex 43.99 1.75793 50.8
      vertex 48.51 1.75793 50.8
      vertex 44.2006 1.8294 50.8
    endloop
  endfacet
  facet normal 0 0 1
    outer loop
      vertex 48.51 1.75793 50.8
      vertex 43.99 1.75793 50.8
      vertex 48.7281 1.71454 50.8
    endloop
  endfacet
  facet normal 0 0 1
    outer loop
      vertex 43.7719 1.71454 50.8
      vertex 48.7281 1.71454 50.8
      vertex 43.99 1.75793 50.8
    endloop
  endfacet
  facet normal 0 0 1
    outer loop
      vertex 48.7281 1.71454 50.8
      vertex 43.7719 1.71454 50.8
      vertex 48.95 1.7 50.8
    endloop
  endfacet
  facet normal 0 0 1
    outer loop
      vertex 43.55 1.7 50.8
      vertex 48.95 1.7 50.8
      vertex 43.7719 1.71454 50.8
    endloop
  endfacet
  facet normal 0 0 1
    outer loop
      vertex 21.8 0 50.8
      vertex 48.95 1.7 50.8
      vertex 43.55 1.7 50.8
    endloop
  endfacet
  facet normal 0 0 1
    outer loop
      vertex 21.8 0 50.8
      vertex 43.55 1.7 50.8
      vertex 40.95 1.7 50.8
    endloop
  endfacet
  facet normal -0 0 1
    outer loop
      vertex 37.25 3.4 50.8
      vertex 39.2645 3.17811 50.8
      vertex 39.25 3.4 50.8
    endloop
  endfacet
  facet normal 0 0 1
    outer loop
      vertex 37.2355 3.17811 50.8
      vertex 39.2645 3.17811 50.8
      vertex 37.25 3.4 50.8
    endloop
  endfacet
  facet normal 0 0 1
    outer loop
      vertex 39.2645 3.17811 50.8
      vertex 37.2355 3.17811 50.8
      vertex 39.3079 2.96001 50.8
    endloop
  endfacet
  facet normal 0 0 1
    outer loop
      vertex 37.1921 2.96001 50.8
      vertex 39.3079 2.96001 50.8
      vertex 37.2355 3.17811 50.8
    endloop
  endfacet
  facet normal 0 0 1
    outer loop
      vertex 39.3079 2.96001 50.8
      vertex 37.1921 2.96001 50.8
      vertex 39.3794 2.74944 50.8
    endloop
  endfacet
  facet normal 0 0 1
    outer loop
      vertex 37.1206 2.74944 50.8
      vertex 39.3794 2.74944 50.8
      vertex 37.1921 2.96001 50.8
    endloop
  endfacet
  facet normal 0 0 1
    outer loop
      vertex 39.3794 2.74944 50.8
      vertex 37.1206 2.74944 50.8
      vertex 39.4778 2.55 50.8
    endloop
  endfacet
  facet normal 0 0 1
    outer loop
      vertex 37.0222 2.55 50.8
      vertex 39.4778 2.55 50.8
      vertex 37.1206 2.74944 50.8
    endloop
  endfacet
  facet normal 0 0 1
    outer loop
      vertex 39.4778 2.55 50.8
      vertex 37.0222 2.55 50.8
      vertex 39.6013 2.3651 50.8
    endloop
  endfacet
  facet normal 0 0 1
    outer loop
      vertex 36.8987 2.3651 50.8
      vertex 39.6013 2.3651 50.8
      vertex 37.0222 2.55 50.8
    endloop
  endfacet
  facet normal 0 0 1
    outer loop
      vertex 39.6013 2.3651 50.8
      vertex 36.8987 2.3651 50.8
      vertex 39.7479 2.19792 50.8
    endloop
  endfacet
  facet normal 0 0 1
    outer loop
      vertex 36.7521 2.19792 50.8
      vertex 39.7479 2.19792 50.8
      vertex 36.8987 2.3651 50.8
    endloop
  endfacet
  facet normal 0 0 1
    outer loop
      vertex 39.7479 2.19792 50.8
      vertex 36.7521 2.19792 50.8
      vertex 39.9151 2.0513 50.8
    endloop
  endfacet
  facet normal 0 0 1
    outer loop
      vertex 36.5849 2.0513 50.8
      vertex 39.9151 2.0513 50.8
      vertex 36.7521 2.19792 50.8
    endloop
  endfacet
  facet normal 0 0 1
    outer loop
      vertex 39.9151 2.0513 50.8
      vertex 36.5849 2.0513 50.8
      vertex 40.1 1.92776 50.8
    endloop
  endfacet
  facet normal 0 0 1
    outer loop
      vertex 36.4 1.92776 50.8
      vertex 40.1 1.92776 50.8
      vertex 36.5849 2.0513 50.8
    endloop
  endfacet
  facet normal 0 0 1
    outer loop
      vertex 40.1 1.92776 50.8
      vertex 36.4 1.92776 50.8
      vertex 40.2994 1.8294 50.8
    endloop
  endfacet
  facet normal 0 0 1
    outer loop
      vertex 36.2006 1.8294 50.8
      vertex 40.2994 1.8294 50.8
      vertex 36.4 1.92776 50.8
    endloop
  endfacet
  facet normal 0 0 1
    outer loop
      vertex 40.2994 1.8294 50.8
      vertex 36.2006 1.8294 50.8
      vertex 40.51 1.75793 50.8
    endloop
  endfacet
  facet normal 0 0 1
    outer loop
      vertex 35.99 1.75793 50.8
      vertex 40.51 1.75793 50.8
      vertex 36.2006 1.8294 50.8
    endloop
  endfacet
  facet normal 0 0 1
    outer loop
      vertex 40.51 1.75793 50.8
      vertex 35.99 1.75793 50.8
      vertex 40.7281 1.71454 50.8
    endloop
  endfacet
  facet normal 0 0 1
    outer loop
      vertex 35.7719 1.71454 50.8
      vertex 40.7281 1.71454 50.8
      vertex 35.99 1.75793 50.8
    endloop
  endfacet
  facet normal 0 0 1
    outer loop
      vertex 40.7281 1.71454 50.8
      vertex 35.7719 1.71454 50.8
      vertex 40.95 1.7 50.8
    endloop
  endfacet
  facet normal 0 0 1
    outer loop
      vertex 35.55 1.7 50.8
      vertex 40.95 1.7 50.8
      vertex 35.7719 1.71454 50.8
    endloop
  endfacet
  facet normal 0 0 1
    outer loop
      vertex 40.95 1.7 50.8
      vertex 35.55 1.7 50.8
      vertex 21.8 0 50.8
    endloop
  endfacet
  facet normal 0 0 1
    outer loop
      vertex 21.8 0 50.8
      vertex 35.55 1.7 50.8
      vertex 32.95 1.7 50.8
    endloop
  endfacet
  facet normal 0 0 1
    outer loop
      vertex 21.8 5.3 50.8
      vertex 31.2645 3.17811 50.8
      vertex 31.25 3.4 50.8
    endloop
  endfacet
  facet normal 0 0 1
    outer loop
      vertex 21.8 0 50.8
      vertex 31.2645 3.17811 50.8
      vertex 21.8 5.3 50.8
    endloop
  endfacet
  facet normal 0 0 1
    outer loop
      vertex 31.2645 3.17811 50.8
      vertex 21.8 0 50.8
      vertex 31.3079 2.96001 50.8
    endloop
  endfacet
  facet normal 0 0 1
    outer loop
      vertex 31.3079 2.96001 50.8
      vertex 21.8 0 50.8
      vertex 31.3794 2.74944 50.8
    endloop
  endfacet
  facet normal 0 0 1
    outer loop
      vertex 31.3794 2.74944 50.8
      vertex 21.8 0 50.8
      vertex 31.4778 2.55 50.8
    endloop
  endfacet
  facet normal 0 0 1
    outer loop
      vertex 31.4778 2.55 50.8
      vertex 21.8 0 50.8
      vertex 31.6013 2.3651 50.8
    endloop
  endfacet
  facet normal 0 0 1
    outer loop
      vertex 31.6013 2.3651 50.8
      vertex 21.8 0 50.8
      vertex 31.7479 2.19792 50.8
    endloop
  endfacet
  facet normal 0 0 1
    outer loop
      vertex 31.7479 2.19792 50.8
      vertex 21.8 0 50.8
      vertex 31.9151 2.0513 50.8
    endloop
  endfacet
  facet normal 0 0 1
    outer loop
      vertex 31.9151 2.0513 50.8
      vertex 21.8 0 50.8
      vertex 32.1 1.92776 50.8
    endloop
  endfacet
  facet normal 0 0 1
    outer loop
      vertex 32.1 1.92776 50.8
      vertex 21.8 0 50.8
      vertex 32.2994 1.8294 50.8
    endloop
  endfacet
  facet normal 0 0 1
    outer loop
      vertex 72.95 1.7 50.8
      vertex 21.8 0 50.8
      vertex 142.7 0 50.8
    endloop
  endfacet
  facet normal 0 0 1
    outer loop
      vertex 32.7281 1.71454 50.8
      vertex 21.8 0 50.8
      vertex 32.95 1.7 50.8
    endloop
  endfacet
  facet normal 0 0 1
    outer loop
      vertex 32.51 1.75793 50.8
      vertex 21.8 0 50.8
      vertex 32.7281 1.71454 50.8
    endloop
  endfacet
  facet normal 0 0 1
    outer loop
      vertex 32.2994 1.8294 50.8
      vertex 21.8 0 50.8
      vertex 32.51 1.75793 50.8
    endloop
  endfacet
  facet normal 0 0 1
    outer loop
      vertex 157.15 94.4 50.8
      vertex 110.45 95.6 50.8
      vertex 110.45 94.4 50.8
    endloop
  endfacet
  facet normal 0 1 -0
    outer loop
      vertex 164.5 98 50.79
      vertex 0 98 50.8
      vertex 164.5 98 50.8
    endloop
  endfacet
  facet normal 0 1 0
    outer loop
      vertex 0 98 50.8
      vertex 164.5 98 50.79
      vertex 0 98 50.79
    endloop
  endfacet
  facet normal 0 0 -1
    outer loop
      vertex 1.92126 78.1797 26.4
      vertex 162.579 97 26.4
      vertex 162.579 78.1797 26.4
    endloop
  endfacet
  facet normal -0 0 -1
    outer loop
      vertex 162.579 97 26.4
      vertex 1.92126 78.1797 26.4
      vertex 1.92126 97 26.4
    endloop
  endfacet
  facet normal 0 -1 0
    outer loop
      vertex 158.3 0 50.79
      vertex 164.5 0 50.8
      vertex 158.3 0 50.8
    endloop
  endfacet
  facet normal 0 -1 -0
    outer loop
      vertex 164.5 0 50.8
      vertex 158.3 0 50.79
      vertex 164.5 0 50.79
    endloop
  endfacet
  facet normal 0 -1 0
    outer loop
      vertex 0 0 50.79
      vertex 6.2 0 50.8
      vertex 0 0 50.8
    endloop
  endfacet
  facet normal 0 -1 -0
    outer loop
      vertex 6.2 0 50.8
      vertex 0 0 50.79
      vertex 6.2 0 50.79
    endloop
  endfacet
  facet normal 0 -1 0
    outer loop
      vertex 21.8 0 50.79
      vertex 142.7 0 50.8
      vertex 21.8 0 50.8
    endloop
  endfacet
  facet normal 0 -1 -0
    outer loop
      vertex 142.7 0 50.8
      vertex 21.8 0 50.79
      vertex 142.7 0 50.79
    endloop
  endfacet
  facet normal 0 0.999161 -0.040966
    outer loop
      vertex 162.579 97 26.4
      vertex 0 98 50.79
      vertex 164.5 98 50.79
    endloop
  endfacet
  facet normal 0 0.999161 -0.040966
    outer loop
      vertex 0 98 50.79
      vertex 162.579 97 26.4
      vertex 1.92126 97 26.4
    endloop
  endfacet
  facet normal 0.996913 0 -0.0785186
    outer loop
      vertex 164.5 78.9 50.79
      vertex 162.579 97 26.4
      vertex 164.5 98 50.79
    endloop
  endfacet
  facet normal 0.996913 0 -0.0785186
    outer loop
      vertex 162.579 97 26.4
      vertex 164.5 78.9 50.79
      vertex 162.579 78.1797 26.4
    endloop
  endfacet
  facet normal -0.996913 0 -0.0785126
    outer loop
      vertex 0 0 50.79
      vertex 4 77.4 7.62939e-07
      vertex 4 0.5 7.62939e-07
    endloop
  endfacet
  facet normal -0.996913 0 -0.0785126
    outer loop
      vertex 4 77.4 7.62939e-07
      vertex 0 0 50.79
      vertex 0 78.9 50.79
    endloop
  endfacet
  facet normal 0 0 -1
    outer loop
      vertex 6.2 0.5 7.62939e-07
      vertex 4 0.5 7.62939e-07
      vertex 6.2 24.3 7.62939e-07
    endloop
  endfacet
  facet normal 0 0 -1
    outer loop
      vertex 48.65 28.5 7.62939e-07
      vertex 16.4701 63.5432 7.62939e-07
      vertex 16.5 64 7.62939e-07
    endloop
  endfacet
  facet normal 0 0 -1
    outer loop
      vertex 42.5624 26.4335 7.62939e-07
      vertex 16.3807 63.0941 7.62939e-07
      vertex 16.4701 63.5432 7.62939e-07
    endloop
  endfacet
  facet normal 0 0 -1
    outer loop
      vertex 42.5624 26.4335 7.62939e-07
      vertex 16.2336 62.6606 7.62939e-07
      vertex 16.3807 63.0941 7.62939e-07
    endloop
  endfacet
  facet normal 0 0 -1
    outer loop
      vertex 42.5624 26.4335 7.62939e-07
      vertex 16.0311 62.25 7.62939e-07
      vertex 16.2336 62.6606 7.62939e-07
    endloop
  endfacet
  facet normal 0 0 -1
    outer loop
      vertex 42.5624 26.4335 7.62939e-07
      vertex 15.7767 61.8693 7.62939e-07
      vertex 16.0311 62.25 7.62939e-07
    endloop
  endfacet
  facet normal 0 0 -1
    outer loop
      vertex 42.5624 26.4335 7.62939e-07
      vertex 15.4749 61.5251 7.62939e-07
      vertex 15.7767 61.8693 7.62939e-07
    endloop
  endfacet
  facet normal 0 0 -1
    outer loop
      vertex 21.8 24.3 7.62939e-07
      vertex 15.1307 61.2233 7.62939e-07
      vertex 15.4749 61.5251 7.62939e-07
    endloop
  endfacet
  facet normal 0 0 -1
    outer loop
      vertex 21.8 24.3 7.62939e-07
      vertex 14.75 60.9689 7.62939e-07
      vertex 15.1307 61.2233 7.62939e-07
    endloop
  endfacet
  facet normal 0 0 -1
    outer loop
      vertex 21.8 24.3 7.62939e-07
      vertex 14.3394 60.7664 7.62939e-07
      vertex 14.75 60.9689 7.62939e-07
    endloop
  endfacet
  facet normal 0 0 -1
    outer loop
      vertex 21.8 24.3 7.62939e-07
      vertex 13.9059 60.6193 7.62939e-07
      vertex 14.3394 60.7664 7.62939e-07
    endloop
  endfacet
  facet normal 0 0 -1
    outer loop
      vertex 21.8 24.3 7.62939e-07
      vertex 13.4568 60.5299 7.62939e-07
      vertex 13.9059 60.6193 7.62939e-07
    endloop
  endfacet
  facet normal 0 0 -1
    outer loop
      vertex 21.8 24.3 7.62939e-07
      vertex 13 60.5 7.62939e-07
      vertex 13.4568 60.5299 7.62939e-07
    endloop
  endfacet
  facet normal 0 0 -1
    outer loop
      vertex 6.2 24.3 7.62939e-07
      vertex 13 60.5 7.62939e-07
      vertex 21.8 24.3 7.62939e-07
    endloop
  endfacet
  facet normal -0 0 -1
    outer loop
      vertex 13 60.5 7.62939e-07
      vertex 6.2 24.3 7.62939e-07
      vertex 12.5432 60.5299 7.62939e-07
    endloop
  endfacet
  facet normal -0 0 -1
    outer loop
      vertex 12.5432 60.5299 7.62939e-07
      vertex 6.2 24.3 7.62939e-07
      vertex 12.0941 60.6193 7.62939e-07
    endloop
  endfacet
  facet normal -0 0 -1
    outer loop
      vertex 12.0941 60.6193 7.62939e-07
      vertex 6.2 24.3 7.62939e-07
      vertex 11.6606 60.7664 7.62939e-07
    endloop
  endfacet
  facet normal -0 0 -1
    outer loop
      vertex 11.6606 60.7664 7.62939e-07
      vertex 6.2 24.3 7.62939e-07
      vertex 11.25 60.9689 7.62939e-07
    endloop
  endfacet
  facet normal -0 0 -1
    outer loop
      vertex 11.25 60.9689 7.62939e-07
      vertex 6.2 24.3 7.62939e-07
      vertex 10.8693 61.2233 7.62939e-07
    endloop
  endfacet
  facet normal -0 0 -1
    outer loop
      vertex 10.8693 61.2233 7.62939e-07
      vertex 6.2 24.3 7.62939e-07
      vertex 10.5251 61.5251 7.62939e-07
    endloop
  endfacet
  facet normal -0 0 -1
    outer loop
      vertex 10.5251 61.5251 7.62939e-07
      vertex 6.2 24.3 7.62939e-07
      vertex 10.2233 61.8693 7.62939e-07
    endloop
  endfacet
  facet normal -0 0 -1
    outer loop
      vertex 10.2233 61.8693 7.62939e-07
      vertex 6.2 24.3 7.62939e-07
      vertex 9.96891 62.25 7.62939e-07
    endloop
  endfacet
  facet normal -0 0 -1
    outer loop
      vertex 9.96891 62.25 7.62939e-07
      vertex 6.2 24.3 7.62939e-07
      vertex 9.76642 62.6606 7.62939e-07
    endloop
  endfacet
  facet normal 0 0 -1
    outer loop
      vertex 9.61926 63.0941 7.62939e-07
      vertex 4 77.4 7.62939e-07
      vertex 9.52994 63.5432 7.62939e-07
    endloop
  endfacet
  facet normal 0 0 -1
    outer loop
      vertex 4 77.4 7.62939e-07
      vertex 9.61926 63.0941 7.62939e-07
      vertex 6.2 24.3 7.62939e-07
    endloop
  endfacet
  facet normal -0 0 -1
    outer loop
      vertex 9.76642 62.6606 7.62939e-07
      vertex 6.2 24.3 7.62939e-07
      vertex 9.61926 63.0941 7.62939e-07
    endloop
  endfacet
  facet normal 0 0 -1
    outer loop
      vertex 58.5644 17.1947 7.62939e-07
      vertex 142.7 24.3 7.62939e-07
      vertex 142.7 0.5 7.62939e-07
    endloop
  endfacet
  facet normal 0 0 -1
    outer loop
      vertex 142.7 24.3 7.62939e-07
      vertex 58.5644 17.1947 7.62939e-07
      vertex 58.65 18.5 7.62939e-07
    endloop
  endfacet
  facet normal 0 0 -1
    outer loop
      vertex 142.7 0.5 7.62939e-07
      vertex 58.3093 15.9118 7.62939e-07
      vertex 58.5644 17.1947 7.62939e-07
    endloop
  endfacet
  facet normal 0 0 -1
    outer loop
      vertex 142.7 0.5 7.62939e-07
      vertex 57.8888 14.6732 7.62939e-07
      vertex 58.3093 15.9118 7.62939e-07
    endloop
  endfacet
  facet normal 0 0 -1
    outer loop
      vertex 142.7 0.5 7.62939e-07
      vertex 57.3103 13.5 7.62939e-07
      vertex 57.8888 14.6732 7.62939e-07
    endloop
  endfacet
  facet normal 0 0 -1
    outer loop
      vertex 142.7 0.5 7.62939e-07
      vertex 56.5835 12.4124 7.62939e-07
      vertex 57.3103 13.5 7.62939e-07
    endloop
  endfacet
  facet normal 0 0 -1
    outer loop
      vertex 142.7 0.5 7.62939e-07
      vertex 55.7211 11.4289 7.62939e-07
      vertex 56.5835 12.4124 7.62939e-07
    endloop
  endfacet
  facet normal 0 0 -1
    outer loop
      vertex 142.7 0.5 7.62939e-07
      vertex 54.7376 10.5665 7.62939e-07
      vertex 55.7211 11.4289 7.62939e-07
    endloop
  endfacet
  facet normal 0 0 -1
    outer loop
      vertex 142.7 0.5 7.62939e-07
      vertex 53.65 9.83975 7.62939e-07
      vertex 54.7376 10.5665 7.62939e-07
    endloop
  endfacet
  facet normal 0 0 -1
    outer loop
      vertex 142.7 0.5 7.62939e-07
      vertex 52.4768 9.2612 7.62939e-07
      vertex 53.65 9.83975 7.62939e-07
    endloop
  endfacet
  facet normal 0 0 -1
    outer loop
      vertex 142.7 0.5 7.62939e-07
      vertex 51.2382 8.84074 7.62939e-07
      vertex 52.4768 9.2612 7.62939e-07
    endloop
  endfacet
  facet normal 0 0 -1
    outer loop
      vertex 142.7 0.5 7.62939e-07
      vertex 49.9553 8.58555 7.62939e-07
      vertex 51.2382 8.84074 7.62939e-07
    endloop
  endfacet
  facet normal 0 0 -1
    outer loop
      vertex 21.8 0.5 7.62939e-07
      vertex 49.9553 8.58555 7.62939e-07
      vertex 142.7 0.5 7.62939e-07
    endloop
  endfacet
  facet normal 0 0 -1
    outer loop
      vertex 49.9553 8.58555 7.62939e-07
      vertex 21.8 0.5 7.62939e-07
      vertex 48.65 8.5 7.62939e-07
    endloop
  endfacet
  facet normal 0 0 -1
    outer loop
      vertex 38.9907 15.9118 7.62939e-07
      vertex 21.8 24.3 7.62939e-07
      vertex 38.7355 17.1947 7.62939e-07
    endloop
  endfacet
  facet normal 0 0 -1
    outer loop
      vertex 21.8 24.3 7.62939e-07
      vertex 38.9907 15.9118 7.62939e-07
      vertex 21.8 0.5 7.62939e-07
    endloop
  endfacet
  facet normal -0 0 -1
    outer loop
      vertex 39.4112 14.6732 7.62939e-07
      vertex 21.8 0.5 7.62939e-07
      vertex 38.9907 15.9118 7.62939e-07
    endloop
  endfacet
  facet normal -0 0 -1
    outer loop
      vertex 39.9897 13.5 7.62939e-07
      vertex 21.8 0.5 7.62939e-07
      vertex 39.4112 14.6732 7.62939e-07
    endloop
  endfacet
  facet normal -0 0 -1
    outer loop
      vertex 40.7165 12.4124 7.62939e-07
      vertex 21.8 0.5 7.62939e-07
      vertex 39.9897 13.5 7.62939e-07
    endloop
  endfacet
  facet normal -0 0 -1
    outer loop
      vertex 41.5789 11.4289 7.62939e-07
      vertex 21.8 0.5 7.62939e-07
      vertex 40.7165 12.4124 7.62939e-07
    endloop
  endfacet
  facet normal -0 0 -1
    outer loop
      vertex 42.5624 10.5665 7.62939e-07
      vertex 21.8 0.5 7.62939e-07
      vertex 41.5789 11.4289 7.62939e-07
    endloop
  endfacet
  facet normal -0 0 -1
    outer loop
      vertex 43.65 9.83975 7.62939e-07
      vertex 21.8 0.5 7.62939e-07
      vertex 42.5624 10.5665 7.62939e-07
    endloop
  endfacet
  facet normal -0 0 -1
    outer loop
      vertex 44.8232 9.2612 7.62939e-07
      vertex 21.8 0.5 7.62939e-07
      vertex 43.65 9.83975 7.62939e-07
    endloop
  endfacet
  facet normal -0 0 -1
    outer loop
      vertex 46.0618 8.84074 7.62939e-07
      vertex 21.8 0.5 7.62939e-07
      vertex 44.8232 9.2612 7.62939e-07
    endloop
  endfacet
  facet normal -0 0 -1
    outer loop
      vertex 47.3447 8.58555 7.62939e-07
      vertex 21.8 0.5 7.62939e-07
      vertex 46.0618 8.84074 7.62939e-07
    endloop
  endfacet
  facet normal -0 0 -1
    outer loop
      vertex 48.65 8.5 7.62939e-07
      vertex 21.8 0.5 7.62939e-07
      vertex 47.3447 8.58555 7.62939e-07
    endloop
  endfacet
  facet normal 0 0 -1
    outer loop
      vertex 160.5 77.4 7.62939e-07
      vertex 154.97 63.5432 7.62939e-07
      vertex 155 64 7.62939e-07
    endloop
  endfacet
  facet normal 0 0 -1
    outer loop
      vertex 160.5 77.4 7.62939e-07
      vertex 154.881 63.0941 7.62939e-07
      vertex 154.97 63.5432 7.62939e-07
    endloop
  endfacet
  facet normal 0 0 -1
    outer loop
      vertex 158.3 24.3 7.62939e-07
      vertex 154.734 62.6606 7.62939e-07
      vertex 154.881 63.0941 7.62939e-07
    endloop
  endfacet
  facet normal 0 0 -1
    outer loop
      vertex 158.3 24.3 7.62939e-07
      vertex 154.531 62.25 7.62939e-07
      vertex 154.734 62.6606 7.62939e-07
    endloop
  endfacet
  facet normal 0 0 -1
    outer loop
      vertex 158.3 24.3 7.62939e-07
      vertex 154.277 61.8693 7.62939e-07
      vertex 154.531 62.25 7.62939e-07
    endloop
  endfacet
  facet normal 0 0 -1
    outer loop
      vertex 158.3 24.3 7.62939e-07
      vertex 153.975 61.5251 7.62939e-07
      vertex 154.277 61.8693 7.62939e-07
    endloop
  endfacet
  facet normal 0 0 -1
    outer loop
      vertex 158.3 24.3 7.62939e-07
      vertex 153.631 61.2233 7.62939e-07
      vertex 153.975 61.5251 7.62939e-07
    endloop
  endfacet
  facet normal 0 0 -1
    outer loop
      vertex 158.3 24.3 7.62939e-07
      vertex 153.25 60.9689 7.62939e-07
      vertex 153.631 61.2233 7.62939e-07
    endloop
  endfacet
  facet normal 0 0 -1
    outer loop
      vertex 158.3 24.3 7.62939e-07
      vertex 152.839 60.7664 7.62939e-07
      vertex 153.25 60.9689 7.62939e-07
    endloop
  endfacet
  facet normal 0 0 -1
    outer loop
      vertex 158.3 24.3 7.62939e-07
      vertex 152.406 60.6193 7.62939e-07
      vertex 152.839 60.7664 7.62939e-07
    endloop
  endfacet
  facet normal 0 0 -1
    outer loop
      vertex 158.3 24.3 7.62939e-07
      vertex 151.957 60.5299 7.62939e-07
      vertex 152.406 60.6193 7.62939e-07
    endloop
  endfacet
  facet normal 0 0 -1
    outer loop
      vertex 158.3 24.3 7.62939e-07
      vertex 151.5 60.5 7.62939e-07
      vertex 151.957 60.5299 7.62939e-07
    endloop
  endfacet
  facet normal 0 0 -1
    outer loop
      vertex 142.7 24.3 7.62939e-07
      vertex 151.5 60.5 7.62939e-07
      vertex 158.3 24.3 7.62939e-07
    endloop
  endfacet
  facet normal -0 0 -1
    outer loop
      vertex 151.5 60.5 7.62939e-07
      vertex 142.7 24.3 7.62939e-07
      vertex 151.043 60.5299 7.62939e-07
    endloop
  endfacet
  facet normal -0 0 -1
    outer loop
      vertex 151.043 60.5299 7.62939e-07
      vertex 142.7 24.3 7.62939e-07
      vertex 150.594 60.6193 7.62939e-07
    endloop
  endfacet
  facet normal -0 0 -1
    outer loop
      vertex 150.594 60.6193 7.62939e-07
      vertex 142.7 24.3 7.62939e-07
      vertex 150.161 60.7664 7.62939e-07
    endloop
  endfacet
  facet normal -0 0 -1
    outer loop
      vertex 150.161 60.7664 7.62939e-07
      vertex 142.7 24.3 7.62939e-07
      vertex 149.75 60.9689 7.62939e-07
    endloop
  endfacet
  facet normal -0 0 -1
    outer loop
      vertex 149.75 60.9689 7.62939e-07
      vertex 142.7 24.3 7.62939e-07
      vertex 149.369 61.2233 7.62939e-07
    endloop
  endfacet
  facet normal -0 0 -1
    outer loop
      vertex 149.369 61.2233 7.62939e-07
      vertex 142.7 24.3 7.62939e-07
      vertex 149.025 61.5251 7.62939e-07
    endloop
  endfacet
  facet normal -0 0 -1
    outer loop
      vertex 149.025 61.5251 7.62939e-07
      vertex 142.7 24.3 7.62939e-07
      vertex 148.723 61.8693 7.62939e-07
    endloop
  endfacet
  facet normal -0 0 -1
    outer loop
      vertex 148.723 61.8693 7.62939e-07
      vertex 142.7 24.3 7.62939e-07
      vertex 148.469 62.25 7.62939e-07
    endloop
  endfacet
  facet normal -0 0 -1
    outer loop
      vertex 148.469 62.25 7.62939e-07
      vertex 142.7 24.3 7.62939e-07
      vertex 148.266 62.6606 7.62939e-07
    endloop
  endfacet
  facet normal 0 0 -1
    outer loop
      vertex 56.5835 24.5876 7.62939e-07
      vertex 148.119 63.0941 7.62939e-07
      vertex 57.3103 23.5 7.62939e-07
    endloop
  endfacet
  facet normal 0 0 -1
    outer loop
      vertex 57.3103 23.5 7.62939e-07
      vertex 148.119 63.0941 7.62939e-07
      vertex 142.7 24.3 7.62939e-07
    endloop
  endfacet
  facet normal -0 0 -1
    outer loop
      vertex 148.266 62.6606 7.62939e-07
      vertex 142.7 24.3 7.62939e-07
      vertex 148.119 63.0941 7.62939e-07
    endloop
  endfacet
  facet normal 0 0 -1
    outer loop
      vertex 158.3 24.3 7.62939e-07
      vertex 160.5 0.5 7.62939e-07
      vertex 158.3 0.5 7.62939e-07
    endloop
  endfacet
  facet normal 0 0 -1
    outer loop
      vertex 160.5 0.5 7.62939e-07
      vertex 158.3 24.3 7.62939e-07
      vertex 160.5 77.4 7.62939e-07
    endloop
  endfacet
  facet normal 0 0 -1
    outer loop
      vertex 154.881 63.0941 7.62939e-07
      vertex 160.5 77.4 7.62939e-07
      vertex 158.3 24.3 7.62939e-07
    endloop
  endfacet
  facet normal 0 0 -1
    outer loop
      vertex 154.97 64.4568 7.62939e-07
      vertex 160.5 77.4 7.62939e-07
      vertex 155 64 7.62939e-07
    endloop
  endfacet
  facet normal 0 0 -1
    outer loop
      vertex 154.881 64.9059 7.62939e-07
      vertex 160.5 77.4 7.62939e-07
      vertex 154.97 64.4568 7.62939e-07
    endloop
  endfacet
  facet normal 0 0 -1
    outer loop
      vertex 154.734 65.3394 7.62939e-07
      vertex 160.5 77.4 7.62939e-07
      vertex 154.881 64.9059 7.62939e-07
    endloop
  endfacet
  facet normal 0 0 -1
    outer loop
      vertex 154.531 65.75 7.62939e-07
      vertex 160.5 77.4 7.62939e-07
      vertex 154.734 65.3394 7.62939e-07
    endloop
  endfacet
  facet normal 0 0 -1
    outer loop
      vertex 154.277 66.1307 7.62939e-07
      vertex 160.5 77.4 7.62939e-07
      vertex 154.531 65.75 7.62939e-07
    endloop
  endfacet
  facet normal 0 0 -1
    outer loop
      vertex 153.975 66.4749 7.62939e-07
      vertex 160.5 77.4 7.62939e-07
      vertex 154.277 66.1307 7.62939e-07
    endloop
  endfacet
  facet normal 0 0 -1
    outer loop
      vertex 153.631 66.7767 7.62939e-07
      vertex 160.5 77.4 7.62939e-07
      vertex 153.975 66.4749 7.62939e-07
    endloop
  endfacet
  facet normal 0 0 -1
    outer loop
      vertex 153.25 67.0311 7.62939e-07
      vertex 160.5 77.4 7.62939e-07
      vertex 153.631 66.7767 7.62939e-07
    endloop
  endfacet
  facet normal 0 0 -1
    outer loop
      vertex 152.839 67.2336 7.62939e-07
      vertex 160.5 77.4 7.62939e-07
      vertex 153.25 67.0311 7.62939e-07
    endloop
  endfacet
  facet normal 0 0 -1
    outer loop
      vertex 152.406 67.3807 7.62939e-07
      vertex 160.5 77.4 7.62939e-07
      vertex 152.839 67.2336 7.62939e-07
    endloop
  endfacet
  facet normal 0 0 -1
    outer loop
      vertex 151.957 67.4701 7.62939e-07
      vertex 160.5 77.4 7.62939e-07
      vertex 152.406 67.3807 7.62939e-07
    endloop
  endfacet
  facet normal 0 0 -1
    outer loop
      vertex 151.5 67.5 7.62939e-07
      vertex 160.5 77.4 7.62939e-07
      vertex 151.957 67.4701 7.62939e-07
    endloop
  endfacet
  facet normal 0 0 -1
    outer loop
      vertex 151.043 67.4701 7.62939e-07
      vertex 160.5 77.4 7.62939e-07
      vertex 151.5 67.5 7.62939e-07
    endloop
  endfacet
  facet normal 0 0 -1
    outer loop
      vertex 150.594 67.3807 7.62939e-07
      vertex 160.5 77.4 7.62939e-07
      vertex 151.043 67.4701 7.62939e-07
    endloop
  endfacet
  facet normal 0 0 -1
    outer loop
      vertex 150.161 67.2336 7.62939e-07
      vertex 160.5 77.4 7.62939e-07
      vertex 150.594 67.3807 7.62939e-07
    endloop
  endfacet
  facet normal 0 0 -1
    outer loop
      vertex 149.75 67.0311 7.62939e-07
      vertex 160.5 77.4 7.62939e-07
      vertex 150.161 67.2336 7.62939e-07
    endloop
  endfacet
  facet normal 0 0 -1
    outer loop
      vertex 149.369 66.7767 7.62939e-07
      vertex 160.5 77.4 7.62939e-07
      vertex 149.75 67.0311 7.62939e-07
    endloop
  endfacet
  facet normal 0 0 -1
    outer loop
      vertex 15.1307 66.7767 7.62939e-07
      vertex 149.369 66.7767 7.62939e-07
      vertex 149.025 66.4749 7.62939e-07
    endloop
  endfacet
  facet normal -0 0 -1
    outer loop
      vertex 148.119 63.0941 7.62939e-07
      vertex 56.5835 24.5876 7.62939e-07
      vertex 148.03 63.5432 7.62939e-07
    endloop
  endfacet
  facet normal 0 0 -1
    outer loop
      vertex 58.5644 19.8053 7.62939e-07
      vertex 142.7 24.3 7.62939e-07
      vertex 58.65 18.5 7.62939e-07
    endloop
  endfacet
  facet normal 0 0 -1
    outer loop
      vertex 58.3093 21.0882 7.62939e-07
      vertex 142.7 24.3 7.62939e-07
      vertex 58.5644 19.8053 7.62939e-07
    endloop
  endfacet
  facet normal 0 0 -1
    outer loop
      vertex 57.8888 22.3268 7.62939e-07
      vertex 142.7 24.3 7.62939e-07
      vertex 58.3093 21.0882 7.62939e-07
    endloop
  endfacet
  facet normal 0 0 -1
    outer loop
      vertex 57.3103 23.5 7.62939e-07
      vertex 142.7 24.3 7.62939e-07
      vertex 57.8888 22.3268 7.62939e-07
    endloop
  endfacet
  facet normal 0 0 -1
    outer loop
      vertex 55.7211 25.5711 7.62939e-07
      vertex 148.03 63.5432 7.62939e-07
      vertex 56.5835 24.5876 7.62939e-07
    endloop
  endfacet
  facet normal -0 0 -1
    outer loop
      vertex 148.03 63.5432 7.62939e-07
      vertex 55.7211 25.5711 7.62939e-07
      vertex 148 64 7.62939e-07
    endloop
  endfacet
  facet normal -0 0 -1
    outer loop
      vertex 148 64 7.62939e-07
      vertex 55.7211 25.5711 7.62939e-07
      vertex 148.03 64.4568 7.62939e-07
    endloop
  endfacet
  facet normal 0 0 -1
    outer loop
      vertex 54.7376 26.4335 7.62939e-07
      vertex 148.03 64.4568 7.62939e-07
      vertex 55.7211 25.5711 7.62939e-07
    endloop
  endfacet
  facet normal -0 0 -1
    outer loop
      vertex 148.03 64.4568 7.62939e-07
      vertex 54.7376 26.4335 7.62939e-07
      vertex 148.119 64.9059 7.62939e-07
    endloop
  endfacet
  facet normal 0 0 -1
    outer loop
      vertex 53.65 27.1603 7.62939e-07
      vertex 148.119 64.9059 7.62939e-07
      vertex 54.7376 26.4335 7.62939e-07
    endloop
  endfacet
  facet normal -0 0 -1
    outer loop
      vertex 148.119 64.9059 7.62939e-07
      vertex 53.65 27.1603 7.62939e-07
      vertex 148.266 65.3394 7.62939e-07
    endloop
  endfacet
  facet normal 0 0 -1
    outer loop
      vertex 52.4768 27.7388 7.62939e-07
      vertex 148.266 65.3394 7.62939e-07
      vertex 53.65 27.1603 7.62939e-07
    endloop
  endfacet
  facet normal 0 0 -1
    outer loop
      vertex 16.2336 65.3394 7.62939e-07
      vertex 148.266 65.3394 7.62939e-07
      vertex 52.4768 27.7388 7.62939e-07
    endloop
  endfacet
  facet normal 0 0 -1
    outer loop
      vertex 148.266 65.3394 7.62939e-07
      vertex 16.2336 65.3394 7.62939e-07
      vertex 148.469 65.75 7.62939e-07
    endloop
  endfacet
  facet normal 0 0 -1
    outer loop
      vertex 16.0311 65.75 7.62939e-07
      vertex 148.469 65.75 7.62939e-07
      vertex 16.2336 65.3394 7.62939e-07
    endloop
  endfacet
  facet normal 0 0 -1
    outer loop
      vertex 148.469 65.75 7.62939e-07
      vertex 16.0311 65.75 7.62939e-07
      vertex 148.723 66.1307 7.62939e-07
    endloop
  endfacet
  facet normal 0 0 -1
    outer loop
      vertex 16.3807 64.9059 7.62939e-07
      vertex 52.4768 27.7388 7.62939e-07
      vertex 51.2382 28.1593 7.62939e-07
    endloop
  endfacet
  facet normal 0 0 -1
    outer loop
      vertex 16.4701 64.4568 7.62939e-07
      vertex 51.2382 28.1593 7.62939e-07
      vertex 49.9553 28.4144 7.62939e-07
    endloop
  endfacet
  facet normal 0 0 -1
    outer loop
      vertex 16.5 64 7.62939e-07
      vertex 49.9553 28.4144 7.62939e-07
      vertex 48.65 28.5 7.62939e-07
    endloop
  endfacet
  facet normal 0 0 -1
    outer loop
      vertex 16.4701 63.5432 7.62939e-07
      vertex 48.65 28.5 7.62939e-07
      vertex 47.3447 28.4144 7.62939e-07
    endloop
  endfacet
  facet normal 0 0 -1
    outer loop
      vertex 16.4701 63.5432 7.62939e-07
      vertex 47.3447 28.4144 7.62939e-07
      vertex 46.0618 28.1593 7.62939e-07
    endloop
  endfacet
  facet normal 0 0 -1
    outer loop
      vertex 16.4701 63.5432 7.62939e-07
      vertex 46.0618 28.1593 7.62939e-07
      vertex 44.8232 27.7388 7.62939e-07
    endloop
  endfacet
  facet normal 0 0 -1
    outer loop
      vertex 38.7355 17.1947 7.62939e-07
      vertex 21.8 24.3 7.62939e-07
      vertex 38.65 18.5 7.62939e-07
    endloop
  endfacet
  facet normal 0 0 -1
    outer loop
      vertex 38.65 18.5 7.62939e-07
      vertex 21.8 24.3 7.62939e-07
      vertex 38.7355 19.8053 7.62939e-07
    endloop
  endfacet
  facet normal 0 0 -1
    outer loop
      vertex 38.7355 19.8053 7.62939e-07
      vertex 21.8 24.3 7.62939e-07
      vertex 38.9907 21.0882 7.62939e-07
    endloop
  endfacet
  facet normal 0 0 -1
    outer loop
      vertex 38.9907 21.0882 7.62939e-07
      vertex 21.8 24.3 7.62939e-07
      vertex 39.4112 22.3268 7.62939e-07
    endloop
  endfacet
  facet normal 0 0 -1
    outer loop
      vertex 39.4112 22.3268 7.62939e-07
      vertex 21.8 24.3 7.62939e-07
      vertex 39.9897 23.5 7.62939e-07
    endloop
  endfacet
  facet normal 0 0 -1
    outer loop
      vertex 39.9897 23.5 7.62939e-07
      vertex 21.8 24.3 7.62939e-07
      vertex 40.7165 24.5876 7.62939e-07
    endloop
  endfacet
  facet normal 0 0 -1
    outer loop
      vertex 21.8 24.3 7.62939e-07
      vertex 41.5789 25.5711 7.62939e-07
      vertex 40.7165 24.5876 7.62939e-07
    endloop
  endfacet
  facet normal 0 0 -1
    outer loop
      vertex 21.8 24.3 7.62939e-07
      vertex 42.5624 26.4335 7.62939e-07
      vertex 41.5789 25.5711 7.62939e-07
    endloop
  endfacet
  facet normal 0 0 -1
    outer loop
      vertex 15.4749 61.5251 7.62939e-07
      vertex 42.5624 26.4335 7.62939e-07
      vertex 21.8 24.3 7.62939e-07
    endloop
  endfacet
  facet normal 0 0 -1
    outer loop
      vertex 16.4701 63.5432 7.62939e-07
      vertex 43.65 27.1603 7.62939e-07
      vertex 42.5624 26.4335 7.62939e-07
    endloop
  endfacet
  facet normal 0 0 -1
    outer loop
      vertex 16.4701 63.5432 7.62939e-07
      vertex 44.8232 27.7388 7.62939e-07
      vertex 43.65 27.1603 7.62939e-07
    endloop
  endfacet
  facet normal 0 0 -1
    outer loop
      vertex 49.9553 28.4144 7.62939e-07
      vertex 16.5 64 7.62939e-07
      vertex 16.4701 64.4568 7.62939e-07
    endloop
  endfacet
  facet normal 0 0 -1
    outer loop
      vertex 51.2382 28.1593 7.62939e-07
      vertex 16.4701 64.4568 7.62939e-07
      vertex 16.3807 64.9059 7.62939e-07
    endloop
  endfacet
  facet normal 0 0 -1
    outer loop
      vertex 52.4768 27.7388 7.62939e-07
      vertex 16.3807 64.9059 7.62939e-07
      vertex 16.2336 65.3394 7.62939e-07
    endloop
  endfacet
  facet normal 0 0 -1
    outer loop
      vertex 15.7767 66.1307 7.62939e-07
      vertex 148.723 66.1307 7.62939e-07
      vertex 16.0311 65.75 7.62939e-07
    endloop
  endfacet
  facet normal 0 0 -1
    outer loop
      vertex 148.723 66.1307 7.62939e-07
      vertex 15.7767 66.1307 7.62939e-07
      vertex 149.025 66.4749 7.62939e-07
    endloop
  endfacet
  facet normal 0 0 -1
    outer loop
      vertex 15.4749 66.4749 7.62939e-07
      vertex 149.025 66.4749 7.62939e-07
      vertex 15.7767 66.1307 7.62939e-07
    endloop
  endfacet
  facet normal 0 0 -1
    outer loop
      vertex 15.1307 66.7767 7.62939e-07
      vertex 149.025 66.4749 7.62939e-07
      vertex 15.4749 66.4749 7.62939e-07
    endloop
  endfacet
  facet normal 0 0 -1
    outer loop
      vertex 149.369 66.7767 7.62939e-07
      vertex 15.1307 66.7767 7.62939e-07
      vertex 160.5 77.4 7.62939e-07
    endloop
  endfacet
  facet normal 0 0 -1
    outer loop
      vertex 4 77.4 7.62939e-07
      vertex 15.1307 66.7767 7.62939e-07
      vertex 14.75 67.0311 7.62939e-07
    endloop
  endfacet
  facet normal 0 0 -1
    outer loop
      vertex 4 77.4 7.62939e-07
      vertex 14.75 67.0311 7.62939e-07
      vertex 14.3394 67.2336 7.62939e-07
    endloop
  endfacet
  facet normal 0 0 -1
    outer loop
      vertex 4 77.4 7.62939e-07
      vertex 14.3394 67.2336 7.62939e-07
      vertex 13.9059 67.3807 7.62939e-07
    endloop
  endfacet
  facet normal 0 0 -1
    outer loop
      vertex 4 77.4 7.62939e-07
      vertex 13.9059 67.3807 7.62939e-07
      vertex 13.4568 67.4701 7.62939e-07
    endloop
  endfacet
  facet normal 0 0 -1
    outer loop
      vertex 4 77.4 7.62939e-07
      vertex 13.4568 67.4701 7.62939e-07
      vertex 13 67.5 7.62939e-07
    endloop
  endfacet
  facet normal 0 0 -1
    outer loop
      vertex 4 77.4 7.62939e-07
      vertex 13 67.5 7.62939e-07
      vertex 12.5432 67.4701 7.62939e-07
    endloop
  endfacet
  facet normal 0 0 -1
    outer loop
      vertex 9.52994 63.5432 7.62939e-07
      vertex 4 77.4 7.62939e-07
      vertex 9.5 64 7.62939e-07
    endloop
  endfacet
  facet normal 0 0 -1
    outer loop
      vertex 4 77.4 7.62939e-07
      vertex 6.2 24.3 7.62939e-07
      vertex 4 0.5 7.62939e-07
    endloop
  endfacet
  facet normal 0 0 -1
    outer loop
      vertex 15.1307 66.7767 7.62939e-07
      vertex 4 77.4 7.62939e-07
      vertex 160.5 77.4 7.62939e-07
    endloop
  endfacet
  facet normal 0 0 -1
    outer loop
      vertex 12.0941 67.3807 7.62939e-07
      vertex 4 77.4 7.62939e-07
      vertex 12.5432 67.4701 7.62939e-07
    endloop
  endfacet
  facet normal 0 0 -1
    outer loop
      vertex 11.6606 67.2336 7.62939e-07
      vertex 4 77.4 7.62939e-07
      vertex 12.0941 67.3807 7.62939e-07
    endloop
  endfacet
  facet normal 0 0 -1
    outer loop
      vertex 11.25 67.0311 7.62939e-07
      vertex 4 77.4 7.62939e-07
      vertex 11.6606 67.2336 7.62939e-07
    endloop
  endfacet
  facet normal 0 0 -1
    outer loop
      vertex 10.8693 66.7767 7.62939e-07
      vertex 4 77.4 7.62939e-07
      vertex 11.25 67.0311 7.62939e-07
    endloop
  endfacet
  facet normal 0 0 -1
    outer loop
      vertex 10.5251 66.4749 7.62939e-07
      vertex 4 77.4 7.62939e-07
      vertex 10.8693 66.7767 7.62939e-07
    endloop
  endfacet
  facet normal 0 0 -1
    outer loop
      vertex 10.2233 66.1307 7.62939e-07
      vertex 4 77.4 7.62939e-07
      vertex 10.5251 66.4749 7.62939e-07
    endloop
  endfacet
  facet normal 0 0 -1
    outer loop
      vertex 9.96891 65.75 7.62939e-07
      vertex 4 77.4 7.62939e-07
      vertex 10.2233 66.1307 7.62939e-07
    endloop
  endfacet
  facet normal 0 0 -1
    outer loop
      vertex 9.76642 65.3394 7.62939e-07
      vertex 4 77.4 7.62939e-07
      vertex 9.96891 65.75 7.62939e-07
    endloop
  endfacet
  facet normal 0 0 -1
    outer loop
      vertex 9.61926 64.9059 7.62939e-07
      vertex 4 77.4 7.62939e-07
      vertex 9.76642 65.3394 7.62939e-07
    endloop
  endfacet
  facet normal 0 0 -1
    outer loop
      vertex 9.52994 64.4568 7.62939e-07
      vertex 4 77.4 7.62939e-07
      vertex 9.61926 64.9059 7.62939e-07
    endloop
  endfacet
  facet normal 0 0 -1
    outer loop
      vertex 9.5 64 7.62939e-07
      vertex 4 77.4 7.62939e-07
      vertex 9.52994 64.4568 7.62939e-07
    endloop
  endfacet
  facet normal 0 -0.999952 -0.00984398
    outer loop
      vertex 4 0.5 7.62939e-07
      vertex 6.2 0 50.79
      vertex 0 0 50.79
    endloop
  endfacet
  facet normal 0 -0.999952 -0.00984398
    outer loop
      vertex 6.2 0 50.79
      vertex 4 0.5 7.62939e-07
      vertex 6.2 0.5 7.62939e-07
    endloop
  endfacet
  facet normal -0 -0.999952 -0.00984398
    outer loop
      vertex 160.5 0.5 7.62939e-07
      vertex 158.3 0 50.79
      vertex 158.3 0.5 7.62939e-07
    endloop
  endfacet
  facet normal 0 -0.999952 -0.00984398
    outer loop
      vertex 158.3 0 50.79
      vertex 160.5 0.5 7.62939e-07
      vertex 164.5 0 50.79
    endloop
  endfacet
  facet normal 0 -0.999952 -0.00984398
    outer loop
      vertex 21.8 0.5 7.62939e-07
      vertex 142.7 0 50.79
      vertex 21.8 0 50.79
    endloop
  endfacet
  facet normal 0 -0.999952 -0.00984398
    outer loop
      vertex 142.7 0 50.79
      vertex 21.8 0.5 7.62939e-07
      vertex 142.7 0.5 7.62939e-07
    endloop
  endfacet
  facet normal 0 0.999564 -0.0295212
    outer loop
      vertex 162.579 78.1797 26.4
      vertex 160.5 77.4 7.62939e-07
      vertex 1.92126 78.1797 26.4
    endloop
  endfacet
  facet normal 0.125866 0.991273 -0.0391883
    outer loop
      vertex 160.5 77.4 7.62939e-07
      vertex 162.579 78.1797 26.4
      vertex 164.5 78.9 50.79
    endloop
  endfacet
  facet normal -0.0462629 0.99838 -0.033129
    outer loop
      vertex 1.92126 78.1797 26.4
      vertex 4 77.4 7.62939e-07
      vertex 0 78.9 50.79
    endloop
  endfacet
  facet normal 0 0.999564 -0.0295212
    outer loop
      vertex 4 77.4 7.62939e-07
      vertex 1.92126 78.1797 26.4
      vertex 160.5 77.4 7.62939e-07
    endloop
  endfacet
  facet normal 0.996913 0 -0.0785126
    outer loop
      vertex 164.5 0 50.79
      vertex 160.5 77.4 7.62939e-07
      vertex 164.5 78.9 50.79
    endloop
  endfacet
  facet normal 0.996913 0 -0.0785126
    outer loop
      vertex 160.5 77.4 7.62939e-07
      vertex 164.5 0 50.79
      vertex 160.5 0.5 7.62939e-07
    endloop
  endfacet
  facet normal 0.997872 -0.0652086 0
    outer loop
      vertex 31.25 3.4 50.8
      vertex 31.2645 3.62189 29.0219
      vertex 31.2645 3.62189 50.8
    endloop
  endfacet
  facet normal 0.997872 -0.0652086 0
    outer loop
      vertex 31.2645 3.62189 29.0219
      vertex 31.25 3.4 50.8
      vertex 31.25 3.4 28.8
    endloop
  endfacet
  facet normal 0 -1 0
    outer loop
      vertex 32.95 5.1 30.5
      vertex 35.55 5.1 50.8
      vertex 32.95 5.1 50.8
    endloop
  endfacet
  facet normal 0 -1 -0
    outer loop
      vertex 35.55 5.1 50.8
      vertex 32.95 5.1 30.5
      vertex 35.55 5.1 30.5
    endloop
  endfacet
  facet normal 0.896789 -0.442459 0
    outer loop
      vertex 31.3794 4.05056 50.8
      vertex 31.4778 4.25 29.65
      vertex 31.4778 4.25 50.8
    endloop
  endfacet
  facet normal 0.896789 -0.442459 0
    outer loop
      vertex 31.4778 4.25 29.65
      vertex 31.3794 4.05056 50.8
      vertex 31.3794 4.05056 29.4506
    endloop
  endfacet
  facet normal 0.442386 0.896825 0
    outer loop
      vertex 32.2994 1.8294 50.8
      vertex 32.1 1.92776 27.3278
      vertex 32.1 1.92776 50.8
    endloop
  endfacet
  facet normal 0.442386 0.896825 0
    outer loop
      vertex 32.1 1.92776 27.3278
      vertex 32.2994 1.8294 50.8
      vertex 32.2994 1.8294 27.2294
    endloop
  endfacet
  facet normal -0.98077 -0.195165 -0
    outer loop
      vertex 37.2355 3.62189 50.8
      vertex 37.1921 3.83999 29.24
      vertex 37.2355 3.62189 29.0219
    endloop
  endfacet
  facet normal -0.98077 -0.195165 0
    outer loop
      vertex 37.1921 3.83999 29.24
      vertex 37.2355 3.62189 50.8
      vertex 37.1921 3.83999 50.8
    endloop
  endfacet
  facet normal -0.195122 0.980779 0
    outer loop
      vertex 35.99 1.75793 27.1579
      vertex 35.7719 1.71454 50.8
      vertex 35.99 1.75793 50.8
    endloop
  endfacet
  facet normal -0.195122 0.980779 0
    outer loop
      vertex 35.7719 1.71454 50.8
      vertex 35.99 1.75793 27.1579
      vertex 35.7719 1.71454 27.1145
    endloop
  endfacet
  facet normal -0.896789 -0.442459 -0
    outer loop
      vertex 37.1206 4.05056 50.8
      vertex 37.0222 4.25 29.65
      vertex 37.1206 4.05056 29.4506
    endloop
  endfacet
  facet normal -0.896789 -0.442459 0
    outer loop
      vertex 37.0222 4.25 29.65
      vertex 37.1206 4.05056 50.8
      vertex 37.0222 4.25 50.8
    endloop
  endfacet
  facet normal -0.321403 -0.946943 0
    outer loop
      vertex 35.99 5.04207 30.4421
      vertex 36.2006 4.97059 50.8
      vertex 35.99 5.04207 50.8
    endloop
  endfacet
  facet normal -0.321403 -0.946943 -0
    outer loop
      vertex 36.2006 4.97059 50.8
      vertex 35.99 5.04207 30.4421
      vertex 36.2006 4.97059 30.3706
    endloop
  endfacet
  facet normal 0.195122 0.980779 0
    outer loop
      vertex 32.7281 1.71454 50.8
      vertex 32.51 1.75793 27.1579
      vertex 32.51 1.75793 50.8
    endloop
  endfacet
  facet normal 0.195122 0.980779 0
    outer loop
      vertex 32.51 1.75793 27.1579
      vertex 32.7281 1.71454 50.8
      vertex 32.7281 1.71454 27.1145
    endloop
  endfacet
  facet normal 0.831552 -0.555447 0
    outer loop
      vertex 31.4778 4.25 50.8
      vertex 31.6013 4.43489 29.8349
      vertex 31.6013 4.43489 50.8
    endloop
  endfacet
  facet normal 0.831552 -0.555447 0
    outer loop
      vertex 31.6013 4.43489 29.8349
      vertex 31.4778 4.25 50.8
      vertex 31.4778 4.25 29.65
    endloop
  endfacet
  facet normal -0.659319 -0.751863 0
    outer loop
      vertex 36.5849 4.7487 30.1487
      vertex 36.7521 4.60208 50.8
      vertex 36.5849 4.7487 50.8
    endloop
  endfacet
  facet normal -0.659319 -0.751863 -0
    outer loop
      vertex 36.7521 4.60208 50.8
      vertex 36.5849 4.7487 30.1487
      vertex 36.7521 4.60208 30.0021
    endloop
  endfacet
  facet normal 0 1 -0
    outer loop
      vertex 35.55 1.7 27.1
      vertex 32.95 1.7 50.8
      vertex 35.55 1.7 50.8
    endloop
  endfacet
  facet normal 0 1 0
    outer loop
      vertex 32.95 1.7 50.8
      vertex 35.55 1.7 27.1
      vertex 32.95 1.7 27.1
    endloop
  endfacet
  facet normal -0.946901 -0.321525 -0
    outer loop
      vertex 37.1921 3.83999 50.8
      vertex 37.1206 4.05056 29.4506
      vertex 37.1921 3.83999 29.24
    endloop
  endfacet
  facet normal -0.946901 -0.321525 0
    outer loop
      vertex 37.1206 4.05056 29.4506
      vertex 37.1921 3.83999 50.8
      vertex 37.1206 4.05056 50.8
    endloop
  endfacet
  facet normal 0.321403 -0.946943 0
    outer loop
      vertex 32.2994 4.97059 50.8
      vertex 32.51 5.04207 30.4421
      vertex 32.51 5.04207 50.8
    endloop
  endfacet
  facet normal 0.321403 -0.946943 0
    outer loop
      vertex 32.51 5.04207 30.4421
      vertex 32.2994 4.97059 50.8
      vertex 32.2994 4.97059 30.3706
    endloop
  endfacet
  facet normal 0.946901 0.321525 0
    outer loop
      vertex 31.3794 2.74944 50.8
      vertex 31.3079 2.96001 28.36
      vertex 31.3079 2.96001 50.8
    endloop
  endfacet
  facet normal 0.946901 0.321525 0
    outer loop
      vertex 31.3079 2.96001 28.36
      vertex 31.3794 2.74944 50.8
      vertex 31.3794 2.74944 28.1494
    endloop
  endfacet
  facet normal 0.0653848 -0.99786 0
    outer loop
      vertex 32.7281 5.08546 50.8
      vertex 32.95 5.1 30.5
      vertex 32.95 5.1 50.8
    endloop
  endfacet
  facet normal 0.0653848 -0.99786 0
    outer loop
      vertex 32.95 5.1 30.5
      vertex 32.7281 5.08546 50.8
      vertex 32.7281 5.08546 30.4855
    endloop
  endfacet
  facet normal -0.659319 0.751863 0
    outer loop
      vertex 36.7521 2.19792 27.5979
      vertex 36.5849 2.0513 50.8
      vertex 36.7521 2.19792 50.8
    endloop
  endfacet
  facet normal -0.659319 0.751863 0
    outer loop
      vertex 36.5849 2.0513 50.8
      vertex 36.7521 2.19792 27.5979
      vertex 36.5849 2.0513 27.4513
    endloop
  endfacet
  facet normal -0.442386 0.896825 0
    outer loop
      vertex 36.4 1.92776 27.3278
      vertex 36.2006 1.8294 50.8
      vertex 36.4 1.92776 50.8
    endloop
  endfacet
  facet normal -0.442386 0.896825 0
    outer loop
      vertex 36.2006 1.8294 50.8
      vertex 36.4 1.92776 27.3278
      vertex 36.2006 1.8294 27.2294
    endloop
  endfacet
  facet normal -0.442349 -0.896843 0
    outer loop
      vertex 36.2006 4.97059 30.3706
      vertex 36.4 4.87224 50.8
      vertex 36.2006 4.97059 50.8
    endloop
  endfacet
  facet normal -0.442349 -0.896843 -0
    outer loop
      vertex 36.4 4.87224 50.8
      vertex 36.2006 4.97059 30.3706
      vertex 36.4 4.87224 30.2722
    endloop
  endfacet
  facet normal 0.0653848 0.99786 0
    outer loop
      vertex 32.95 1.7 50.8
      vertex 32.7281 1.71454 27.1145
      vertex 32.7281 1.71454 50.8
    endloop
  endfacet
  facet normal 0.0653848 0.99786 0
    outer loop
      vertex 32.7281 1.71454 27.1145
      vertex 32.95 1.7 50.8
      vertex 32.95 1.7 27.1
    endloop
  endfacet
  facet normal -0.831566 0.555426 0
    outer loop
      vertex 36.8987 2.3651 50.8
      vertex 37.0222 2.55 27.95
      vertex 36.8987 2.3651 27.7651
    endloop
  endfacet
  facet normal -0.831566 0.555426 0
    outer loop
      vertex 37.0222 2.55 27.95
      vertex 36.8987 2.3651 50.8
      vertex 37.0222 2.55 50.8
    endloop
  endfacet
  facet normal 0.195122 -0.980779 0
    outer loop
      vertex 32.51 5.04207 50.8
      vertex 32.7281 5.08546 30.4855
      vertex 32.7281 5.08546 50.8
    endloop
  endfacet
  facet normal 0.195122 -0.980779 0
    outer loop
      vertex 32.7281 5.08546 30.4855
      vertex 32.51 5.04207 50.8
      vertex 32.51 5.04207 30.4421
    endloop
  endfacet
  facet normal 0.831566 0.555426 0
    outer loop
      vertex 31.6013 2.3651 50.8
      vertex 31.4778 2.55 27.95
      vertex 31.4778 2.55 50.8
    endloop
  endfacet
  facet normal 0.831566 0.555426 0
    outer loop
      vertex 31.4778 2.55 27.95
      vertex 31.6013 2.3651 50.8
      vertex 31.6013 2.3651 27.7651
    endloop
  endfacet
  facet normal -0.997872 -0.0652086 -0
    outer loop
      vertex 37.25 3.4 50.8
      vertex 37.2355 3.62189 29.0219
      vertex 37.25 3.4 28.8
    endloop
  endfacet
  facet normal -0.997872 -0.0652086 0
    outer loop
      vertex 37.2355 3.62189 29.0219
      vertex 37.25 3.4 50.8
      vertex 37.2355 3.62189 50.8
    endloop
  endfacet
  facet normal -0.0653848 0.99786 0
    outer loop
      vertex 35.7719 1.71454 27.1145
      vertex 35.55 1.7 50.8
      vertex 35.7719 1.71454 50.8
    endloop
  endfacet
  facet normal -0.0653848 0.99786 0
    outer loop
      vertex 35.55 1.7 50.8
      vertex 35.7719 1.71454 27.1145
      vertex 35.55 1.7 27.1
    endloop
  endfacet
  facet normal -0.751869 0.659313 0
    outer loop
      vertex 36.7521 2.19792 50.8
      vertex 36.8987 2.3651 27.7651
      vertex 36.7521 2.19792 27.5979
    endloop
  endfacet
  facet normal -0.751869 0.659313 0
    outer loop
      vertex 36.8987 2.3651 27.7651
      vertex 36.7521 2.19792 50.8
      vertex 36.8987 2.3651 50.8
    endloop
  endfacet
  facet normal 0.896789 0.442459 0
    outer loop
      vertex 31.4778 2.55 50.8
      vertex 31.3794 2.74944 28.1494
      vertex 31.3794 2.74944 50.8
    endloop
  endfacet
  facet normal 0.896789 0.442459 0
    outer loop
      vertex 31.3794 2.74944 28.1494
      vertex 31.4778 2.55 50.8
      vertex 31.4778 2.55 27.95
    endloop
  endfacet
  facet normal 0.659319 -0.751863 0
    outer loop
      vertex 31.7479 4.60208 50.8
      vertex 31.9151 4.7487 30.1487
      vertex 31.9151 4.7487 50.8
    endloop
  endfacet
  facet normal 0.659319 -0.751863 0
    outer loop
      vertex 31.9151 4.7487 30.1487
      vertex 31.7479 4.60208 50.8
      vertex 31.7479 4.60208 30.0021
    endloop
  endfacet
  facet normal 0.997872 0.0652086 0
    outer loop
      vertex 31.2645 3.17811 50.8
      vertex 31.25 3.4 28.8
      vertex 31.25 3.4 50.8
    endloop
  endfacet
  facet normal 0.997872 0.0652086 0
    outer loop
      vertex 31.25 3.4 28.8
      vertex 31.2645 3.17811 50.8
      vertex 31.2645 3.17811 28.5781
    endloop
  endfacet
  facet normal 0.442349 -0.896843 0
    outer loop
      vertex 32.1 4.87224 50.8
      vertex 32.2994 4.97059 30.3706
      vertex 32.2994 4.97059 50.8
    endloop
  endfacet
  facet normal 0.442349 -0.896843 0
    outer loop
      vertex 32.2994 4.97059 30.3706
      vertex 32.1 4.87224 50.8
      vertex 32.1 4.87224 30.2722
    endloop
  endfacet
  facet normal 0.555551 -0.831483 0
    outer loop
      vertex 31.9151 4.7487 50.8
      vertex 32.1 4.87224 30.2722
      vertex 32.1 4.87224 50.8
    endloop
  endfacet
  facet normal 0.555551 -0.831483 0
    outer loop
      vertex 32.1 4.87224 30.2722
      vertex 31.9151 4.7487 50.8
      vertex 31.9151 4.7487 30.1487
    endloop
  endfacet
  facet normal -0.896789 0.442459 0
    outer loop
      vertex 37.0222 2.55 50.8
      vertex 37.1206 2.74944 28.1494
      vertex 37.0222 2.55 27.95
    endloop
  endfacet
  facet normal -0.896789 0.442459 0
    outer loop
      vertex 37.1206 2.74944 28.1494
      vertex 37.0222 2.55 50.8
      vertex 37.1206 2.74944 50.8
    endloop
  endfacet
  facet normal 0.751888 -0.659291 0
    outer loop
      vertex 31.6013 4.43489 50.8
      vertex 31.7479 4.60208 30.0021
      vertex 31.7479 4.60208 50.8
    endloop
  endfacet
  facet normal 0.751888 -0.659291 0
    outer loop
      vertex 31.7479 4.60208 30.0021
      vertex 31.6013 4.43489 50.8
      vertex 31.6013 4.43489 29.8349
    endloop
  endfacet
  facet normal -0.555551 -0.831483 0
    outer loop
      vertex 36.4 4.87224 30.2722
      vertex 36.5849 4.7487 50.8
      vertex 36.4 4.87224 50.8
    endloop
  endfacet
  facet normal -0.555551 -0.831483 -0
    outer loop
      vertex 36.5849 4.7487 50.8
      vertex 36.4 4.87224 30.2722
      vertex 36.5849 4.7487 30.1487
    endloop
  endfacet
  facet normal -0.98077 0.195165 0
    outer loop
      vertex 37.1921 2.96001 50.8
      vertex 37.2355 3.17811 28.5781
      vertex 37.1921 2.96001 28.36
    endloop
  endfacet
  facet normal -0.98077 0.195165 0
    outer loop
      vertex 37.2355 3.17811 28.5781
      vertex 37.1921 2.96001 50.8
      vertex 37.2355 3.17811 50.8
    endloop
  endfacet
  facet normal -0.997872 0.0652086 0
    outer loop
      vertex 37.2355 3.17811 50.8
      vertex 37.25 3.4 28.8
      vertex 37.2355 3.17811 28.5781
    endloop
  endfacet
  facet normal -0.997872 0.0652086 0
    outer loop
      vertex 37.25 3.4 28.8
      vertex 37.2355 3.17811 50.8
      vertex 37.25 3.4 50.8
    endloop
  endfacet
  facet normal 0.946901 -0.321525 0
    outer loop
      vertex 31.3079 3.83999 50.8
      vertex 31.3794 4.05056 29.4506
      vertex 31.3794 4.05056 50.8
    endloop
  endfacet
  facet normal 0.946901 -0.321525 0
    outer loop
      vertex 31.3794 4.05056 29.4506
      vertex 31.3079 3.83999 50.8
      vertex 31.3079 3.83999 29.24
    endloop
  endfacet
  facet normal 0.98077 -0.195165 0
    outer loop
      vertex 31.2645 3.62189 50.8
      vertex 31.3079 3.83999 29.24
      vertex 31.3079 3.83999 50.8
    endloop
  endfacet
  facet normal 0.98077 -0.195165 0
    outer loop
      vertex 31.3079 3.83999 29.24
      vertex 31.2645 3.62189 50.8
      vertex 31.2645 3.62189 29.0219
    endloop
  endfacet
  facet normal -0.195122 -0.980779 0
    outer loop
      vertex 35.7719 5.08546 30.4855
      vertex 35.99 5.04207 50.8
      vertex 35.7719 5.08546 50.8
    endloop
  endfacet
  facet normal -0.195122 -0.980779 -0
    outer loop
      vertex 35.99 5.04207 50.8
      vertex 35.7719 5.08546 30.4855
      vertex 35.99 5.04207 30.4421
    endloop
  endfacet
  facet normal -0.946901 0.321525 0
    outer loop
      vertex 37.1206 2.74944 50.8
      vertex 37.1921 2.96001 28.36
      vertex 37.1206 2.74944 28.1494
    endloop
  endfacet
  facet normal -0.946901 0.321525 0
    outer loop
      vertex 37.1921 2.96001 28.36
      vertex 37.1206 2.74944 50.8
      vertex 37.1921 2.96001 50.8
    endloop
  endfacet
  facet normal 0.659319 0.751863 0
    outer loop
      vertex 31.9151 2.0513 50.8
      vertex 31.7479 2.19792 27.5979
      vertex 31.7479 2.19792 50.8
    endloop
  endfacet
  facet normal 0.659319 0.751863 0
    outer loop
      vertex 31.7479 2.19792 27.5979
      vertex 31.9151 2.0513 50.8
      vertex 31.9151 2.0513 27.4513
    endloop
  endfacet
  facet normal -0.0653848 -0.99786 0
    outer loop
      vertex 35.55 5.1 30.5
      vertex 35.7719 5.08546 50.8
      vertex 35.55 5.1 50.8
    endloop
  endfacet
  facet normal -0.0653848 -0.99786 -0
    outer loop
      vertex 35.7719 5.08546 50.8
      vertex 35.55 5.1 30.5
      vertex 35.7719 5.08546 30.4855
    endloop
  endfacet
  facet normal 0.98077 0.195165 0
    outer loop
      vertex 31.3079 2.96001 50.8
      vertex 31.2645 3.17811 28.5781
      vertex 31.2645 3.17811 50.8
    endloop
  endfacet
  facet normal 0.98077 0.195165 0
    outer loop
      vertex 31.2645 3.17811 28.5781
      vertex 31.3079 2.96001 50.8
      vertex 31.3079 2.96001 28.36
    endloop
  endfacet
  facet normal 0.321363 0.946956 0
    outer loop
      vertex 32.51 1.75793 50.8
      vertex 32.2994 1.8294 27.2294
      vertex 32.2994 1.8294 50.8
    endloop
  endfacet
  facet normal 0.321363 0.946956 0
    outer loop
      vertex 32.2994 1.8294 27.2294
      vertex 32.51 1.75793 50.8
      vertex 32.51 1.75793 27.1579
    endloop
  endfacet
  facet normal -0.555551 0.831483 0
    outer loop
      vertex 36.5849 2.0513 27.4513
      vertex 36.4 1.92776 50.8
      vertex 36.5849 2.0513 50.8
    endloop
  endfacet
  facet normal -0.555551 0.831483 0
    outer loop
      vertex 36.4 1.92776 50.8
      vertex 36.5849 2.0513 27.4513
      vertex 36.4 1.92776 27.3278
    endloop
  endfacet
  facet normal 0.751869 0.659313 0
    outer loop
      vertex 31.7479 2.19792 50.8
      vertex 31.6013 2.3651 27.7651
      vertex 31.6013 2.3651 50.8
    endloop
  endfacet
  facet normal 0.751869 0.659313 0
    outer loop
      vertex 31.6013 2.3651 27.7651
      vertex 31.7479 2.19792 50.8
      vertex 31.7479 2.19792 27.5979
    endloop
  endfacet
  facet normal -0.831552 -0.555447 -0
    outer loop
      vertex 37.0222 4.25 50.8
      vertex 36.8987 4.43489 29.8349
      vertex 37.0222 4.25 29.65
    endloop
  endfacet
  facet normal -0.831552 -0.555447 0
    outer loop
      vertex 36.8987 4.43489 29.8349
      vertex 37.0222 4.25 50.8
      vertex 36.8987 4.43489 50.8
    endloop
  endfacet
  facet normal -0.751888 -0.659291 -0
    outer loop
      vertex 36.8987 4.43489 50.8
      vertex 36.7521 4.60208 30.0021
      vertex 36.8987 4.43489 29.8349
    endloop
  endfacet
  facet normal -0.751888 -0.659291 0
    outer loop
      vertex 36.7521 4.60208 30.0021
      vertex 36.8987 4.43489 50.8
      vertex 36.7521 4.60208 50.8
    endloop
  endfacet
  facet normal -0.321363 0.946956 0
    outer loop
      vertex 36.2006 1.8294 27.2294
      vertex 35.99 1.75793 50.8
      vertex 36.2006 1.8294 50.8
    endloop
  endfacet
  facet normal -0.321363 0.946956 0
    outer loop
      vertex 35.99 1.75793 50.8
      vertex 36.2006 1.8294 27.2294
      vertex 35.99 1.75793 27.1579
    endloop
  endfacet
  facet normal 0.555551 0.831483 0
    outer loop
      vertex 32.1 1.92776 50.8
      vertex 31.9151 2.0513 27.4513
      vertex 31.9151 2.0513 50.8
    endloop
  endfacet
  facet normal 0.555551 0.831483 0
    outer loop
      vertex 31.9151 2.0513 27.4513
      vertex 32.1 1.92776 50.8
      vertex 32.1 1.92776 27.3278
    endloop
  endfacet
  facet normal 0.997872 -0.0652086 0
    outer loop
      vertex 39.25 3.4 50.8
      vertex 39.2645 3.62189 29.0219
      vertex 39.2645 3.62189 50.8
    endloop
  endfacet
  facet normal 0.997872 -0.0652086 0
    outer loop
      vertex 39.2645 3.62189 29.0219
      vertex 39.25 3.4 50.8
      vertex 39.25 3.4 28.8
    endloop
  endfacet
  facet normal 0 -1 0
    outer loop
      vertex 40.95 5.1 30.5
      vertex 43.55 5.1 50.8
      vertex 40.95 5.1 50.8
    endloop
  endfacet
  facet normal 0 -1 -0
    outer loop
      vertex 43.55 5.1 50.8
      vertex 40.95 5.1 30.5
      vertex 43.55 5.1 30.5
    endloop
  endfacet
  facet normal 0.896789 -0.442459 0
    outer loop
      vertex 39.3794 4.05056 50.8
      vertex 39.4778 4.25 29.65
      vertex 39.4778 4.25 50.8
    endloop
  endfacet
  facet normal 0.896789 -0.442459 0
    outer loop
      vertex 39.4778 4.25 29.65
      vertex 39.3794 4.05056 50.8
      vertex 39.3794 4.05056 29.4506
    endloop
  endfacet
  facet normal 0.442386 0.896825 0
    outer loop
      vertex 40.2994 1.8294 50.8
      vertex 40.1 1.92776 27.3278
      vertex 40.1 1.92776 50.8
    endloop
  endfacet
  facet normal 0.442386 0.896825 0
    outer loop
      vertex 40.1 1.92776 27.3278
      vertex 40.2994 1.8294 50.8
      vertex 40.2994 1.8294 27.2294
    endloop
  endfacet
  facet normal -0.98077 -0.195165 -0
    outer loop
      vertex 45.2355 3.62189 50.8
      vertex 45.1921 3.83999 29.24
      vertex 45.2355 3.62189 29.0219
    endloop
  endfacet
  facet normal -0.98077 -0.195165 0
    outer loop
      vertex 45.1921 3.83999 29.24
      vertex 45.2355 3.62189 50.8
      vertex 45.1921 3.83999 50.8
    endloop
  endfacet
  facet normal -0.195122 0.980779 0
    outer loop
      vertex 43.99 1.75793 27.1579
      vertex 43.7719 1.71454 50.8
      vertex 43.99 1.75793 50.8
    endloop
  endfacet
  facet normal -0.195122 0.980779 0
    outer loop
      vertex 43.7719 1.71454 50.8
      vertex 43.99 1.75793 27.1579
      vertex 43.7719 1.71454 27.1145
    endloop
  endfacet
  facet normal -0.896789 -0.442459 -0
    outer loop
      vertex 45.1206 4.05056 50.8
      vertex 45.0222 4.25 29.65
      vertex 45.1206 4.05056 29.4506
    endloop
  endfacet
  facet normal -0.896789 -0.442459 0
    outer loop
      vertex 45.0222 4.25 29.65
      vertex 45.1206 4.05056 50.8
      vertex 45.0222 4.25 50.8
    endloop
  endfacet
  facet normal -0.321403 -0.946943 0
    outer loop
      vertex 43.99 5.04207 30.4421
      vertex 44.2006 4.97059 50.8
      vertex 43.99 5.04207 50.8
    endloop
  endfacet
  facet normal -0.321403 -0.946943 -0
    outer loop
      vertex 44.2006 4.97059 50.8
      vertex 43.99 5.04207 30.4421
      vertex 44.2006 4.97059 30.3706
    endloop
  endfacet
  facet normal 0.195122 0.980779 0
    outer loop
      vertex 40.7281 1.71454 50.8
      vertex 40.51 1.75793 27.1579
      vertex 40.51 1.75793 50.8
    endloop
  endfacet
  facet normal 0.195122 0.980779 0
    outer loop
      vertex 40.51 1.75793 27.1579
      vertex 40.7281 1.71454 50.8
      vertex 40.7281 1.71454 27.1145
    endloop
  endfacet
  facet normal 0.831552 -0.555447 0
    outer loop
      vertex 39.4778 4.25 50.8
      vertex 39.6013 4.43489 29.8349
      vertex 39.6013 4.43489 50.8
    endloop
  endfacet
  facet normal 0.831552 -0.555447 0
    outer loop
      vertex 39.6013 4.43489 29.8349
      vertex 39.4778 4.25 50.8
      vertex 39.4778 4.25 29.65
    endloop
  endfacet
  facet normal -0.659319 -0.751863 0
    outer loop
      vertex 44.5849 4.7487 30.1487
      vertex 44.7521 4.60208 50.8
      vertex 44.5849 4.7487 50.8
    endloop
  endfacet
  facet normal -0.659319 -0.751863 -0
    outer loop
      vertex 44.7521 4.60208 50.8
      vertex 44.5849 4.7487 30.1487
      vertex 44.7521 4.60208 30.0021
    endloop
  endfacet
  facet normal 0 1 -0
    outer loop
      vertex 43.55 1.7 27.1
      vertex 40.95 1.7 50.8
      vertex 43.55 1.7 50.8
    endloop
  endfacet
  facet normal 0 1 0
    outer loop
      vertex 40.95 1.7 50.8
      vertex 43.55 1.7 27.1
      vertex 40.95 1.7 27.1
    endloop
  endfacet
  facet normal -0.946901 -0.321525 -0
    outer loop
      vertex 45.1921 3.83999 50.8
      vertex 45.1206 4.05056 29.4506
      vertex 45.1921 3.83999 29.24
    endloop
  endfacet
  facet normal -0.946901 -0.321525 0
    outer loop
      vertex 45.1206 4.05056 29.4506
      vertex 45.1921 3.83999 50.8
      vertex 45.1206 4.05056 50.8
    endloop
  endfacet
  facet normal 0.321403 -0.946943 0
    outer loop
      vertex 40.2994 4.97059 50.8
      vertex 40.51 5.04207 30.4421
      vertex 40.51 5.04207 50.8
    endloop
  endfacet
  facet normal 0.321403 -0.946943 0
    outer loop
      vertex 40.51 5.04207 30.4421
      vertex 40.2994 4.97059 50.8
      vertex 40.2994 4.97059 30.3706
    endloop
  endfacet
  facet normal 0.946901 0.321525 0
    outer loop
      vertex 39.3794 2.74944 50.8
      vertex 39.3079 2.96001 28.36
      vertex 39.3079 2.96001 50.8
    endloop
  endfacet
  facet normal 0.946901 0.321525 0
    outer loop
      vertex 39.3079 2.96001 28.36
      vertex 39.3794 2.74944 50.8
      vertex 39.3794 2.74944 28.1494
    endloop
  endfacet
  facet normal 0.0653848 -0.99786 0
    outer loop
      vertex 40.7281 5.08546 50.8
      vertex 40.95 5.1 30.5
      vertex 40.95 5.1 50.8
    endloop
  endfacet
  facet normal 0.0653848 -0.99786 0
    outer loop
      vertex 40.95 5.1 30.5
      vertex 40.7281 5.08546 50.8
      vertex 40.7281 5.08546 30.4855
    endloop
  endfacet
  facet normal -0.659319 0.751863 0
    outer loop
      vertex 44.7521 2.19792 27.5979
      vertex 44.5849 2.0513 50.8
      vertex 44.7521 2.19792 50.8
    endloop
  endfacet
  facet normal -0.659319 0.751863 0
    outer loop
      vertex 44.5849 2.0513 50.8
      vertex 44.7521 2.19792 27.5979
      vertex 44.5849 2.0513 27.4513
    endloop
  endfacet
  facet normal -0.442386 0.896825 0
    outer loop
      vertex 44.4 1.92776 27.3278
      vertex 44.2006 1.8294 50.8
      vertex 44.4 1.92776 50.8
    endloop
  endfacet
  facet normal -0.442386 0.896825 0
    outer loop
      vertex 44.2006 1.8294 50.8
      vertex 44.4 1.92776 27.3278
      vertex 44.2006 1.8294 27.2294
    endloop
  endfacet
  facet normal -0.442349 -0.896843 0
    outer loop
      vertex 44.2006 4.97059 30.3706
      vertex 44.4 4.87224 50.8
      vertex 44.2006 4.97059 50.8
    endloop
  endfacet
  facet normal -0.442349 -0.896843 -0
    outer loop
      vertex 44.4 4.87224 50.8
      vertex 44.2006 4.97059 30.3706
      vertex 44.4 4.87224 30.2722
    endloop
  endfacet
  facet normal 0.0653848 0.99786 0
    outer loop
      vertex 40.95 1.7 50.8
      vertex 40.7281 1.71454 27.1145
      vertex 40.7281 1.71454 50.8
    endloop
  endfacet
  facet normal 0.0653848 0.99786 0
    outer loop
      vertex 40.7281 1.71454 27.1145
      vertex 40.95 1.7 50.8
      vertex 40.95 1.7 27.1
    endloop
  endfacet
  facet normal -0.751888 -0.659291 -0
    outer loop
      vertex 44.8987 4.43489 50.8
      vertex 44.7521 4.60208 30.0021
      vertex 44.8987 4.43489 29.8349
    endloop
  endfacet
  facet normal -0.751888 -0.659291 0
    outer loop
      vertex 44.7521 4.60208 30.0021
      vertex 44.8987 4.43489 50.8
      vertex 44.7521 4.60208 50.8
    endloop
  endfacet
  facet normal -0.831566 0.555426 0
    outer loop
      vertex 44.8987 2.3651 50.8
      vertex 45.0222 2.55 27.95
      vertex 44.8987 2.3651 27.7651
    endloop
  endfacet
  facet normal -0.831566 0.555426 0
    outer loop
      vertex 45.0222 2.55 27.95
      vertex 44.8987 2.3651 50.8
      vertex 45.0222 2.55 50.8
    endloop
  endfacet
  facet normal 0.195122 -0.980779 0
    outer loop
      vertex 40.51 5.04207 50.8
      vertex 40.7281 5.08546 30.4855
      vertex 40.7281 5.08546 50.8
    endloop
  endfacet
  facet normal 0.195122 -0.980779 0
    outer loop
      vertex 40.7281 5.08546 30.4855
      vertex 40.51 5.04207 50.8
      vertex 40.51 5.04207 30.4421
    endloop
  endfacet
  facet normal 0.831566 0.555426 0
    outer loop
      vertex 39.6013 2.3651 50.8
      vertex 39.4778 2.55 27.95
      vertex 39.4778 2.55 50.8
    endloop
  endfacet
  facet normal 0.831566 0.555426 0
    outer loop
      vertex 39.4778 2.55 27.95
      vertex 39.6013 2.3651 50.8
      vertex 39.6013 2.3651 27.7651
    endloop
  endfacet
  facet normal -0.997872 -0.0652086 -0
    outer loop
      vertex 45.25 3.4 50.8
      vertex 45.2355 3.62189 29.0219
      vertex 45.25 3.4 28.8
    endloop
  endfacet
  facet normal -0.997872 -0.0652086 0
    outer loop
      vertex 45.2355 3.62189 29.0219
      vertex 45.25 3.4 50.8
      vertex 45.2355 3.62189 50.8
    endloop
  endfacet
  facet normal -0.0653848 0.99786 0
    outer loop
      vertex 43.7719 1.71454 27.1145
      vertex 43.55 1.7 50.8
      vertex 43.7719 1.71454 50.8
    endloop
  endfacet
  facet normal -0.0653848 0.99786 0
    outer loop
      vertex 43.55 1.7 50.8
      vertex 43.7719 1.71454 27.1145
      vertex 43.55 1.7 27.1
    endloop
  endfacet
  facet normal -0.751869 0.659313 0
    outer loop
      vertex 44.7521 2.19792 50.8
      vertex 44.8987 2.3651 27.7651
      vertex 44.7521 2.19792 27.5979
    endloop
  endfacet
  facet normal -0.751869 0.659313 0
    outer loop
      vertex 44.8987 2.3651 27.7651
      vertex 44.7521 2.19792 50.8
      vertex 44.8987 2.3651 50.8
    endloop
  endfacet
  facet normal 0.896789 0.442459 0
    outer loop
      vertex 39.4778 2.55 50.8
      vertex 39.3794 2.74944 28.1494
      vertex 39.3794 2.74944 50.8
    endloop
  endfacet
  facet normal 0.896789 0.442459 0
    outer loop
      vertex 39.3794 2.74944 28.1494
      vertex 39.4778 2.55 50.8
      vertex 39.4778 2.55 27.95
    endloop
  endfacet
  facet normal 0.659319 -0.751863 0
    outer loop
      vertex 39.7479 4.60208 50.8
      vertex 39.9151 4.7487 30.1487
      vertex 39.9151 4.7487 50.8
    endloop
  endfacet
  facet normal 0.659319 -0.751863 0
    outer loop
      vertex 39.9151 4.7487 30.1487
      vertex 39.7479 4.60208 50.8
      vertex 39.7479 4.60208 30.0021
    endloop
  endfacet
  facet normal 0.997872 0.0652086 0
    outer loop
      vertex 39.2645 3.17811 50.8
      vertex 39.25 3.4 28.8
      vertex 39.25 3.4 50.8
    endloop
  endfacet
  facet normal 0.997872 0.0652086 0
    outer loop
      vertex 39.25 3.4 28.8
      vertex 39.2645 3.17811 50.8
      vertex 39.2645 3.17811 28.5781
    endloop
  endfacet
  facet normal 0.442349 -0.896843 0
    outer loop
      vertex 40.1 4.87224 50.8
      vertex 40.2994 4.97059 30.3706
      vertex 40.2994 4.97059 50.8
    endloop
  endfacet
  facet normal 0.442349 -0.896843 0
    outer loop
      vertex 40.2994 4.97059 30.3706
      vertex 40.1 4.87224 50.8
      vertex 40.1 4.87224 30.2722
    endloop
  endfacet
  facet normal 0.555551 -0.831483 0
    outer loop
      vertex 39.9151 4.7487 50.8
      vertex 40.1 4.87224 30.2722
      vertex 40.1 4.87224 50.8
    endloop
  endfacet
  facet normal 0.555551 -0.831483 0
    outer loop
      vertex 40.1 4.87224 30.2722
      vertex 39.9151 4.7487 50.8
      vertex 39.9151 4.7487 30.1487
    endloop
  endfacet
  facet normal -0.896789 0.442459 0
    outer loop
      vertex 45.0222 2.55 50.8
      vertex 45.1206 2.74944 28.1494
      vertex 45.0222 2.55 27.95
    endloop
  endfacet
  facet normal -0.896789 0.442459 0
    outer loop
      vertex 45.1206 2.74944 28.1494
      vertex 45.0222 2.55 50.8
      vertex 45.1206 2.74944 50.8
    endloop
  endfacet
  facet normal 0.751888 -0.659291 0
    outer loop
      vertex 39.6013 4.43489 50.8
      vertex 39.7479 4.60208 30.0021
      vertex 39.7479 4.60208 50.8
    endloop
  endfacet
  facet normal 0.751888 -0.659291 0
    outer loop
      vertex 39.7479 4.60208 30.0021
      vertex 39.6013 4.43489 50.8
      vertex 39.6013 4.43489 29.8349
    endloop
  endfacet
  facet normal -0.555551 -0.831483 0
    outer loop
      vertex 44.4 4.87224 30.2722
      vertex 44.5849 4.7487 50.8
      vertex 44.4 4.87224 50.8
    endloop
  endfacet
  facet normal -0.555551 -0.831483 -0
    outer loop
      vertex 44.5849 4.7487 50.8
      vertex 44.4 4.87224 30.2722
      vertex 44.5849 4.7487 30.1487
    endloop
  endfacet
  facet normal -0.98077 0.195165 0
    outer loop
      vertex 45.1921 2.96001 50.8
      vertex 45.2355 3.17811 28.5781
      vertex 45.1921 2.96001 28.36
    endloop
  endfacet
  facet normal -0.98077 0.195165 0
    outer loop
      vertex 45.2355 3.17811 28.5781
      vertex 45.1921 2.96001 50.8
      vertex 45.2355 3.17811 50.8
    endloop
  endfacet
  facet normal -0.997872 0.0652086 0
    outer loop
      vertex 45.2355 3.17811 50.8
      vertex 45.25 3.4 28.8
      vertex 45.2355 3.17811 28.5781
    endloop
  endfacet
  facet normal -0.997872 0.0652086 0
    outer loop
      vertex 45.25 3.4 28.8
      vertex 45.2355 3.17811 50.8
      vertex 45.25 3.4 50.8
    endloop
  endfacet
  facet normal 0.946901 -0.321525 0
    outer loop
      vertex 39.3079 3.83999 50.8
      vertex 39.3794 4.05056 29.4506
      vertex 39.3794 4.05056 50.8
    endloop
  endfacet
  facet normal 0.946901 -0.321525 0
    outer loop
      vertex 39.3794 4.05056 29.4506
      vertex 39.3079 3.83999 50.8
      vertex 39.3079 3.83999 29.24
    endloop
  endfacet
  facet normal 0.98077 -0.195165 0
    outer loop
      vertex 39.2645 3.62189 50.8
      vertex 39.3079 3.83999 29.24
      vertex 39.3079 3.83999 50.8
    endloop
  endfacet
  facet normal 0.98077 -0.195165 0
    outer loop
      vertex 39.3079 3.83999 29.24
      vertex 39.2645 3.62189 50.8
      vertex 39.2645 3.62189 29.0219
    endloop
  endfacet
  facet normal -0.195122 -0.980779 0
    outer loop
      vertex 43.7719 5.08546 30.4855
      vertex 43.99 5.04207 50.8
      vertex 43.7719 5.08546 50.8
    endloop
  endfacet
  facet normal -0.195122 -0.980779 -0
    outer loop
      vertex 43.99 5.04207 50.8
      vertex 43.7719 5.08546 30.4855
      vertex 43.99 5.04207 30.4421
    endloop
  endfacet
  facet normal -0.946901 0.321525 0
    outer loop
      vertex 45.1206 2.74944 50.8
      vertex 45.1921 2.96001 28.36
      vertex 45.1206 2.74944 28.1494
    endloop
  endfacet
  facet normal -0.946901 0.321525 0
    outer loop
      vertex 45.1921 2.96001 28.36
      vertex 45.1206 2.74944 50.8
      vertex 45.1921 2.96001 50.8
    endloop
  endfacet
  facet normal 0.659319 0.751863 0
    outer loop
      vertex 39.9151 2.0513 50.8
      vertex 39.7479 2.19792 27.5979
      vertex 39.7479 2.19792 50.8
    endloop
  endfacet
  facet normal 0.659319 0.751863 0
    outer loop
      vertex 39.7479 2.19792 27.5979
      vertex 39.9151 2.0513 50.8
      vertex 39.9151 2.0513 27.4513
    endloop
  endfacet
  facet normal -0.0653848 -0.99786 0
    outer loop
      vertex 43.55 5.1 30.5
      vertex 43.7719 5.08546 50.8
      vertex 43.55 5.1 50.8
    endloop
  endfacet
  facet normal -0.0653848 -0.99786 -0
    outer loop
      vertex 43.7719 5.08546 50.8
      vertex 43.55 5.1 30.5
      vertex 43.7719 5.08546 30.4855
    endloop
  endfacet
  facet normal 0.98077 0.195165 0
    outer loop
      vertex 39.3079 2.96001 50.8
      vertex 39.2645 3.17811 28.5781
      vertex 39.2645 3.17811 50.8
    endloop
  endfacet
  facet normal 0.98077 0.195165 0
    outer loop
      vertex 39.2645 3.17811 28.5781
      vertex 39.3079 2.96001 50.8
      vertex 39.3079 2.96001 28.36
    endloop
  endfacet
  facet normal 0.321363 0.946956 0
    outer loop
      vertex 40.51 1.75793 50.8
      vertex 40.2994 1.8294 27.2294
      vertex 40.2994 1.8294 50.8
    endloop
  endfacet
  facet normal 0.321363 0.946956 0
    outer loop
      vertex 40.2994 1.8294 27.2294
      vertex 40.51 1.75793 50.8
      vertex 40.51 1.75793 27.1579
    endloop
  endfacet
  facet normal -0.555551 0.831483 0
    outer loop
      vertex 44.5849 2.0513 27.4513
      vertex 44.4 1.92776 50.8
      vertex 44.5849 2.0513 50.8
    endloop
  endfacet
  facet normal -0.555551 0.831483 0
    outer loop
      vertex 44.4 1.92776 50.8
      vertex 44.5849 2.0513 27.4513
      vertex 44.4 1.92776 27.3278
    endloop
  endfacet
  facet normal 0.751869 0.659313 0
    outer loop
      vertex 39.7479 2.19792 50.8
      vertex 39.6013 2.3651 27.7651
      vertex 39.6013 2.3651 50.8
    endloop
  endfacet
  facet normal 0.751869 0.659313 0
    outer loop
      vertex 39.6013 2.3651 27.7651
      vertex 39.7479 2.19792 50.8
      vertex 39.7479 2.19792 27.5979
    endloop
  endfacet
  facet normal -0.831552 -0.555447 -0
    outer loop
      vertex 45.0222 4.25 50.8
      vertex 44.8987 4.43489 29.8349
      vertex 45.0222 4.25 29.65
    endloop
  endfacet
  facet normal -0.831552 -0.555447 0
    outer loop
      vertex 44.8987 4.43489 29.8349
      vertex 45.0222 4.25 50.8
      vertex 44.8987 4.43489 50.8
    endloop
  endfacet
  facet normal -0.321363 0.946956 0
    outer loop
      vertex 44.2006 1.8294 27.2294
      vertex 43.99 1.75793 50.8
      vertex 44.2006 1.8294 50.8
    endloop
  endfacet
  facet normal -0.321363 0.946956 0
    outer loop
      vertex 43.99 1.75793 50.8
      vertex 44.2006 1.8294 27.2294
      vertex 43.99 1.75793 27.1579
    endloop
  endfacet
  facet normal 0.555551 0.831483 0
    outer loop
      vertex 40.1 1.92776 50.8
      vertex 39.9151 2.0513 27.4513
      vertex 39.9151 2.0513 50.8
    endloop
  endfacet
  facet normal 0.555551 0.831483 0
    outer loop
      vertex 39.9151 2.0513 27.4513
      vertex 40.1 1.92776 50.8
      vertex 40.1 1.92776 27.3278
    endloop
  endfacet
  facet normal 0.997872 -0.0652086 0
    outer loop
      vertex 47.25 3.4 50.8
      vertex 47.2645 3.62189 29.0219
      vertex 47.2645 3.62189 50.8
    endloop
  endfacet
  facet normal 0.997872 -0.0652086 0
    outer loop
      vertex 47.2645 3.62189 29.0219
      vertex 47.25 3.4 50.8
      vertex 47.25 3.4 28.8
    endloop
  endfacet
  facet normal 0 -1 0
    outer loop
      vertex 48.95 5.1 30.5
      vertex 51.55 5.1 50.8
      vertex 48.95 5.1 50.8
    endloop
  endfacet
  facet normal 0 -1 -0
    outer loop
      vertex 51.55 5.1 50.8
      vertex 48.95 5.1 30.5
      vertex 51.55 5.1 30.5
    endloop
  endfacet
  facet normal 0.896789 -0.442459 0
    outer loop
      vertex 47.3794 4.05056 50.8
      vertex 47.4778 4.25 29.65
      vertex 47.4778 4.25 50.8
    endloop
  endfacet
  facet normal 0.896789 -0.442459 0
    outer loop
      vertex 47.4778 4.25 29.65
      vertex 47.3794 4.05056 50.8
      vertex 47.3794 4.05056 29.4506
    endloop
  endfacet
  facet normal 0.442386 0.896825 0
    outer loop
      vertex 48.2994 1.8294 50.8
      vertex 48.1 1.92776 27.3278
      vertex 48.1 1.92776 50.8
    endloop
  endfacet
  facet normal 0.442386 0.896825 0
    outer loop
      vertex 48.1 1.92776 27.3278
      vertex 48.2994 1.8294 50.8
      vertex 48.2994 1.8294 27.2294
    endloop
  endfacet
  facet normal -0.98077 -0.195165 -0
    outer loop
      vertex 53.2355 3.62189 50.8
      vertex 53.1921 3.83999 29.24
      vertex 53.2355 3.62189 29.0219
    endloop
  endfacet
  facet normal -0.98077 -0.195165 0
    outer loop
      vertex 53.1921 3.83999 29.24
      vertex 53.2355 3.62189 50.8
      vertex 53.1921 3.83999 50.8
    endloop
  endfacet
  facet normal -0.195122 0.980779 0
    outer loop
      vertex 51.99 1.75793 27.1579
      vertex 51.7719 1.71454 50.8
      vertex 51.99 1.75793 50.8
    endloop
  endfacet
  facet normal -0.195122 0.980779 0
    outer loop
      vertex 51.7719 1.71454 50.8
      vertex 51.99 1.75793 27.1579
      vertex 51.7719 1.71454 27.1145
    endloop
  endfacet
  facet normal -0.896789 -0.442459 -0
    outer loop
      vertex 53.1206 4.05056 50.8
      vertex 53.0222 4.25 29.65
      vertex 53.1206 4.05056 29.4506
    endloop
  endfacet
  facet normal -0.896789 -0.442459 0
    outer loop
      vertex 53.0222 4.25 29.65
      vertex 53.1206 4.05056 50.8
      vertex 53.0222 4.25 50.8
    endloop
  endfacet
  facet normal -0.321403 -0.946943 0
    outer loop
      vertex 51.99 5.04207 30.4421
      vertex 52.2006 4.97059 50.8
      vertex 51.99 5.04207 50.8
    endloop
  endfacet
  facet normal -0.321403 -0.946943 -0
    outer loop
      vertex 52.2006 4.97059 50.8
      vertex 51.99 5.04207 30.4421
      vertex 52.2006 4.97059 30.3706
    endloop
  endfacet
  facet normal 0.195122 0.980779 0
    outer loop
      vertex 48.7281 1.71454 50.8
      vertex 48.51 1.75793 27.1579
      vertex 48.51 1.75793 50.8
    endloop
  endfacet
  facet normal 0.195122 0.980779 0
    outer loop
      vertex 48.51 1.75793 27.1579
      vertex 48.7281 1.71454 50.8
      vertex 48.7281 1.71454 27.1145
    endloop
  endfacet
  facet normal 0.831552 -0.555447 0
    outer loop
      vertex 47.4778 4.25 50.8
      vertex 47.6013 4.43489 29.8349
      vertex 47.6013 4.43489 50.8
    endloop
  endfacet
  facet normal 0.831552 -0.555447 0
    outer loop
      vertex 47.6013 4.43489 29.8349
      vertex 47.4778 4.25 50.8
      vertex 47.4778 4.25 29.65
    endloop
  endfacet
  facet normal -0.659319 -0.751863 0
    outer loop
      vertex 52.5849 4.7487 30.1487
      vertex 52.7521 4.60208 50.8
      vertex 52.5849 4.7487 50.8
    endloop
  endfacet
  facet normal -0.659319 -0.751863 -0
    outer loop
      vertex 52.7521 4.60208 50.8
      vertex 52.5849 4.7487 30.1487
      vertex 52.7521 4.60208 30.0021
    endloop
  endfacet
  facet normal 0 1 -0
    outer loop
      vertex 51.55 1.7 27.1
      vertex 48.95 1.7 50.8
      vertex 51.55 1.7 50.8
    endloop
  endfacet
  facet normal 0 1 0
    outer loop
      vertex 48.95 1.7 50.8
      vertex 51.55 1.7 27.1
      vertex 48.95 1.7 27.1
    endloop
  endfacet
  facet normal -0.946901 -0.321525 -0
    outer loop
      vertex 53.1921 3.83999 50.8
      vertex 53.1206 4.05056 29.4506
      vertex 53.1921 3.83999 29.24
    endloop
  endfacet
  facet normal -0.946901 -0.321525 0
    outer loop
      vertex 53.1206 4.05056 29.4506
      vertex 53.1921 3.83999 50.8
      vertex 53.1206 4.05056 50.8
    endloop
  endfacet
  facet normal 0.321403 -0.946943 0
    outer loop
      vertex 48.2994 4.97059 50.8
      vertex 48.51 5.04207 30.4421
      vertex 48.51 5.04207 50.8
    endloop
  endfacet
  facet normal 0.321403 -0.946943 0
    outer loop
      vertex 48.51 5.04207 30.4421
      vertex 48.2994 4.97059 50.8
      vertex 48.2994 4.97059 30.3706
    endloop
  endfacet
  facet normal 0.946901 0.321525 0
    outer loop
      vertex 47.3794 2.74944 50.8
      vertex 47.3079 2.96001 28.36
      vertex 47.3079 2.96001 50.8
    endloop
  endfacet
  facet normal 0.946901 0.321525 0
    outer loop
      vertex 47.3079 2.96001 28.36
      vertex 47.3794 2.74944 50.8
      vertex 47.3794 2.74944 28.1494
    endloop
  endfacet
  facet normal 0.0653848 -0.99786 0
    outer loop
      vertex 48.7281 5.08546 50.8
      vertex 48.95 5.1 30.5
      vertex 48.95 5.1 50.8
    endloop
  endfacet
  facet normal 0.0653848 -0.99786 0
    outer loop
      vertex 48.95 5.1 30.5
      vertex 48.7281 5.08546 50.8
      vertex 48.7281 5.08546 30.4855
    endloop
  endfacet
  facet normal -0.659319 0.751863 0
    outer loop
      vertex 52.7521 2.19792 27.5979
      vertex 52.5849 2.0513 50.8
      vertex 52.7521 2.19792 50.8
    endloop
  endfacet
  facet normal -0.659319 0.751863 0
    outer loop
      vertex 52.5849 2.0513 50.8
      vertex 52.7521 2.19792 27.5979
      vertex 52.5849 2.0513 27.4513
    endloop
  endfacet
  facet normal -0.442386 0.896825 0
    outer loop
      vertex 52.4 1.92776 27.3278
      vertex 52.2006 1.8294 50.8
      vertex 52.4 1.92776 50.8
    endloop
  endfacet
  facet normal -0.442386 0.896825 0
    outer loop
      vertex 52.2006 1.8294 50.8
      vertex 52.4 1.92776 27.3278
      vertex 52.2006 1.8294 27.2294
    endloop
  endfacet
  facet normal -0.442349 -0.896843 0
    outer loop
      vertex 52.2006 4.97059 30.3706
      vertex 52.4 4.87224 50.8
      vertex 52.2006 4.97059 50.8
    endloop
  endfacet
  facet normal -0.442349 -0.896843 -0
    outer loop
      vertex 52.4 4.87224 50.8
      vertex 52.2006 4.97059 30.3706
      vertex 52.4 4.87224 30.2722
    endloop
  endfacet
  facet normal 0.0653848 0.99786 0
    outer loop
      vertex 48.95 1.7 50.8
      vertex 48.7281 1.71454 27.1145
      vertex 48.7281 1.71454 50.8
    endloop
  endfacet
  facet normal 0.0653848 0.99786 0
    outer loop
      vertex 48.7281 1.71454 27.1145
      vertex 48.95 1.7 50.8
      vertex 48.95 1.7 27.1
    endloop
  endfacet
  facet normal -0.751888 -0.659291 -0
    outer loop
      vertex 52.8987 4.43489 50.8
      vertex 52.7521 4.60208 30.0021
      vertex 52.8987 4.43489 29.8349
    endloop
  endfacet
  facet normal -0.751888 -0.659291 0
    outer loop
      vertex 52.7521 4.60208 30.0021
      vertex 52.8987 4.43489 50.8
      vertex 52.7521 4.60208 50.8
    endloop
  endfacet
  facet normal -0.831566 0.555426 0
    outer loop
      vertex 52.8987 2.3651 50.8
      vertex 53.0222 2.55 27.95
      vertex 52.8987 2.3651 27.7651
    endloop
  endfacet
  facet normal -0.831566 0.555426 0
    outer loop
      vertex 53.0222 2.55 27.95
      vertex 52.8987 2.3651 50.8
      vertex 53.0222 2.55 50.8
    endloop
  endfacet
  facet normal 0.195122 -0.980779 0
    outer loop
      vertex 48.51 5.04207 50.8
      vertex 48.7281 5.08546 30.4855
      vertex 48.7281 5.08546 50.8
    endloop
  endfacet
  facet normal 0.195122 -0.980779 0
    outer loop
      vertex 48.7281 5.08546 30.4855
      vertex 48.51 5.04207 50.8
      vertex 48.51 5.04207 30.4421
    endloop
  endfacet
  facet normal 0.831566 0.555426 0
    outer loop
      vertex 47.6013 2.3651 50.8
      vertex 47.4778 2.55 27.95
      vertex 47.4778 2.55 50.8
    endloop
  endfacet
  facet normal 0.831566 0.555426 0
    outer loop
      vertex 47.4778 2.55 27.95
      vertex 47.6013 2.3651 50.8
      vertex 47.6013 2.3651 27.7651
    endloop
  endfacet
  facet normal -0.997872 -0.0652086 -0
    outer loop
      vertex 53.25 3.4 50.8
      vertex 53.2355 3.62189 29.0219
      vertex 53.25 3.4 28.8
    endloop
  endfacet
  facet normal -0.997872 -0.0652086 0
    outer loop
      vertex 53.2355 3.62189 29.0219
      vertex 53.25 3.4 50.8
      vertex 53.2355 3.62189 50.8
    endloop
  endfacet
  facet normal -0.0653848 0.99786 0
    outer loop
      vertex 51.7719 1.71454 27.1145
      vertex 51.55 1.7 50.8
      vertex 51.7719 1.71454 50.8
    endloop
  endfacet
  facet normal -0.0653848 0.99786 0
    outer loop
      vertex 51.55 1.7 50.8
      vertex 51.7719 1.71454 27.1145
      vertex 51.55 1.7 27.1
    endloop
  endfacet
  facet normal -0.751869 0.659313 0
    outer loop
      vertex 52.7521 2.19792 50.8
      vertex 52.8987 2.3651 27.7651
      vertex 52.7521 2.19792 27.5979
    endloop
  endfacet
  facet normal -0.751869 0.659313 0
    outer loop
      vertex 52.8987 2.3651 27.7651
      vertex 52.7521 2.19792 50.8
      vertex 52.8987 2.3651 50.8
    endloop
  endfacet
  facet normal 0.896789 0.442459 0
    outer loop
      vertex 47.4778 2.55 50.8
      vertex 47.3794 2.74944 28.1494
      vertex 47.3794 2.74944 50.8
    endloop
  endfacet
  facet normal 0.896789 0.442459 0
    outer loop
      vertex 47.3794 2.74944 28.1494
      vertex 47.4778 2.55 50.8
      vertex 47.4778 2.55 27.95
    endloop
  endfacet
  facet normal 0.659319 -0.751863 0
    outer loop
      vertex 47.7479 4.60208 50.8
      vertex 47.9151 4.7487 30.1487
      vertex 47.9151 4.7487 50.8
    endloop
  endfacet
  facet normal 0.659319 -0.751863 0
    outer loop
      vertex 47.9151 4.7487 30.1487
      vertex 47.7479 4.60208 50.8
      vertex 47.7479 4.60208 30.0021
    endloop
  endfacet
  facet normal 0.997872 0.0652086 0
    outer loop
      vertex 47.2645 3.17811 50.8
      vertex 47.25 3.4 28.8
      vertex 47.25 3.4 50.8
    endloop
  endfacet
  facet normal 0.997872 0.0652086 0
    outer loop
      vertex 47.25 3.4 28.8
      vertex 47.2645 3.17811 50.8
      vertex 47.2645 3.17811 28.5781
    endloop
  endfacet
  facet normal 0.442349 -0.896843 0
    outer loop
      vertex 48.1 4.87224 50.8
      vertex 48.2994 4.97059 30.3706
      vertex 48.2994 4.97059 50.8
    endloop
  endfacet
  facet normal 0.442349 -0.896843 0
    outer loop
      vertex 48.2994 4.97059 30.3706
      vertex 48.1 4.87224 50.8
      vertex 48.1 4.87224 30.2722
    endloop
  endfacet
  facet normal 0.555551 -0.831483 0
    outer loop
      vertex 47.9151 4.7487 50.8
      vertex 48.1 4.87224 30.2722
      vertex 48.1 4.87224 50.8
    endloop
  endfacet
  facet normal 0.555551 -0.831483 0
    outer loop
      vertex 48.1 4.87224 30.2722
      vertex 47.9151 4.7487 50.8
      vertex 47.9151 4.7487 30.1487
    endloop
  endfacet
  facet normal -0.896789 0.442459 0
    outer loop
      vertex 53.0222 2.55 50.8
      vertex 53.1206 2.74944 28.1494
      vertex 53.0222 2.55 27.95
    endloop
  endfacet
  facet normal -0.896789 0.442459 0
    outer loop
      vertex 53.1206 2.74944 28.1494
      vertex 53.0222 2.55 50.8
      vertex 53.1206 2.74944 50.8
    endloop
  endfacet
  facet normal 0.751888 -0.659291 0
    outer loop
      vertex 47.6013 4.43489 50.8
      vertex 47.7479 4.60208 30.0021
      vertex 47.7479 4.60208 50.8
    endloop
  endfacet
  facet normal 0.751888 -0.659291 0
    outer loop
      vertex 47.7479 4.60208 30.0021
      vertex 47.6013 4.43489 50.8
      vertex 47.6013 4.43489 29.8349
    endloop
  endfacet
  facet normal -0.555551 -0.831483 0
    outer loop
      vertex 52.4 4.87224 30.2722
      vertex 52.5849 4.7487 50.8
      vertex 52.4 4.87224 50.8
    endloop
  endfacet
  facet normal -0.555551 -0.831483 -0
    outer loop
      vertex 52.5849 4.7487 50.8
      vertex 52.4 4.87224 30.2722
      vertex 52.5849 4.7487 30.1487
    endloop
  endfacet
  facet normal -0.98077 0.195165 0
    outer loop
      vertex 53.1921 2.96001 50.8
      vertex 53.2355 3.17811 28.5781
      vertex 53.1921 2.96001 28.36
    endloop
  endfacet
  facet normal -0.98077 0.195165 0
    outer loop
      vertex 53.2355 3.17811 28.5781
      vertex 53.1921 2.96001 50.8
      vertex 53.2355 3.17811 50.8
    endloop
  endfacet
  facet normal -0.997872 0.0652086 0
    outer loop
      vertex 53.2355 3.17811 50.8
      vertex 53.25 3.4 28.8
      vertex 53.2355 3.17811 28.5781
    endloop
  endfacet
  facet normal -0.997872 0.0652086 0
    outer loop
      vertex 53.25 3.4 28.8
      vertex 53.2355 3.17811 50.8
      vertex 53.25 3.4 50.8
    endloop
  endfacet
  facet normal 0.946901 -0.321525 0
    outer loop
      vertex 47.3079 3.83999 50.8
      vertex 47.3794 4.05056 29.4506
      vertex 47.3794 4.05056 50.8
    endloop
  endfacet
  facet normal 0.946901 -0.321525 0
    outer loop
      vertex 47.3794 4.05056 29.4506
      vertex 47.3079 3.83999 50.8
      vertex 47.3079 3.83999 29.24
    endloop
  endfacet
  facet normal 0.98077 -0.195165 0
    outer loop
      vertex 47.2645 3.62189 50.8
      vertex 47.3079 3.83999 29.24
      vertex 47.3079 3.83999 50.8
    endloop
  endfacet
  facet normal 0.98077 -0.195165 0
    outer loop
      vertex 47.3079 3.83999 29.24
      vertex 47.2645 3.62189 50.8
      vertex 47.2645 3.62189 29.0219
    endloop
  endfacet
  facet normal -0.195122 -0.980779 0
    outer loop
      vertex 51.7719 5.08546 30.4855
      vertex 51.99 5.04207 50.8
      vertex 51.7719 5.08546 50.8
    endloop
  endfacet
  facet normal -0.195122 -0.980779 -0
    outer loop
      vertex 51.99 5.04207 50.8
      vertex 51.7719 5.08546 30.4855
      vertex 51.99 5.04207 30.4421
    endloop
  endfacet
  facet normal -0.946901 0.321525 0
    outer loop
      vertex 53.1206 2.74944 50.8
      vertex 53.1921 2.96001 28.36
      vertex 53.1206 2.74944 28.1494
    endloop
  endfacet
  facet normal -0.946901 0.321525 0
    outer loop
      vertex 53.1921 2.96001 28.36
      vertex 53.1206 2.74944 50.8
      vertex 53.1921 2.96001 50.8
    endloop
  endfacet
  facet normal 0.659319 0.751863 0
    outer loop
      vertex 47.9151 2.0513 50.8
      vertex 47.7479 2.19792 27.5979
      vertex 47.7479 2.19792 50.8
    endloop
  endfacet
  facet normal 0.659319 0.751863 0
    outer loop
      vertex 47.7479 2.19792 27.5979
      vertex 47.9151 2.0513 50.8
      vertex 47.9151 2.0513 27.4513
    endloop
  endfacet
  facet normal -0.0653848 -0.99786 0
    outer loop
      vertex 51.55 5.1 30.5
      vertex 51.7719 5.08546 50.8
      vertex 51.55 5.1 50.8
    endloop
  endfacet
  facet normal -0.0653848 -0.99786 -0
    outer loop
      vertex 51.7719 5.08546 50.8
      vertex 51.55 5.1 30.5
      vertex 51.7719 5.08546 30.4855
    endloop
  endfacet
  facet normal 0.98077 0.195165 0
    outer loop
      vertex 47.3079 2.96001 50.8
      vertex 47.2645 3.17811 28.5781
      vertex 47.2645 3.17811 50.8
    endloop
  endfacet
  facet normal 0.98077 0.195165 0
    outer loop
      vertex 47.2645 3.17811 28.5781
      vertex 47.3079 2.96001 50.8
      vertex 47.3079 2.96001 28.36
    endloop
  endfacet
  facet normal 0.321363 0.946956 0
    outer loop
      vertex 48.51 1.75793 50.8
      vertex 48.2994 1.8294 27.2294
      vertex 48.2994 1.8294 50.8
    endloop
  endfacet
  facet normal 0.321363 0.946956 0
    outer loop
      vertex 48.2994 1.8294 27.2294
      vertex 48.51 1.75793 50.8
      vertex 48.51 1.75793 27.1579
    endloop
  endfacet
  facet normal -0.555551 0.831483 0
    outer loop
      vertex 52.5849 2.0513 27.4513
      vertex 52.4 1.92776 50.8
      vertex 52.5849 2.0513 50.8
    endloop
  endfacet
  facet normal -0.555551 0.831483 0
    outer loop
      vertex 52.4 1.92776 50.8
      vertex 52.5849 2.0513 27.4513
      vertex 52.4 1.92776 27.3278
    endloop
  endfacet
  facet normal 0.751869 0.659313 0
    outer loop
      vertex 47.7479 2.19792 50.8
      vertex 47.6013 2.3651 27.7651
      vertex 47.6013 2.3651 50.8
    endloop
  endfacet
  facet normal 0.751869 0.659313 0
    outer loop
      vertex 47.6013 2.3651 27.7651
      vertex 47.7479 2.19792 50.8
      vertex 47.7479 2.19792 27.5979
    endloop
  endfacet
  facet normal -0.831552 -0.555447 -0
    outer loop
      vertex 53.0222 4.25 50.8
      vertex 52.8987 4.43489 29.8349
      vertex 53.0222 4.25 29.65
    endloop
  endfacet
  facet normal -0.831552 -0.555447 0
    outer loop
      vertex 52.8987 4.43489 29.8349
      vertex 53.0222 4.25 50.8
      vertex 52.8987 4.43489 50.8
    endloop
  endfacet
  facet normal -0.321363 0.946956 0
    outer loop
      vertex 52.2006 1.8294 27.2294
      vertex 51.99 1.75793 50.8
      vertex 52.2006 1.8294 50.8
    endloop
  endfacet
  facet normal -0.321363 0.946956 0
    outer loop
      vertex 51.99 1.75793 50.8
      vertex 52.2006 1.8294 27.2294
      vertex 51.99 1.75793 27.1579
    endloop
  endfacet
  facet normal 0.555551 0.831483 0
    outer loop
      vertex 48.1 1.92776 50.8
      vertex 47.9151 2.0513 27.4513
      vertex 47.9151 2.0513 50.8
    endloop
  endfacet
  facet normal 0.555551 0.831483 0
    outer loop
      vertex 47.9151 2.0513 27.4513
      vertex 48.1 1.92776 50.8
      vertex 48.1 1.92776 27.3278
    endloop
  endfacet
  facet normal 0.997872 -0.0652086 0
    outer loop
      vertex 55.25 3.4 50.8
      vertex 55.2645 3.62189 29.0219
      vertex 55.2645 3.62189 50.8
    endloop
  endfacet
  facet normal 0.997872 -0.0652086 0
    outer loop
      vertex 55.2645 3.62189 29.0219
      vertex 55.25 3.4 50.8
      vertex 55.25 3.4 28.8
    endloop
  endfacet
  facet normal -0.946901 0.321525 0
    outer loop
      vertex 61.1206 2.74944 50.8
      vertex 61.1921 2.96001 28.36
      vertex 61.1206 2.74944 28.1494
    endloop
  endfacet
  facet normal -0.946901 0.321525 0
    outer loop
      vertex 61.1921 2.96001 28.36
      vertex 61.1206 2.74944 50.8
      vertex 61.1921 2.96001 50.8
    endloop
  endfacet
  facet normal 0 -1 0
    outer loop
      vertex 56.95 5.1 30.5
      vertex 59.55 5.1 50.8
      vertex 56.95 5.1 50.8
    endloop
  endfacet
  facet normal 0 -1 -0
    outer loop
      vertex 59.55 5.1 50.8
      vertex 56.95 5.1 30.5
      vertex 59.55 5.1 30.5
    endloop
  endfacet
  facet normal 0.896789 -0.442459 0
    outer loop
      vertex 55.3794 4.05056 50.8
      vertex 55.4778 4.25 29.65
      vertex 55.4778 4.25 50.8
    endloop
  endfacet
  facet normal 0.896789 -0.442459 0
    outer loop
      vertex 55.4778 4.25 29.65
      vertex 55.3794 4.05056 50.8
      vertex 55.3794 4.05056 29.4506
    endloop
  endfacet
  facet normal 0.442386 0.896825 0
    outer loop
      vertex 56.2994 1.8294 50.8
      vertex 56.1 1.92776 27.3278
      vertex 56.1 1.92776 50.8
    endloop
  endfacet
  facet normal 0.442386 0.896825 0
    outer loop
      vertex 56.1 1.92776 27.3278
      vertex 56.2994 1.8294 50.8
      vertex 56.2994 1.8294 27.2294
    endloop
  endfacet
  facet normal -0.98077 -0.195165 -0
    outer loop
      vertex 61.2355 3.62189 50.8
      vertex 61.1921 3.83999 29.24
      vertex 61.2355 3.62189 29.0219
    endloop
  endfacet
  facet normal -0.98077 -0.195165 0
    outer loop
      vertex 61.1921 3.83999 29.24
      vertex 61.2355 3.62189 50.8
      vertex 61.1921 3.83999 50.8
    endloop
  endfacet
  facet normal -0.195122 0.980779 0
    outer loop
      vertex 59.99 1.75793 27.1579
      vertex 59.7719 1.71454 50.8
      vertex 59.99 1.75793 50.8
    endloop
  endfacet
  facet normal -0.195122 0.980779 0
    outer loop
      vertex 59.7719 1.71454 50.8
      vertex 59.99 1.75793 27.1579
      vertex 59.7719 1.71454 27.1145
    endloop
  endfacet
  facet normal -0.896789 -0.442459 -0
    outer loop
      vertex 61.1206 4.05056 50.8
      vertex 61.0222 4.25 29.65
      vertex 61.1206 4.05056 29.4506
    endloop
  endfacet
  facet normal -0.896789 -0.442459 0
    outer loop
      vertex 61.0222 4.25 29.65
      vertex 61.1206 4.05056 50.8
      vertex 61.0222 4.25 50.8
    endloop
  endfacet
  facet normal -0.321403 -0.946943 0
    outer loop
      vertex 59.99 5.04207 30.4421
      vertex 60.2006 4.97059 50.8
      vertex 59.99 5.04207 50.8
    endloop
  endfacet
  facet normal -0.321403 -0.946943 -0
    outer loop
      vertex 60.2006 4.97059 50.8
      vertex 59.99 5.04207 30.4421
      vertex 60.2006 4.97059 30.3706
    endloop
  endfacet
  facet normal 0.195122 0.980779 0
    outer loop
      vertex 56.7281 1.71454 50.8
      vertex 56.51 1.75793 27.1579
      vertex 56.51 1.75793 50.8
    endloop
  endfacet
  facet normal 0.195122 0.980779 0
    outer loop
      vertex 56.51 1.75793 27.1579
      vertex 56.7281 1.71454 50.8
      vertex 56.7281 1.71454 27.1145
    endloop
  endfacet
  facet normal 0.831552 -0.555447 0
    outer loop
      vertex 55.4778 4.25 50.8
      vertex 55.6013 4.43489 29.8349
      vertex 55.6013 4.43489 50.8
    endloop
  endfacet
  facet normal 0.831552 -0.555447 0
    outer loop
      vertex 55.6013 4.43489 29.8349
      vertex 55.4778 4.25 50.8
      vertex 55.4778 4.25 29.65
    endloop
  endfacet
  facet normal -0.659319 -0.751863 0
    outer loop
      vertex 60.5849 4.7487 30.1487
      vertex 60.7521 4.60208 50.8
      vertex 60.5849 4.7487 50.8
    endloop
  endfacet
  facet normal -0.659319 -0.751863 -0
    outer loop
      vertex 60.7521 4.60208 50.8
      vertex 60.5849 4.7487 30.1487
      vertex 60.7521 4.60208 30.0021
    endloop
  endfacet
  facet normal 0 1 -0
    outer loop
      vertex 59.55 1.7 27.1
      vertex 56.95 1.7 50.8
      vertex 59.55 1.7 50.8
    endloop
  endfacet
  facet normal 0 1 0
    outer loop
      vertex 56.95 1.7 50.8
      vertex 59.55 1.7 27.1
      vertex 56.95 1.7 27.1
    endloop
  endfacet
  facet normal -0.946901 -0.321525 -0
    outer loop
      vertex 61.1921 3.83999 50.8
      vertex 61.1206 4.05056 29.4506
      vertex 61.1921 3.83999 29.24
    endloop
  endfacet
  facet normal -0.946901 -0.321525 0
    outer loop
      vertex 61.1206 4.05056 29.4506
      vertex 61.1921 3.83999 50.8
      vertex 61.1206 4.05056 50.8
    endloop
  endfacet
  facet normal 0.321403 -0.946943 0
    outer loop
      vertex 56.2994 4.97059 50.8
      vertex 56.51 5.04207 30.4421
      vertex 56.51 5.04207 50.8
    endloop
  endfacet
  facet normal 0.321403 -0.946943 0
    outer loop
      vertex 56.51 5.04207 30.4421
      vertex 56.2994 4.97059 50.8
      vertex 56.2994 4.97059 30.3706
    endloop
  endfacet
  facet normal 0.946901 0.321525 0
    outer loop
      vertex 55.3794 2.74944 50.8
      vertex 55.3079 2.96001 28.36
      vertex 55.3079 2.96001 50.8
    endloop
  endfacet
  facet normal 0.946901 0.321525 0
    outer loop
      vertex 55.3079 2.96001 28.36
      vertex 55.3794 2.74944 50.8
      vertex 55.3794 2.74944 28.1494
    endloop
  endfacet
  facet normal 0.0653848 -0.99786 0
    outer loop
      vertex 56.7281 5.08546 50.8
      vertex 56.95 5.1 30.5
      vertex 56.95 5.1 50.8
    endloop
  endfacet
  facet normal 0.0653848 -0.99786 0
    outer loop
      vertex 56.95 5.1 30.5
      vertex 56.7281 5.08546 50.8
      vertex 56.7281 5.08546 30.4855
    endloop
  endfacet
  facet normal -0.659319 0.751863 0
    outer loop
      vertex 60.7521 2.19792 27.5979
      vertex 60.5849 2.0513 50.8
      vertex 60.7521 2.19792 50.8
    endloop
  endfacet
  facet normal -0.659319 0.751863 0
    outer loop
      vertex 60.5849 2.0513 50.8
      vertex 60.7521 2.19792 27.5979
      vertex 60.5849 2.0513 27.4513
    endloop
  endfacet
  facet normal -0.442386 0.896825 0
    outer loop
      vertex 60.4 1.92776 27.3278
      vertex 60.2006 1.8294 50.8
      vertex 60.4 1.92776 50.8
    endloop
  endfacet
  facet normal -0.442386 0.896825 0
    outer loop
      vertex 60.2006 1.8294 50.8
      vertex 60.4 1.92776 27.3278
      vertex 60.2006 1.8294 27.2294
    endloop
  endfacet
  facet normal -0.442349 -0.896843 0
    outer loop
      vertex 60.2006 4.97059 30.3706
      vertex 60.4 4.87224 50.8
      vertex 60.2006 4.97059 50.8
    endloop
  endfacet
  facet normal -0.442349 -0.896843 -0
    outer loop
      vertex 60.4 4.87224 50.8
      vertex 60.2006 4.97059 30.3706
      vertex 60.4 4.87224 30.2722
    endloop
  endfacet
  facet normal 0.0653848 0.99786 0
    outer loop
      vertex 56.95 1.7 50.8
      vertex 56.7281 1.71454 27.1145
      vertex 56.7281 1.71454 50.8
    endloop
  endfacet
  facet normal 0.0653848 0.99786 0
    outer loop
      vertex 56.7281 1.71454 27.1145
      vertex 56.95 1.7 50.8
      vertex 56.95 1.7 27.1
    endloop
  endfacet
  facet normal -0.831566 0.555426 0
    outer loop
      vertex 60.8987 2.3651 50.8
      vertex 61.0222 2.55 27.95
      vertex 60.8987 2.3651 27.7651
    endloop
  endfacet
  facet normal -0.831566 0.555426 0
    outer loop
      vertex 61.0222 2.55 27.95
      vertex 60.8987 2.3651 50.8
      vertex 61.0222 2.55 50.8
    endloop
  endfacet
  facet normal 0.195122 -0.980779 0
    outer loop
      vertex 56.51 5.04207 50.8
      vertex 56.7281 5.08546 30.4855
      vertex 56.7281 5.08546 50.8
    endloop
  endfacet
  facet normal 0.195122 -0.980779 0
    outer loop
      vertex 56.7281 5.08546 30.4855
      vertex 56.51 5.04207 50.8
      vertex 56.51 5.04207 30.4421
    endloop
  endfacet
  facet normal 0.831566 0.555426 0
    outer loop
      vertex 55.6013 2.3651 50.8
      vertex 55.4778 2.55 27.95
      vertex 55.4778 2.55 50.8
    endloop
  endfacet
  facet normal 0.831566 0.555426 0
    outer loop
      vertex 55.4778 2.55 27.95
      vertex 55.6013 2.3651 50.8
      vertex 55.6013 2.3651 27.7651
    endloop
  endfacet
  facet normal -0.997872 -0.0652086 -0
    outer loop
      vertex 61.25 3.4 50.8
      vertex 61.2355 3.62189 29.0219
      vertex 61.25 3.4 28.8
    endloop
  endfacet
  facet normal -0.997872 -0.0652086 0
    outer loop
      vertex 61.2355 3.62189 29.0219
      vertex 61.25 3.4 50.8
      vertex 61.2355 3.62189 50.8
    endloop
  endfacet
  facet normal -0.0653848 0.99786 0
    outer loop
      vertex 59.7719 1.71454 27.1145
      vertex 59.55 1.7 50.8
      vertex 59.7719 1.71454 50.8
    endloop
  endfacet
  facet normal -0.0653848 0.99786 0
    outer loop
      vertex 59.55 1.7 50.8
      vertex 59.7719 1.71454 27.1145
      vertex 59.55 1.7 27.1
    endloop
  endfacet
  facet normal -0.751869 0.659313 0
    outer loop
      vertex 60.7521 2.19792 50.8
      vertex 60.8987 2.3651 27.7651
      vertex 60.7521 2.19792 27.5979
    endloop
  endfacet
  facet normal -0.751869 0.659313 0
    outer loop
      vertex 60.8987 2.3651 27.7651
      vertex 60.7521 2.19792 50.8
      vertex 60.8987 2.3651 50.8
    endloop
  endfacet
  facet normal 0.896789 0.442459 0
    outer loop
      vertex 55.4778 2.55 50.8
      vertex 55.3794 2.74944 28.1494
      vertex 55.3794 2.74944 50.8
    endloop
  endfacet
  facet normal 0.896789 0.442459 0
    outer loop
      vertex 55.3794 2.74944 28.1494
      vertex 55.4778 2.55 50.8
      vertex 55.4778 2.55 27.95
    endloop
  endfacet
  facet normal 0.659319 -0.751863 0
    outer loop
      vertex 55.7479 4.60208 50.8
      vertex 55.9151 4.7487 30.1487
      vertex 55.9151 4.7487 50.8
    endloop
  endfacet
  facet normal 0.659319 -0.751863 0
    outer loop
      vertex 55.9151 4.7487 30.1487
      vertex 55.7479 4.60208 50.8
      vertex 55.7479 4.60208 30.0021
    endloop
  endfacet
  facet normal 0.997872 0.0652086 0
    outer loop
      vertex 55.2645 3.17811 50.8
      vertex 55.25 3.4 28.8
      vertex 55.25 3.4 50.8
    endloop
  endfacet
  facet normal 0.997872 0.0652086 0
    outer loop
      vertex 55.25 3.4 28.8
      vertex 55.2645 3.17811 50.8
      vertex 55.2645 3.17811 28.5781
    endloop
  endfacet
  facet normal 0.442349 -0.896843 0
    outer loop
      vertex 56.1 4.87224 50.8
      vertex 56.2994 4.97059 30.3706
      vertex 56.2994 4.97059 50.8
    endloop
  endfacet
  facet normal 0.442349 -0.896843 0
    outer loop
      vertex 56.2994 4.97059 30.3706
      vertex 56.1 4.87224 50.8
      vertex 56.1 4.87224 30.2722
    endloop
  endfacet
  facet normal 0.555551 -0.831483 0
    outer loop
      vertex 55.9151 4.7487 50.8
      vertex 56.1 4.87224 30.2722
      vertex 56.1 4.87224 50.8
    endloop
  endfacet
  facet normal 0.555551 -0.831483 0
    outer loop
      vertex 56.1 4.87224 30.2722
      vertex 55.9151 4.7487 50.8
      vertex 55.9151 4.7487 30.1487
    endloop
  endfacet
  facet normal -0.896789 0.442459 0
    outer loop
      vertex 61.0222 2.55 50.8
      vertex 61.1206 2.74944 28.1494
      vertex 61.0222 2.55 27.95
    endloop
  endfacet
  facet normal -0.896789 0.442459 0
    outer loop
      vertex 61.1206 2.74944 28.1494
      vertex 61.0222 2.55 50.8
      vertex 61.1206 2.74944 50.8
    endloop
  endfacet
  facet normal 0.751888 -0.659291 0
    outer loop
      vertex 55.6013 4.43489 50.8
      vertex 55.7479 4.60208 30.0021
      vertex 55.7479 4.60208 50.8
    endloop
  endfacet
  facet normal 0.751888 -0.659291 0
    outer loop
      vertex 55.7479 4.60208 30.0021
      vertex 55.6013 4.43489 50.8
      vertex 55.6013 4.43489 29.8349
    endloop
  endfacet
  facet normal -0.555551 -0.831483 0
    outer loop
      vertex 60.4 4.87224 30.2722
      vertex 60.5849 4.7487 50.8
      vertex 60.4 4.87224 50.8
    endloop
  endfacet
  facet normal -0.555551 -0.831483 -0
    outer loop
      vertex 60.5849 4.7487 50.8
      vertex 60.4 4.87224 30.2722
      vertex 60.5849 4.7487 30.1487
    endloop
  endfacet
  facet normal -0.98077 0.195165 0
    outer loop
      vertex 61.1921 2.96001 50.8
      vertex 61.2355 3.17811 28.5781
      vertex 61.1921 2.96001 28.36
    endloop
  endfacet
  facet normal -0.98077 0.195165 0
    outer loop
      vertex 61.2355 3.17811 28.5781
      vertex 61.1921 2.96001 50.8
      vertex 61.2355 3.17811 50.8
    endloop
  endfacet
  facet normal -0.997872 0.0652086 0
    outer loop
      vertex 61.2355 3.17811 50.8
      vertex 61.25 3.4 28.8
      vertex 61.2355 3.17811 28.5781
    endloop
  endfacet
  facet normal -0.997872 0.0652086 0
    outer loop
      vertex 61.25 3.4 28.8
      vertex 61.2355 3.17811 50.8
      vertex 61.25 3.4 50.8
    endloop
  endfacet
  facet normal 0.946901 -0.321525 0
    outer loop
      vertex 55.3079 3.83999 50.8
      vertex 55.3794 4.05056 29.4506
      vertex 55.3794 4.05056 50.8
    endloop
  endfacet
  facet normal 0.946901 -0.321525 0
    outer loop
      vertex 55.3794 4.05056 29.4506
      vertex 55.3079 3.83999 50.8
      vertex 55.3079 3.83999 29.24
    endloop
  endfacet
  facet normal 0.98077 -0.195165 0
    outer loop
      vertex 55.2645 3.62189 50.8
      vertex 55.3079 3.83999 29.24
      vertex 55.3079 3.83999 50.8
    endloop
  endfacet
  facet normal 0.98077 -0.195165 0
    outer loop
      vertex 55.3079 3.83999 29.24
      vertex 55.2645 3.62189 50.8
      vertex 55.2645 3.62189 29.0219
    endloop
  endfacet
  facet normal -0.195122 -0.980779 0
    outer loop
      vertex 59.7719 5.08546 30.4855
      vertex 59.99 5.04207 50.8
      vertex 59.7719 5.08546 50.8
    endloop
  endfacet
  facet normal -0.195122 -0.980779 -0
    outer loop
      vertex 59.99 5.04207 50.8
      vertex 59.7719 5.08546 30.4855
      vertex 59.99 5.04207 30.4421
    endloop
  endfacet
  facet normal 0.659319 0.751863 0
    outer loop
      vertex 55.9151 2.0513 50.8
      vertex 55.7479 2.19792 27.5979
      vertex 55.7479 2.19792 50.8
    endloop
  endfacet
  facet normal 0.659319 0.751863 0
    outer loop
      vertex 55.7479 2.19792 27.5979
      vertex 55.9151 2.0513 50.8
      vertex 55.9151 2.0513 27.4513
    endloop
  endfacet
  facet normal -0.0653848 -0.99786 0
    outer loop
      vertex 59.55 5.1 30.5
      vertex 59.7719 5.08546 50.8
      vertex 59.55 5.1 50.8
    endloop
  endfacet
  facet normal -0.0653848 -0.99786 -0
    outer loop
      vertex 59.7719 5.08546 50.8
      vertex 59.55 5.1 30.5
      vertex 59.7719 5.08546 30.4855
    endloop
  endfacet
  facet normal 0.98077 0.195165 0
    outer loop
      vertex 55.3079 2.96001 50.8
      vertex 55.2645 3.17811 28.5781
      vertex 55.2645 3.17811 50.8
    endloop
  endfacet
  facet normal 0.98077 0.195165 0
    outer loop
      vertex 55.2645 3.17811 28.5781
      vertex 55.3079 2.96001 50.8
      vertex 55.3079 2.96001 28.36
    endloop
  endfacet
  facet normal 0.321363 0.946956 0
    outer loop
      vertex 56.51 1.75793 50.8
      vertex 56.2994 1.8294 27.2294
      vertex 56.2994 1.8294 50.8
    endloop
  endfacet
  facet normal 0.321363 0.946956 0
    outer loop
      vertex 56.2994 1.8294 27.2294
      vertex 56.51 1.75793 50.8
      vertex 56.51 1.75793 27.1579
    endloop
  endfacet
  facet normal -0.555551 0.831483 0
    outer loop
      vertex 60.5849 2.0513 27.4513
      vertex 60.4 1.92776 50.8
      vertex 60.5849 2.0513 50.8
    endloop
  endfacet
  facet normal -0.555551 0.831483 0
    outer loop
      vertex 60.4 1.92776 50.8
      vertex 60.5849 2.0513 27.4513
      vertex 60.4 1.92776 27.3278
    endloop
  endfacet
  facet normal 0.751869 0.659313 0
    outer loop
      vertex 55.7479 2.19792 50.8
      vertex 55.6013 2.3651 27.7651
      vertex 55.6013 2.3651 50.8
    endloop
  endfacet
  facet normal 0.751869 0.659313 0
    outer loop
      vertex 55.6013 2.3651 27.7651
      vertex 55.7479 2.19792 50.8
      vertex 55.7479 2.19792 27.5979
    endloop
  endfacet
  facet normal -0.831552 -0.555447 -0
    outer loop
      vertex 61.0222 4.25 50.8
      vertex 60.8987 4.43489 29.8349
      vertex 61.0222 4.25 29.65
    endloop
  endfacet
  facet normal -0.831552 -0.555447 0
    outer loop
      vertex 60.8987 4.43489 29.8349
      vertex 61.0222 4.25 50.8
      vertex 60.8987 4.43489 50.8
    endloop
  endfacet
  facet normal -0.751888 -0.659291 -0
    outer loop
      vertex 60.8987 4.43489 50.8
      vertex 60.7521 4.60208 30.0021
      vertex 60.8987 4.43489 29.8349
    endloop
  endfacet
  facet normal -0.751888 -0.659291 0
    outer loop
      vertex 60.7521 4.60208 30.0021
      vertex 60.8987 4.43489 50.8
      vertex 60.7521 4.60208 50.8
    endloop
  endfacet
  facet normal -0.321363 0.946956 0
    outer loop
      vertex 60.2006 1.8294 27.2294
      vertex 59.99 1.75793 50.8
      vertex 60.2006 1.8294 50.8
    endloop
  endfacet
  facet normal -0.321363 0.946956 0
    outer loop
      vertex 59.99 1.75793 50.8
      vertex 60.2006 1.8294 27.2294
      vertex 59.99 1.75793 27.1579
    endloop
  endfacet
  facet normal 0.555551 0.831483 0
    outer loop
      vertex 56.1 1.92776 50.8
      vertex 55.9151 2.0513 27.4513
      vertex 55.9151 2.0513 50.8
    endloop
  endfacet
  facet normal 0.555551 0.831483 0
    outer loop
      vertex 55.9151 2.0513 27.4513
      vertex 56.1 1.92776 50.8
      vertex 56.1 1.92776 27.3278
    endloop
  endfacet
  facet normal 0.997872 -0.0652086 0
    outer loop
      vertex 63.25 3.4 50.8
      vertex 63.2645 3.62189 29.0219
      vertex 63.2645 3.62189 50.8
    endloop
  endfacet
  facet normal 0.997872 -0.0652086 0
    outer loop
      vertex 63.2645 3.62189 29.0219
      vertex 63.25 3.4 50.8
      vertex 63.25 3.4 28.8
    endloop
  endfacet
  facet normal 0 -1 0
    outer loop
      vertex 64.95 5.1 30.5
      vertex 67.55 5.1 50.8
      vertex 64.95 5.1 50.8
    endloop
  endfacet
  facet normal 0 -1 -0
    outer loop
      vertex 67.55 5.1 50.8
      vertex 64.95 5.1 30.5
      vertex 67.55 5.1 30.5
    endloop
  endfacet
  facet normal 0.896789 -0.442459 0
    outer loop
      vertex 63.3794 4.05056 50.8
      vertex 63.4778 4.25 29.65
      vertex 63.4778 4.25 50.8
    endloop
  endfacet
  facet normal 0.896789 -0.442459 0
    outer loop
      vertex 63.4778 4.25 29.65
      vertex 63.3794 4.05056 50.8
      vertex 63.3794 4.05056 29.4506
    endloop
  endfacet
  facet normal 0.442386 0.896825 0
    outer loop
      vertex 64.2994 1.8294 50.8
      vertex 64.1 1.92776 27.3278
      vertex 64.1 1.92776 50.8
    endloop
  endfacet
  facet normal 0.442386 0.896825 0
    outer loop
      vertex 64.1 1.92776 27.3278
      vertex 64.2994 1.8294 50.8
      vertex 64.2994 1.8294 27.2294
    endloop
  endfacet
  facet normal -0.98077 -0.195165 -0
    outer loop
      vertex 69.2355 3.62189 50.8
      vertex 69.1921 3.83999 29.24
      vertex 69.2355 3.62189 29.0219
    endloop
  endfacet
  facet normal -0.98077 -0.195165 0
    outer loop
      vertex 69.1921 3.83999 29.24
      vertex 69.2355 3.62189 50.8
      vertex 69.1921 3.83999 50.8
    endloop
  endfacet
  facet normal -0.195122 0.980779 0
    outer loop
      vertex 67.99 1.75793 27.1579
      vertex 67.7719 1.71454 50.8
      vertex 67.99 1.75793 50.8
    endloop
  endfacet
  facet normal -0.195122 0.980779 0
    outer loop
      vertex 67.7719 1.71454 50.8
      vertex 67.99 1.75793 27.1579
      vertex 67.7719 1.71454 27.1145
    endloop
  endfacet
  facet normal -0.896789 -0.442459 -0
    outer loop
      vertex 69.1206 4.05056 50.8
      vertex 69.0222 4.25 29.65
      vertex 69.1206 4.05056 29.4506
    endloop
  endfacet
  facet normal -0.896789 -0.442459 0
    outer loop
      vertex 69.0222 4.25 29.65
      vertex 69.1206 4.05056 50.8
      vertex 69.0222 4.25 50.8
    endloop
  endfacet
  facet normal -0.321403 -0.946943 0
    outer loop
      vertex 67.99 5.04207 30.4421
      vertex 68.2006 4.97059 50.8
      vertex 67.99 5.04207 50.8
    endloop
  endfacet
  facet normal -0.321403 -0.946943 -0
    outer loop
      vertex 68.2006 4.97059 50.8
      vertex 67.99 5.04207 30.4421
      vertex 68.2006 4.97059 30.3706
    endloop
  endfacet
  facet normal 0.195122 0.980779 0
    outer loop
      vertex 64.7281 1.71454 50.8
      vertex 64.51 1.75793 27.1579
      vertex 64.51 1.75793 50.8
    endloop
  endfacet
  facet normal 0.195122 0.980779 0
    outer loop
      vertex 64.51 1.75793 27.1579
      vertex 64.7281 1.71454 50.8
      vertex 64.7281 1.71454 27.1145
    endloop
  endfacet
  facet normal 0.831552 -0.555447 0
    outer loop
      vertex 63.4778 4.25 50.8
      vertex 63.6013 4.43489 29.8349
      vertex 63.6013 4.43489 50.8
    endloop
  endfacet
  facet normal 0.831552 -0.555447 0
    outer loop
      vertex 63.6013 4.43489 29.8349
      vertex 63.4778 4.25 50.8
      vertex 63.4778 4.25 29.65
    endloop
  endfacet
  facet normal -0.659319 -0.751863 0
    outer loop
      vertex 68.5849 4.7487 30.1487
      vertex 68.7521 4.60208 50.8
      vertex 68.5849 4.7487 50.8
    endloop
  endfacet
  facet normal -0.659319 -0.751863 -0
    outer loop
      vertex 68.7521 4.60208 50.8
      vertex 68.5849 4.7487 30.1487
      vertex 68.7521 4.60208 30.0021
    endloop
  endfacet
  facet normal 0 1 -0
    outer loop
      vertex 67.55 1.7 27.1
      vertex 64.95 1.7 50.8
      vertex 67.55 1.7 50.8
    endloop
  endfacet
  facet normal 0 1 0
    outer loop
      vertex 64.95 1.7 50.8
      vertex 67.55 1.7 27.1
      vertex 64.95 1.7 27.1
    endloop
  endfacet
  facet normal -0.946901 -0.321525 -0
    outer loop
      vertex 69.1921 3.83999 50.8
      vertex 69.1206 4.05056 29.4506
      vertex 69.1921 3.83999 29.24
    endloop
  endfacet
  facet normal -0.946901 -0.321525 0
    outer loop
      vertex 69.1206 4.05056 29.4506
      vertex 69.1921 3.83999 50.8
      vertex 69.1206 4.05056 50.8
    endloop
  endfacet
  facet normal 0.321403 -0.946943 0
    outer loop
      vertex 64.2994 4.97059 50.8
      vertex 64.51 5.04207 30.4421
      vertex 64.51 5.04207 50.8
    endloop
  endfacet
  facet normal 0.321403 -0.946943 0
    outer loop
      vertex 64.51 5.04207 30.4421
      vertex 64.2994 4.97059 50.8
      vertex 64.2994 4.97059 30.3706
    endloop
  endfacet
  facet normal 0.946901 0.321525 0
    outer loop
      vertex 63.3794 2.74944 50.8
      vertex 63.3079 2.96001 28.36
      vertex 63.3079 2.96001 50.8
    endloop
  endfacet
  facet normal 0.946901 0.321525 0
    outer loop
      vertex 63.3079 2.96001 28.36
      vertex 63.3794 2.74944 50.8
      vertex 63.3794 2.74944 28.1494
    endloop
  endfacet
  facet normal 0.0653848 -0.99786 0
    outer loop
      vertex 64.7281 5.08546 50.8
      vertex 64.95 5.1 30.5
      vertex 64.95 5.1 50.8
    endloop
  endfacet
  facet normal 0.0653848 -0.99786 0
    outer loop
      vertex 64.95 5.1 30.5
      vertex 64.7281 5.08546 50.8
      vertex 64.7281 5.08546 30.4855
    endloop
  endfacet
  facet normal -0.659319 0.751863 0
    outer loop
      vertex 68.7521 2.19792 27.5979
      vertex 68.5849 2.0513 50.8
      vertex 68.7521 2.19792 50.8
    endloop
  endfacet
  facet normal -0.659319 0.751863 0
    outer loop
      vertex 68.5849 2.0513 50.8
      vertex 68.7521 2.19792 27.5979
      vertex 68.5849 2.0513 27.4513
    endloop
  endfacet
  facet normal -0.442386 0.896825 0
    outer loop
      vertex 68.4 1.92776 27.3278
      vertex 68.2006 1.8294 50.8
      vertex 68.4 1.92776 50.8
    endloop
  endfacet
  facet normal -0.442386 0.896825 0
    outer loop
      vertex 68.2006 1.8294 50.8
      vertex 68.4 1.92776 27.3278
      vertex 68.2006 1.8294 27.2294
    endloop
  endfacet
  facet normal -0.442349 -0.896843 0
    outer loop
      vertex 68.2006 4.97059 30.3706
      vertex 68.4 4.87224 50.8
      vertex 68.2006 4.97059 50.8
    endloop
  endfacet
  facet normal -0.442349 -0.896843 -0
    outer loop
      vertex 68.4 4.87224 50.8
      vertex 68.2006 4.97059 30.3706
      vertex 68.4 4.87224 30.2722
    endloop
  endfacet
  facet normal 0.0653848 0.99786 0
    outer loop
      vertex 64.95 1.7 50.8
      vertex 64.7281 1.71454 27.1145
      vertex 64.7281 1.71454 50.8
    endloop
  endfacet
  facet normal 0.0653848 0.99786 0
    outer loop
      vertex 64.7281 1.71454 27.1145
      vertex 64.95 1.7 50.8
      vertex 64.95 1.7 27.1
    endloop
  endfacet
  facet normal -0.751888 -0.659291 -0
    outer loop
      vertex 68.8987 4.43489 50.8
      vertex 68.7521 4.60208 30.0021
      vertex 68.8987 4.43489 29.8349
    endloop
  endfacet
  facet normal -0.751888 -0.659291 0
    outer loop
      vertex 68.7521 4.60208 30.0021
      vertex 68.8987 4.43489 50.8
      vertex 68.7521 4.60208 50.8
    endloop
  endfacet
  facet normal -0.831566 0.555426 0
    outer loop
      vertex 68.8987 2.3651 50.8
      vertex 69.0222 2.55 27.95
      vertex 68.8987 2.3651 27.7651
    endloop
  endfacet
  facet normal -0.831566 0.555426 0
    outer loop
      vertex 69.0222 2.55 27.95
      vertex 68.8987 2.3651 50.8
      vertex 69.0222 2.55 50.8
    endloop
  endfacet
  facet normal 0.195122 -0.980779 0
    outer loop
      vertex 64.51 5.04207 50.8
      vertex 64.7281 5.08546 30.4855
      vertex 64.7281 5.08546 50.8
    endloop
  endfacet
  facet normal 0.195122 -0.980779 0
    outer loop
      vertex 64.7281 5.08546 30.4855
      vertex 64.51 5.04207 50.8
      vertex 64.51 5.04207 30.4421
    endloop
  endfacet
  facet normal 0.831566 0.555426 0
    outer loop
      vertex 63.6013 2.3651 50.8
      vertex 63.4778 2.55 27.95
      vertex 63.4778 2.55 50.8
    endloop
  endfacet
  facet normal 0.831566 0.555426 0
    outer loop
      vertex 63.4778 2.55 27.95
      vertex 63.6013 2.3651 50.8
      vertex 63.6013 2.3651 27.7651
    endloop
  endfacet
  facet normal -0.997872 -0.0652086 -0
    outer loop
      vertex 69.25 3.4 50.8
      vertex 69.2355 3.62189 29.0219
      vertex 69.25 3.4 28.8
    endloop
  endfacet
  facet normal -0.997872 -0.0652086 0
    outer loop
      vertex 69.2355 3.62189 29.0219
      vertex 69.25 3.4 50.8
      vertex 69.2355 3.62189 50.8
    endloop
  endfacet
  facet normal -0.0653848 0.99786 0
    outer loop
      vertex 67.7719 1.71454 27.1145
      vertex 67.55 1.7 50.8
      vertex 67.7719 1.71454 50.8
    endloop
  endfacet
  facet normal -0.0653848 0.99786 0
    outer loop
      vertex 67.55 1.7 50.8
      vertex 67.7719 1.71454 27.1145
      vertex 67.55 1.7 27.1
    endloop
  endfacet
  facet normal -0.751869 0.659313 0
    outer loop
      vertex 68.7521 2.19792 50.8
      vertex 68.8987 2.3651 27.7651
      vertex 68.7521 2.19792 27.5979
    endloop
  endfacet
  facet normal -0.751869 0.659313 0
    outer loop
      vertex 68.8987 2.3651 27.7651
      vertex 68.7521 2.19792 50.8
      vertex 68.8987 2.3651 50.8
    endloop
  endfacet
  facet normal 0.896789 0.442459 0
    outer loop
      vertex 63.4778 2.55 50.8
      vertex 63.3794 2.74944 28.1494
      vertex 63.3794 2.74944 50.8
    endloop
  endfacet
  facet normal 0.896789 0.442459 0
    outer loop
      vertex 63.3794 2.74944 28.1494
      vertex 63.4778 2.55 50.8
      vertex 63.4778 2.55 27.95
    endloop
  endfacet
  facet normal 0.659319 -0.751863 0
    outer loop
      vertex 63.7479 4.60208 50.8
      vertex 63.9151 4.7487 30.1487
      vertex 63.9151 4.7487 50.8
    endloop
  endfacet
  facet normal 0.659319 -0.751863 0
    outer loop
      vertex 63.9151 4.7487 30.1487
      vertex 63.7479 4.60208 50.8
      vertex 63.7479 4.60208 30.0021
    endloop
  endfacet
  facet normal 0.997872 0.0652086 0
    outer loop
      vertex 63.2645 3.17811 50.8
      vertex 63.25 3.4 28.8
      vertex 63.25 3.4 50.8
    endloop
  endfacet
  facet normal 0.997872 0.0652086 0
    outer loop
      vertex 63.25 3.4 28.8
      vertex 63.2645 3.17811 50.8
      vertex 63.2645 3.17811 28.5781
    endloop
  endfacet
  facet normal 0.442349 -0.896843 0
    outer loop
      vertex 64.1 4.87224 50.8
      vertex 64.2994 4.97059 30.3706
      vertex 64.2994 4.97059 50.8
    endloop
  endfacet
  facet normal 0.442349 -0.896843 0
    outer loop
      vertex 64.2994 4.97059 30.3706
      vertex 64.1 4.87224 50.8
      vertex 64.1 4.87224 30.2722
    endloop
  endfacet
  facet normal 0.555551 -0.831483 0
    outer loop
      vertex 63.9151 4.7487 50.8
      vertex 64.1 4.87224 30.2722
      vertex 64.1 4.87224 50.8
    endloop
  endfacet
  facet normal 0.555551 -0.831483 0
    outer loop
      vertex 64.1 4.87224 30.2722
      vertex 63.9151 4.7487 50.8
      vertex 63.9151 4.7487 30.1487
    endloop
  endfacet
  facet normal -0.896789 0.442459 0
    outer loop
      vertex 69.0222 2.55 50.8
      vertex 69.1206 2.74944 28.1494
      vertex 69.0222 2.55 27.95
    endloop
  endfacet
  facet normal -0.896789 0.442459 0
    outer loop
      vertex 69.1206 2.74944 28.1494
      vertex 69.0222 2.55 50.8
      vertex 69.1206 2.74944 50.8
    endloop
  endfacet
  facet normal 0.751888 -0.659291 0
    outer loop
      vertex 63.6013 4.43489 50.8
      vertex 63.7479 4.60208 30.0021
      vertex 63.7479 4.60208 50.8
    endloop
  endfacet
  facet normal 0.751888 -0.659291 0
    outer loop
      vertex 63.7479 4.60208 30.0021
      vertex 63.6013 4.43489 50.8
      vertex 63.6013 4.43489 29.8349
    endloop
  endfacet
  facet normal -0.555551 -0.831483 0
    outer loop
      vertex 68.4 4.87224 30.2722
      vertex 68.5849 4.7487 50.8
      vertex 68.4 4.87224 50.8
    endloop
  endfacet
  facet normal -0.555551 -0.831483 -0
    outer loop
      vertex 68.5849 4.7487 50.8
      vertex 68.4 4.87224 30.2722
      vertex 68.5849 4.7487 30.1487
    endloop
  endfacet
  facet normal -0.98077 0.195165 0
    outer loop
      vertex 69.1921 2.96001 50.8
      vertex 69.2355 3.17811 28.5781
      vertex 69.1921 2.96001 28.36
    endloop
  endfacet
  facet normal -0.98077 0.195165 0
    outer loop
      vertex 69.2355 3.17811 28.5781
      vertex 69.1921 2.96001 50.8
      vertex 69.2355 3.17811 50.8
    endloop
  endfacet
  facet normal -0.997872 0.0652086 0
    outer loop
      vertex 69.2355 3.17811 50.8
      vertex 69.25 3.4 28.8
      vertex 69.2355 3.17811 28.5781
    endloop
  endfacet
  facet normal -0.997872 0.0652086 0
    outer loop
      vertex 69.25 3.4 28.8
      vertex 69.2355 3.17811 50.8
      vertex 69.25 3.4 50.8
    endloop
  endfacet
  facet normal 0.946901 -0.321525 0
    outer loop
      vertex 63.3079 3.83999 50.8
      vertex 63.3794 4.05056 29.4506
      vertex 63.3794 4.05056 50.8
    endloop
  endfacet
  facet normal 0.946901 -0.321525 0
    outer loop
      vertex 63.3794 4.05056 29.4506
      vertex 63.3079 3.83999 50.8
      vertex 63.3079 3.83999 29.24
    endloop
  endfacet
  facet normal 0.98077 -0.195165 0
    outer loop
      vertex 63.2645 3.62189 50.8
      vertex 63.3079 3.83999 29.24
      vertex 63.3079 3.83999 50.8
    endloop
  endfacet
  facet normal 0.98077 -0.195165 0
    outer loop
      vertex 63.3079 3.83999 29.24
      vertex 63.2645 3.62189 50.8
      vertex 63.2645 3.62189 29.0219
    endloop
  endfacet
  facet normal -0.195122 -0.980779 0
    outer loop
      vertex 67.7719 5.08546 30.4855
      vertex 67.99 5.04207 50.8
      vertex 67.7719 5.08546 50.8
    endloop
  endfacet
  facet normal -0.195122 -0.980779 -0
    outer loop
      vertex 67.99 5.04207 50.8
      vertex 67.7719 5.08546 30.4855
      vertex 67.99 5.04207 30.4421
    endloop
  endfacet
  facet normal -0.946901 0.321525 0
    outer loop
      vertex 69.1206 2.74944 50.8
      vertex 69.1921 2.96001 28.36
      vertex 69.1206 2.74944 28.1494
    endloop
  endfacet
  facet normal -0.946901 0.321525 0
    outer loop
      vertex 69.1921 2.96001 28.36
      vertex 69.1206 2.74944 50.8
      vertex 69.1921 2.96001 50.8
    endloop
  endfacet
  facet normal 0.659319 0.751863 0
    outer loop
      vertex 63.9151 2.0513 50.8
      vertex 63.7479 2.19792 27.5979
      vertex 63.7479 2.19792 50.8
    endloop
  endfacet
  facet normal 0.659319 0.751863 0
    outer loop
      vertex 63.7479 2.19792 27.5979
      vertex 63.9151 2.0513 50.8
      vertex 63.9151 2.0513 27.4513
    endloop
  endfacet
  facet normal -0.0653848 -0.99786 0
    outer loop
      vertex 67.55 5.1 30.5
      vertex 67.7719 5.08546 50.8
      vertex 67.55 5.1 50.8
    endloop
  endfacet
  facet normal -0.0653848 -0.99786 -0
    outer loop
      vertex 67.7719 5.08546 50.8
      vertex 67.55 5.1 30.5
      vertex 67.7719 5.08546 30.4855
    endloop
  endfacet
  facet normal 0.98077 0.195165 0
    outer loop
      vertex 63.3079 2.96001 50.8
      vertex 63.2645 3.17811 28.5781
      vertex 63.2645 3.17811 50.8
    endloop
  endfacet
  facet normal 0.98077 0.195165 0
    outer loop
      vertex 63.2645 3.17811 28.5781
      vertex 63.3079 2.96001 50.8
      vertex 63.3079 2.96001 28.36
    endloop
  endfacet
  facet normal 0.321363 0.946956 0
    outer loop
      vertex 64.51 1.75793 50.8
      vertex 64.2994 1.8294 27.2294
      vertex 64.2994 1.8294 50.8
    endloop
  endfacet
  facet normal 0.321363 0.946956 0
    outer loop
      vertex 64.2994 1.8294 27.2294
      vertex 64.51 1.75793 50.8
      vertex 64.51 1.75793 27.1579
    endloop
  endfacet
  facet normal -0.555551 0.831483 0
    outer loop
      vertex 68.5849 2.0513 27.4513
      vertex 68.4 1.92776 50.8
      vertex 68.5849 2.0513 50.8
    endloop
  endfacet
  facet normal -0.555551 0.831483 0
    outer loop
      vertex 68.4 1.92776 50.8
      vertex 68.5849 2.0513 27.4513
      vertex 68.4 1.92776 27.3278
    endloop
  endfacet
  facet normal 0.751869 0.659313 0
    outer loop
      vertex 63.7479 2.19792 50.8
      vertex 63.6013 2.3651 27.7651
      vertex 63.6013 2.3651 50.8
    endloop
  endfacet
  facet normal 0.751869 0.659313 0
    outer loop
      vertex 63.6013 2.3651 27.7651
      vertex 63.7479 2.19792 50.8
      vertex 63.7479 2.19792 27.5979
    endloop
  endfacet
  facet normal -0.831552 -0.555447 -0
    outer loop
      vertex 69.0222 4.25 50.8
      vertex 68.8987 4.43489 29.8349
      vertex 69.0222 4.25 29.65
    endloop
  endfacet
  facet normal -0.831552 -0.555447 0
    outer loop
      vertex 68.8987 4.43489 29.8349
      vertex 69.0222 4.25 50.8
      vertex 68.8987 4.43489 50.8
    endloop
  endfacet
  facet normal -0.321363 0.946956 0
    outer loop
      vertex 68.2006 1.8294 27.2294
      vertex 67.99 1.75793 50.8
      vertex 68.2006 1.8294 50.8
    endloop
  endfacet
  facet normal -0.321363 0.946956 0
    outer loop
      vertex 67.99 1.75793 50.8
      vertex 68.2006 1.8294 27.2294
      vertex 67.99 1.75793 27.1579
    endloop
  endfacet
  facet normal 0.555551 0.831483 0
    outer loop
      vertex 64.1 1.92776 50.8
      vertex 63.9151 2.0513 27.4513
      vertex 63.9151 2.0513 50.8
    endloop
  endfacet
  facet normal 0.555551 0.831483 0
    outer loop
      vertex 63.9151 2.0513 27.4513
      vertex 64.1 1.92776 50.8
      vertex 64.1 1.92776 27.3278
    endloop
  endfacet
  facet normal 0.997872 -0.0652086 0
    outer loop
      vertex 71.25 3.4 50.8
      vertex 71.2645 3.62189 29.0219
      vertex 71.2645 3.62189 50.8
    endloop
  endfacet
  facet normal 0.997872 -0.0652086 0
    outer loop
      vertex 71.2645 3.62189 29.0219
      vertex 71.25 3.4 50.8
      vertex 71.25 3.4 28.8
    endloop
  endfacet
  facet normal 0 -1 0
    outer loop
      vertex 72.95 5.1 30.5
      vertex 75.55 5.1 50.8
      vertex 72.95 5.1 50.8
    endloop
  endfacet
  facet normal 0 -1 -0
    outer loop
      vertex 75.55 5.1 50.8
      vertex 72.95 5.1 30.5
      vertex 75.55 5.1 30.5
    endloop
  endfacet
  facet normal 0.896789 -0.442459 0
    outer loop
      vertex 71.3794 4.05056 50.8
      vertex 71.4778 4.25 29.65
      vertex 71.4778 4.25 50.8
    endloop
  endfacet
  facet normal 0.896789 -0.442459 0
    outer loop
      vertex 71.4778 4.25 29.65
      vertex 71.3794 4.05056 50.8
      vertex 71.3794 4.05056 29.4506
    endloop
  endfacet
  facet normal 0.442386 0.896825 0
    outer loop
      vertex 72.2994 1.8294 50.8
      vertex 72.1 1.92776 27.3278
      vertex 72.1 1.92776 50.8
    endloop
  endfacet
  facet normal 0.442386 0.896825 0
    outer loop
      vertex 72.1 1.92776 27.3278
      vertex 72.2994 1.8294 50.8
      vertex 72.2994 1.8294 27.2294
    endloop
  endfacet
  facet normal -0.98077 -0.195165 -0
    outer loop
      vertex 77.2355 3.62189 50.8
      vertex 77.1921 3.83999 29.24
      vertex 77.2355 3.62189 29.0219
    endloop
  endfacet
  facet normal -0.98077 -0.195165 0
    outer loop
      vertex 77.1921 3.83999 29.24
      vertex 77.2355 3.62189 50.8
      vertex 77.1921 3.83999 50.8
    endloop
  endfacet
  facet normal -0.195122 0.980779 0
    outer loop
      vertex 75.99 1.75793 27.1579
      vertex 75.7719 1.71454 50.8
      vertex 75.99 1.75793 50.8
    endloop
  endfacet
  facet normal -0.195122 0.980779 0
    outer loop
      vertex 75.7719 1.71454 50.8
      vertex 75.99 1.75793 27.1579
      vertex 75.7719 1.71454 27.1145
    endloop
  endfacet
  facet normal -0.896789 -0.442459 -0
    outer loop
      vertex 77.1206 4.05056 50.8
      vertex 77.0222 4.25 29.65
      vertex 77.1206 4.05056 29.4506
    endloop
  endfacet
  facet normal -0.896789 -0.442459 0
    outer loop
      vertex 77.0222 4.25 29.65
      vertex 77.1206 4.05056 50.8
      vertex 77.0222 4.25 50.8
    endloop
  endfacet
  facet normal -0.321403 -0.946943 0
    outer loop
      vertex 75.99 5.04207 30.4421
      vertex 76.2006 4.97059 50.8
      vertex 75.99 5.04207 50.8
    endloop
  endfacet
  facet normal -0.321403 -0.946943 -0
    outer loop
      vertex 76.2006 4.97059 50.8
      vertex 75.99 5.04207 30.4421
      vertex 76.2006 4.97059 30.3706
    endloop
  endfacet
  facet normal 0.195122 0.980779 0
    outer loop
      vertex 72.7281 1.71454 50.8
      vertex 72.51 1.75793 27.1579
      vertex 72.51 1.75793 50.8
    endloop
  endfacet
  facet normal 0.195122 0.980779 0
    outer loop
      vertex 72.51 1.75793 27.1579
      vertex 72.7281 1.71454 50.8
      vertex 72.7281 1.71454 27.1145
    endloop
  endfacet
  facet normal 0.831552 -0.555447 0
    outer loop
      vertex 71.4778 4.25 50.8
      vertex 71.6013 4.43489 29.8349
      vertex 71.6013 4.43489 50.8
    endloop
  endfacet
  facet normal 0.831552 -0.555447 0
    outer loop
      vertex 71.6013 4.43489 29.8349
      vertex 71.4778 4.25 50.8
      vertex 71.4778 4.25 29.65
    endloop
  endfacet
  facet normal -0.659319 -0.751863 0
    outer loop
      vertex 76.5849 4.7487 30.1487
      vertex 76.7521 4.60208 50.8
      vertex 76.5849 4.7487 50.8
    endloop
  endfacet
  facet normal -0.659319 -0.751863 -0
    outer loop
      vertex 76.7521 4.60208 50.8
      vertex 76.5849 4.7487 30.1487
      vertex 76.7521 4.60208 30.0021
    endloop
  endfacet
  facet normal 0 1 -0
    outer loop
      vertex 75.55 1.7 27.1
      vertex 72.95 1.7 50.8
      vertex 75.55 1.7 50.8
    endloop
  endfacet
  facet normal 0 1 0
    outer loop
      vertex 72.95 1.7 50.8
      vertex 75.55 1.7 27.1
      vertex 72.95 1.7 27.1
    endloop
  endfacet
  facet normal -0.946901 -0.321525 -0
    outer loop
      vertex 77.1921 3.83999 50.8
      vertex 77.1206 4.05056 29.4506
      vertex 77.1921 3.83999 29.24
    endloop
  endfacet
  facet normal -0.946901 -0.321525 0
    outer loop
      vertex 77.1206 4.05056 29.4506
      vertex 77.1921 3.83999 50.8
      vertex 77.1206 4.05056 50.8
    endloop
  endfacet
  facet normal 0.321403 -0.946943 0
    outer loop
      vertex 72.2994 4.97059 50.8
      vertex 72.51 5.04207 30.4421
      vertex 72.51 5.04207 50.8
    endloop
  endfacet
  facet normal 0.321403 -0.946943 0
    outer loop
      vertex 72.51 5.04207 30.4421
      vertex 72.2994 4.97059 50.8
      vertex 72.2994 4.97059 30.3706
    endloop
  endfacet
  facet normal 0.946901 0.321525 0
    outer loop
      vertex 71.3794 2.74944 50.8
      vertex 71.3079 2.96001 28.36
      vertex 71.3079 2.96001 50.8
    endloop
  endfacet
  facet normal 0.946901 0.321525 0
    outer loop
      vertex 71.3079 2.96001 28.36
      vertex 71.3794 2.74944 50.8
      vertex 71.3794 2.74944 28.1494
    endloop
  endfacet
  facet normal 0.0653848 -0.99786 0
    outer loop
      vertex 72.7281 5.08546 50.8
      vertex 72.95 5.1 30.5
      vertex 72.95 5.1 50.8
    endloop
  endfacet
  facet normal 0.0653848 -0.99786 0
    outer loop
      vertex 72.95 5.1 30.5
      vertex 72.7281 5.08546 50.8
      vertex 72.7281 5.08546 30.4855
    endloop
  endfacet
  facet normal -0.659319 0.751863 0
    outer loop
      vertex 76.7521 2.19792 27.5979
      vertex 76.5849 2.0513 50.8
      vertex 76.7521 2.19792 50.8
    endloop
  endfacet
  facet normal -0.659319 0.751863 0
    outer loop
      vertex 76.5849 2.0513 50.8
      vertex 76.7521 2.19792 27.5979
      vertex 76.5849 2.0513 27.4513
    endloop
  endfacet
  facet normal -0.442386 0.896825 0
    outer loop
      vertex 76.4 1.92776 27.3278
      vertex 76.2006 1.8294 50.8
      vertex 76.4 1.92776 50.8
    endloop
  endfacet
  facet normal -0.442386 0.896825 0
    outer loop
      vertex 76.2006 1.8294 50.8
      vertex 76.4 1.92776 27.3278
      vertex 76.2006 1.8294 27.2294
    endloop
  endfacet
  facet normal -0.442349 -0.896843 0
    outer loop
      vertex 76.2006 4.97059 30.3706
      vertex 76.4 4.87224 50.8
      vertex 76.2006 4.97059 50.8
    endloop
  endfacet
  facet normal -0.442349 -0.896843 -0
    outer loop
      vertex 76.4 4.87224 50.8
      vertex 76.2006 4.97059 30.3706
      vertex 76.4 4.87224 30.2722
    endloop
  endfacet
  facet normal 0.0653848 0.99786 0
    outer loop
      vertex 72.95 1.7 50.8
      vertex 72.7281 1.71454 27.1145
      vertex 72.7281 1.71454 50.8
    endloop
  endfacet
  facet normal 0.0653848 0.99786 0
    outer loop
      vertex 72.7281 1.71454 27.1145
      vertex 72.95 1.7 50.8
      vertex 72.95 1.7 27.1
    endloop
  endfacet
  facet normal -0.831566 0.555426 0
    outer loop
      vertex 76.8987 2.3651 50.8
      vertex 77.0222 2.55 27.95
      vertex 76.8987 2.3651 27.7651
    endloop
  endfacet
  facet normal -0.831566 0.555426 0
    outer loop
      vertex 77.0222 2.55 27.95
      vertex 76.8987 2.3651 50.8
      vertex 77.0222 2.55 50.8
    endloop
  endfacet
  facet normal 0.195122 -0.980779 0
    outer loop
      vertex 72.51 5.04207 50.8
      vertex 72.7281 5.08546 30.4855
      vertex 72.7281 5.08546 50.8
    endloop
  endfacet
  facet normal 0.195122 -0.980779 0
    outer loop
      vertex 72.7281 5.08546 30.4855
      vertex 72.51 5.04207 50.8
      vertex 72.51 5.04207 30.4421
    endloop
  endfacet
  facet normal 0.831566 0.555426 0
    outer loop
      vertex 71.6013 2.3651 50.8
      vertex 71.4778 2.55 27.95
      vertex 71.4778 2.55 50.8
    endloop
  endfacet
  facet normal 0.831566 0.555426 0
    outer loop
      vertex 71.4778 2.55 27.95
      vertex 71.6013 2.3651 50.8
      vertex 71.6013 2.3651 27.7651
    endloop
  endfacet
  facet normal -0.997872 -0.0652086 -0
    outer loop
      vertex 77.25 3.4 50.8
      vertex 77.2355 3.62189 29.0219
      vertex 77.25 3.4 28.8
    endloop
  endfacet
  facet normal -0.997872 -0.0652086 0
    outer loop
      vertex 77.2355 3.62189 29.0219
      vertex 77.25 3.4 50.8
      vertex 77.2355 3.62189 50.8
    endloop
  endfacet
  facet normal -0.0653848 0.99786 0
    outer loop
      vertex 75.7719 1.71454 27.1145
      vertex 75.55 1.7 50.8
      vertex 75.7719 1.71454 50.8
    endloop
  endfacet
  facet normal -0.0653848 0.99786 0
    outer loop
      vertex 75.55 1.7 50.8
      vertex 75.7719 1.71454 27.1145
      vertex 75.55 1.7 27.1
    endloop
  endfacet
  facet normal -0.751869 0.659313 0
    outer loop
      vertex 76.7521 2.19792 50.8
      vertex 76.8987 2.3651 27.7651
      vertex 76.7521 2.19792 27.5979
    endloop
  endfacet
  facet normal -0.751869 0.659313 0
    outer loop
      vertex 76.8987 2.3651 27.7651
      vertex 76.7521 2.19792 50.8
      vertex 76.8987 2.3651 50.8
    endloop
  endfacet
  facet normal 0.896789 0.442459 0
    outer loop
      vertex 71.4778 2.55 50.8
      vertex 71.3794 2.74944 28.1494
      vertex 71.3794 2.74944 50.8
    endloop
  endfacet
  facet normal 0.896789 0.442459 0
    outer loop
      vertex 71.3794 2.74944 28.1494
      vertex 71.4778 2.55 50.8
      vertex 71.4778 2.55 27.95
    endloop
  endfacet
  facet normal 0.659319 -0.751863 0
    outer loop
      vertex 71.7479 4.60208 50.8
      vertex 71.9151 4.7487 30.1487
      vertex 71.9151 4.7487 50.8
    endloop
  endfacet
  facet normal 0.659319 -0.751863 0
    outer loop
      vertex 71.9151 4.7487 30.1487
      vertex 71.7479 4.60208 50.8
      vertex 71.7479 4.60208 30.0021
    endloop
  endfacet
  facet normal 0.997872 0.0652086 0
    outer loop
      vertex 71.2645 3.17811 50.8
      vertex 71.25 3.4 28.8
      vertex 71.25 3.4 50.8
    endloop
  endfacet
  facet normal 0.997872 0.0652086 0
    outer loop
      vertex 71.25 3.4 28.8
      vertex 71.2645 3.17811 50.8
      vertex 71.2645 3.17811 28.5781
    endloop
  endfacet
  facet normal 0.442349 -0.896843 0
    outer loop
      vertex 72.1 4.87224 50.8
      vertex 72.2994 4.97059 30.3706
      vertex 72.2994 4.97059 50.8
    endloop
  endfacet
  facet normal 0.442349 -0.896843 0
    outer loop
      vertex 72.2994 4.97059 30.3706
      vertex 72.1 4.87224 50.8
      vertex 72.1 4.87224 30.2722
    endloop
  endfacet
  facet normal 0.555551 -0.831483 0
    outer loop
      vertex 71.9151 4.7487 50.8
      vertex 72.1 4.87224 30.2722
      vertex 72.1 4.87224 50.8
    endloop
  endfacet
  facet normal 0.555551 -0.831483 0
    outer loop
      vertex 72.1 4.87224 30.2722
      vertex 71.9151 4.7487 50.8
      vertex 71.9151 4.7487 30.1487
    endloop
  endfacet
  facet normal -0.896789 0.442459 0
    outer loop
      vertex 77.0222 2.55 50.8
      vertex 77.1206 2.74944 28.1494
      vertex 77.0222 2.55 27.95
    endloop
  endfacet
  facet normal -0.896789 0.442459 0
    outer loop
      vertex 77.1206 2.74944 28.1494
      vertex 77.0222 2.55 50.8
      vertex 77.1206 2.74944 50.8
    endloop
  endfacet
  facet normal 0.751888 -0.659291 0
    outer loop
      vertex 71.6013 4.43489 50.8
      vertex 71.7479 4.60208 30.0021
      vertex 71.7479 4.60208 50.8
    endloop
  endfacet
  facet normal 0.751888 -0.659291 0
    outer loop
      vertex 71.7479 4.60208 30.0021
      vertex 71.6013 4.43489 50.8
      vertex 71.6013 4.43489 29.8349
    endloop
  endfacet
  facet normal -0.555551 -0.831483 0
    outer loop
      vertex 76.4 4.87224 30.2722
      vertex 76.5849 4.7487 50.8
      vertex 76.4 4.87224 50.8
    endloop
  endfacet
  facet normal -0.555551 -0.831483 -0
    outer loop
      vertex 76.5849 4.7487 50.8
      vertex 76.4 4.87224 30.2722
      vertex 76.5849 4.7487 30.1487
    endloop
  endfacet
  facet normal -0.98077 0.195165 0
    outer loop
      vertex 77.1921 2.96001 50.8
      vertex 77.2355 3.17811 28.5781
      vertex 77.1921 2.96001 28.36
    endloop
  endfacet
  facet normal -0.98077 0.195165 0
    outer loop
      vertex 77.2355 3.17811 28.5781
      vertex 77.1921 2.96001 50.8
      vertex 77.2355 3.17811 50.8
    endloop
  endfacet
  facet normal -0.997872 0.0652086 0
    outer loop
      vertex 77.2355 3.17811 50.8
      vertex 77.25 3.4 28.8
      vertex 77.2355 3.17811 28.5781
    endloop
  endfacet
  facet normal -0.997872 0.0652086 0
    outer loop
      vertex 77.25 3.4 28.8
      vertex 77.2355 3.17811 50.8
      vertex 77.25 3.4 50.8
    endloop
  endfacet
  facet normal 0.946901 -0.321525 0
    outer loop
      vertex 71.3079 3.83999 50.8
      vertex 71.3794 4.05056 29.4506
      vertex 71.3794 4.05056 50.8
    endloop
  endfacet
  facet normal 0.946901 -0.321525 0
    outer loop
      vertex 71.3794 4.05056 29.4506
      vertex 71.3079 3.83999 50.8
      vertex 71.3079 3.83999 29.24
    endloop
  endfacet
  facet normal 0.98077 -0.195165 0
    outer loop
      vertex 71.2645 3.62189 50.8
      vertex 71.3079 3.83999 29.24
      vertex 71.3079 3.83999 50.8
    endloop
  endfacet
  facet normal 0.98077 -0.195165 0
    outer loop
      vertex 71.3079 3.83999 29.24
      vertex 71.2645 3.62189 50.8
      vertex 71.2645 3.62189 29.0219
    endloop
  endfacet
  facet normal -0.195122 -0.980779 0
    outer loop
      vertex 75.7719 5.08546 30.4855
      vertex 75.99 5.04207 50.8
      vertex 75.7719 5.08546 50.8
    endloop
  endfacet
  facet normal -0.195122 -0.980779 -0
    outer loop
      vertex 75.99 5.04207 50.8
      vertex 75.7719 5.08546 30.4855
      vertex 75.99 5.04207 30.4421
    endloop
  endfacet
  facet normal -0.946901 0.321525 0
    outer loop
      vertex 77.1206 2.74944 50.8
      vertex 77.1921 2.96001 28.36
      vertex 77.1206 2.74944 28.1494
    endloop
  endfacet
  facet normal -0.946901 0.321525 0
    outer loop
      vertex 77.1921 2.96001 28.36
      vertex 77.1206 2.74944 50.8
      vertex 77.1921 2.96001 50.8
    endloop
  endfacet
  facet normal 0.659319 0.751863 0
    outer loop
      vertex 71.9151 2.0513 50.8
      vertex 71.7479 2.19792 27.5979
      vertex 71.7479 2.19792 50.8
    endloop
  endfacet
  facet normal 0.659319 0.751863 0
    outer loop
      vertex 71.7479 2.19792 27.5979
      vertex 71.9151 2.0513 50.8
      vertex 71.9151 2.0513 27.4513
    endloop
  endfacet
  facet normal -0.0653848 -0.99786 0
    outer loop
      vertex 75.55 5.1 30.5
      vertex 75.7719 5.08546 50.8
      vertex 75.55 5.1 50.8
    endloop
  endfacet
  facet normal -0.0653848 -0.99786 -0
    outer loop
      vertex 75.7719 5.08546 50.8
      vertex 75.55 5.1 30.5
      vertex 75.7719 5.08546 30.4855
    endloop
  endfacet
  facet normal 0.98077 0.195165 0
    outer loop
      vertex 71.3079 2.96001 50.8
      vertex 71.2645 3.17811 28.5781
      vertex 71.2645 3.17811 50.8
    endloop
  endfacet
  facet normal 0.98077 0.195165 0
    outer loop
      vertex 71.2645 3.17811 28.5781
      vertex 71.3079 2.96001 50.8
      vertex 71.3079 2.96001 28.36
    endloop
  endfacet
  facet normal 0.321363 0.946956 0
    outer loop
      vertex 72.51 1.75793 50.8
      vertex 72.2994 1.8294 27.2294
      vertex 72.2994 1.8294 50.8
    endloop
  endfacet
  facet normal 0.321363 0.946956 0
    outer loop
      vertex 72.2994 1.8294 27.2294
      vertex 72.51 1.75793 50.8
      vertex 72.51 1.75793 27.1579
    endloop
  endfacet
  facet normal -0.555551 0.831483 0
    outer loop
      vertex 76.5849 2.0513 27.4513
      vertex 76.4 1.92776 50.8
      vertex 76.5849 2.0513 50.8
    endloop
  endfacet
  facet normal -0.555551 0.831483 0
    outer loop
      vertex 76.4 1.92776 50.8
      vertex 76.5849 2.0513 27.4513
      vertex 76.4 1.92776 27.3278
    endloop
  endfacet
  facet normal 0.751869 0.659313 0
    outer loop
      vertex 71.7479 2.19792 50.8
      vertex 71.6013 2.3651 27.7651
      vertex 71.6013 2.3651 50.8
    endloop
  endfacet
  facet normal 0.751869 0.659313 0
    outer loop
      vertex 71.6013 2.3651 27.7651
      vertex 71.7479 2.19792 50.8
      vertex 71.7479 2.19792 27.5979
    endloop
  endfacet
  facet normal -0.831552 -0.555447 -0
    outer loop
      vertex 77.0222 4.25 50.8
      vertex 76.8987 4.43489 29.8349
      vertex 77.0222 4.25 29.65
    endloop
  endfacet
  facet normal -0.831552 -0.555447 0
    outer loop
      vertex 76.8987 4.43489 29.8349
      vertex 77.0222 4.25 50.8
      vertex 76.8987 4.43489 50.8
    endloop
  endfacet
  facet normal -0.751888 -0.659291 -0
    outer loop
      vertex 76.8987 4.43489 50.8
      vertex 76.7521 4.60208 30.0021
      vertex 76.8987 4.43489 29.8349
    endloop
  endfacet
  facet normal -0.751888 -0.659291 0
    outer loop
      vertex 76.7521 4.60208 30.0021
      vertex 76.8987 4.43489 50.8
      vertex 76.7521 4.60208 50.8
    endloop
  endfacet
  facet normal -0.321363 0.946956 0
    outer loop
      vertex 76.2006 1.8294 27.2294
      vertex 75.99 1.75793 50.8
      vertex 76.2006 1.8294 50.8
    endloop
  endfacet
  facet normal -0.321363 0.946956 0
    outer loop
      vertex 75.99 1.75793 50.8
      vertex 76.2006 1.8294 27.2294
      vertex 75.99 1.75793 27.1579
    endloop
  endfacet
  facet normal 0.555551 0.831483 0
    outer loop
      vertex 72.1 1.92776 50.8
      vertex 71.9151 2.0513 27.4513
      vertex 71.9151 2.0513 50.8
    endloop
  endfacet
  facet normal 0.555551 0.831483 0
    outer loop
      vertex 71.9151 2.0513 27.4513
      vertex 72.1 1.92776 50.8
      vertex 72.1 1.92776 27.3278
    endloop
  endfacet
  facet normal 0.997872 -0.0652086 0
    outer loop
      vertex 79.25 3.4 50.8
      vertex 79.2645 3.62189 29.0219
      vertex 79.2645 3.62189 50.8
    endloop
  endfacet
  facet normal 0.997872 -0.0652086 0
    outer loop
      vertex 79.2645 3.62189 29.0219
      vertex 79.25 3.4 50.8
      vertex 79.25 3.4 28.8
    endloop
  endfacet
  facet normal 0 -1 0
    outer loop
      vertex 80.95 5.1 30.5
      vertex 83.55 5.1 50.8
      vertex 80.95 5.1 50.8
    endloop
  endfacet
  facet normal 0 -1 -0
    outer loop
      vertex 83.55 5.1 50.8
      vertex 80.95 5.1 30.5
      vertex 83.55 5.1 30.5
    endloop
  endfacet
  facet normal 0.896789 -0.442459 0
    outer loop
      vertex 79.3794 4.05056 50.8
      vertex 79.4778 4.25 29.65
      vertex 79.4778 4.25 50.8
    endloop
  endfacet
  facet normal 0.896789 -0.442459 0
    outer loop
      vertex 79.4778 4.25 29.65
      vertex 79.3794 4.05056 50.8
      vertex 79.3794 4.05056 29.4506
    endloop
  endfacet
  facet normal 0.442386 0.896825 0
    outer loop
      vertex 80.2994 1.8294 50.8
      vertex 80.1 1.92776 27.3278
      vertex 80.1 1.92776 50.8
    endloop
  endfacet
  facet normal 0.442386 0.896825 0
    outer loop
      vertex 80.1 1.92776 27.3278
      vertex 80.2994 1.8294 50.8
      vertex 80.2994 1.8294 27.2294
    endloop
  endfacet
  facet normal -0.98077 -0.195165 -0
    outer loop
      vertex 85.2355 3.62189 50.8
      vertex 85.1921 3.83999 29.24
      vertex 85.2355 3.62189 29.0219
    endloop
  endfacet
  facet normal -0.98077 -0.195165 0
    outer loop
      vertex 85.1921 3.83999 29.24
      vertex 85.2355 3.62189 50.8
      vertex 85.1921 3.83999 50.8
    endloop
  endfacet
  facet normal -0.195122 0.980779 0
    outer loop
      vertex 83.99 1.75793 27.1579
      vertex 83.7719 1.71454 50.8
      vertex 83.99 1.75793 50.8
    endloop
  endfacet
  facet normal -0.195122 0.980779 0
    outer loop
      vertex 83.7719 1.71454 50.8
      vertex 83.99 1.75793 27.1579
      vertex 83.7719 1.71454 27.1145
    endloop
  endfacet
  facet normal -0.896789 -0.442459 -0
    outer loop
      vertex 85.1206 4.05056 50.8
      vertex 85.0222 4.25 29.65
      vertex 85.1206 4.05056 29.4506
    endloop
  endfacet
  facet normal -0.896789 -0.442459 0
    outer loop
      vertex 85.0222 4.25 29.65
      vertex 85.1206 4.05056 50.8
      vertex 85.0222 4.25 50.8
    endloop
  endfacet
  facet normal -0.321403 -0.946943 0
    outer loop
      vertex 83.99 5.04207 30.4421
      vertex 84.2006 4.97059 50.8
      vertex 83.99 5.04207 50.8
    endloop
  endfacet
  facet normal -0.321403 -0.946943 -0
    outer loop
      vertex 84.2006 4.97059 50.8
      vertex 83.99 5.04207 30.4421
      vertex 84.2006 4.97059 30.3706
    endloop
  endfacet
  facet normal 0.195122 0.980779 0
    outer loop
      vertex 80.7281 1.71454 50.8
      vertex 80.51 1.75793 27.1579
      vertex 80.51 1.75793 50.8
    endloop
  endfacet
  facet normal 0.195122 0.980779 0
    outer loop
      vertex 80.51 1.75793 27.1579
      vertex 80.7281 1.71454 50.8
      vertex 80.7281 1.71454 27.1145
    endloop
  endfacet
  facet normal 0.831552 -0.555447 0
    outer loop
      vertex 79.4778 4.25 50.8
      vertex 79.6013 4.43489 29.8349
      vertex 79.6013 4.43489 50.8
    endloop
  endfacet
  facet normal 0.831552 -0.555447 0
    outer loop
      vertex 79.6013 4.43489 29.8349
      vertex 79.4778 4.25 50.8
      vertex 79.4778 4.25 29.65
    endloop
  endfacet
  facet normal -0.659319 -0.751863 0
    outer loop
      vertex 84.5849 4.7487 30.1487
      vertex 84.7521 4.60208 50.8
      vertex 84.5849 4.7487 50.8
    endloop
  endfacet
  facet normal -0.659319 -0.751863 -0
    outer loop
      vertex 84.7521 4.60208 50.8
      vertex 84.5849 4.7487 30.1487
      vertex 84.7521 4.60208 30.0021
    endloop
  endfacet
  facet normal 0 1 -0
    outer loop
      vertex 83.55 1.7 27.1
      vertex 80.95 1.7 50.8
      vertex 83.55 1.7 50.8
    endloop
  endfacet
  facet normal 0 1 0
    outer loop
      vertex 80.95 1.7 50.8
      vertex 83.55 1.7 27.1
      vertex 80.95 1.7 27.1
    endloop
  endfacet
  facet normal -0.946901 -0.321525 -0
    outer loop
      vertex 85.1921 3.83999 50.8
      vertex 85.1206 4.05056 29.4506
      vertex 85.1921 3.83999 29.24
    endloop
  endfacet
  facet normal -0.946901 -0.321525 0
    outer loop
      vertex 85.1206 4.05056 29.4506
      vertex 85.1921 3.83999 50.8
      vertex 85.1206 4.05056 50.8
    endloop
  endfacet
  facet normal 0.321403 -0.946943 0
    outer loop
      vertex 80.2994 4.97059 50.8
      vertex 80.51 5.04207 30.4421
      vertex 80.51 5.04207 50.8
    endloop
  endfacet
  facet normal 0.321403 -0.946943 0
    outer loop
      vertex 80.51 5.04207 30.4421
      vertex 80.2994 4.97059 50.8
      vertex 80.2994 4.97059 30.3706
    endloop
  endfacet
  facet normal 0.946901 0.321525 0
    outer loop
      vertex 79.3794 2.74944 50.8
      vertex 79.3079 2.96001 28.36
      vertex 79.3079 2.96001 50.8
    endloop
  endfacet
  facet normal 0.946901 0.321525 0
    outer loop
      vertex 79.3079 2.96001 28.36
      vertex 79.3794 2.74944 50.8
      vertex 79.3794 2.74944 28.1494
    endloop
  endfacet
  facet normal 0.0653848 -0.99786 0
    outer loop
      vertex 80.7281 5.08546 50.8
      vertex 80.95 5.1 30.5
      vertex 80.95 5.1 50.8
    endloop
  endfacet
  facet normal 0.0653848 -0.99786 0
    outer loop
      vertex 80.95 5.1 30.5
      vertex 80.7281 5.08546 50.8
      vertex 80.7281 5.08546 30.4855
    endloop
  endfacet
  facet normal -0.659319 0.751863 0
    outer loop
      vertex 84.7521 2.19792 27.5979
      vertex 84.5849 2.0513 50.8
      vertex 84.7521 2.19792 50.8
    endloop
  endfacet
  facet normal -0.659319 0.751863 0
    outer loop
      vertex 84.5849 2.0513 50.8
      vertex 84.7521 2.19792 27.5979
      vertex 84.5849 2.0513 27.4513
    endloop
  endfacet
  facet normal -0.442386 0.896825 0
    outer loop
      vertex 84.4 1.92776 27.3278
      vertex 84.2006 1.8294 50.8
      vertex 84.4 1.92776 50.8
    endloop
  endfacet
  facet normal -0.442386 0.896825 0
    outer loop
      vertex 84.2006 1.8294 50.8
      vertex 84.4 1.92776 27.3278
      vertex 84.2006 1.8294 27.2294
    endloop
  endfacet
  facet normal -0.442349 -0.896843 0
    outer loop
      vertex 84.2006 4.97059 30.3706
      vertex 84.4 4.87224 50.8
      vertex 84.2006 4.97059 50.8
    endloop
  endfacet
  facet normal -0.442349 -0.896843 -0
    outer loop
      vertex 84.4 4.87224 50.8
      vertex 84.2006 4.97059 30.3706
      vertex 84.4 4.87224 30.2722
    endloop
  endfacet
  facet normal 0.0653848 0.99786 0
    outer loop
      vertex 80.95 1.7 50.8
      vertex 80.7281 1.71454 27.1145
      vertex 80.7281 1.71454 50.8
    endloop
  endfacet
  facet normal 0.0653848 0.99786 0
    outer loop
      vertex 80.7281 1.71454 27.1145
      vertex 80.95 1.7 50.8
      vertex 80.95 1.7 27.1
    endloop
  endfacet
  facet normal -0.751888 -0.659291 -0
    outer loop
      vertex 84.8987 4.43489 50.8
      vertex 84.7521 4.60208 30.0021
      vertex 84.8987 4.43489 29.8349
    endloop
  endfacet
  facet normal -0.751888 -0.659291 0
    outer loop
      vertex 84.7521 4.60208 30.0021
      vertex 84.8987 4.43489 50.8
      vertex 84.7521 4.60208 50.8
    endloop
  endfacet
  facet normal -0.831566 0.555426 0
    outer loop
      vertex 84.8987 2.3651 50.8
      vertex 85.0222 2.55 27.95
      vertex 84.8987 2.3651 27.7651
    endloop
  endfacet
  facet normal -0.831566 0.555426 0
    outer loop
      vertex 85.0222 2.55 27.95
      vertex 84.8987 2.3651 50.8
      vertex 85.0222 2.55 50.8
    endloop
  endfacet
  facet normal 0.195122 -0.980779 0
    outer loop
      vertex 80.51 5.04207 50.8
      vertex 80.7281 5.08546 30.4855
      vertex 80.7281 5.08546 50.8
    endloop
  endfacet
  facet normal 0.195122 -0.980779 0
    outer loop
      vertex 80.7281 5.08546 30.4855
      vertex 80.51 5.04207 50.8
      vertex 80.51 5.04207 30.4421
    endloop
  endfacet
  facet normal 0.831566 0.555426 0
    outer loop
      vertex 79.6013 2.3651 50.8
      vertex 79.4778 2.55 27.95
      vertex 79.4778 2.55 50.8
    endloop
  endfacet
  facet normal 0.831566 0.555426 0
    outer loop
      vertex 79.4778 2.55 27.95
      vertex 79.6013 2.3651 50.8
      vertex 79.6013 2.3651 27.7651
    endloop
  endfacet
  facet normal -0.997872 -0.0652086 -0
    outer loop
      vertex 85.25 3.4 50.8
      vertex 85.2355 3.62189 29.0219
      vertex 85.25 3.4 28.8
    endloop
  endfacet
  facet normal -0.997872 -0.0652086 0
    outer loop
      vertex 85.2355 3.62189 29.0219
      vertex 85.25 3.4 50.8
      vertex 85.2355 3.62189 50.8
    endloop
  endfacet
  facet normal -0.0653848 0.99786 0
    outer loop
      vertex 83.7719 1.71454 27.1145
      vertex 83.55 1.7 50.8
      vertex 83.7719 1.71454 50.8
    endloop
  endfacet
  facet normal -0.0653848 0.99786 0
    outer loop
      vertex 83.55 1.7 50.8
      vertex 83.7719 1.71454 27.1145
      vertex 83.55 1.7 27.1
    endloop
  endfacet
  facet normal -0.751869 0.659313 0
    outer loop
      vertex 84.7521 2.19792 50.8
      vertex 84.8987 2.3651 27.7651
      vertex 84.7521 2.19792 27.5979
    endloop
  endfacet
  facet normal -0.751869 0.659313 0
    outer loop
      vertex 84.8987 2.3651 27.7651
      vertex 84.7521 2.19792 50.8
      vertex 84.8987 2.3651 50.8
    endloop
  endfacet
  facet normal 0.896789 0.442459 0
    outer loop
      vertex 79.4778 2.55 50.8
      vertex 79.3794 2.74944 28.1494
      vertex 79.3794 2.74944 50.8
    endloop
  endfacet
  facet normal 0.896789 0.442459 0
    outer loop
      vertex 79.3794 2.74944 28.1494
      vertex 79.4778 2.55 50.8
      vertex 79.4778 2.55 27.95
    endloop
  endfacet
  facet normal 0.659319 -0.751863 0
    outer loop
      vertex 79.7479 4.60208 50.8
      vertex 79.9151 4.7487 30.1487
      vertex 79.9151 4.7487 50.8
    endloop
  endfacet
  facet normal 0.659319 -0.751863 0
    outer loop
      vertex 79.9151 4.7487 30.1487
      vertex 79.7479 4.60208 50.8
      vertex 79.7479 4.60208 30.0021
    endloop
  endfacet
  facet normal 0.997872 0.0652086 0
    outer loop
      vertex 79.2645 3.17811 50.8
      vertex 79.25 3.4 28.8
      vertex 79.25 3.4 50.8
    endloop
  endfacet
  facet normal 0.997872 0.0652086 0
    outer loop
      vertex 79.25 3.4 28.8
      vertex 79.2645 3.17811 50.8
      vertex 79.2645 3.17811 28.5781
    endloop
  endfacet
  facet normal 0.442349 -0.896843 0
    outer loop
      vertex 80.1 4.87224 50.8
      vertex 80.2994 4.97059 30.3706
      vertex 80.2994 4.97059 50.8
    endloop
  endfacet
  facet normal 0.442349 -0.896843 0
    outer loop
      vertex 80.2994 4.97059 30.3706
      vertex 80.1 4.87224 50.8
      vertex 80.1 4.87224 30.2722
    endloop
  endfacet
  facet normal 0.555551 -0.831483 0
    outer loop
      vertex 79.9151 4.7487 50.8
      vertex 80.1 4.87224 30.2722
      vertex 80.1 4.87224 50.8
    endloop
  endfacet
  facet normal 0.555551 -0.831483 0
    outer loop
      vertex 80.1 4.87224 30.2722
      vertex 79.9151 4.7487 50.8
      vertex 79.9151 4.7487 30.1487
    endloop
  endfacet
  facet normal -0.896789 0.442459 0
    outer loop
      vertex 85.0222 2.55 50.8
      vertex 85.1206 2.74944 28.1494
      vertex 85.0222 2.55 27.95
    endloop
  endfacet
  facet normal -0.896789 0.442459 0
    outer loop
      vertex 85.1206 2.74944 28.1494
      vertex 85.0222 2.55 50.8
      vertex 85.1206 2.74944 50.8
    endloop
  endfacet
  facet normal 0.751888 -0.659291 0
    outer loop
      vertex 79.6013 4.43489 50.8
      vertex 79.7479 4.60208 30.0021
      vertex 79.7479 4.60208 50.8
    endloop
  endfacet
  facet normal 0.751888 -0.659291 0
    outer loop
      vertex 79.7479 4.60208 30.0021
      vertex 79.6013 4.43489 50.8
      vertex 79.6013 4.43489 29.8349
    endloop
  endfacet
  facet normal -0.555551 -0.831483 0
    outer loop
      vertex 84.4 4.87224 30.2722
      vertex 84.5849 4.7487 50.8
      vertex 84.4 4.87224 50.8
    endloop
  endfacet
  facet normal -0.555551 -0.831483 -0
    outer loop
      vertex 84.5849 4.7487 50.8
      vertex 84.4 4.87224 30.2722
      vertex 84.5849 4.7487 30.1487
    endloop
  endfacet
  facet normal -0.98077 0.195165 0
    outer loop
      vertex 85.1921 2.96001 50.8
      vertex 85.2355 3.17811 28.5781
      vertex 85.1921 2.96001 28.36
    endloop
  endfacet
  facet normal -0.98077 0.195165 0
    outer loop
      vertex 85.2355 3.17811 28.5781
      vertex 85.1921 2.96001 50.8
      vertex 85.2355 3.17811 50.8
    endloop
  endfacet
  facet normal -0.997872 0.0652086 0
    outer loop
      vertex 85.2355 3.17811 50.8
      vertex 85.25 3.4 28.8
      vertex 85.2355 3.17811 28.5781
    endloop
  endfacet
  facet normal -0.997872 0.0652086 0
    outer loop
      vertex 85.25 3.4 28.8
      vertex 85.2355 3.17811 50.8
      vertex 85.25 3.4 50.8
    endloop
  endfacet
  facet normal 0.946901 -0.321525 0
    outer loop
      vertex 79.3079 3.83999 50.8
      vertex 79.3794 4.05056 29.4506
      vertex 79.3794 4.05056 50.8
    endloop
  endfacet
  facet normal 0.946901 -0.321525 0
    outer loop
      vertex 79.3794 4.05056 29.4506
      vertex 79.3079 3.83999 50.8
      vertex 79.3079 3.83999 29.24
    endloop
  endfacet
  facet normal 0.98077 -0.195165 0
    outer loop
      vertex 79.2645 3.62189 50.8
      vertex 79.3079 3.83999 29.24
      vertex 79.3079 3.83999 50.8
    endloop
  endfacet
  facet normal 0.98077 -0.195165 0
    outer loop
      vertex 79.3079 3.83999 29.24
      vertex 79.2645 3.62189 50.8
      vertex 79.2645 3.62189 29.0219
    endloop
  endfacet
  facet normal -0.195122 -0.980779 0
    outer loop
      vertex 83.7719 5.08546 30.4855
      vertex 83.99 5.04207 50.8
      vertex 83.7719 5.08546 50.8
    endloop
  endfacet
  facet normal -0.195122 -0.980779 -0
    outer loop
      vertex 83.99 5.04207 50.8
      vertex 83.7719 5.08546 30.4855
      vertex 83.99 5.04207 30.4421
    endloop
  endfacet
  facet normal -0.946901 0.321525 0
    outer loop
      vertex 85.1206 2.74944 50.8
      vertex 85.1921 2.96001 28.36
      vertex 85.1206 2.74944 28.1494
    endloop
  endfacet
  facet normal -0.946901 0.321525 0
    outer loop
      vertex 85.1921 2.96001 28.36
      vertex 85.1206 2.74944 50.8
      vertex 85.1921 2.96001 50.8
    endloop
  endfacet
  facet normal 0.659319 0.751863 0
    outer loop
      vertex 79.9151 2.0513 50.8
      vertex 79.7479 2.19792 27.5979
      vertex 79.7479 2.19792 50.8
    endloop
  endfacet
  facet normal 0.659319 0.751863 0
    outer loop
      vertex 79.7479 2.19792 27.5979
      vertex 79.9151 2.0513 50.8
      vertex 79.9151 2.0513 27.4513
    endloop
  endfacet
  facet normal -0.0653848 -0.99786 0
    outer loop
      vertex 83.55 5.1 30.5
      vertex 83.7719 5.08546 50.8
      vertex 83.55 5.1 50.8
    endloop
  endfacet
  facet normal -0.0653848 -0.99786 -0
    outer loop
      vertex 83.7719 5.08546 50.8
      vertex 83.55 5.1 30.5
      vertex 83.7719 5.08546 30.4855
    endloop
  endfacet
  facet normal 0.98077 0.195165 0
    outer loop
      vertex 79.3079 2.96001 50.8
      vertex 79.2645 3.17811 28.5781
      vertex 79.2645 3.17811 50.8
    endloop
  endfacet
  facet normal 0.98077 0.195165 0
    outer loop
      vertex 79.2645 3.17811 28.5781
      vertex 79.3079 2.96001 50.8
      vertex 79.3079 2.96001 28.36
    endloop
  endfacet
  facet normal 0.321363 0.946956 0
    outer loop
      vertex 80.51 1.75793 50.8
      vertex 80.2994 1.8294 27.2294
      vertex 80.2994 1.8294 50.8
    endloop
  endfacet
  facet normal 0.321363 0.946956 0
    outer loop
      vertex 80.2994 1.8294 27.2294
      vertex 80.51 1.75793 50.8
      vertex 80.51 1.75793 27.1579
    endloop
  endfacet
  facet normal -0.555551 0.831483 0
    outer loop
      vertex 84.5849 2.0513 27.4513
      vertex 84.4 1.92776 50.8
      vertex 84.5849 2.0513 50.8
    endloop
  endfacet
  facet normal -0.555551 0.831483 0
    outer loop
      vertex 84.4 1.92776 50.8
      vertex 84.5849 2.0513 27.4513
      vertex 84.4 1.92776 27.3278
    endloop
  endfacet
  facet normal 0.751869 0.659313 0
    outer loop
      vertex 79.7479 2.19792 50.8
      vertex 79.6013 2.3651 27.7651
      vertex 79.6013 2.3651 50.8
    endloop
  endfacet
  facet normal 0.751869 0.659313 0
    outer loop
      vertex 79.6013 2.3651 27.7651
      vertex 79.7479 2.19792 50.8
      vertex 79.7479 2.19792 27.5979
    endloop
  endfacet
  facet normal -0.831552 -0.555447 -0
    outer loop
      vertex 85.0222 4.25 50.8
      vertex 84.8987 4.43489 29.8349
      vertex 85.0222 4.25 29.65
    endloop
  endfacet
  facet normal -0.831552 -0.555447 0
    outer loop
      vertex 84.8987 4.43489 29.8349
      vertex 85.0222 4.25 50.8
      vertex 84.8987 4.43489 50.8
    endloop
  endfacet
  facet normal -0.321363 0.946956 0
    outer loop
      vertex 84.2006 1.8294 27.2294
      vertex 83.99 1.75793 50.8
      vertex 84.2006 1.8294 50.8
    endloop
  endfacet
  facet normal -0.321363 0.946956 0
    outer loop
      vertex 83.99 1.75793 50.8
      vertex 84.2006 1.8294 27.2294
      vertex 83.99 1.75793 27.1579
    endloop
  endfacet
  facet normal 0.555551 0.831483 0
    outer loop
      vertex 80.1 1.92776 50.8
      vertex 79.9151 2.0513 27.4513
      vertex 79.9151 2.0513 50.8
    endloop
  endfacet
  facet normal 0.555551 0.831483 0
    outer loop
      vertex 79.9151 2.0513 27.4513
      vertex 80.1 1.92776 50.8
      vertex 80.1 1.92776 27.3278
    endloop
  endfacet
  facet normal 0.997872 -0.0652086 0
    outer loop
      vertex 87.25 3.4 50.8
      vertex 87.2645 3.62189 29.0219
      vertex 87.2645 3.62189 50.8
    endloop
  endfacet
  facet normal 0.997872 -0.0652086 0
    outer loop
      vertex 87.2645 3.62189 29.0219
      vertex 87.25 3.4 50.8
      vertex 87.25 3.4 28.8
    endloop
  endfacet
  facet normal -0.946901 0.321525 0
    outer loop
      vertex 93.1206 2.74944 50.8
      vertex 93.1921 2.96001 28.36
      vertex 93.1206 2.74944 28.1494
    endloop
  endfacet
  facet normal -0.946901 0.321525 0
    outer loop
      vertex 93.1921 2.96001 28.36
      vertex 93.1206 2.74944 50.8
      vertex 93.1921 2.96001 50.8
    endloop
  endfacet
  facet normal 0 -1 0
    outer loop
      vertex 88.95 5.1 30.5
      vertex 91.55 5.1 50.8
      vertex 88.95 5.1 50.8
    endloop
  endfacet
  facet normal 0 -1 -0
    outer loop
      vertex 91.55 5.1 50.8
      vertex 88.95 5.1 30.5
      vertex 91.55 5.1 30.5
    endloop
  endfacet
  facet normal 0.896789 -0.442459 0
    outer loop
      vertex 87.3794 4.05056 50.8
      vertex 87.4778 4.25 29.65
      vertex 87.4778 4.25 50.8
    endloop
  endfacet
  facet normal 0.896789 -0.442459 0
    outer loop
      vertex 87.4778 4.25 29.65
      vertex 87.3794 4.05056 50.8
      vertex 87.3794 4.05056 29.4506
    endloop
  endfacet
  facet normal 0.442386 0.896825 0
    outer loop
      vertex 88.2994 1.8294 50.8
      vertex 88.1 1.92776 27.3278
      vertex 88.1 1.92776 50.8
    endloop
  endfacet
  facet normal 0.442386 0.896825 0
    outer loop
      vertex 88.1 1.92776 27.3278
      vertex 88.2994 1.8294 50.8
      vertex 88.2994 1.8294 27.2294
    endloop
  endfacet
  facet normal -0.98077 -0.195165 -0
    outer loop
      vertex 93.2355 3.62189 50.8
      vertex 93.1921 3.83999 29.24
      vertex 93.2355 3.62189 29.0219
    endloop
  endfacet
  facet normal -0.98077 -0.195165 0
    outer loop
      vertex 93.1921 3.83999 29.24
      vertex 93.2355 3.62189 50.8
      vertex 93.1921 3.83999 50.8
    endloop
  endfacet
  facet normal -0.195122 0.980779 0
    outer loop
      vertex 91.99 1.75793 27.1579
      vertex 91.7719 1.71454 50.8
      vertex 91.99 1.75793 50.8
    endloop
  endfacet
  facet normal -0.195122 0.980779 0
    outer loop
      vertex 91.7719 1.71454 50.8
      vertex 91.99 1.75793 27.1579
      vertex 91.7719 1.71454 27.1145
    endloop
  endfacet
  facet normal -0.896789 -0.442459 -0
    outer loop
      vertex 93.1206 4.05056 50.8
      vertex 93.0222 4.25 29.65
      vertex 93.1206 4.05056 29.4506
    endloop
  endfacet
  facet normal -0.896789 -0.442459 0
    outer loop
      vertex 93.0222 4.25 29.65
      vertex 93.1206 4.05056 50.8
      vertex 93.0222 4.25 50.8
    endloop
  endfacet
  facet normal -0.321403 -0.946943 0
    outer loop
      vertex 91.99 5.04207 30.4421
      vertex 92.2006 4.97059 50.8
      vertex 91.99 5.04207 50.8
    endloop
  endfacet
  facet normal -0.321403 -0.946943 -0
    outer loop
      vertex 92.2006 4.97059 50.8
      vertex 91.99 5.04207 30.4421
      vertex 92.2006 4.97059 30.3706
    endloop
  endfacet
  facet normal 0.195122 0.980779 0
    outer loop
      vertex 88.7281 1.71454 50.8
      vertex 88.51 1.75793 27.1579
      vertex 88.51 1.75793 50.8
    endloop
  endfacet
  facet normal 0.195122 0.980779 0
    outer loop
      vertex 88.51 1.75793 27.1579
      vertex 88.7281 1.71454 50.8
      vertex 88.7281 1.71454 27.1145
    endloop
  endfacet
  facet normal 0.831552 -0.555447 0
    outer loop
      vertex 87.4778 4.25 50.8
      vertex 87.6013 4.43489 29.8349
      vertex 87.6013 4.43489 50.8
    endloop
  endfacet
  facet normal 0.831552 -0.555447 0
    outer loop
      vertex 87.6013 4.43489 29.8349
      vertex 87.4778 4.25 50.8
      vertex 87.4778 4.25 29.65
    endloop
  endfacet
  facet normal -0.659319 -0.751863 0
    outer loop
      vertex 92.5849 4.7487 30.1487
      vertex 92.7521 4.60208 50.8
      vertex 92.5849 4.7487 50.8
    endloop
  endfacet
  facet normal -0.659319 -0.751863 -0
    outer loop
      vertex 92.7521 4.60208 50.8
      vertex 92.5849 4.7487 30.1487
      vertex 92.7521 4.60208 30.0021
    endloop
  endfacet
  facet normal 0 1 -0
    outer loop
      vertex 91.55 1.7 27.1
      vertex 88.95 1.7 50.8
      vertex 91.55 1.7 50.8
    endloop
  endfacet
  facet normal 0 1 0
    outer loop
      vertex 88.95 1.7 50.8
      vertex 91.55 1.7 27.1
      vertex 88.95 1.7 27.1
    endloop
  endfacet
  facet normal -0.946901 -0.321525 -0
    outer loop
      vertex 93.1921 3.83999 50.8
      vertex 93.1206 4.05056 29.4506
      vertex 93.1921 3.83999 29.24
    endloop
  endfacet
  facet normal -0.946901 -0.321525 0
    outer loop
      vertex 93.1206 4.05056 29.4506
      vertex 93.1921 3.83999 50.8
      vertex 93.1206 4.05056 50.8
    endloop
  endfacet
  facet normal 0.321403 -0.946943 0
    outer loop
      vertex 88.2994 4.97059 50.8
      vertex 88.51 5.04207 30.4421
      vertex 88.51 5.04207 50.8
    endloop
  endfacet
  facet normal 0.321403 -0.946943 0
    outer loop
      vertex 88.51 5.04207 30.4421
      vertex 88.2994 4.97059 50.8
      vertex 88.2994 4.97059 30.3706
    endloop
  endfacet
  facet normal 0.946901 0.321525 0
    outer loop
      vertex 87.3794 2.74944 50.8
      vertex 87.3079 2.96001 28.36
      vertex 87.3079 2.96001 50.8
    endloop
  endfacet
  facet normal 0.946901 0.321525 0
    outer loop
      vertex 87.3079 2.96001 28.36
      vertex 87.3794 2.74944 50.8
      vertex 87.3794 2.74944 28.1494
    endloop
  endfacet
  facet normal 0.0653848 -0.99786 0
    outer loop
      vertex 88.7281 5.08546 50.8
      vertex 88.95 5.1 30.5
      vertex 88.95 5.1 50.8
    endloop
  endfacet
  facet normal 0.0653848 -0.99786 0
    outer loop
      vertex 88.95 5.1 30.5
      vertex 88.7281 5.08546 50.8
      vertex 88.7281 5.08546 30.4855
    endloop
  endfacet
  facet normal -0.659319 0.751863 0
    outer loop
      vertex 92.7521 2.19792 27.5979
      vertex 92.5849 2.0513 50.8
      vertex 92.7521 2.19792 50.8
    endloop
  endfacet
  facet normal -0.659319 0.751863 0
    outer loop
      vertex 92.5849 2.0513 50.8
      vertex 92.7521 2.19792 27.5979
      vertex 92.5849 2.0513 27.4513
    endloop
  endfacet
  facet normal -0.442386 0.896825 0
    outer loop
      vertex 92.4 1.92776 27.3278
      vertex 92.2006 1.8294 50.8
      vertex 92.4 1.92776 50.8
    endloop
  endfacet
  facet normal -0.442386 0.896825 0
    outer loop
      vertex 92.2006 1.8294 50.8
      vertex 92.4 1.92776 27.3278
      vertex 92.2006 1.8294 27.2294
    endloop
  endfacet
  facet normal -0.442349 -0.896843 0
    outer loop
      vertex 92.2006 4.97059 30.3706
      vertex 92.4 4.87224 50.8
      vertex 92.2006 4.97059 50.8
    endloop
  endfacet
  facet normal -0.442349 -0.896843 -0
    outer loop
      vertex 92.4 4.87224 50.8
      vertex 92.2006 4.97059 30.3706
      vertex 92.4 4.87224 30.2722
    endloop
  endfacet
  facet normal 0.0653848 0.99786 0
    outer loop
      vertex 88.95 1.7 50.8
      vertex 88.7281 1.71454 27.1145
      vertex 88.7281 1.71454 50.8
    endloop
  endfacet
  facet normal 0.0653848 0.99786 0
    outer loop
      vertex 88.7281 1.71454 27.1145
      vertex 88.95 1.7 50.8
      vertex 88.95 1.7 27.1
    endloop
  endfacet
  facet normal -0.751888 -0.659291 -0
    outer loop
      vertex 92.8987 4.43489 50.8
      vertex 92.7521 4.60208 30.0021
      vertex 92.8987 4.43489 29.8349
    endloop
  endfacet
  facet normal -0.751888 -0.659291 0
    outer loop
      vertex 92.7521 4.60208 30.0021
      vertex 92.8987 4.43489 50.8
      vertex 92.7521 4.60208 50.8
    endloop
  endfacet
  facet normal -0.831566 0.555426 0
    outer loop
      vertex 92.8987 2.3651 50.8
      vertex 93.0222 2.55 27.95
      vertex 92.8987 2.3651 27.7651
    endloop
  endfacet
  facet normal -0.831566 0.555426 0
    outer loop
      vertex 93.0222 2.55 27.95
      vertex 92.8987 2.3651 50.8
      vertex 93.0222 2.55 50.8
    endloop
  endfacet
  facet normal 0.195122 -0.980779 0
    outer loop
      vertex 88.51 5.04207 50.8
      vertex 88.7281 5.08546 30.4855
      vertex 88.7281 5.08546 50.8
    endloop
  endfacet
  facet normal 0.195122 -0.980779 0
    outer loop
      vertex 88.7281 5.08546 30.4855
      vertex 88.51 5.04207 50.8
      vertex 88.51 5.04207 30.4421
    endloop
  endfacet
  facet normal 0.831566 0.555426 0
    outer loop
      vertex 87.6013 2.3651 50.8
      vertex 87.4778 2.55 27.95
      vertex 87.4778 2.55 50.8
    endloop
  endfacet
  facet normal 0.831566 0.555426 0
    outer loop
      vertex 87.4778 2.55 27.95
      vertex 87.6013 2.3651 50.8
      vertex 87.6013 2.3651 27.7651
    endloop
  endfacet
  facet normal -0.997872 -0.0652086 -0
    outer loop
      vertex 93.25 3.4 50.8
      vertex 93.2355 3.62189 29.0219
      vertex 93.25 3.4 28.8
    endloop
  endfacet
  facet normal -0.997872 -0.0652086 0
    outer loop
      vertex 93.2355 3.62189 29.0219
      vertex 93.25 3.4 50.8
      vertex 93.2355 3.62189 50.8
    endloop
  endfacet
  facet normal -0.0653848 0.99786 0
    outer loop
      vertex 91.7719 1.71454 27.1145
      vertex 91.55 1.7 50.8
      vertex 91.7719 1.71454 50.8
    endloop
  endfacet
  facet normal -0.0653848 0.99786 0
    outer loop
      vertex 91.55 1.7 50.8
      vertex 91.7719 1.71454 27.1145
      vertex 91.55 1.7 27.1
    endloop
  endfacet
  facet normal -0.751869 0.659313 0
    outer loop
      vertex 92.7521 2.19792 50.8
      vertex 92.8987 2.3651 27.7651
      vertex 92.7521 2.19792 27.5979
    endloop
  endfacet
  facet normal -0.751869 0.659313 0
    outer loop
      vertex 92.8987 2.3651 27.7651
      vertex 92.7521 2.19792 50.8
      vertex 92.8987 2.3651 50.8
    endloop
  endfacet
  facet normal 0.896789 0.442459 0
    outer loop
      vertex 87.4778 2.55 50.8
      vertex 87.3794 2.74944 28.1494
      vertex 87.3794 2.74944 50.8
    endloop
  endfacet
  facet normal 0.896789 0.442459 0
    outer loop
      vertex 87.3794 2.74944 28.1494
      vertex 87.4778 2.55 50.8
      vertex 87.4778 2.55 27.95
    endloop
  endfacet
  facet normal 0.659319 -0.751863 0
    outer loop
      vertex 87.7479 4.60208 50.8
      vertex 87.9151 4.7487 30.1487
      vertex 87.9151 4.7487 50.8
    endloop
  endfacet
  facet normal 0.659319 -0.751863 0
    outer loop
      vertex 87.9151 4.7487 30.1487
      vertex 87.7479 4.60208 50.8
      vertex 87.7479 4.60208 30.0021
    endloop
  endfacet
  facet normal 0.997872 0.0652086 0
    outer loop
      vertex 87.2645 3.17811 50.8
      vertex 87.25 3.4 28.8
      vertex 87.25 3.4 50.8
    endloop
  endfacet
  facet normal 0.997872 0.0652086 0
    outer loop
      vertex 87.25 3.4 28.8
      vertex 87.2645 3.17811 50.8
      vertex 87.2645 3.17811 28.5781
    endloop
  endfacet
  facet normal 0.442349 -0.896843 0
    outer loop
      vertex 88.1 4.87224 50.8
      vertex 88.2994 4.97059 30.3706
      vertex 88.2994 4.97059 50.8
    endloop
  endfacet
  facet normal 0.442349 -0.896843 0
    outer loop
      vertex 88.2994 4.97059 30.3706
      vertex 88.1 4.87224 50.8
      vertex 88.1 4.87224 30.2722
    endloop
  endfacet
  facet normal 0.555551 -0.831483 0
    outer loop
      vertex 87.9151 4.7487 50.8
      vertex 88.1 4.87224 30.2722
      vertex 88.1 4.87224 50.8
    endloop
  endfacet
  facet normal 0.555551 -0.831483 0
    outer loop
      vertex 88.1 4.87224 30.2722
      vertex 87.9151 4.7487 50.8
      vertex 87.9151 4.7487 30.1487
    endloop
  endfacet
  facet normal -0.896789 0.442459 0
    outer loop
      vertex 93.0222 2.55 50.8
      vertex 93.1206 2.74944 28.1494
      vertex 93.0222 2.55 27.95
    endloop
  endfacet
  facet normal -0.896789 0.442459 0
    outer loop
      vertex 93.1206 2.74944 28.1494
      vertex 93.0222 2.55 50.8
      vertex 93.1206 2.74944 50.8
    endloop
  endfacet
  facet normal 0.751888 -0.659291 0
    outer loop
      vertex 87.6013 4.43489 50.8
      vertex 87.7479 4.60208 30.0021
      vertex 87.7479 4.60208 50.8
    endloop
  endfacet
  facet normal 0.751888 -0.659291 0
    outer loop
      vertex 87.7479 4.60208 30.0021
      vertex 87.6013 4.43489 50.8
      vertex 87.6013 4.43489 29.8349
    endloop
  endfacet
  facet normal -0.555551 -0.831483 0
    outer loop
      vertex 92.4 4.87224 30.2722
      vertex 92.5849 4.7487 50.8
      vertex 92.4 4.87224 50.8
    endloop
  endfacet
  facet normal -0.555551 -0.831483 -0
    outer loop
      vertex 92.5849 4.7487 50.8
      vertex 92.4 4.87224 30.2722
      vertex 92.5849 4.7487 30.1487
    endloop
  endfacet
  facet normal -0.98077 0.195165 0
    outer loop
      vertex 93.1921 2.96001 50.8
      vertex 93.2355 3.17811 28.5781
      vertex 93.1921 2.96001 28.36
    endloop
  endfacet
  facet normal -0.98077 0.195165 0
    outer loop
      vertex 93.2355 3.17811 28.5781
      vertex 93.1921 2.96001 50.8
      vertex 93.2355 3.17811 50.8
    endloop
  endfacet
  facet normal -0.997872 0.0652086 0
    outer loop
      vertex 93.2355 3.17811 50.8
      vertex 93.25 3.4 28.8
      vertex 93.2355 3.17811 28.5781
    endloop
  endfacet
  facet normal -0.997872 0.0652086 0
    outer loop
      vertex 93.25 3.4 28.8
      vertex 93.2355 3.17811 50.8
      vertex 93.25 3.4 50.8
    endloop
  endfacet
  facet normal 0.946901 -0.321525 0
    outer loop
      vertex 87.3079 3.83999 50.8
      vertex 87.3794 4.05056 29.4506
      vertex 87.3794 4.05056 50.8
    endloop
  endfacet
  facet normal 0.946901 -0.321525 0
    outer loop
      vertex 87.3794 4.05056 29.4506
      vertex 87.3079 3.83999 50.8
      vertex 87.3079 3.83999 29.24
    endloop
  endfacet
  facet normal 0.98077 -0.195165 0
    outer loop
      vertex 87.2645 3.62189 50.8
      vertex 87.3079 3.83999 29.24
      vertex 87.3079 3.83999 50.8
    endloop
  endfacet
  facet normal 0.98077 -0.195165 0
    outer loop
      vertex 87.3079 3.83999 29.24
      vertex 87.2645 3.62189 50.8
      vertex 87.2645 3.62189 29.0219
    endloop
  endfacet
  facet normal -0.195122 -0.980779 0
    outer loop
      vertex 91.7719 5.08546 30.4855
      vertex 91.99 5.04207 50.8
      vertex 91.7719 5.08546 50.8
    endloop
  endfacet
  facet normal -0.195122 -0.980779 -0
    outer loop
      vertex 91.99 5.04207 50.8
      vertex 91.7719 5.08546 30.4855
      vertex 91.99 5.04207 30.4421
    endloop
  endfacet
  facet normal 0.659319 0.751863 0
    outer loop
      vertex 87.9151 2.0513 50.8
      vertex 87.7479 2.19792 27.5979
      vertex 87.7479 2.19792 50.8
    endloop
  endfacet
  facet normal 0.659319 0.751863 0
    outer loop
      vertex 87.7479 2.19792 27.5979
      vertex 87.9151 2.0513 50.8
      vertex 87.9151 2.0513 27.4513
    endloop
  endfacet
  facet normal -0.0653848 -0.99786 0
    outer loop
      vertex 91.55 5.1 30.5
      vertex 91.7719 5.08546 50.8
      vertex 91.55 5.1 50.8
    endloop
  endfacet
  facet normal -0.0653848 -0.99786 -0
    outer loop
      vertex 91.7719 5.08546 50.8
      vertex 91.55 5.1 30.5
      vertex 91.7719 5.08546 30.4855
    endloop
  endfacet
  facet normal 0.98077 0.195165 0
    outer loop
      vertex 87.3079 2.96001 50.8
      vertex 87.2645 3.17811 28.5781
      vertex 87.2645 3.17811 50.8
    endloop
  endfacet
  facet normal 0.98077 0.195165 0
    outer loop
      vertex 87.2645 3.17811 28.5781
      vertex 87.3079 2.96001 50.8
      vertex 87.3079 2.96001 28.36
    endloop
  endfacet
  facet normal 0.321363 0.946956 0
    outer loop
      vertex 88.51 1.75793 50.8
      vertex 88.2994 1.8294 27.2294
      vertex 88.2994 1.8294 50.8
    endloop
  endfacet
  facet normal 0.321363 0.946956 0
    outer loop
      vertex 88.2994 1.8294 27.2294
      vertex 88.51 1.75793 50.8
      vertex 88.51 1.75793 27.1579
    endloop
  endfacet
  facet normal -0.555551 0.831483 0
    outer loop
      vertex 92.5849 2.0513 27.4513
      vertex 92.4 1.92776 50.8
      vertex 92.5849 2.0513 50.8
    endloop
  endfacet
  facet normal -0.555551 0.831483 0
    outer loop
      vertex 92.4 1.92776 50.8
      vertex 92.5849 2.0513 27.4513
      vertex 92.4 1.92776 27.3278
    endloop
  endfacet
  facet normal 0.751869 0.659313 0
    outer loop
      vertex 87.7479 2.19792 50.8
      vertex 87.6013 2.3651 27.7651
      vertex 87.6013 2.3651 50.8
    endloop
  endfacet
  facet normal 0.751869 0.659313 0
    outer loop
      vertex 87.6013 2.3651 27.7651
      vertex 87.7479 2.19792 50.8
      vertex 87.7479 2.19792 27.5979
    endloop
  endfacet
  facet normal -0.831552 -0.555447 -0
    outer loop
      vertex 93.0222 4.25 50.8
      vertex 92.8987 4.43489 29.8349
      vertex 93.0222 4.25 29.65
    endloop
  endfacet
  facet normal -0.831552 -0.555447 0
    outer loop
      vertex 92.8987 4.43489 29.8349
      vertex 93.0222 4.25 50.8
      vertex 92.8987 4.43489 50.8
    endloop
  endfacet
  facet normal -0.321363 0.946956 0
    outer loop
      vertex 92.2006 1.8294 27.2294
      vertex 91.99 1.75793 50.8
      vertex 92.2006 1.8294 50.8
    endloop
  endfacet
  facet normal -0.321363 0.946956 0
    outer loop
      vertex 91.99 1.75793 50.8
      vertex 92.2006 1.8294 27.2294
      vertex 91.99 1.75793 27.1579
    endloop
  endfacet
  facet normal 0.555551 0.831483 0
    outer loop
      vertex 88.1 1.92776 50.8
      vertex 87.9151 2.0513 27.4513
      vertex 87.9151 2.0513 50.8
    endloop
  endfacet
  facet normal 0.555551 0.831483 0
    outer loop
      vertex 87.9151 2.0513 27.4513
      vertex 88.1 1.92776 50.8
      vertex 88.1 1.92776 27.3278
    endloop
  endfacet
  facet normal 0.997872 -0.0652086 0
    outer loop
      vertex 95.25 3.4 50.8
      vertex 95.2645 3.62189 29.0219
      vertex 95.2645 3.62189 50.8
    endloop
  endfacet
  facet normal 0.997872 -0.0652086 0
    outer loop
      vertex 95.2645 3.62189 29.0219
      vertex 95.25 3.4 50.8
      vertex 95.25 3.4 28.8
    endloop
  endfacet
  facet normal 0 -1 0
    outer loop
      vertex 96.95 5.1 30.5
      vertex 99.55 5.1 50.8
      vertex 96.95 5.1 50.8
    endloop
  endfacet
  facet normal 0 -1 -0
    outer loop
      vertex 99.55 5.1 50.8
      vertex 96.95 5.1 30.5
      vertex 99.55 5.1 30.5
    endloop
  endfacet
  facet normal 0.896789 -0.442459 0
    outer loop
      vertex 95.3794 4.05056 50.8
      vertex 95.4778 4.25 29.65
      vertex 95.4778 4.25 50.8
    endloop
  endfacet
  facet normal 0.896789 -0.442459 0
    outer loop
      vertex 95.4778 4.25 29.65
      vertex 95.3794 4.05056 50.8
      vertex 95.3794 4.05056 29.4506
    endloop
  endfacet
  facet normal 0.442386 0.896825 0
    outer loop
      vertex 96.2994 1.8294 50.8
      vertex 96.1 1.92776 27.3278
      vertex 96.1 1.92776 50.8
    endloop
  endfacet
  facet normal 0.442386 0.896825 0
    outer loop
      vertex 96.1 1.92776 27.3278
      vertex 96.2994 1.8294 50.8
      vertex 96.2994 1.8294 27.2294
    endloop
  endfacet
  facet normal -0.981113 -0.193434 -0
    outer loop
      vertex 101.235 3.62189 50.8
      vertex 101.192 3.83999 29.24
      vertex 101.235 3.62189 29.0219
    endloop
  endfacet
  facet normal -0.981113 -0.193434 0
    outer loop
      vertex 101.192 3.83999 29.24
      vertex 101.235 3.62189 50.8
      vertex 101.192 3.83999 50.8
    endloop
  endfacet
  facet normal -0.195122 0.980779 0
    outer loop
      vertex 99.99 1.75793 27.1579
      vertex 99.7719 1.71454 50.8
      vertex 99.99 1.75793 50.8
    endloop
  endfacet
  facet normal -0.195122 0.980779 0
    outer loop
      vertex 99.7719 1.71454 50.8
      vertex 99.99 1.75793 27.1579
      vertex 99.7719 1.71454 27.1145
    endloop
  endfacet
  facet normal -0.895717 -0.444625 -0
    outer loop
      vertex 101.121 4.05056 50.8
      vertex 101.022 4.25 29.65
      vertex 101.121 4.05056 29.4506
    endloop
  endfacet
  facet normal -0.895717 -0.444625 0
    outer loop
      vertex 101.022 4.25 29.65
      vertex 101.121 4.05056 50.8
      vertex 101.022 4.25 50.8
    endloop
  endfacet
  facet normal -0.320856 -0.947128 0
    outer loop
      vertex 99.99 5.04207 30.4421
      vertex 100.201 4.97059 50.8
      vertex 99.99 5.04207 50.8
    endloop
  endfacet
  facet normal -0.320856 -0.947128 -0
    outer loop
      vertex 100.201 4.97059 50.8
      vertex 99.99 5.04207 30.4421
      vertex 100.201 4.97059 30.3706
    endloop
  endfacet
  facet normal 0.195122 0.980779 0
    outer loop
      vertex 96.7281 1.71454 50.8
      vertex 96.51 1.75793 27.1579
      vertex 96.51 1.75793 50.8
    endloop
  endfacet
  facet normal 0.195122 0.980779 0
    outer loop
      vertex 96.51 1.75793 27.1579
      vertex 96.7281 1.71454 50.8
      vertex 96.7281 1.71454 27.1145
    endloop
  endfacet
  facet normal 0.831552 -0.555447 0
    outer loop
      vertex 95.4778 4.25 50.8
      vertex 95.6013 4.43489 29.8349
      vertex 95.6013 4.43489 50.8
    endloop
  endfacet
  facet normal 0.831552 -0.555447 0
    outer loop
      vertex 95.6013 4.43489 29.8349
      vertex 95.4778 4.25 50.8
      vertex 95.4778 4.25 29.65
    endloop
  endfacet
  facet normal -0.659765 -0.751472 0
    outer loop
      vertex 100.585 4.7487 30.1487
      vertex 100.752 4.60208 50.8
      vertex 100.585 4.7487 50.8
    endloop
  endfacet
  facet normal -0.659765 -0.751472 -0
    outer loop
      vertex 100.752 4.60208 50.8
      vertex 100.585 4.7487 30.1487
      vertex 100.752 4.60208 30.0021
    endloop
  endfacet
  facet normal 0 1 -0
    outer loop
      vertex 99.55 1.7 27.1
      vertex 96.95 1.7 50.8
      vertex 99.55 1.7 50.8
    endloop
  endfacet
  facet normal 0 1 0
    outer loop
      vertex 96.95 1.7 50.8
      vertex 99.55 1.7 27.1
      vertex 96.95 1.7 27.1
    endloop
  endfacet
  facet normal -0.947584 -0.319506 -0
    outer loop
      vertex 101.192 3.83999 50.8
      vertex 101.121 4.05056 29.4506
      vertex 101.192 3.83999 29.24
    endloop
  endfacet
  facet normal -0.947584 -0.319506 0
    outer loop
      vertex 101.121 4.05056 29.4506
      vertex 101.192 3.83999 50.8
      vertex 101.121 4.05056 50.8
    endloop
  endfacet
  facet normal 0.321403 -0.946943 0
    outer loop
      vertex 96.2994 4.97059 50.8
      vertex 96.51 5.04207 30.4421
      vertex 96.51 5.04207 50.8
    endloop
  endfacet
  facet normal 0.321403 -0.946943 0
    outer loop
      vertex 96.51 5.04207 30.4421
      vertex 96.2994 4.97059 50.8
      vertex 96.2994 4.97059 30.3706
    endloop
  endfacet
  facet normal 0.946901 0.321525 0
    outer loop
      vertex 95.3794 2.74944 50.8
      vertex 95.3079 2.96001 28.36
      vertex 95.3079 2.96001 50.8
    endloop
  endfacet
  facet normal 0.946901 0.321525 0
    outer loop
      vertex 95.3079 2.96001 28.36
      vertex 95.3794 2.74944 50.8
      vertex 95.3794 2.74944 28.1494
    endloop
  endfacet
  facet normal 0.0653848 -0.99786 0
    outer loop
      vertex 96.7281 5.08546 50.8
      vertex 96.95 5.1 30.5
      vertex 96.95 5.1 50.8
    endloop
  endfacet
  facet normal 0.0653848 -0.99786 0
    outer loop
      vertex 96.95 5.1 30.5
      vertex 96.7281 5.08546 50.8
      vertex 96.7281 5.08546 30.4855
    endloop
  endfacet
  facet normal -0.659765 0.751472 0
    outer loop
      vertex 100.752 2.19792 27.5979
      vertex 100.585 2.0513 50.8
      vertex 100.752 2.19792 50.8
    endloop
  endfacet
  facet normal -0.659765 0.751472 0
    outer loop
      vertex 100.585 2.0513 50.8
      vertex 100.752 2.19792 27.5979
      vertex 100.585 2.0513 27.4513
    endloop
  endfacet
  facet normal -0.4431 0.896472 0
    outer loop
      vertex 100.4 1.92776 27.3278
      vertex 100.201 1.8294 50.8
      vertex 100.4 1.92776 50.8
    endloop
  endfacet
  facet normal -0.4431 0.896472 0
    outer loop
      vertex 100.201 1.8294 50.8
      vertex 100.4 1.92776 27.3278
      vertex 100.201 1.8294 27.2294
    endloop
  endfacet
  facet normal -0.443064 -0.89649 0
    outer loop
      vertex 100.201 4.97059 30.3706
      vertex 100.4 4.87224 50.8
      vertex 100.201 4.97059 50.8
    endloop
  endfacet
  facet normal -0.443064 -0.89649 -0
    outer loop
      vertex 100.4 4.87224 50.8
      vertex 100.201 4.97059 30.3706
      vertex 100.4 4.87224 30.2722
    endloop
  endfacet
  facet normal 0.0653848 0.99786 0
    outer loop
      vertex 96.95 1.7 50.8
      vertex 96.7281 1.71454 27.1145
      vertex 96.7281 1.71454 50.8
    endloop
  endfacet
  facet normal 0.0653848 0.99786 0
    outer loop
      vertex 96.7281 1.71454 27.1145
      vertex 96.95 1.7 50.8
      vertex 96.95 1.7 27.1
    endloop
  endfacet
  facet normal -0.750997 -0.660306 -0
    outer loop
      vertex 100.899 4.43489 50.8
      vertex 100.752 4.60208 30.0021
      vertex 100.899 4.43489 29.8349
    endloop
  endfacet
  facet normal -0.750997 -0.660306 0
    outer loop
      vertex 100.752 4.60208 30.0021
      vertex 100.899 4.43489 50.8
      vertex 100.752 4.60208 50.8
    endloop
  endfacet
  facet normal -0.832604 0.553869 0
    outer loop
      vertex 100.899 2.3651 50.8
      vertex 101.022 2.55 27.95
      vertex 100.899 2.3651 27.7651
    endloop
  endfacet
  facet normal -0.832604 0.553869 0
    outer loop
      vertex 101.022 2.55 27.95
      vertex 100.899 2.3651 50.8
      vertex 101.022 2.55 50.8
    endloop
  endfacet
  facet normal 0.195122 -0.980779 0
    outer loop
      vertex 96.51 5.04207 50.8
      vertex 96.7281 5.08546 30.4855
      vertex 96.7281 5.08546 50.8
    endloop
  endfacet
  facet normal 0.195122 -0.980779 0
    outer loop
      vertex 96.7281 5.08546 30.4855
      vertex 96.51 5.04207 50.8
      vertex 96.51 5.04207 30.4421
    endloop
  endfacet
  facet normal 0.831566 0.555426 0
    outer loop
      vertex 95.6013 2.3651 50.8
      vertex 95.4778 2.55 27.95
      vertex 95.4778 2.55 50.8
    endloop
  endfacet
  facet normal 0.831566 0.555426 0
    outer loop
      vertex 95.4778 2.55 27.95
      vertex 95.6013 2.3651 50.8
      vertex 95.6013 2.3651 27.7651
    endloop
  endfacet
  facet normal -0.997723 -0.0674471 -0
    outer loop
      vertex 101.25 3.4 50.8
      vertex 101.235 3.62189 29.0219
      vertex 101.25 3.4 28.8
    endloop
  endfacet
  facet normal -0.997723 -0.0674471 0
    outer loop
      vertex 101.235 3.62189 29.0219
      vertex 101.25 3.4 50.8
      vertex 101.235 3.62189 50.8
    endloop
  endfacet
  facet normal -0.0653848 0.99786 0
    outer loop
      vertex 99.7719 1.71454 27.1145
      vertex 99.55 1.7 50.8
      vertex 99.7719 1.71454 50.8
    endloop
  endfacet
  facet normal -0.0653848 0.99786 0
    outer loop
      vertex 99.55 1.7 50.8
      vertex 99.7719 1.71454 27.1145
      vertex 99.55 1.7 27.1
    endloop
  endfacet
  facet normal -0.750977 0.660328 0
    outer loop
      vertex 100.752 2.19792 50.8
      vertex 100.899 2.3651 27.7651
      vertex 100.752 2.19792 27.5979
    endloop
  endfacet
  facet normal -0.750977 0.660328 0
    outer loop
      vertex 100.899 2.3651 27.7651
      vertex 100.752 2.19792 50.8
      vertex 100.899 2.3651 50.8
    endloop
  endfacet
  facet normal 0.896789 0.442459 0
    outer loop
      vertex 95.4778 2.55 50.8
      vertex 95.3794 2.74944 28.1494
      vertex 95.3794 2.74944 50.8
    endloop
  endfacet
  facet normal 0.896789 0.442459 0
    outer loop
      vertex 95.3794 2.74944 28.1494
      vertex 95.4778 2.55 50.8
      vertex 95.4778 2.55 27.95
    endloop
  endfacet
  facet normal 0.659319 -0.751863 0
    outer loop
      vertex 95.7479 4.60208 50.8
      vertex 95.9151 4.7487 30.1487
      vertex 95.9151 4.7487 50.8
    endloop
  endfacet
  facet normal 0.659319 -0.751863 0
    outer loop
      vertex 95.9151 4.7487 30.1487
      vertex 95.7479 4.60208 50.8
      vertex 95.7479 4.60208 30.0021
    endloop
  endfacet
  facet normal 0.997872 0.0652086 0
    outer loop
      vertex 95.2645 3.17811 50.8
      vertex 95.25 3.4 28.8
      vertex 95.25 3.4 50.8
    endloop
  endfacet
  facet normal 0.997872 0.0652086 0
    outer loop
      vertex 95.25 3.4 28.8
      vertex 95.2645 3.17811 50.8
      vertex 95.2645 3.17811 28.5781
    endloop
  endfacet
  facet normal 0.442349 -0.896843 0
    outer loop
      vertex 96.1 4.87224 50.8
      vertex 96.2994 4.97059 30.3706
      vertex 96.2994 4.97059 50.8
    endloop
  endfacet
  facet normal 0.442349 -0.896843 0
    outer loop
      vertex 96.2994 4.97059 30.3706
      vertex 96.1 4.87224 50.8
      vertex 96.1 4.87224 30.2722
    endloop
  endfacet
  facet normal 0.555551 -0.831483 0
    outer loop
      vertex 95.9151 4.7487 50.8
      vertex 96.1 4.87224 30.2722
      vertex 96.1 4.87224 50.8
    endloop
  endfacet
  facet normal 0.555551 -0.831483 0
    outer loop
      vertex 96.1 4.87224 30.2722
      vertex 95.9151 4.7487 50.8
      vertex 95.9151 4.7487 30.1487
    endloop
  endfacet
  facet normal -0.895717 0.444625 0
    outer loop
      vertex 101.022 2.55 50.8
      vertex 101.121 2.74944 28.1494
      vertex 101.022 2.55 27.95
    endloop
  endfacet
  facet normal -0.895717 0.444625 0
    outer loop
      vertex 101.121 2.74944 28.1494
      vertex 101.022 2.55 50.8
      vertex 101.121 2.74944 50.8
    endloop
  endfacet
  facet normal 0.751888 -0.659291 0
    outer loop
      vertex 95.6013 4.43489 50.8
      vertex 95.7479 4.60208 30.0021
      vertex 95.7479 4.60208 50.8
    endloop
  endfacet
  facet normal 0.751888 -0.659291 0
    outer loop
      vertex 95.7479 4.60208 30.0021
      vertex 95.6013 4.43489 50.8
      vertex 95.6013 4.43489 29.8349
    endloop
  endfacet
  facet normal -0.555343 -0.831621 0
    outer loop
      vertex 100.4 4.87224 30.2722
      vertex 100.585 4.7487 50.8
      vertex 100.4 4.87224 50.8
    endloop
  endfacet
  facet normal -0.555343 -0.831621 -0
    outer loop
      vertex 100.585 4.7487 50.8
      vertex 100.4 4.87224 30.2722
      vertex 100.585 4.7487 30.1487
    endloop
  endfacet
  facet normal -0.981113 0.193434 0
    outer loop
      vertex 101.192 2.96001 50.8
      vertex 101.235 3.17811 28.5781
      vertex 101.192 2.96001 28.36
    endloop
  endfacet
  facet normal -0.981113 0.193434 0
    outer loop
      vertex 101.235 3.17811 28.5781
      vertex 101.192 2.96001 50.8
      vertex 101.235 3.17811 50.8
    endloop
  endfacet
  facet normal -0.997723 0.0674471 0
    outer loop
      vertex 101.235 3.17811 50.8
      vertex 101.25 3.4 28.8
      vertex 101.235 3.17811 28.5781
    endloop
  endfacet
  facet normal -0.997723 0.0674471 0
    outer loop
      vertex 101.25 3.4 28.8
      vertex 101.235 3.17811 50.8
      vertex 101.25 3.4 50.8
    endloop
  endfacet
  facet normal 0.946901 -0.321525 0
    outer loop
      vertex 95.3079 3.83999 50.8
      vertex 95.3794 4.05056 29.4506
      vertex 95.3794 4.05056 50.8
    endloop
  endfacet
  facet normal 0.946901 -0.321525 0
    outer loop
      vertex 95.3794 4.05056 29.4506
      vertex 95.3079 3.83999 50.8
      vertex 95.3079 3.83999 29.24
    endloop
  endfacet
  facet normal 0.98077 -0.195165 0
    outer loop
      vertex 95.2645 3.62189 50.8
      vertex 95.3079 3.83999 29.24
      vertex 95.3079 3.83999 50.8
    endloop
  endfacet
  facet normal 0.98077 -0.195165 0
    outer loop
      vertex 95.3079 3.83999 29.24
      vertex 95.2645 3.62189 50.8
      vertex 95.2645 3.62189 29.0219
    endloop
  endfacet
  facet normal -0.195122 -0.980779 0
    outer loop
      vertex 99.7719 5.08546 30.4855
      vertex 99.99 5.04207 50.8
      vertex 99.7719 5.08546 50.8
    endloop
  endfacet
  facet normal -0.195122 -0.980779 -0
    outer loop
      vertex 99.99 5.04207 50.8
      vertex 99.7719 5.08546 30.4855
      vertex 99.99 5.04207 30.4421
    endloop
  endfacet
  facet normal -0.947584 0.319506 0
    outer loop
      vertex 101.121 2.74944 50.8
      vertex 101.192 2.96001 28.36
      vertex 101.121 2.74944 28.1494
    endloop
  endfacet
  facet normal -0.947584 0.319506 0
    outer loop
      vertex 101.192 2.96001 28.36
      vertex 101.121 2.74944 50.8
      vertex 101.192 2.96001 50.8
    endloop
  endfacet
  facet normal 0.659319 0.751863 0
    outer loop
      vertex 95.9151 2.0513 50.8
      vertex 95.7479 2.19792 27.5979
      vertex 95.7479 2.19792 50.8
    endloop
  endfacet
  facet normal 0.659319 0.751863 0
    outer loop
      vertex 95.7479 2.19792 27.5979
      vertex 95.9151 2.0513 50.8
      vertex 95.9151 2.0513 27.4513
    endloop
  endfacet
  facet normal -0.0653848 -0.99786 0
    outer loop
      vertex 99.55 5.1 30.5
      vertex 99.7719 5.08546 50.8
      vertex 99.55 5.1 50.8
    endloop
  endfacet
  facet normal -0.0653848 -0.99786 -0
    outer loop
      vertex 99.7719 5.08546 50.8
      vertex 99.55 5.1 30.5
      vertex 99.7719 5.08546 30.4855
    endloop
  endfacet
  facet normal 0.98077 0.195165 0
    outer loop
      vertex 95.3079 2.96001 50.8
      vertex 95.2645 3.17811 28.5781
      vertex 95.2645 3.17811 50.8
    endloop
  endfacet
  facet normal 0.98077 0.195165 0
    outer loop
      vertex 95.2645 3.17811 28.5781
      vertex 95.3079 2.96001 50.8
      vertex 95.3079 2.96001 28.36
    endloop
  endfacet
  facet normal 0.321363 0.946956 0
    outer loop
      vertex 96.51 1.75793 50.8
      vertex 96.2994 1.8294 27.2294
      vertex 96.2994 1.8294 50.8
    endloop
  endfacet
  facet normal 0.321363 0.946956 0
    outer loop
      vertex 96.2994 1.8294 27.2294
      vertex 96.51 1.75793 50.8
      vertex 96.51 1.75793 27.1579
    endloop
  endfacet
  facet normal -0.555343 0.831621 0
    outer loop
      vertex 100.585 2.0513 27.4513
      vertex 100.4 1.92776 50.8
      vertex 100.585 2.0513 50.8
    endloop
  endfacet
  facet normal -0.555343 0.831621 0
    outer loop
      vertex 100.4 1.92776 50.8
      vertex 100.585 2.0513 27.4513
      vertex 100.4 1.92776 27.3278
    endloop
  endfacet
  facet normal 0.751869 0.659313 0
    outer loop
      vertex 95.7479 2.19792 50.8
      vertex 95.6013 2.3651 27.7651
      vertex 95.6013 2.3651 50.8
    endloop
  endfacet
  facet normal 0.751869 0.659313 0
    outer loop
      vertex 95.6013 2.3651 27.7651
      vertex 95.7479 2.19792 50.8
      vertex 95.7479 2.19792 27.5979
    endloop
  endfacet
  facet normal -0.83259 -0.553889 -0
    outer loop
      vertex 101.022 4.25 50.8
      vertex 100.899 4.43489 29.8349
      vertex 101.022 4.25 29.65
    endloop
  endfacet
  facet normal -0.83259 -0.553889 0
    outer loop
      vertex 100.899 4.43489 29.8349
      vertex 101.022 4.25 50.8
      vertex 100.899 4.43489 50.8
    endloop
  endfacet
  facet normal -0.320816 0.947141 0
    outer loop
      vertex 100.201 1.8294 27.2294
      vertex 99.99 1.75793 50.8
      vertex 100.201 1.8294 50.8
    endloop
  endfacet
  facet normal -0.320816 0.947141 0
    outer loop
      vertex 99.99 1.75793 50.8
      vertex 100.201 1.8294 27.2294
      vertex 99.99 1.75793 27.1579
    endloop
  endfacet
  facet normal 0.555551 0.831483 0
    outer loop
      vertex 96.1 1.92776 50.8
      vertex 95.9151 2.0513 27.4513
      vertex 95.9151 2.0513 50.8
    endloop
  endfacet
  facet normal 0.555551 0.831483 0
    outer loop
      vertex 95.9151 2.0513 27.4513
      vertex 96.1 1.92776 50.8
      vertex 96.1 1.92776 27.3278
    endloop
  endfacet
  facet normal 0.997723 -0.0674471 0
    outer loop
      vertex 103.25 3.4 50.8
      vertex 103.265 3.62189 29.0219
      vertex 103.265 3.62189 50.8
    endloop
  endfacet
  facet normal 0.997723 -0.0674471 0
    outer loop
      vertex 103.265 3.62189 29.0219
      vertex 103.25 3.4 50.8
      vertex 103.25 3.4 28.8
    endloop
  endfacet
  facet normal 0 -1 0
    outer loop
      vertex 104.95 5.1 30.5
      vertex 107.55 5.1 50.8
      vertex 104.95 5.1 50.8
    endloop
  endfacet
  facet normal 0 -1 -0
    outer loop
      vertex 107.55 5.1 50.8
      vertex 104.95 5.1 30.5
      vertex 107.55 5.1 30.5
    endloop
  endfacet
  facet normal 0.895717 -0.444625 0
    outer loop
      vertex 103.379 4.05056 50.8
      vertex 103.478 4.25 29.65
      vertex 103.478 4.25 50.8
    endloop
  endfacet
  facet normal 0.895717 -0.444625 0
    outer loop
      vertex 103.478 4.25 29.65
      vertex 103.379 4.05056 50.8
      vertex 103.379 4.05056 29.4506
    endloop
  endfacet
  facet normal 0.4431 0.896472 0
    outer loop
      vertex 104.299 1.8294 50.8
      vertex 104.1 1.92776 27.3278
      vertex 104.1 1.92776 50.8
    endloop
  endfacet
  facet normal 0.4431 0.896472 0
    outer loop
      vertex 104.1 1.92776 27.3278
      vertex 104.299 1.8294 50.8
      vertex 104.299 1.8294 27.2294
    endloop
  endfacet
  facet normal -0.981113 -0.193434 -0
    outer loop
      vertex 109.235 3.62189 50.8
      vertex 109.192 3.83999 29.24
      vertex 109.235 3.62189 29.0219
    endloop
  endfacet
  facet normal -0.981113 -0.193434 0
    outer loop
      vertex 109.192 3.83999 29.24
      vertex 109.235 3.62189 50.8
      vertex 109.192 3.83999 50.8
    endloop
  endfacet
  facet normal -0.195208 0.980762 0
    outer loop
      vertex 107.99 1.75793 27.1579
      vertex 107.772 1.71454 50.8
      vertex 107.99 1.75793 50.8
    endloop
  endfacet
  facet normal -0.195208 0.980762 0
    outer loop
      vertex 107.772 1.71454 50.8
      vertex 107.99 1.75793 27.1579
      vertex 107.772 1.71454 27.1145
    endloop
  endfacet
  facet normal -0.895717 -0.444625 -0
    outer loop
      vertex 109.121 4.05056 50.8
      vertex 109.022 4.25 29.65
      vertex 109.121 4.05056 29.4506
    endloop
  endfacet
  facet normal -0.895717 -0.444625 0
    outer loop
      vertex 109.022 4.25 29.65
      vertex 109.121 4.05056 50.8
      vertex 109.022 4.25 50.8
    endloop
  endfacet
  facet normal -0.320856 -0.947128 0
    outer loop
      vertex 107.99 5.04207 30.4421
      vertex 108.201 4.97059 50.8
      vertex 107.99 5.04207 50.8
    endloop
  endfacet
  facet normal -0.320856 -0.947128 -0
    outer loop
      vertex 108.201 4.97059 50.8
      vertex 107.99 5.04207 30.4421
      vertex 108.201 4.97059 30.3706
    endloop
  endfacet
  facet normal 0.195208 0.980762 0
    outer loop
      vertex 104.728 1.71454 50.8
      vertex 104.51 1.75793 27.1579
      vertex 104.51 1.75793 50.8
    endloop
  endfacet
  facet normal 0.195208 0.980762 0
    outer loop
      vertex 104.51 1.75793 27.1579
      vertex 104.728 1.71454 50.8
      vertex 104.728 1.71454 27.1145
    endloop
  endfacet
  facet normal 0.83259 -0.553889 0
    outer loop
      vertex 103.478 4.25 50.8
      vertex 103.601 4.43489 29.8349
      vertex 103.601 4.43489 50.8
    endloop
  endfacet
  facet normal 0.83259 -0.553889 0
    outer loop
      vertex 103.601 4.43489 29.8349
      vertex 103.478 4.25 50.8
      vertex 103.478 4.25 29.65
    endloop
  endfacet
  facet normal -0.659765 -0.751472 0
    outer loop
      vertex 108.585 4.7487 30.1487
      vertex 108.752 4.60208 50.8
      vertex 108.585 4.7487 50.8
    endloop
  endfacet
  facet normal -0.659765 -0.751472 -0
    outer loop
      vertex 108.752 4.60208 50.8
      vertex 108.585 4.7487 30.1487
      vertex 108.752 4.60208 30.0021
    endloop
  endfacet
  facet normal 0 1 -0
    outer loop
      vertex 107.55 1.7 27.1
      vertex 104.95 1.7 50.8
      vertex 107.55 1.7 50.8
    endloop
  endfacet
  facet normal 0 1 0
    outer loop
      vertex 104.95 1.7 50.8
      vertex 107.55 1.7 27.1
      vertex 104.95 1.7 27.1
    endloop
  endfacet
  facet normal -0.947584 -0.319506 -0
    outer loop
      vertex 109.192 3.83999 50.8
      vertex 109.121 4.05056 29.4506
      vertex 109.192 3.83999 29.24
    endloop
  endfacet
  facet normal -0.947584 -0.319506 0
    outer loop
      vertex 109.121 4.05056 29.4506
      vertex 109.192 3.83999 50.8
      vertex 109.121 4.05056 50.8
    endloop
  endfacet
  facet normal 0.320856 -0.947128 0
    outer loop
      vertex 104.299 4.97059 50.8
      vertex 104.51 5.04207 30.4421
      vertex 104.51 5.04207 50.8
    endloop
  endfacet
  facet normal 0.320856 -0.947128 0
    outer loop
      vertex 104.51 5.04207 30.4421
      vertex 104.299 4.97059 50.8
      vertex 104.299 4.97059 30.3706
    endloop
  endfacet
  facet normal 0.947584 0.319506 0
    outer loop
      vertex 103.379 2.74944 50.8
      vertex 103.308 2.96001 28.36
      vertex 103.308 2.96001 50.8
    endloop
  endfacet
  facet normal 0.947584 0.319506 0
    outer loop
      vertex 103.308 2.96001 28.36
      vertex 103.379 2.74944 50.8
      vertex 103.379 2.74944 28.1494
    endloop
  endfacet
  facet normal 0.0653555 -0.997862 0
    outer loop
      vertex 104.728 5.08546 50.8
      vertex 104.95 5.1 30.5
      vertex 104.95 5.1 50.8
    endloop
  endfacet
  facet normal 0.0653555 -0.997862 0
    outer loop
      vertex 104.95 5.1 30.5
      vertex 104.728 5.08546 50.8
      vertex 104.728 5.08546 30.4855
    endloop
  endfacet
  facet normal -0.659765 0.751472 0
    outer loop
      vertex 108.752 2.19792 27.5979
      vertex 108.585 2.0513 50.8
      vertex 108.752 2.19792 50.8
    endloop
  endfacet
  facet normal -0.659765 0.751472 0
    outer loop
      vertex 108.585 2.0513 50.8
      vertex 108.752 2.19792 27.5979
      vertex 108.585 2.0513 27.4513
    endloop
  endfacet
  facet normal -0.4431 0.896472 0
    outer loop
      vertex 108.4 1.92776 27.3278
      vertex 108.201 1.8294 50.8
      vertex 108.4 1.92776 50.8
    endloop
  endfacet
  facet normal -0.4431 0.896472 0
    outer loop
      vertex 108.201 1.8294 50.8
      vertex 108.4 1.92776 27.3278
      vertex 108.201 1.8294 27.2294
    endloop
  endfacet
  facet normal -0.443064 -0.89649 0
    outer loop
      vertex 108.201 4.97059 30.3706
      vertex 108.4 4.87224 50.8
      vertex 108.201 4.97059 50.8
    endloop
  endfacet
  facet normal -0.443064 -0.89649 -0
    outer loop
      vertex 108.4 4.87224 50.8
      vertex 108.201 4.97059 30.3706
      vertex 108.4 4.87224 30.2722
    endloop
  endfacet
  facet normal 0.0653555 0.997862 0
    outer loop
      vertex 104.95 1.7 50.8
      vertex 104.728 1.71454 27.1145
      vertex 104.728 1.71454 50.8
    endloop
  endfacet
  facet normal 0.0653555 0.997862 0
    outer loop
      vertex 104.728 1.71454 27.1145
      vertex 104.95 1.7 50.8
      vertex 104.95 1.7 27.1
    endloop
  endfacet
  facet normal -0.750997 -0.660306 -0
    outer loop
      vertex 108.899 4.43489 50.8
      vertex 108.752 4.60208 30.0021
      vertex 108.899 4.43489 29.8349
    endloop
  endfacet
  facet normal -0.750997 -0.660306 0
    outer loop
      vertex 108.752 4.60208 30.0021
      vertex 108.899 4.43489 50.8
      vertex 108.752 4.60208 50.8
    endloop
  endfacet
  facet normal -0.832604 0.553869 0
    outer loop
      vertex 108.899 2.3651 50.8
      vertex 109.022 2.55 27.95
      vertex 108.899 2.3651 27.7651
    endloop
  endfacet
  facet normal -0.832604 0.553869 0
    outer loop
      vertex 109.022 2.55 27.95
      vertex 108.899 2.3651 50.8
      vertex 109.022 2.55 50.8
    endloop
  endfacet
  facet normal 0.195208 -0.980762 0
    outer loop
      vertex 104.51 5.04207 50.8
      vertex 104.728 5.08546 30.4855
      vertex 104.728 5.08546 50.8
    endloop
  endfacet
  facet normal 0.195208 -0.980762 0
    outer loop
      vertex 104.728 5.08546 30.4855
      vertex 104.51 5.04207 50.8
      vertex 104.51 5.04207 30.4421
    endloop
  endfacet
  facet normal 0.832604 0.553869 0
    outer loop
      vertex 103.601 2.3651 50.8
      vertex 103.478 2.55 27.95
      vertex 103.478 2.55 50.8
    endloop
  endfacet
  facet normal 0.832604 0.553869 0
    outer loop
      vertex 103.478 2.55 27.95
      vertex 103.601 2.3651 50.8
      vertex 103.601 2.3651 27.7651
    endloop
  endfacet
  facet normal -0.997723 -0.0674471 -0
    outer loop
      vertex 109.25 3.4 50.8
      vertex 109.235 3.62189 29.0219
      vertex 109.25 3.4 28.8
    endloop
  endfacet
  facet normal -0.997723 -0.0674471 0
    outer loop
      vertex 109.235 3.62189 29.0219
      vertex 109.25 3.4 50.8
      vertex 109.235 3.62189 50.8
    endloop
  endfacet
  facet normal -0.0653555 0.997862 0
    outer loop
      vertex 107.772 1.71454 27.1145
      vertex 107.55 1.7 50.8
      vertex 107.772 1.71454 50.8
    endloop
  endfacet
  facet normal -0.0653555 0.997862 0
    outer loop
      vertex 107.55 1.7 50.8
      vertex 107.772 1.71454 27.1145
      vertex 107.55 1.7 27.1
    endloop
  endfacet
  facet normal -0.750977 0.660328 0
    outer loop
      vertex 108.752 2.19792 50.8
      vertex 108.899 2.3651 27.7651
      vertex 108.752 2.19792 27.5979
    endloop
  endfacet
  facet normal -0.750977 0.660328 0
    outer loop
      vertex 108.899 2.3651 27.7651
      vertex 108.752 2.19792 50.8
      vertex 108.899 2.3651 50.8
    endloop
  endfacet
  facet normal 0.895717 0.444625 0
    outer loop
      vertex 103.478 2.55 50.8
      vertex 103.379 2.74944 28.1494
      vertex 103.379 2.74944 50.8
    endloop
  endfacet
  facet normal 0.895717 0.444625 0
    outer loop
      vertex 103.379 2.74944 28.1494
      vertex 103.478 2.55 50.8
      vertex 103.478 2.55 27.95
    endloop
  endfacet
  facet normal 0.659765 -0.751472 0
    outer loop
      vertex 103.748 4.60208 50.8
      vertex 103.915 4.7487 30.1487
      vertex 103.915 4.7487 50.8
    endloop
  endfacet
  facet normal 0.659765 -0.751472 0
    outer loop
      vertex 103.915 4.7487 30.1487
      vertex 103.748 4.60208 50.8
      vertex 103.748 4.60208 30.0021
    endloop
  endfacet
  facet normal 0.997723 0.0674471 0
    outer loop
      vertex 103.265 3.17811 50.8
      vertex 103.25 3.4 28.8
      vertex 103.25 3.4 50.8
    endloop
  endfacet
  facet normal 0.997723 0.0674471 0
    outer loop
      vertex 103.25 3.4 28.8
      vertex 103.265 3.17811 50.8
      vertex 103.265 3.17811 28.5781
    endloop
  endfacet
  facet normal 0.443064 -0.89649 0
    outer loop
      vertex 104.1 4.87224 50.8
      vertex 104.299 4.97059 30.3706
      vertex 104.299 4.97059 50.8
    endloop
  endfacet
  facet normal 0.443064 -0.89649 0
    outer loop
      vertex 104.299 4.97059 30.3706
      vertex 104.1 4.87224 50.8
      vertex 104.1 4.87224 30.2722
    endloop
  endfacet
  facet normal 0.555343 -0.831621 0
    outer loop
      vertex 103.915 4.7487 50.8
      vertex 104.1 4.87224 30.2722
      vertex 104.1 4.87224 50.8
    endloop
  endfacet
  facet normal 0.555343 -0.831621 0
    outer loop
      vertex 104.1 4.87224 30.2722
      vertex 103.915 4.7487 50.8
      vertex 103.915 4.7487 30.1487
    endloop
  endfacet
  facet normal -0.895717 0.444625 0
    outer loop
      vertex 109.022 2.55 50.8
      vertex 109.121 2.74944 28.1494
      vertex 109.022 2.55 27.95
    endloop
  endfacet
  facet normal -0.895717 0.444625 0
    outer loop
      vertex 109.121 2.74944 28.1494
      vertex 109.022 2.55 50.8
      vertex 109.121 2.74944 50.8
    endloop
  endfacet
  facet normal 0.750997 -0.660306 0
    outer loop
      vertex 103.601 4.43489 50.8
      vertex 103.748 4.60208 30.0021
      vertex 103.748 4.60208 50.8
    endloop
  endfacet
  facet normal 0.750997 -0.660306 0
    outer loop
      vertex 103.748 4.60208 30.0021
      vertex 103.601 4.43489 50.8
      vertex 103.601 4.43489 29.8349
    endloop
  endfacet
  facet normal -0.555343 -0.831621 0
    outer loop
      vertex 108.4 4.87224 30.2722
      vertex 108.585 4.7487 50.8
      vertex 108.4 4.87224 50.8
    endloop
  endfacet
  facet normal -0.555343 -0.831621 -0
    outer loop
      vertex 108.585 4.7487 50.8
      vertex 108.4 4.87224 30.2722
      vertex 108.585 4.7487 30.1487
    endloop
  endfacet
  facet normal -0.981113 0.193434 0
    outer loop
      vertex 109.192 2.96001 50.8
      vertex 109.235 3.17811 28.5781
      vertex 109.192 2.96001 28.36
    endloop
  endfacet
  facet normal -0.981113 0.193434 0
    outer loop
      vertex 109.235 3.17811 28.5781
      vertex 109.192 2.96001 50.8
      vertex 109.235 3.17811 50.8
    endloop
  endfacet
  facet normal -0.997723 0.0674471 0
    outer loop
      vertex 109.235 3.17811 50.8
      vertex 109.25 3.4 28.8
      vertex 109.235 3.17811 28.5781
    endloop
  endfacet
  facet normal -0.997723 0.0674471 0
    outer loop
      vertex 109.25 3.4 28.8
      vertex 109.235 3.17811 50.8
      vertex 109.25 3.4 50.8
    endloop
  endfacet
  facet normal 0.947584 -0.319506 0
    outer loop
      vertex 103.308 3.83999 50.8
      vertex 103.379 4.05056 29.4506
      vertex 103.379 4.05056 50.8
    endloop
  endfacet
  facet normal 0.947584 -0.319506 0
    outer loop
      vertex 103.379 4.05056 29.4506
      vertex 103.308 3.83999 50.8
      vertex 103.308 3.83999 29.24
    endloop
  endfacet
  facet normal 0.981113 -0.193434 0
    outer loop
      vertex 103.265 3.62189 50.8
      vertex 103.308 3.83999 29.24
      vertex 103.308 3.83999 50.8
    endloop
  endfacet
  facet normal 0.981113 -0.193434 0
    outer loop
      vertex 103.308 3.83999 29.24
      vertex 103.265 3.62189 50.8
      vertex 103.265 3.62189 29.0219
    endloop
  endfacet
  facet normal -0.195208 -0.980762 0
    outer loop
      vertex 107.772 5.08546 30.4855
      vertex 107.99 5.04207 50.8
      vertex 107.772 5.08546 50.8
    endloop
  endfacet
  facet normal -0.195208 -0.980762 -0
    outer loop
      vertex 107.99 5.04207 50.8
      vertex 107.772 5.08546 30.4855
      vertex 107.99 5.04207 30.4421
    endloop
  endfacet
  facet normal -0.947584 0.319506 0
    outer loop
      vertex 109.121 2.74944 50.8
      vertex 109.192 2.96001 28.36
      vertex 109.121 2.74944 28.1494
    endloop
  endfacet
  facet normal -0.947584 0.319506 0
    outer loop
      vertex 109.192 2.96001 28.36
      vertex 109.121 2.74944 50.8
      vertex 109.192 2.96001 50.8
    endloop
  endfacet
  facet normal 0.659765 0.751472 0
    outer loop
      vertex 103.915 2.0513 50.8
      vertex 103.748 2.19792 27.5979
      vertex 103.748 2.19792 50.8
    endloop
  endfacet
  facet normal 0.659765 0.751472 0
    outer loop
      vertex 103.748 2.19792 27.5979
      vertex 103.915 2.0513 50.8
      vertex 103.915 2.0513 27.4513
    endloop
  endfacet
  facet normal -0.0653555 -0.997862 0
    outer loop
      vertex 107.55 5.1 30.5
      vertex 107.772 5.08546 50.8
      vertex 107.55 5.1 50.8
    endloop
  endfacet
  facet normal -0.0653555 -0.997862 -0
    outer loop
      vertex 107.772 5.08546 50.8
      vertex 107.55 5.1 30.5
      vertex 107.772 5.08546 30.4855
    endloop
  endfacet
  facet normal 0.981113 0.193434 0
    outer loop
      vertex 103.308 2.96001 50.8
      vertex 103.265 3.17811 28.5781
      vertex 103.265 3.17811 50.8
    endloop
  endfacet
  facet normal 0.981113 0.193434 0
    outer loop
      vertex 103.265 3.17811 28.5781
      vertex 103.308 2.96001 50.8
      vertex 103.308 2.96001 28.36
    endloop
  endfacet
  facet normal 0.320816 0.947141 0
    outer loop
      vertex 104.51 1.75793 50.8
      vertex 104.299 1.8294 27.2294
      vertex 104.299 1.8294 50.8
    endloop
  endfacet
  facet normal 0.320816 0.947141 0
    outer loop
      vertex 104.299 1.8294 27.2294
      vertex 104.51 1.75793 50.8
      vertex 104.51 1.75793 27.1579
    endloop
  endfacet
  facet normal -0.555343 0.831621 0
    outer loop
      vertex 108.585 2.0513 27.4513
      vertex 108.4 1.92776 50.8
      vertex 108.585 2.0513 50.8
    endloop
  endfacet
  facet normal -0.555343 0.831621 0
    outer loop
      vertex 108.4 1.92776 50.8
      vertex 108.585 2.0513 27.4513
      vertex 108.4 1.92776 27.3278
    endloop
  endfacet
  facet normal 0.750977 0.660328 0
    outer loop
      vertex 103.748 2.19792 50.8
      vertex 103.601 2.3651 27.7651
      vertex 103.601 2.3651 50.8
    endloop
  endfacet
  facet normal 0.750977 0.660328 0
    outer loop
      vertex 103.601 2.3651 27.7651
      vertex 103.748 2.19792 50.8
      vertex 103.748 2.19792 27.5979
    endloop
  endfacet
  facet normal -0.83259 -0.553889 -0
    outer loop
      vertex 109.022 4.25 50.8
      vertex 108.899 4.43489 29.8349
      vertex 109.022 4.25 29.65
    endloop
  endfacet
  facet normal -0.83259 -0.553889 0
    outer loop
      vertex 108.899 4.43489 29.8349
      vertex 109.022 4.25 50.8
      vertex 108.899 4.43489 50.8
    endloop
  endfacet
  facet normal -0.320816 0.947141 0
    outer loop
      vertex 108.201 1.8294 27.2294
      vertex 107.99 1.75793 50.8
      vertex 108.201 1.8294 50.8
    endloop
  endfacet
  facet normal -0.320816 0.947141 0
    outer loop
      vertex 107.99 1.75793 50.8
      vertex 108.201 1.8294 27.2294
      vertex 107.99 1.75793 27.1579
    endloop
  endfacet
  facet normal 0.555343 0.831621 0
    outer loop
      vertex 104.1 1.92776 50.8
      vertex 103.915 2.0513 27.4513
      vertex 103.915 2.0513 50.8
    endloop
  endfacet
  facet normal 0.555343 0.831621 0
    outer loop
      vertex 103.915 2.0513 27.4513
      vertex 104.1 1.92776 50.8
      vertex 104.1 1.92776 27.3278
    endloop
  endfacet
  facet normal 0.997723 -0.0674471 0
    outer loop
      vertex 111.25 3.4 50.8
      vertex 111.265 3.62189 29.0219
      vertex 111.265 3.62189 50.8
    endloop
  endfacet
  facet normal 0.997723 -0.0674471 0
    outer loop
      vertex 111.265 3.62189 29.0219
      vertex 111.25 3.4 50.8
      vertex 111.25 3.4 28.8
    endloop
  endfacet
  facet normal 0 -1 0
    outer loop
      vertex 112.95 5.1 30.5
      vertex 115.55 5.1 50.8
      vertex 112.95 5.1 50.8
    endloop
  endfacet
  facet normal 0 -1 -0
    outer loop
      vertex 115.55 5.1 50.8
      vertex 112.95 5.1 30.5
      vertex 115.55 5.1 30.5
    endloop
  endfacet
  facet normal 0.895717 -0.444625 0
    outer loop
      vertex 111.379 4.05056 50.8
      vertex 111.478 4.25 29.65
      vertex 111.478 4.25 50.8
    endloop
  endfacet
  facet normal 0.895717 -0.444625 0
    outer loop
      vertex 111.478 4.25 29.65
      vertex 111.379 4.05056 50.8
      vertex 111.379 4.05056 29.4506
    endloop
  endfacet
  facet normal 0.4431 0.896472 0
    outer loop
      vertex 112.299 1.8294 50.8
      vertex 112.1 1.92776 27.3278
      vertex 112.1 1.92776 50.8
    endloop
  endfacet
  facet normal 0.4431 0.896472 0
    outer loop
      vertex 112.1 1.92776 27.3278
      vertex 112.299 1.8294 50.8
      vertex 112.299 1.8294 27.2294
    endloop
  endfacet
  facet normal -0.981113 -0.193434 -0
    outer loop
      vertex 117.235 3.62189 50.8
      vertex 117.192 3.83999 29.24
      vertex 117.235 3.62189 29.0219
    endloop
  endfacet
  facet normal -0.981113 -0.193434 0
    outer loop
      vertex 117.192 3.83999 29.24
      vertex 117.235 3.62189 50.8
      vertex 117.192 3.83999 50.8
    endloop
  endfacet
  facet normal -0.195208 0.980762 0
    outer loop
      vertex 115.99 1.75793 27.1579
      vertex 115.772 1.71454 50.8
      vertex 115.99 1.75793 50.8
    endloop
  endfacet
  facet normal -0.195208 0.980762 0
    outer loop
      vertex 115.772 1.71454 50.8
      vertex 115.99 1.75793 27.1579
      vertex 115.772 1.71454 27.1145
    endloop
  endfacet
  facet normal -0.895717 -0.444625 -0
    outer loop
      vertex 117.121 4.05056 50.8
      vertex 117.022 4.25 29.65
      vertex 117.121 4.05056 29.4506
    endloop
  endfacet
  facet normal -0.895717 -0.444625 0
    outer loop
      vertex 117.022 4.25 29.65
      vertex 117.121 4.05056 50.8
      vertex 117.022 4.25 50.8
    endloop
  endfacet
  facet normal -0.320856 -0.947128 0
    outer loop
      vertex 115.99 5.04207 30.4421
      vertex 116.201 4.97059 50.8
      vertex 115.99 5.04207 50.8
    endloop
  endfacet
  facet normal -0.320856 -0.947128 -0
    outer loop
      vertex 116.201 4.97059 50.8
      vertex 115.99 5.04207 30.4421
      vertex 116.201 4.97059 30.3706
    endloop
  endfacet
  facet normal 0.195208 0.980762 0
    outer loop
      vertex 112.728 1.71454 50.8
      vertex 112.51 1.75793 27.1579
      vertex 112.51 1.75793 50.8
    endloop
  endfacet
  facet normal 0.195208 0.980762 0
    outer loop
      vertex 112.51 1.75793 27.1579
      vertex 112.728 1.71454 50.8
      vertex 112.728 1.71454 27.1145
    endloop
  endfacet
  facet normal 0.83259 -0.553889 0
    outer loop
      vertex 111.478 4.25 50.8
      vertex 111.601 4.43489 29.8349
      vertex 111.601 4.43489 50.8
    endloop
  endfacet
  facet normal 0.83259 -0.553889 0
    outer loop
      vertex 111.601 4.43489 29.8349
      vertex 111.478 4.25 50.8
      vertex 111.478 4.25 29.65
    endloop
  endfacet
  facet normal -0.659765 -0.751472 0
    outer loop
      vertex 116.585 4.7487 30.1487
      vertex 116.752 4.60208 50.8
      vertex 116.585 4.7487 50.8
    endloop
  endfacet
  facet normal -0.659765 -0.751472 -0
    outer loop
      vertex 116.752 4.60208 50.8
      vertex 116.585 4.7487 30.1487
      vertex 116.752 4.60208 30.0021
    endloop
  endfacet
  facet normal 0 1 -0
    outer loop
      vertex 115.55 1.7 27.1
      vertex 112.95 1.7 50.8
      vertex 115.55 1.7 50.8
    endloop
  endfacet
  facet normal 0 1 0
    outer loop
      vertex 112.95 1.7 50.8
      vertex 115.55 1.7 27.1
      vertex 112.95 1.7 27.1
    endloop
  endfacet
  facet normal -0.947584 -0.319506 -0
    outer loop
      vertex 117.192 3.83999 50.8
      vertex 117.121 4.05056 29.4506
      vertex 117.192 3.83999 29.24
    endloop
  endfacet
  facet normal -0.947584 -0.319506 0
    outer loop
      vertex 117.121 4.05056 29.4506
      vertex 117.192 3.83999 50.8
      vertex 117.121 4.05056 50.8
    endloop
  endfacet
  facet normal 0.320856 -0.947128 0
    outer loop
      vertex 112.299 4.97059 50.8
      vertex 112.51 5.04207 30.4421
      vertex 112.51 5.04207 50.8
    endloop
  endfacet
  facet normal 0.320856 -0.947128 0
    outer loop
      vertex 112.51 5.04207 30.4421
      vertex 112.299 4.97059 50.8
      vertex 112.299 4.97059 30.3706
    endloop
  endfacet
  facet normal 0.947584 0.319506 0
    outer loop
      vertex 111.379 2.74944 50.8
      vertex 111.308 2.96001 28.36
      vertex 111.308 2.96001 50.8
    endloop
  endfacet
  facet normal 0.947584 0.319506 0
    outer loop
      vertex 111.308 2.96001 28.36
      vertex 111.379 2.74944 50.8
      vertex 111.379 2.74944 28.1494
    endloop
  endfacet
  facet normal 0.0653555 -0.997862 0
    outer loop
      vertex 112.728 5.08546 50.8
      vertex 112.95 5.1 30.5
      vertex 112.95 5.1 50.8
    endloop
  endfacet
  facet normal 0.0653555 -0.997862 0
    outer loop
      vertex 112.95 5.1 30.5
      vertex 112.728 5.08546 50.8
      vertex 112.728 5.08546 30.4855
    endloop
  endfacet
  facet normal -0.659765 0.751472 0
    outer loop
      vertex 116.752 2.19792 27.5979
      vertex 116.585 2.0513 50.8
      vertex 116.752 2.19792 50.8
    endloop
  endfacet
  facet normal -0.659765 0.751472 0
    outer loop
      vertex 116.585 2.0513 50.8
      vertex 116.752 2.19792 27.5979
      vertex 116.585 2.0513 27.4513
    endloop
  endfacet
  facet normal -0.4431 0.896472 0
    outer loop
      vertex 116.4 1.92776 27.3278
      vertex 116.201 1.8294 50.8
      vertex 116.4 1.92776 50.8
    endloop
  endfacet
  facet normal -0.4431 0.896472 0
    outer loop
      vertex 116.201 1.8294 50.8
      vertex 116.4 1.92776 27.3278
      vertex 116.201 1.8294 27.2294
    endloop
  endfacet
  facet normal -0.443064 -0.89649 0
    outer loop
      vertex 116.201 4.97059 30.3706
      vertex 116.4 4.87224 50.8
      vertex 116.201 4.97059 50.8
    endloop
  endfacet
  facet normal -0.443064 -0.89649 -0
    outer loop
      vertex 116.4 4.87224 50.8
      vertex 116.201 4.97059 30.3706
      vertex 116.4 4.87224 30.2722
    endloop
  endfacet
  facet normal 0.0653555 0.997862 0
    outer loop
      vertex 112.95 1.7 50.8
      vertex 112.728 1.71454 27.1145
      vertex 112.728 1.71454 50.8
    endloop
  endfacet
  facet normal 0.0653555 0.997862 0
    outer loop
      vertex 112.728 1.71454 27.1145
      vertex 112.95 1.7 50.8
      vertex 112.95 1.7 27.1
    endloop
  endfacet
  facet normal -0.832604 0.553869 0
    outer loop
      vertex 116.899 2.3651 50.8
      vertex 117.022 2.55 27.95
      vertex 116.899 2.3651 27.7651
    endloop
  endfacet
  facet normal -0.832604 0.553869 0
    outer loop
      vertex 117.022 2.55 27.95
      vertex 116.899 2.3651 50.8
      vertex 117.022 2.55 50.8
    endloop
  endfacet
  facet normal 0.195208 -0.980762 0
    outer loop
      vertex 112.51 5.04207 50.8
      vertex 112.728 5.08546 30.4855
      vertex 112.728 5.08546 50.8
    endloop
  endfacet
  facet normal 0.195208 -0.980762 0
    outer loop
      vertex 112.728 5.08546 30.4855
      vertex 112.51 5.04207 50.8
      vertex 112.51 5.04207 30.4421
    endloop
  endfacet
  facet normal 0.832604 0.553869 0
    outer loop
      vertex 111.601 2.3651 50.8
      vertex 111.478 2.55 27.95
      vertex 111.478 2.55 50.8
    endloop
  endfacet
  facet normal 0.832604 0.553869 0
    outer loop
      vertex 111.478 2.55 27.95
      vertex 111.601 2.3651 50.8
      vertex 111.601 2.3651 27.7651
    endloop
  endfacet
  facet normal -0.997723 -0.0674471 -0
    outer loop
      vertex 117.25 3.4 50.8
      vertex 117.235 3.62189 29.0219
      vertex 117.25 3.4 28.8
    endloop
  endfacet
  facet normal -0.997723 -0.0674471 0
    outer loop
      vertex 117.235 3.62189 29.0219
      vertex 117.25 3.4 50.8
      vertex 117.235 3.62189 50.8
    endloop
  endfacet
  facet normal -0.0653555 0.997862 0
    outer loop
      vertex 115.772 1.71454 27.1145
      vertex 115.55 1.7 50.8
      vertex 115.772 1.71454 50.8
    endloop
  endfacet
  facet normal -0.0653555 0.997862 0
    outer loop
      vertex 115.55 1.7 50.8
      vertex 115.772 1.71454 27.1145
      vertex 115.55 1.7 27.1
    endloop
  endfacet
  facet normal -0.750977 0.660328 0
    outer loop
      vertex 116.752 2.19792 50.8
      vertex 116.899 2.3651 27.7651
      vertex 116.752 2.19792 27.5979
    endloop
  endfacet
  facet normal -0.750977 0.660328 0
    outer loop
      vertex 116.899 2.3651 27.7651
      vertex 116.752 2.19792 50.8
      vertex 116.899 2.3651 50.8
    endloop
  endfacet
  facet normal 0.895717 0.444625 0
    outer loop
      vertex 111.478 2.55 50.8
      vertex 111.379 2.74944 28.1494
      vertex 111.379 2.74944 50.8
    endloop
  endfacet
  facet normal 0.895717 0.444625 0
    outer loop
      vertex 111.379 2.74944 28.1494
      vertex 111.478 2.55 50.8
      vertex 111.478 2.55 27.95
    endloop
  endfacet
  facet normal 0.659765 -0.751472 0
    outer loop
      vertex 111.748 4.60208 50.8
      vertex 111.915 4.7487 30.1487
      vertex 111.915 4.7487 50.8
    endloop
  endfacet
  facet normal 0.659765 -0.751472 0
    outer loop
      vertex 111.915 4.7487 30.1487
      vertex 111.748 4.60208 50.8
      vertex 111.748 4.60208 30.0021
    endloop
  endfacet
  facet normal 0.997723 0.0674471 0
    outer loop
      vertex 111.265 3.17811 50.8
      vertex 111.25 3.4 28.8
      vertex 111.25 3.4 50.8
    endloop
  endfacet
  facet normal 0.997723 0.0674471 0
    outer loop
      vertex 111.25 3.4 28.8
      vertex 111.265 3.17811 50.8
      vertex 111.265 3.17811 28.5781
    endloop
  endfacet
  facet normal 0.443064 -0.89649 0
    outer loop
      vertex 112.1 4.87224 50.8
      vertex 112.299 4.97059 30.3706
      vertex 112.299 4.97059 50.8
    endloop
  endfacet
  facet normal 0.443064 -0.89649 0
    outer loop
      vertex 112.299 4.97059 30.3706
      vertex 112.1 4.87224 50.8
      vertex 112.1 4.87224 30.2722
    endloop
  endfacet
  facet normal 0.555343 -0.831621 0
    outer loop
      vertex 111.915 4.7487 50.8
      vertex 112.1 4.87224 30.2722
      vertex 112.1 4.87224 50.8
    endloop
  endfacet
  facet normal 0.555343 -0.831621 0
    outer loop
      vertex 112.1 4.87224 30.2722
      vertex 111.915 4.7487 50.8
      vertex 111.915 4.7487 30.1487
    endloop
  endfacet
  facet normal -0.895717 0.444625 0
    outer loop
      vertex 117.022 2.55 50.8
      vertex 117.121 2.74944 28.1494
      vertex 117.022 2.55 27.95
    endloop
  endfacet
  facet normal -0.895717 0.444625 0
    outer loop
      vertex 117.121 2.74944 28.1494
      vertex 117.022 2.55 50.8
      vertex 117.121 2.74944 50.8
    endloop
  endfacet
  facet normal 0.750997 -0.660306 0
    outer loop
      vertex 111.601 4.43489 50.8
      vertex 111.748 4.60208 30.0021
      vertex 111.748 4.60208 50.8
    endloop
  endfacet
  facet normal 0.750997 -0.660306 0
    outer loop
      vertex 111.748 4.60208 30.0021
      vertex 111.601 4.43489 50.8
      vertex 111.601 4.43489 29.8349
    endloop
  endfacet
  facet normal -0.555343 -0.831621 0
    outer loop
      vertex 116.4 4.87224 30.2722
      vertex 116.585 4.7487 50.8
      vertex 116.4 4.87224 50.8
    endloop
  endfacet
  facet normal -0.555343 -0.831621 -0
    outer loop
      vertex 116.585 4.7487 50.8
      vertex 116.4 4.87224 30.2722
      vertex 116.585 4.7487 30.1487
    endloop
  endfacet
  facet normal -0.981113 0.193434 0
    outer loop
      vertex 117.192 2.96001 50.8
      vertex 117.235 3.17811 28.5781
      vertex 117.192 2.96001 28.36
    endloop
  endfacet
  facet normal -0.981113 0.193434 0
    outer loop
      vertex 117.235 3.17811 28.5781
      vertex 117.192 2.96001 50.8
      vertex 117.235 3.17811 50.8
    endloop
  endfacet
  facet normal -0.997723 0.0674471 0
    outer loop
      vertex 117.235 3.17811 50.8
      vertex 117.25 3.4 28.8
      vertex 117.235 3.17811 28.5781
    endloop
  endfacet
  facet normal -0.997723 0.0674471 0
    outer loop
      vertex 117.25 3.4 28.8
      vertex 117.235 3.17811 50.8
      vertex 117.25 3.4 50.8
    endloop
  endfacet
  facet normal 0.947584 -0.319506 0
    outer loop
      vertex 111.308 3.83999 50.8
      vertex 111.379 4.05056 29.4506
      vertex 111.379 4.05056 50.8
    endloop
  endfacet
  facet normal 0.947584 -0.319506 0
    outer loop
      vertex 111.379 4.05056 29.4506
      vertex 111.308 3.83999 50.8
      vertex 111.308 3.83999 29.24
    endloop
  endfacet
  facet normal 0.981113 -0.193434 0
    outer loop
      vertex 111.265 3.62189 50.8
      vertex 111.308 3.83999 29.24
      vertex 111.308 3.83999 50.8
    endloop
  endfacet
  facet normal 0.981113 -0.193434 0
    outer loop
      vertex 111.308 3.83999 29.24
      vertex 111.265 3.62189 50.8
      vertex 111.265 3.62189 29.0219
    endloop
  endfacet
  facet normal -0.195208 -0.980762 0
    outer loop
      vertex 115.772 5.08546 30.4855
      vertex 115.99 5.04207 50.8
      vertex 115.772 5.08546 50.8
    endloop
  endfacet
  facet normal -0.195208 -0.980762 -0
    outer loop
      vertex 115.99 5.04207 50.8
      vertex 115.772 5.08546 30.4855
      vertex 115.99 5.04207 30.4421
    endloop
  endfacet
  facet normal -0.947584 0.319506 0
    outer loop
      vertex 117.121 2.74944 50.8
      vertex 117.192 2.96001 28.36
      vertex 117.121 2.74944 28.1494
    endloop
  endfacet
  facet normal -0.947584 0.319506 0
    outer loop
      vertex 117.192 2.96001 28.36
      vertex 117.121 2.74944 50.8
      vertex 117.192 2.96001 50.8
    endloop
  endfacet
  facet normal 0.659765 0.751472 0
    outer loop
      vertex 111.915 2.0513 50.8
      vertex 111.748 2.19792 27.5979
      vertex 111.748 2.19792 50.8
    endloop
  endfacet
  facet normal 0.659765 0.751472 0
    outer loop
      vertex 111.748 2.19792 27.5979
      vertex 111.915 2.0513 50.8
      vertex 111.915 2.0513 27.4513
    endloop
  endfacet
  facet normal -0.0653555 -0.997862 0
    outer loop
      vertex 115.55 5.1 30.5
      vertex 115.772 5.08546 50.8
      vertex 115.55 5.1 50.8
    endloop
  endfacet
  facet normal -0.0653555 -0.997862 -0
    outer loop
      vertex 115.772 5.08546 50.8
      vertex 115.55 5.1 30.5
      vertex 115.772 5.08546 30.4855
    endloop
  endfacet
  facet normal 0.981113 0.193434 0
    outer loop
      vertex 111.308 2.96001 50.8
      vertex 111.265 3.17811 28.5781
      vertex 111.265 3.17811 50.8
    endloop
  endfacet
  facet normal 0.981113 0.193434 0
    outer loop
      vertex 111.265 3.17811 28.5781
      vertex 111.308 2.96001 50.8
      vertex 111.308 2.96001 28.36
    endloop
  endfacet
  facet normal 0.320816 0.947141 0
    outer loop
      vertex 112.51 1.75793 50.8
      vertex 112.299 1.8294 27.2294
      vertex 112.299 1.8294 50.8
    endloop
  endfacet
  facet normal 0.320816 0.947141 0
    outer loop
      vertex 112.299 1.8294 27.2294
      vertex 112.51 1.75793 50.8
      vertex 112.51 1.75793 27.1579
    endloop
  endfacet
  facet normal -0.555343 0.831621 0
    outer loop
      vertex 116.585 2.0513 27.4513
      vertex 116.4 1.92776 50.8
      vertex 116.585 2.0513 50.8
    endloop
  endfacet
  facet normal -0.555343 0.831621 0
    outer loop
      vertex 116.4 1.92776 50.8
      vertex 116.585 2.0513 27.4513
      vertex 116.4 1.92776 27.3278
    endloop
  endfacet
  facet normal 0.750977 0.660328 0
    outer loop
      vertex 111.748 2.19792 50.8
      vertex 111.601 2.3651 27.7651
      vertex 111.601 2.3651 50.8
    endloop
  endfacet
  facet normal 0.750977 0.660328 0
    outer loop
      vertex 111.601 2.3651 27.7651
      vertex 111.748 2.19792 50.8
      vertex 111.748 2.19792 27.5979
    endloop
  endfacet
  facet normal -0.83259 -0.553889 -0
    outer loop
      vertex 117.022 4.25 50.8
      vertex 116.899 4.43489 29.8349
      vertex 117.022 4.25 29.65
    endloop
  endfacet
  facet normal -0.83259 -0.553889 0
    outer loop
      vertex 116.899 4.43489 29.8349
      vertex 117.022 4.25 50.8
      vertex 116.899 4.43489 50.8
    endloop
  endfacet
  facet normal -0.750997 -0.660306 -0
    outer loop
      vertex 116.899 4.43489 50.8
      vertex 116.752 4.60208 30.0021
      vertex 116.899 4.43489 29.8349
    endloop
  endfacet
  facet normal -0.750997 -0.660306 0
    outer loop
      vertex 116.752 4.60208 30.0021
      vertex 116.899 4.43489 50.8
      vertex 116.752 4.60208 50.8
    endloop
  endfacet
  facet normal -0.320816 0.947141 0
    outer loop
      vertex 116.201 1.8294 27.2294
      vertex 115.99 1.75793 50.8
      vertex 116.201 1.8294 50.8
    endloop
  endfacet
  facet normal -0.320816 0.947141 0
    outer loop
      vertex 115.99 1.75793 50.8
      vertex 116.201 1.8294 27.2294
      vertex 115.99 1.75793 27.1579
    endloop
  endfacet
  facet normal 0.555343 0.831621 0
    outer loop
      vertex 112.1 1.92776 50.8
      vertex 111.915 2.0513 27.4513
      vertex 111.915 2.0513 50.8
    endloop
  endfacet
  facet normal 0.555343 0.831621 0
    outer loop
      vertex 111.915 2.0513 27.4513
      vertex 112.1 1.92776 50.8
      vertex 112.1 1.92776 27.3278
    endloop
  endfacet
  facet normal 0.997723 -0.0674471 0
    outer loop
      vertex 119.25 3.4 50.8
      vertex 119.265 3.62189 29.0219
      vertex 119.265 3.62189 50.8
    endloop
  endfacet
  facet normal 0.997723 -0.0674471 0
    outer loop
      vertex 119.265 3.62189 29.0219
      vertex 119.25 3.4 50.8
      vertex 119.25 3.4 28.8
    endloop
  endfacet
  facet normal 0 -1 0
    outer loop
      vertex 120.95 5.1 30.5
      vertex 123.55 5.1 50.8
      vertex 120.95 5.1 50.8
    endloop
  endfacet
  facet normal 0 -1 -0
    outer loop
      vertex 123.55 5.1 50.8
      vertex 120.95 5.1 30.5
      vertex 123.55 5.1 30.5
    endloop
  endfacet
  facet normal 0.895717 -0.444625 0
    outer loop
      vertex 119.379 4.05056 50.8
      vertex 119.478 4.25 29.65
      vertex 119.478 4.25 50.8
    endloop
  endfacet
  facet normal 0.895717 -0.444625 0
    outer loop
      vertex 119.478 4.25 29.65
      vertex 119.379 4.05056 50.8
      vertex 119.379 4.05056 29.4506
    endloop
  endfacet
  facet normal 0.4431 0.896472 0
    outer loop
      vertex 120.299 1.8294 50.8
      vertex 120.1 1.92776 27.3278
      vertex 120.1 1.92776 50.8
    endloop
  endfacet
  facet normal 0.4431 0.896472 0
    outer loop
      vertex 120.1 1.92776 27.3278
      vertex 120.299 1.8294 50.8
      vertex 120.299 1.8294 27.2294
    endloop
  endfacet
  facet normal -0.981113 -0.193434 -0
    outer loop
      vertex 125.235 3.62189 50.8
      vertex 125.192 3.83999 29.24
      vertex 125.235 3.62189 29.0219
    endloop
  endfacet
  facet normal -0.981113 -0.193434 0
    outer loop
      vertex 125.192 3.83999 29.24
      vertex 125.235 3.62189 50.8
      vertex 125.192 3.83999 50.8
    endloop
  endfacet
  facet normal -0.195208 0.980762 0
    outer loop
      vertex 123.99 1.75793 27.1579
      vertex 123.772 1.71454 50.8
      vertex 123.99 1.75793 50.8
    endloop
  endfacet
  facet normal -0.195208 0.980762 0
    outer loop
      vertex 123.772 1.71454 50.8
      vertex 123.99 1.75793 27.1579
      vertex 123.772 1.71454 27.1145
    endloop
  endfacet
  facet normal -0.895717 -0.444625 -0
    outer loop
      vertex 125.121 4.05056 50.8
      vertex 125.022 4.25 29.65
      vertex 125.121 4.05056 29.4506
    endloop
  endfacet
  facet normal -0.895717 -0.444625 0
    outer loop
      vertex 125.022 4.25 29.65
      vertex 125.121 4.05056 50.8
      vertex 125.022 4.25 50.8
    endloop
  endfacet
  facet normal -0.320856 -0.947128 0
    outer loop
      vertex 123.99 5.04207 30.4421
      vertex 124.201 4.97059 50.8
      vertex 123.99 5.04207 50.8
    endloop
  endfacet
  facet normal -0.320856 -0.947128 -0
    outer loop
      vertex 124.201 4.97059 50.8
      vertex 123.99 5.04207 30.4421
      vertex 124.201 4.97059 30.3706
    endloop
  endfacet
  facet normal 0.195208 0.980762 0
    outer loop
      vertex 120.728 1.71454 50.8
      vertex 120.51 1.75793 27.1579
      vertex 120.51 1.75793 50.8
    endloop
  endfacet
  facet normal 0.195208 0.980762 0
    outer loop
      vertex 120.51 1.75793 27.1579
      vertex 120.728 1.71454 50.8
      vertex 120.728 1.71454 27.1145
    endloop
  endfacet
  facet normal 0.83259 -0.553889 0
    outer loop
      vertex 119.478 4.25 50.8
      vertex 119.601 4.43489 29.8349
      vertex 119.601 4.43489 50.8
    endloop
  endfacet
  facet normal 0.83259 -0.553889 0
    outer loop
      vertex 119.601 4.43489 29.8349
      vertex 119.478 4.25 50.8
      vertex 119.478 4.25 29.65
    endloop
  endfacet
  facet normal -0.659765 -0.751472 0
    outer loop
      vertex 124.585 4.7487 30.1487
      vertex 124.752 4.60208 50.8
      vertex 124.585 4.7487 50.8
    endloop
  endfacet
  facet normal -0.659765 -0.751472 -0
    outer loop
      vertex 124.752 4.60208 50.8
      vertex 124.585 4.7487 30.1487
      vertex 124.752 4.60208 30.0021
    endloop
  endfacet
  facet normal 0 1 -0
    outer loop
      vertex 123.55 1.7 27.1
      vertex 120.95 1.7 50.8
      vertex 123.55 1.7 50.8
    endloop
  endfacet
  facet normal 0 1 0
    outer loop
      vertex 120.95 1.7 50.8
      vertex 123.55 1.7 27.1
      vertex 120.95 1.7 27.1
    endloop
  endfacet
  facet normal -0.947584 -0.319506 -0
    outer loop
      vertex 125.192 3.83999 50.8
      vertex 125.121 4.05056 29.4506
      vertex 125.192 3.83999 29.24
    endloop
  endfacet
  facet normal -0.947584 -0.319506 0
    outer loop
      vertex 125.121 4.05056 29.4506
      vertex 125.192 3.83999 50.8
      vertex 125.121 4.05056 50.8
    endloop
  endfacet
  facet normal 0.320856 -0.947128 0
    outer loop
      vertex 120.299 4.97059 50.8
      vertex 120.51 5.04207 30.4421
      vertex 120.51 5.04207 50.8
    endloop
  endfacet
  facet normal 0.320856 -0.947128 0
    outer loop
      vertex 120.51 5.04207 30.4421
      vertex 120.299 4.97059 50.8
      vertex 120.299 4.97059 30.3706
    endloop
  endfacet
  facet normal 0.947584 0.319506 0
    outer loop
      vertex 119.379 2.74944 50.8
      vertex 119.308 2.96001 28.36
      vertex 119.308 2.96001 50.8
    endloop
  endfacet
  facet normal 0.947584 0.319506 0
    outer loop
      vertex 119.308 2.96001 28.36
      vertex 119.379 2.74944 50.8
      vertex 119.379 2.74944 28.1494
    endloop
  endfacet
  facet normal 0.0653555 -0.997862 0
    outer loop
      vertex 120.728 5.08546 50.8
      vertex 120.95 5.1 30.5
      vertex 120.95 5.1 50.8
    endloop
  endfacet
  facet normal 0.0653555 -0.997862 0
    outer loop
      vertex 120.95 5.1 30.5
      vertex 120.728 5.08546 50.8
      vertex 120.728 5.08546 30.4855
    endloop
  endfacet
  facet normal -0.659765 0.751472 0
    outer loop
      vertex 124.752 2.19792 27.5979
      vertex 124.585 2.0513 50.8
      vertex 124.752 2.19792 50.8
    endloop
  endfacet
  facet normal -0.659765 0.751472 0
    outer loop
      vertex 124.585 2.0513 50.8
      vertex 124.752 2.19792 27.5979
      vertex 124.585 2.0513 27.4513
    endloop
  endfacet
  facet normal -0.4431 0.896472 0
    outer loop
      vertex 124.4 1.92776 27.3278
      vertex 124.201 1.8294 50.8
      vertex 124.4 1.92776 50.8
    endloop
  endfacet
  facet normal -0.4431 0.896472 0
    outer loop
      vertex 124.201 1.8294 50.8
      vertex 124.4 1.92776 27.3278
      vertex 124.201 1.8294 27.2294
    endloop
  endfacet
  facet normal -0.443064 -0.89649 0
    outer loop
      vertex 124.201 4.97059 30.3706
      vertex 124.4 4.87224 50.8
      vertex 124.201 4.97059 50.8
    endloop
  endfacet
  facet normal -0.443064 -0.89649 -0
    outer loop
      vertex 124.4 4.87224 50.8
      vertex 124.201 4.97059 30.3706
      vertex 124.4 4.87224 30.2722
    endloop
  endfacet
  facet normal 0.0653555 0.997862 0
    outer loop
      vertex 120.95 1.7 50.8
      vertex 120.728 1.71454 27.1145
      vertex 120.728 1.71454 50.8
    endloop
  endfacet
  facet normal 0.0653555 0.997862 0
    outer loop
      vertex 120.728 1.71454 27.1145
      vertex 120.95 1.7 50.8
      vertex 120.95 1.7 27.1
    endloop
  endfacet
  facet normal -0.832604 0.553869 0
    outer loop
      vertex 124.899 2.3651 50.8
      vertex 125.022 2.55 27.95
      vertex 124.899 2.3651 27.7651
    endloop
  endfacet
  facet normal -0.832604 0.553869 0
    outer loop
      vertex 125.022 2.55 27.95
      vertex 124.899 2.3651 50.8
      vertex 125.022 2.55 50.8
    endloop
  endfacet
  facet normal 0.195208 -0.980762 0
    outer loop
      vertex 120.51 5.04207 50.8
      vertex 120.728 5.08546 30.4855
      vertex 120.728 5.08546 50.8
    endloop
  endfacet
  facet normal 0.195208 -0.980762 0
    outer loop
      vertex 120.728 5.08546 30.4855
      vertex 120.51 5.04207 50.8
      vertex 120.51 5.04207 30.4421
    endloop
  endfacet
  facet normal 0.832604 0.553869 0
    outer loop
      vertex 119.601 2.3651 50.8
      vertex 119.478 2.55 27.95
      vertex 119.478 2.55 50.8
    endloop
  endfacet
  facet normal 0.832604 0.553869 0
    outer loop
      vertex 119.478 2.55 27.95
      vertex 119.601 2.3651 50.8
      vertex 119.601 2.3651 27.7651
    endloop
  endfacet
  facet normal -0.997723 -0.0674471 -0
    outer loop
      vertex 125.25 3.4 50.8
      vertex 125.235 3.62189 29.0219
      vertex 125.25 3.4 28.8
    endloop
  endfacet
  facet normal -0.997723 -0.0674471 0
    outer loop
      vertex 125.235 3.62189 29.0219
      vertex 125.25 3.4 50.8
      vertex 125.235 3.62189 50.8
    endloop
  endfacet
  facet normal -0.0653555 0.997862 0
    outer loop
      vertex 123.772 1.71454 27.1145
      vertex 123.55 1.7 50.8
      vertex 123.772 1.71454 50.8
    endloop
  endfacet
  facet normal -0.0653555 0.997862 0
    outer loop
      vertex 123.55 1.7 50.8
      vertex 123.772 1.71454 27.1145
      vertex 123.55 1.7 27.1
    endloop
  endfacet
  facet normal -0.750977 0.660328 0
    outer loop
      vertex 124.752 2.19792 50.8
      vertex 124.899 2.3651 27.7651
      vertex 124.752 2.19792 27.5979
    endloop
  endfacet
  facet normal -0.750977 0.660328 0
    outer loop
      vertex 124.899 2.3651 27.7651
      vertex 124.752 2.19792 50.8
      vertex 124.899 2.3651 50.8
    endloop
  endfacet
  facet normal 0.895717 0.444625 0
    outer loop
      vertex 119.478 2.55 50.8
      vertex 119.379 2.74944 28.1494
      vertex 119.379 2.74944 50.8
    endloop
  endfacet
  facet normal 0.895717 0.444625 0
    outer loop
      vertex 119.379 2.74944 28.1494
      vertex 119.478 2.55 50.8
      vertex 119.478 2.55 27.95
    endloop
  endfacet
  facet normal 0.659765 -0.751472 0
    outer loop
      vertex 119.748 4.60208 50.8
      vertex 119.915 4.7487 30.1487
      vertex 119.915 4.7487 50.8
    endloop
  endfacet
  facet normal 0.659765 -0.751472 0
    outer loop
      vertex 119.915 4.7487 30.1487
      vertex 119.748 4.60208 50.8
      vertex 119.748 4.60208 30.0021
    endloop
  endfacet
  facet normal 0.997723 0.0674471 0
    outer loop
      vertex 119.265 3.17811 50.8
      vertex 119.25 3.4 28.8
      vertex 119.25 3.4 50.8
    endloop
  endfacet
  facet normal 0.997723 0.0674471 0
    outer loop
      vertex 119.25 3.4 28.8
      vertex 119.265 3.17811 50.8
      vertex 119.265 3.17811 28.5781
    endloop
  endfacet
  facet normal 0.443064 -0.89649 0
    outer loop
      vertex 120.1 4.87224 50.8
      vertex 120.299 4.97059 30.3706
      vertex 120.299 4.97059 50.8
    endloop
  endfacet
  facet normal 0.443064 -0.89649 0
    outer loop
      vertex 120.299 4.97059 30.3706
      vertex 120.1 4.87224 50.8
      vertex 120.1 4.87224 30.2722
    endloop
  endfacet
  facet normal 0.555343 -0.831621 0
    outer loop
      vertex 119.915 4.7487 50.8
      vertex 120.1 4.87224 30.2722
      vertex 120.1 4.87224 50.8
    endloop
  endfacet
  facet normal 0.555343 -0.831621 0
    outer loop
      vertex 120.1 4.87224 30.2722
      vertex 119.915 4.7487 50.8
      vertex 119.915 4.7487 30.1487
    endloop
  endfacet
  facet normal -0.895717 0.444625 0
    outer loop
      vertex 125.022 2.55 50.8
      vertex 125.121 2.74944 28.1494
      vertex 125.022 2.55 27.95
    endloop
  endfacet
  facet normal -0.895717 0.444625 0
    outer loop
      vertex 125.121 2.74944 28.1494
      vertex 125.022 2.55 50.8
      vertex 125.121 2.74944 50.8
    endloop
  endfacet
  facet normal 0.750997 -0.660306 0
    outer loop
      vertex 119.601 4.43489 50.8
      vertex 119.748 4.60208 30.0021
      vertex 119.748 4.60208 50.8
    endloop
  endfacet
  facet normal 0.750997 -0.660306 0
    outer loop
      vertex 119.748 4.60208 30.0021
      vertex 119.601 4.43489 50.8
      vertex 119.601 4.43489 29.8349
    endloop
  endfacet
  facet normal -0.555343 -0.831621 0
    outer loop
      vertex 124.4 4.87224 30.2722
      vertex 124.585 4.7487 50.8
      vertex 124.4 4.87224 50.8
    endloop
  endfacet
  facet normal -0.555343 -0.831621 -0
    outer loop
      vertex 124.585 4.7487 50.8
      vertex 124.4 4.87224 30.2722
      vertex 124.585 4.7487 30.1487
    endloop
  endfacet
  facet normal -0.981113 0.193434 0
    outer loop
      vertex 125.192 2.96001 50.8
      vertex 125.235 3.17811 28.5781
      vertex 125.192 2.96001 28.36
    endloop
  endfacet
  facet normal -0.981113 0.193434 0
    outer loop
      vertex 125.235 3.17811 28.5781
      vertex 125.192 2.96001 50.8
      vertex 125.235 3.17811 50.8
    endloop
  endfacet
  facet normal -0.997723 0.0674471 0
    outer loop
      vertex 125.235 3.17811 50.8
      vertex 125.25 3.4 28.8
      vertex 125.235 3.17811 28.5781
    endloop
  endfacet
  facet normal -0.997723 0.0674471 0
    outer loop
      vertex 125.25 3.4 28.8
      vertex 125.235 3.17811 50.8
      vertex 125.25 3.4 50.8
    endloop
  endfacet
  facet normal 0.947584 -0.319506 0
    outer loop
      vertex 119.308 3.83999 50.8
      vertex 119.379 4.05056 29.4506
      vertex 119.379 4.05056 50.8
    endloop
  endfacet
  facet normal 0.947584 -0.319506 0
    outer loop
      vertex 119.379 4.05056 29.4506
      vertex 119.308 3.83999 50.8
      vertex 119.308 3.83999 29.24
    endloop
  endfacet
  facet normal 0.981113 -0.193434 0
    outer loop
      vertex 119.265 3.62189 50.8
      vertex 119.308 3.83999 29.24
      vertex 119.308 3.83999 50.8
    endloop
  endfacet
  facet normal 0.981113 -0.193434 0
    outer loop
      vertex 119.308 3.83999 29.24
      vertex 119.265 3.62189 50.8
      vertex 119.265 3.62189 29.0219
    endloop
  endfacet
  facet normal -0.195208 -0.980762 0
    outer loop
      vertex 123.772 5.08546 30.4855
      vertex 123.99 5.04207 50.8
      vertex 123.772 5.08546 50.8
    endloop
  endfacet
  facet normal -0.195208 -0.980762 -0
    outer loop
      vertex 123.99 5.04207 50.8
      vertex 123.772 5.08546 30.4855
      vertex 123.99 5.04207 30.4421
    endloop
  endfacet
  facet normal -0.947584 0.319506 0
    outer loop
      vertex 125.121 2.74944 50.8
      vertex 125.192 2.96001 28.36
      vertex 125.121 2.74944 28.1494
    endloop
  endfacet
  facet normal -0.947584 0.319506 0
    outer loop
      vertex 125.192 2.96001 28.36
      vertex 125.121 2.74944 50.8
      vertex 125.192 2.96001 50.8
    endloop
  endfacet
  facet normal 0.659765 0.751472 0
    outer loop
      vertex 119.915 2.0513 50.8
      vertex 119.748 2.19792 27.5979
      vertex 119.748 2.19792 50.8
    endloop
  endfacet
  facet normal 0.659765 0.751472 0
    outer loop
      vertex 119.748 2.19792 27.5979
      vertex 119.915 2.0513 50.8
      vertex 119.915 2.0513 27.4513
    endloop
  endfacet
  facet normal -0.0653555 -0.997862 0
    outer loop
      vertex 123.55 5.1 30.5
      vertex 123.772 5.08546 50.8
      vertex 123.55 5.1 50.8
    endloop
  endfacet
  facet normal -0.0653555 -0.997862 -0
    outer loop
      vertex 123.772 5.08546 50.8
      vertex 123.55 5.1 30.5
      vertex 123.772 5.08546 30.4855
    endloop
  endfacet
  facet normal 0.981113 0.193434 0
    outer loop
      vertex 119.308 2.96001 50.8
      vertex 119.265 3.17811 28.5781
      vertex 119.265 3.17811 50.8
    endloop
  endfacet
  facet normal 0.981113 0.193434 0
    outer loop
      vertex 119.265 3.17811 28.5781
      vertex 119.308 2.96001 50.8
      vertex 119.308 2.96001 28.36
    endloop
  endfacet
  facet normal 0.320816 0.947141 0
    outer loop
      vertex 120.51 1.75793 50.8
      vertex 120.299 1.8294 27.2294
      vertex 120.299 1.8294 50.8
    endloop
  endfacet
  facet normal 0.320816 0.947141 0
    outer loop
      vertex 120.299 1.8294 27.2294
      vertex 120.51 1.75793 50.8
      vertex 120.51 1.75793 27.1579
    endloop
  endfacet
  facet normal -0.555343 0.831621 0
    outer loop
      vertex 124.585 2.0513 27.4513
      vertex 124.4 1.92776 50.8
      vertex 124.585 2.0513 50.8
    endloop
  endfacet
  facet normal -0.555343 0.831621 0
    outer loop
      vertex 124.4 1.92776 50.8
      vertex 124.585 2.0513 27.4513
      vertex 124.4 1.92776 27.3278
    endloop
  endfacet
  facet normal 0.750977 0.660328 0
    outer loop
      vertex 119.748 2.19792 50.8
      vertex 119.601 2.3651 27.7651
      vertex 119.601 2.3651 50.8
    endloop
  endfacet
  facet normal 0.750977 0.660328 0
    outer loop
      vertex 119.601 2.3651 27.7651
      vertex 119.748 2.19792 50.8
      vertex 119.748 2.19792 27.5979
    endloop
  endfacet
  facet normal -0.83259 -0.553889 -0
    outer loop
      vertex 125.022 4.25 50.8
      vertex 124.899 4.43489 29.8349
      vertex 125.022 4.25 29.65
    endloop
  endfacet
  facet normal -0.83259 -0.553889 0
    outer loop
      vertex 124.899 4.43489 29.8349
      vertex 125.022 4.25 50.8
      vertex 124.899 4.43489 50.8
    endloop
  endfacet
  facet normal -0.750997 -0.660306 -0
    outer loop
      vertex 124.899 4.43489 50.8
      vertex 124.752 4.60208 30.0021
      vertex 124.899 4.43489 29.8349
    endloop
  endfacet
  facet normal -0.750997 -0.660306 0
    outer loop
      vertex 124.752 4.60208 30.0021
      vertex 124.899 4.43489 50.8
      vertex 124.752 4.60208 50.8
    endloop
  endfacet
  facet normal -0.320816 0.947141 0
    outer loop
      vertex 124.201 1.8294 27.2294
      vertex 123.99 1.75793 50.8
      vertex 124.201 1.8294 50.8
    endloop
  endfacet
  facet normal -0.320816 0.947141 0
    outer loop
      vertex 123.99 1.75793 50.8
      vertex 124.201 1.8294 27.2294
      vertex 123.99 1.75793 27.1579
    endloop
  endfacet
  facet normal 0.555343 0.831621 0
    outer loop
      vertex 120.1 1.92776 50.8
      vertex 119.915 2.0513 27.4513
      vertex 119.915 2.0513 50.8
    endloop
  endfacet
  facet normal 0.555343 0.831621 0
    outer loop
      vertex 119.915 2.0513 27.4513
      vertex 120.1 1.92776 50.8
      vertex 120.1 1.92776 27.3278
    endloop
  endfacet
  facet normal 0.997723 -0.0674471 0
    outer loop
      vertex 127.25 3.4 50.8
      vertex 127.265 3.62189 29.0219
      vertex 127.265 3.62189 50.8
    endloop
  endfacet
  facet normal 0.997723 -0.0674471 0
    outer loop
      vertex 127.265 3.62189 29.0219
      vertex 127.25 3.4 50.8
      vertex 127.25 3.4 28.8
    endloop
  endfacet
  facet normal 0 -1 0
    outer loop
      vertex 128.95 5.1 30.5
      vertex 131.55 5.1 50.8
      vertex 128.95 5.1 50.8
    endloop
  endfacet
  facet normal 0 -1 -0
    outer loop
      vertex 131.55 5.1 50.8
      vertex 128.95 5.1 30.5
      vertex 131.55 5.1 30.5
    endloop
  endfacet
  facet normal 0.895717 -0.444625 0
    outer loop
      vertex 127.379 4.05056 50.8
      vertex 127.478 4.25 29.65
      vertex 127.478 4.25 50.8
    endloop
  endfacet
  facet normal 0.895717 -0.444625 0
    outer loop
      vertex 127.478 4.25 29.65
      vertex 127.379 4.05056 50.8
      vertex 127.379 4.05056 29.4506
    endloop
  endfacet
  facet normal 0.4431 0.896472 0
    outer loop
      vertex 128.299 1.8294 50.8
      vertex 128.1 1.92776 27.3278
      vertex 128.1 1.92776 50.8
    endloop
  endfacet
  facet normal 0.4431 0.896472 0
    outer loop
      vertex 128.1 1.92776 27.3278
      vertex 128.299 1.8294 50.8
      vertex 128.299 1.8294 27.2294
    endloop
  endfacet
  facet normal -0.981113 -0.193434 -0
    outer loop
      vertex 133.235 3.62189 50.8
      vertex 133.192 3.83999 29.24
      vertex 133.235 3.62189 29.0219
    endloop
  endfacet
  facet normal -0.981113 -0.193434 0
    outer loop
      vertex 133.192 3.83999 29.24
      vertex 133.235 3.62189 50.8
      vertex 133.192 3.83999 50.8
    endloop
  endfacet
  facet normal -0.195208 0.980762 0
    outer loop
      vertex 131.99 1.75793 27.1579
      vertex 131.772 1.71454 50.8
      vertex 131.99 1.75793 50.8
    endloop
  endfacet
  facet normal -0.195208 0.980762 0
    outer loop
      vertex 131.772 1.71454 50.8
      vertex 131.99 1.75793 27.1579
      vertex 131.772 1.71454 27.1145
    endloop
  endfacet
  facet normal -0.895717 -0.444625 -0
    outer loop
      vertex 133.121 4.05056 50.8
      vertex 133.022 4.25 29.65
      vertex 133.121 4.05056 29.4506
    endloop
  endfacet
  facet normal -0.895717 -0.444625 0
    outer loop
      vertex 133.022 4.25 29.65
      vertex 133.121 4.05056 50.8
      vertex 133.022 4.25 50.8
    endloop
  endfacet
  facet normal -0.320856 -0.947128 0
    outer loop
      vertex 131.99 5.04207 30.4421
      vertex 132.201 4.97059 50.8
      vertex 131.99 5.04207 50.8
    endloop
  endfacet
  facet normal -0.320856 -0.947128 -0
    outer loop
      vertex 132.201 4.97059 50.8
      vertex 131.99 5.04207 30.4421
      vertex 132.201 4.97059 30.3706
    endloop
  endfacet
  facet normal 0.195208 0.980762 0
    outer loop
      vertex 128.728 1.71454 50.8
      vertex 128.51 1.75793 27.1579
      vertex 128.51 1.75793 50.8
    endloop
  endfacet
  facet normal 0.195208 0.980762 0
    outer loop
      vertex 128.51 1.75793 27.1579
      vertex 128.728 1.71454 50.8
      vertex 128.728 1.71454 27.1145
    endloop
  endfacet
  facet normal 0.83259 -0.553889 0
    outer loop
      vertex 127.478 4.25 50.8
      vertex 127.601 4.43489 29.8349
      vertex 127.601 4.43489 50.8
    endloop
  endfacet
  facet normal 0.83259 -0.553889 0
    outer loop
      vertex 127.601 4.43489 29.8349
      vertex 127.478 4.25 50.8
      vertex 127.478 4.25 29.65
    endloop
  endfacet
  facet normal -0.659765 -0.751472 0
    outer loop
      vertex 132.585 4.7487 30.1487
      vertex 132.752 4.60208 50.8
      vertex 132.585 4.7487 50.8
    endloop
  endfacet
  facet normal -0.659765 -0.751472 -0
    outer loop
      vertex 132.752 4.60208 50.8
      vertex 132.585 4.7487 30.1487
      vertex 132.752 4.60208 30.0021
    endloop
  endfacet
  facet normal 0 1 -0
    outer loop
      vertex 131.55 1.7 27.1
      vertex 128.95 1.7 50.8
      vertex 131.55 1.7 50.8
    endloop
  endfacet
  facet normal 0 1 0
    outer loop
      vertex 128.95 1.7 50.8
      vertex 131.55 1.7 27.1
      vertex 128.95 1.7 27.1
    endloop
  endfacet
  facet normal -0.947584 -0.319506 -0
    outer loop
      vertex 133.192 3.83999 50.8
      vertex 133.121 4.05056 29.4506
      vertex 133.192 3.83999 29.24
    endloop
  endfacet
  facet normal -0.947584 -0.319506 0
    outer loop
      vertex 133.121 4.05056 29.4506
      vertex 133.192 3.83999 50.8
      vertex 133.121 4.05056 50.8
    endloop
  endfacet
  facet normal 0.320856 -0.947128 0
    outer loop
      vertex 128.299 4.97059 50.8
      vertex 128.51 5.04207 30.4421
      vertex 128.51 5.04207 50.8
    endloop
  endfacet
  facet normal 0.320856 -0.947128 0
    outer loop
      vertex 128.51 5.04207 30.4421
      vertex 128.299 4.97059 50.8
      vertex 128.299 4.97059 30.3706
    endloop
  endfacet
  facet normal 0.947584 0.319506 0
    outer loop
      vertex 127.379 2.74944 50.8
      vertex 127.308 2.96001 28.36
      vertex 127.308 2.96001 50.8
    endloop
  endfacet
  facet normal 0.947584 0.319506 0
    outer loop
      vertex 127.308 2.96001 28.36
      vertex 127.379 2.74944 50.8
      vertex 127.379 2.74944 28.1494
    endloop
  endfacet
  facet normal 0.0653555 -0.997862 0
    outer loop
      vertex 128.728 5.08546 50.8
      vertex 128.95 5.1 30.5
      vertex 128.95 5.1 50.8
    endloop
  endfacet
  facet normal 0.0653555 -0.997862 0
    outer loop
      vertex 128.95 5.1 30.5
      vertex 128.728 5.08546 50.8
      vertex 128.728 5.08546 30.4855
    endloop
  endfacet
  facet normal -0.659765 0.751472 0
    outer loop
      vertex 132.752 2.19792 27.5979
      vertex 132.585 2.0513 50.8
      vertex 132.752 2.19792 50.8
    endloop
  endfacet
  facet normal -0.659765 0.751472 0
    outer loop
      vertex 132.585 2.0513 50.8
      vertex 132.752 2.19792 27.5979
      vertex 132.585 2.0513 27.4513
    endloop
  endfacet
  facet normal -0.4431 0.896472 0
    outer loop
      vertex 132.4 1.92776 27.3278
      vertex 132.201 1.8294 50.8
      vertex 132.4 1.92776 50.8
    endloop
  endfacet
  facet normal -0.4431 0.896472 0
    outer loop
      vertex 132.201 1.8294 50.8
      vertex 132.4 1.92776 27.3278
      vertex 132.201 1.8294 27.2294
    endloop
  endfacet
  facet normal -0.443064 -0.89649 0
    outer loop
      vertex 132.201 4.97059 30.3706
      vertex 132.4 4.87224 50.8
      vertex 132.201 4.97059 50.8
    endloop
  endfacet
  facet normal -0.443064 -0.89649 -0
    outer loop
      vertex 132.4 4.87224 50.8
      vertex 132.201 4.97059 30.3706
      vertex 132.4 4.87224 30.2722
    endloop
  endfacet
  facet normal 0.0653555 0.997862 0
    outer loop
      vertex 128.95 1.7 50.8
      vertex 128.728 1.71454 27.1145
      vertex 128.728 1.71454 50.8
    endloop
  endfacet
  facet normal 0.0653555 0.997862 0
    outer loop
      vertex 128.728 1.71454 27.1145
      vertex 128.95 1.7 50.8
      vertex 128.95 1.7 27.1
    endloop
  endfacet
  facet normal -0.832604 0.553869 0
    outer loop
      vertex 132.899 2.3651 50.8
      vertex 133.022 2.55 27.95
      vertex 132.899 2.3651 27.7651
    endloop
  endfacet
  facet normal -0.832604 0.553869 0
    outer loop
      vertex 133.022 2.55 27.95
      vertex 132.899 2.3651 50.8
      vertex 133.022 2.55 50.8
    endloop
  endfacet
  facet normal 0.195208 -0.980762 0
    outer loop
      vertex 128.51 5.04207 50.8
      vertex 128.728 5.08546 30.4855
      vertex 128.728 5.08546 50.8
    endloop
  endfacet
  facet normal 0.195208 -0.980762 0
    outer loop
      vertex 128.728 5.08546 30.4855
      vertex 128.51 5.04207 50.8
      vertex 128.51 5.04207 30.4421
    endloop
  endfacet
  facet normal 0.832604 0.553869 0
    outer loop
      vertex 127.601 2.3651 50.8
      vertex 127.478 2.55 27.95
      vertex 127.478 2.55 50.8
    endloop
  endfacet
  facet normal 0.832604 0.553869 0
    outer loop
      vertex 127.478 2.55 27.95
      vertex 127.601 2.3651 50.8
      vertex 127.601 2.3651 27.7651
    endloop
  endfacet
  facet normal -0.997723 -0.0674471 -0
    outer loop
      vertex 133.25 3.4 50.8
      vertex 133.235 3.62189 29.0219
      vertex 133.25 3.4 28.8
    endloop
  endfacet
  facet normal -0.997723 -0.0674471 0
    outer loop
      vertex 133.235 3.62189 29.0219
      vertex 133.25 3.4 50.8
      vertex 133.235 3.62189 50.8
    endloop
  endfacet
  facet normal -0.0653555 0.997862 0
    outer loop
      vertex 131.772 1.71454 27.1145
      vertex 131.55 1.7 50.8
      vertex 131.772 1.71454 50.8
    endloop
  endfacet
  facet normal -0.0653555 0.997862 0
    outer loop
      vertex 131.55 1.7 50.8
      vertex 131.772 1.71454 27.1145
      vertex 131.55 1.7 27.1
    endloop
  endfacet
  facet normal -0.750977 0.660328 0
    outer loop
      vertex 132.752 2.19792 50.8
      vertex 132.899 2.3651 27.7651
      vertex 132.752 2.19792 27.5979
    endloop
  endfacet
  facet normal -0.750977 0.660328 0
    outer loop
      vertex 132.899 2.3651 27.7651
      vertex 132.752 2.19792 50.8
      vertex 132.899 2.3651 50.8
    endloop
  endfacet
  facet normal 0.895717 0.444625 0
    outer loop
      vertex 127.478 2.55 50.8
      vertex 127.379 2.74944 28.1494
      vertex 127.379 2.74944 50.8
    endloop
  endfacet
  facet normal 0.895717 0.444625 0
    outer loop
      vertex 127.379 2.74944 28.1494
      vertex 127.478 2.55 50.8
      vertex 127.478 2.55 27.95
    endloop
  endfacet
  facet normal 0.659765 -0.751472 0
    outer loop
      vertex 127.748 4.60208 50.8
      vertex 127.915 4.7487 30.1487
      vertex 127.915 4.7487 50.8
    endloop
  endfacet
  facet normal 0.659765 -0.751472 0
    outer loop
      vertex 127.915 4.7487 30.1487
      vertex 127.748 4.60208 50.8
      vertex 127.748 4.60208 30.0021
    endloop
  endfacet
  facet normal 0.997723 0.0674471 0
    outer loop
      vertex 127.265 3.17811 50.8
      vertex 127.25 3.4 28.8
      vertex 127.25 3.4 50.8
    endloop
  endfacet
  facet normal 0.997723 0.0674471 0
    outer loop
      vertex 127.25 3.4 28.8
      vertex 127.265 3.17811 50.8
      vertex 127.265 3.17811 28.5781
    endloop
  endfacet
  facet normal 0.443064 -0.89649 0
    outer loop
      vertex 128.1 4.87224 50.8
      vertex 128.299 4.97059 30.3706
      vertex 128.299 4.97059 50.8
    endloop
  endfacet
  facet normal 0.443064 -0.89649 0
    outer loop
      vertex 128.299 4.97059 30.3706
      vertex 128.1 4.87224 50.8
      vertex 128.1 4.87224 30.2722
    endloop
  endfacet
  facet normal 0.555343 -0.831621 0
    outer loop
      vertex 127.915 4.7487 50.8
      vertex 128.1 4.87224 30.2722
      vertex 128.1 4.87224 50.8
    endloop
  endfacet
  facet normal 0.555343 -0.831621 0
    outer loop
      vertex 128.1 4.87224 30.2722
      vertex 127.915 4.7487 50.8
      vertex 127.915 4.7487 30.1487
    endloop
  endfacet
  facet normal -0.895717 0.444625 0
    outer loop
      vertex 133.022 2.55 50.8
      vertex 133.121 2.74944 28.1494
      vertex 133.022 2.55 27.95
    endloop
  endfacet
  facet normal -0.895717 0.444625 0
    outer loop
      vertex 133.121 2.74944 28.1494
      vertex 133.022 2.55 50.8
      vertex 133.121 2.74944 50.8
    endloop
  endfacet
  facet normal 0.750997 -0.660306 0
    outer loop
      vertex 127.601 4.43489 50.8
      vertex 127.748 4.60208 30.0021
      vertex 127.748 4.60208 50.8
    endloop
  endfacet
  facet normal 0.750997 -0.660306 0
    outer loop
      vertex 127.748 4.60208 30.0021
      vertex 127.601 4.43489 50.8
      vertex 127.601 4.43489 29.8349
    endloop
  endfacet
  facet normal -0.555343 -0.831621 0
    outer loop
      vertex 132.4 4.87224 30.2722
      vertex 132.585 4.7487 50.8
      vertex 132.4 4.87224 50.8
    endloop
  endfacet
  facet normal -0.555343 -0.831621 -0
    outer loop
      vertex 132.585 4.7487 50.8
      vertex 132.4 4.87224 30.2722
      vertex 132.585 4.7487 30.1487
    endloop
  endfacet
  facet normal -0.981113 0.193434 0
    outer loop
      vertex 133.192 2.96001 50.8
      vertex 133.235 3.17811 28.5781
      vertex 133.192 2.96001 28.36
    endloop
  endfacet
  facet normal -0.981113 0.193434 0
    outer loop
      vertex 133.235 3.17811 28.5781
      vertex 133.192 2.96001 50.8
      vertex 133.235 3.17811 50.8
    endloop
  endfacet
  facet normal -0.997723 0.0674471 0
    outer loop
      vertex 133.235 3.17811 50.8
      vertex 133.25 3.4 28.8
      vertex 133.235 3.17811 28.5781
    endloop
  endfacet
  facet normal -0.997723 0.0674471 0
    outer loop
      vertex 133.25 3.4 28.8
      vertex 133.235 3.17811 50.8
      vertex 133.25 3.4 50.8
    endloop
  endfacet
  facet normal 0.947584 -0.319506 0
    outer loop
      vertex 127.308 3.83999 50.8
      vertex 127.379 4.05056 29.4506
      vertex 127.379 4.05056 50.8
    endloop
  endfacet
  facet normal 0.947584 -0.319506 0
    outer loop
      vertex 127.379 4.05056 29.4506
      vertex 127.308 3.83999 50.8
      vertex 127.308 3.83999 29.24
    endloop
  endfacet
  facet normal 0.981113 -0.193434 0
    outer loop
      vertex 127.265 3.62189 50.8
      vertex 127.308 3.83999 29.24
      vertex 127.308 3.83999 50.8
    endloop
  endfacet
  facet normal 0.981113 -0.193434 0
    outer loop
      vertex 127.308 3.83999 29.24
      vertex 127.265 3.62189 50.8
      vertex 127.265 3.62189 29.0219
    endloop
  endfacet
  facet normal -0.195208 -0.980762 0
    outer loop
      vertex 131.772 5.08546 30.4855
      vertex 131.99 5.04207 50.8
      vertex 131.772 5.08546 50.8
    endloop
  endfacet
  facet normal -0.195208 -0.980762 -0
    outer loop
      vertex 131.99 5.04207 50.8
      vertex 131.772 5.08546 30.4855
      vertex 131.99 5.04207 30.4421
    endloop
  endfacet
  facet normal -0.947584 0.319506 0
    outer loop
      vertex 133.121 2.74944 50.8
      vertex 133.192 2.96001 28.36
      vertex 133.121 2.74944 28.1494
    endloop
  endfacet
  facet normal -0.947584 0.319506 0
    outer loop
      vertex 133.192 2.96001 28.36
      vertex 133.121 2.74944 50.8
      vertex 133.192 2.96001 50.8
    endloop
  endfacet
  facet normal 0.659765 0.751472 0
    outer loop
      vertex 127.915 2.0513 50.8
      vertex 127.748 2.19792 27.5979
      vertex 127.748 2.19792 50.8
    endloop
  endfacet
  facet normal 0.659765 0.751472 0
    outer loop
      vertex 127.748 2.19792 27.5979
      vertex 127.915 2.0513 50.8
      vertex 127.915 2.0513 27.4513
    endloop
  endfacet
  facet normal -0.0653555 -0.997862 0
    outer loop
      vertex 131.55 5.1 30.5
      vertex 131.772 5.08546 50.8
      vertex 131.55 5.1 50.8
    endloop
  endfacet
  facet normal -0.0653555 -0.997862 -0
    outer loop
      vertex 131.772 5.08546 50.8
      vertex 131.55 5.1 30.5
      vertex 131.772 5.08546 30.4855
    endloop
  endfacet
  facet normal 0.981113 0.193434 0
    outer loop
      vertex 127.308 2.96001 50.8
      vertex 127.265 3.17811 28.5781
      vertex 127.265 3.17811 50.8
    endloop
  endfacet
  facet normal 0.981113 0.193434 0
    outer loop
      vertex 127.265 3.17811 28.5781
      vertex 127.308 2.96001 50.8
      vertex 127.308 2.96001 28.36
    endloop
  endfacet
  facet normal 0.320816 0.947141 0
    outer loop
      vertex 128.51 1.75793 50.8
      vertex 128.299 1.8294 27.2294
      vertex 128.299 1.8294 50.8
    endloop
  endfacet
  facet normal 0.320816 0.947141 0
    outer loop
      vertex 128.299 1.8294 27.2294
      vertex 128.51 1.75793 50.8
      vertex 128.51 1.75793 27.1579
    endloop
  endfacet
  facet normal -0.555343 0.831621 0
    outer loop
      vertex 132.585 2.0513 27.4513
      vertex 132.4 1.92776 50.8
      vertex 132.585 2.0513 50.8
    endloop
  endfacet
  facet normal -0.555343 0.831621 0
    outer loop
      vertex 132.4 1.92776 50.8
      vertex 132.585 2.0513 27.4513
      vertex 132.4 1.92776 27.3278
    endloop
  endfacet
  facet normal 0.750977 0.660328 0
    outer loop
      vertex 127.748 2.19792 50.8
      vertex 127.601 2.3651 27.7651
      vertex 127.601 2.3651 50.8
    endloop
  endfacet
  facet normal 0.750977 0.660328 0
    outer loop
      vertex 127.601 2.3651 27.7651
      vertex 127.748 2.19792 50.8
      vertex 127.748 2.19792 27.5979
    endloop
  endfacet
  facet normal -0.83259 -0.553889 -0
    outer loop
      vertex 133.022 4.25 50.8
      vertex 132.899 4.43489 29.8349
      vertex 133.022 4.25 29.65
    endloop
  endfacet
  facet normal -0.83259 -0.553889 0
    outer loop
      vertex 132.899 4.43489 29.8349
      vertex 133.022 4.25 50.8
      vertex 132.899 4.43489 50.8
    endloop
  endfacet
  facet normal -0.750997 -0.660306 -0
    outer loop
      vertex 132.899 4.43489 50.8
      vertex 132.752 4.60208 30.0021
      vertex 132.899 4.43489 29.8349
    endloop
  endfacet
  facet normal -0.750997 -0.660306 0
    outer loop
      vertex 132.752 4.60208 30.0021
      vertex 132.899 4.43489 50.8
      vertex 132.752 4.60208 50.8
    endloop
  endfacet
  facet normal -0.320816 0.947141 0
    outer loop
      vertex 132.201 1.8294 27.2294
      vertex 131.99 1.75793 50.8
      vertex 132.201 1.8294 50.8
    endloop
  endfacet
  facet normal -0.320816 0.947141 0
    outer loop
      vertex 131.99 1.75793 50.8
      vertex 132.201 1.8294 27.2294
      vertex 131.99 1.75793 27.1579
    endloop
  endfacet
  facet normal 0.555343 0.831621 0
    outer loop
      vertex 128.1 1.92776 50.8
      vertex 127.915 2.0513 27.4513
      vertex 127.915 2.0513 50.8
    endloop
  endfacet
  facet normal 0.555343 0.831621 0
    outer loop
      vertex 127.915 2.0513 27.4513
      vertex 128.1 1.92776 50.8
      vertex 128.1 1.92776 27.3278
    endloop
  endfacet
  facet normal -0.947026 -0.321156 0
    outer loop
      vertex 140.364 43.0353 2
      vertex 140.196 43.5307 31.8
      vertex 140.196 43.5307 2
    endloop
  endfacet
  facet normal -0.947026 -0.321156 0
    outer loop
      vertex 140.196 43.5307 31.8
      vertex 140.364 43.0353 2
      vertex 140.364 43.0353 31.8
    endloop
  endfacet
  facet normal -0.997886 -0.064984 0
    outer loop
      vertex 140.5 42 2
      vertex 140.466 42.5221 31.8
      vertex 140.466 42.5221 2
    endloop
  endfacet
  facet normal -0.997886 -0.064984 0
    outer loop
      vertex 140.466 42.5221 31.8
      vertex 140.5 42 2
      vertex 140.5 42 31.8
    endloop
  endfacet
  facet normal -0.980815 -0.19494 0
    outer loop
      vertex 140.466 42.5221 2
      vertex 140.364 43.0353 31.8
      vertex 140.364 43.0353 2
    endloop
  endfacet
  facet normal -0.980815 -0.19494 0
    outer loop
      vertex 140.364 43.0353 31.8
      vertex 140.466 42.5221 2
      vertex 140.466 42.5221 31.8
    endloop
  endfacet
  facet normal 0 1 -0
    outer loop
      vertex 140.5 6.59 2
      vertex 24 6.59 2.00001
      vertex 140.5 6.59 2.00001
    endloop
  endfacet
  facet normal 0 1 0
    outer loop
      vertex 24 6.59 2.00001
      vertex 140.5 6.59 2
      vertex 24 6.59 2
    endloop
  endfacet
  facet normal -1 0 0
    outer loop
      vertex 140.5 42 2
      vertex 140.5 6.6 31.8
      vertex 140.5 42 31.8
    endloop
  endfacet
  facet normal -1 0 0
    outer loop
      vertex 140.5 6.59 2.00001
      vertex 140.5 42 2
      vertex 140.5 6.59 2
    endloop
  endfacet
  facet normal -1 0 0
    outer loop
      vertex 140.5 42 2
      vertex 140.5 6.59 2.00001
      vertex 140.5 6.6 31.8
    endloop
  endfacet
  facet normal -1 0 0
    outer loop
      vertex 140.5 1.7 27.1
      vertex 140.5 6.6 31.8
      vertex 140.5 6.59 2.00001
    endloop
  endfacet
  facet normal -1 0 0
    outer loop
      vertex 140.5 1.7 27.1
      vertex 140.5 6.59 2.00001
      vertex 140.5 1.7 2.00001
    endloop
  endfacet
  facet normal -1 -0 0
    outer loop
      vertex 140.5 6.6 31.8
      vertex 140.5 1.7 27.1
      vertex 140.5 6.6 32
    endloop
  endfacet
  facet normal 0.195124 -0.980779 0
    outer loop
      vertex 26.9647 45.8637 2
      vertex 27.4779 45.9658 31.8
      vertex 26.9647 45.8637 31.8
    endloop
  endfacet
  facet normal 0.195124 -0.980779 0
    outer loop
      vertex 27.4779 45.9658 31.8
      vertex 26.9647 45.8637 2
      vertex 27.4779 45.9658 2
    endloop
  endfacet
  facet normal 0.997861 -0.0653646 0
    outer loop
      vertex 24 42 31.8
      vertex 24.0342 42.5221 2
      vertex 24.0342 42.5221 31.8
    endloop
  endfacet
  facet normal 0.997861 -0.0653646 0
    outer loop
      vertex 24.0342 42.5221 2
      vertex 24 42 31.8
      vertex 24 42 2
    endloop
  endfacet
  facet normal 0.659343 -0.751842 0
    outer loop
      vertex 25.1716 44.8284 2
      vertex 25.565 45.1734 31.8
      vertex 25.1716 44.8284 31.8
    endloop
  endfacet
  facet normal 0.659343 -0.751842 0
    outer loop
      vertex 25.565 45.1734 31.8
      vertex 25.1716 44.8284 2
      vertex 25.565 45.1734 2
    endloop
  endfacet
  facet normal 0.751842 -0.659343 0
    outer loop
      vertex 24.8266 44.435 31.8
      vertex 25.1716 44.8284 2
      vertex 25.1716 44.8284 31.8
    endloop
  endfacet
  facet normal 0.751842 -0.659343 0
    outer loop
      vertex 25.1716 44.8284 2
      vertex 24.8266 44.435 31.8
      vertex 24.8266 44.435 2
    endloop
  endfacet
  facet normal -0.751842 -0.659343 0
    outer loop
      vertex 139.673 44.435 2
      vertex 139.328 44.8284 31.8
      vertex 139.328 44.8284 2
    endloop
  endfacet
  facet normal -0.751842 -0.659343 0
    outer loop
      vertex 139.328 44.8284 31.8
      vertex 139.673 44.435 2
      vertex 139.673 44.435 31.8
    endloop
  endfacet
  facet normal 0 -1 0
    outer loop
      vertex 28 46 31.8
      vertex 53.5631 46 30.31
      vertex 53.5631 46 31.8
    endloop
  endfacet
  facet normal 0 -1 0
    outer loop
      vertex 136.5 46 2
      vertex 53.5631 46 30.31
      vertex 28 46 2
    endloop
  endfacet
  facet normal 0 -1 0
    outer loop
      vertex 28 46 2
      vertex 53.5631 46 30.31
      vertex 28 46 31.8
    endloop
  endfacet
  facet normal 0 -1 0
    outer loop
      vertex 111.537 46 30.31
      vertex 136.5 46 31.8
      vertex 111.537 46 31.8
    endloop
  endfacet
  facet normal 0 -1 0
    outer loop
      vertex 53.5631 46 30.31
      vertex 136.5 46 2
      vertex 111.537 46 30.31
    endloop
  endfacet
  facet normal 0 -1 0
    outer loop
      vertex 111.537 46 30.31
      vertex 136.5 46 2
      vertex 136.5 46 31.8
    endloop
  endfacet
  facet normal 1 0 0
    outer loop
      vertex 24 1.7 27.1
      vertex 24 6.6 31.8
      vertex 24 6.6 32
    endloop
  endfacet
  facet normal 1 0 0
    outer loop
      vertex 24 6.6 31.8
      vertex 24 1.7 27.1
      vertex 24 6.59 2.00001
    endloop
  endfacet
  facet normal 1 0 0
    outer loop
      vertex 24 6.59 2.00001
      vertex 24 1.7 27.1
      vertex 24 1.7 2.00001
    endloop
  endfacet
  facet normal 1 -0 0
    outer loop
      vertex 24 6.6 31.8
      vertex 24 42 2
      vertex 24 42 31.8
    endloop
  endfacet
  facet normal 1 -0 0
    outer loop
      vertex 24 6.59 2.00001
      vertex 24 42 2
      vertex 24 6.6 31.8
    endloop
  endfacet
  facet normal 1 0 0
    outer loop
      vertex 24 42 2
      vertex 24 6.59 2.00001
      vertex 24 6.59 2
    endloop
  endfacet
  facet normal 0.0653646 -0.997861 0
    outer loop
      vertex 27.4779 45.9658 2
      vertex 28 46 31.8
      vertex 27.4779 45.9658 31.8
    endloop
  endfacet
  facet normal 0.0653646 -0.997861 0
    outer loop
      vertex 28 46 31.8
      vertex 27.4779 45.9658 2
      vertex 28 46 2
    endloop
  endfacet
  facet normal 0.980779 -0.195124 0
    outer loop
      vertex 24.0342 42.5221 31.8
      vertex 24.1363 43.0353 2
      vertex 24.1363 43.0353 31.8
    endloop
  endfacet
  facet normal 0.980779 -0.195124 0
    outer loop
      vertex 24.1363 43.0353 2
      vertex 24.0342 42.5221 31.8
      vertex 24.0342 42.5221 2
    endloop
  endfacet
  facet normal -0.659722 -0.75151 0
    outer loop
      vertex 138.935 45.1734 2
      vertex 139.328 44.8284 31.8
      vertex 138.935 45.1734 31.8
    endloop
  endfacet
  facet normal -0.659722 -0.75151 -0
    outer loop
      vertex 139.328 44.8284 31.8
      vertex 138.935 45.1734 2
      vertex 139.328 44.8284 2
    endloop
  endfacet
  facet normal 0.831432 -0.555626 0
    outer loop
      vertex 24.5359 44 31.8
      vertex 24.8266 44.435 2
      vertex 24.8266 44.435 31.8
    endloop
  endfacet
  facet normal 0.831432 -0.555626 0
    outer loop
      vertex 24.8266 44.435 2
      vertex 24.5359 44 31.8
      vertex 24.5359 44 2
    endloop
  endfacet
  facet normal -0.831167 -0.556022 0
    outer loop
      vertex 139.964 44 2
      vertex 139.673 44.435 31.8
      vertex 139.673 44.435 2
    endloop
  endfacet
  facet normal -0.831167 -0.556022 0
    outer loop
      vertex 139.673 44.435 31.8
      vertex 139.964 44 2
      vertex 139.964 44 31.8
    endloop
  endfacet
  facet normal 0.321498 -0.94691 0
    outer loop
      vertex 26.4693 45.6955 2
      vertex 26.9647 45.8637 31.8
      vertex 26.4693 45.6955 31.8
    endloop
  endfacet
  facet normal 0.321498 -0.94691 0
    outer loop
      vertex 26.9647 45.8637 31.8
      vertex 26.4693 45.6955 2
      vertex 26.9647 45.8637 2
    endloop
  endfacet
  facet normal 0.555626 -0.831432 0
    outer loop
      vertex 25.565 45.1734 2
      vertex 26 45.4641 31.8
      vertex 25.565 45.1734 31.8
    endloop
  endfacet
  facet normal 0.555626 -0.831432 0
    outer loop
      vertex 26 45.4641 31.8
      vertex 25.565 45.1734 2
      vertex 26 45.4641 2
    endloop
  endfacet
  facet normal 0.442238 -0.896898 0
    outer loop
      vertex 26 45.4641 2
      vertex 26.4693 45.6955 31.8
      vertex 26 45.4641 31.8
    endloop
  endfacet
  facet normal 0.442238 -0.896898 0
    outer loop
      vertex 26.4693 45.6955 31.8
      vertex 26 45.4641 2
      vertex 26.4693 45.6955 2
    endloop
  endfacet
  facet normal -0.32115 -0.947028 0
    outer loop
      vertex 137.535 45.8637 2
      vertex 138.031 45.6955 31.8
      vertex 137.535 45.8637 31.8
    endloop
  endfacet
  facet normal -0.32115 -0.947028 -0
    outer loop
      vertex 138.031 45.6955 31.8
      vertex 137.535 45.8637 2
      vertex 138.031 45.6955 2
    endloop
  endfacet
  facet normal -0.555626 -0.831432 0
    outer loop
      vertex 138.5 45.4641 2
      vertex 138.935 45.1734 31.8
      vertex 138.5 45.4641 31.8
    endloop
  endfacet
  facet normal -0.555626 -0.831432 -0
    outer loop
      vertex 138.935 45.1734 31.8
      vertex 138.5 45.4641 2
      vertex 138.935 45.1734 2
    endloop
  endfacet
  facet normal -0.195197 -0.980764 0
    outer loop
      vertex 137.022 45.9658 2
      vertex 137.535 45.8637 31.8
      vertex 137.022 45.9658 31.8
    endloop
  endfacet
  facet normal -0.195197 -0.980764 -0
    outer loop
      vertex 137.535 45.8637 31.8
      vertex 137.022 45.9658 2
      vertex 137.535 45.8637 2
    endloop
  endfacet
  facet normal -0.0653771 -0.997861 0
    outer loop
      vertex 136.5 46 2
      vertex 137.022 45.9658 31.8
      vertex 136.5 46 31.8
    endloop
  endfacet
  facet normal -0.0653771 -0.997861 -0
    outer loop
      vertex 137.022 45.9658 31.8
      vertex 136.5 46 2
      vertex 137.022 45.9658 2
    endloop
  endfacet
  facet normal -0.442465 -0.896786 0
    outer loop
      vertex 138.031 45.6955 2
      vertex 138.5 45.4641 31.8
      vertex 138.031 45.6955 31.8
    endloop
  endfacet
  facet normal -0.442465 -0.896786 -0
    outer loop
      vertex 138.5 45.4641 31.8
      vertex 138.031 45.6955 2
      vertex 138.5 45.4641 2
    endloop
  endfacet
  facet normal 0.94691 -0.321498 0
    outer loop
      vertex 24.1363 43.0353 31.8
      vertex 24.3045 43.5307 2
      vertex 24.3045 43.5307 31.8
    endloop
  endfacet
  facet normal 0.94691 -0.321498 0
    outer loop
      vertex 24.3045 43.5307 2
      vertex 24.1363 43.0353 31.8
      vertex 24.1363 43.0353 2
    endloop
  endfacet
  facet normal 0 0 1
    outer loop
      vertex 140.5 6.59 2
      vertex 58.5644 19.8053 2
      vertex 58.65 18.5 2
    endloop
  endfacet
  facet normal 0 0 1
    outer loop
      vertex 136.5 46 2
      vertex 58.3093 21.0882 2
      vertex 58.5644 19.8053 2
    endloop
  endfacet
  facet normal 0 0 1
    outer loop
      vertex 136.5 46 2
      vertex 57.8888 22.3268 2
      vertex 58.3093 21.0882 2
    endloop
  endfacet
  facet normal 0 0 1
    outer loop
      vertex 136.5 46 2
      vertex 57.3103 23.5 2
      vertex 57.8888 22.3268 2
    endloop
  endfacet
  facet normal 0 0 1
    outer loop
      vertex 136.5 46 2
      vertex 56.5835 24.5876 2
      vertex 57.3103 23.5 2
    endloop
  endfacet
  facet normal 0 0 1
    outer loop
      vertex 136.5 46 2
      vertex 55.7211 25.5711 2
      vertex 56.5835 24.5876 2
    endloop
  endfacet
  facet normal 0 0 1
    outer loop
      vertex 136.5 46 2
      vertex 54.7376 26.4335 2
      vertex 55.7211 25.5711 2
    endloop
  endfacet
  facet normal 0 0 1
    outer loop
      vertex 136.5 46 2
      vertex 53.65 27.1603 2
      vertex 54.7376 26.4335 2
    endloop
  endfacet
  facet normal 0 0 1
    outer loop
      vertex 136.5 46 2
      vertex 52.4768 27.7388 2
      vertex 53.65 27.1603 2
    endloop
  endfacet
  facet normal -0 0 1
    outer loop
      vertex 28 46 2
      vertex 52.4768 27.7388 2
      vertex 136.5 46 2
    endloop
  endfacet
  facet normal 0 0 1
    outer loop
      vertex 52.4768 27.7388 2
      vertex 28 46 2
      vertex 51.2382 28.1593 2
    endloop
  endfacet
  facet normal 0 0 1
    outer loop
      vertex 51.2382 28.1593 2
      vertex 28 46 2
      vertex 49.9553 28.4144 2
    endloop
  endfacet
  facet normal 0 0 1
    outer loop
      vertex 49.9553 28.4144 2
      vertex 28 46 2
      vertex 48.65 28.5 2
    endloop
  endfacet
  facet normal 0 0 1
    outer loop
      vertex 24 6.59 2
      vertex 38.9907 21.0882 2
      vertex 24 42 2
    endloop
  endfacet
  facet normal 0 0 1
    outer loop
      vertex 39.4112 22.3268 2
      vertex 24 42 2
      vertex 38.9907 21.0882 2
    endloop
  endfacet
  facet normal 0 0 1
    outer loop
      vertex 39.9897 23.5 2
      vertex 24 42 2
      vertex 39.4112 22.3268 2
    endloop
  endfacet
  facet normal 0 0 1
    outer loop
      vertex 40.7165 24.5876 2
      vertex 24 42 2
      vertex 39.9897 23.5 2
    endloop
  endfacet
  facet normal 0 0 1
    outer loop
      vertex 41.5789 25.5711 2
      vertex 24 42 2
      vertex 40.7165 24.5876 2
    endloop
  endfacet
  facet normal 0 0 1
    outer loop
      vertex 42.5624 26.4335 2
      vertex 24 42 2
      vertex 41.5789 25.5711 2
    endloop
  endfacet
  facet normal -0 0 1
    outer loop
      vertex 24 42 2
      vertex 42.5624 26.4335 2
      vertex 28 46 2
    endloop
  endfacet
  facet normal 0 0 1
    outer loop
      vertex 43.65 27.1603 2
      vertex 28 46 2
      vertex 42.5624 26.4335 2
    endloop
  endfacet
  facet normal 0 0 1
    outer loop
      vertex 44.8232 27.7388 2
      vertex 28 46 2
      vertex 43.65 27.1603 2
    endloop
  endfacet
  facet normal 0 0 1
    outer loop
      vertex 46.0618 28.1593 2
      vertex 28 46 2
      vertex 44.8232 27.7388 2
    endloop
  endfacet
  facet normal 0 0 1
    outer loop
      vertex 47.3447 28.4144 2
      vertex 28 46 2
      vertex 46.0618 28.1593 2
    endloop
  endfacet
  facet normal 0 0 1
    outer loop
      vertex 48.65 28.5 2
      vertex 28 46 2
      vertex 47.3447 28.4144 2
    endloop
  endfacet
  facet normal 0 0 1
    outer loop
      vertex 136.5 46 2
      vertex 140.5 42 2
      vertex 140.466 42.5221 2
    endloop
  endfacet
  facet normal 0 0 1
    outer loop
      vertex 136.5 46 2
      vertex 140.466 42.5221 2
      vertex 140.364 43.0353 2
    endloop
  endfacet
  facet normal 0 0 1
    outer loop
      vertex 136.5 46 2
      vertex 140.364 43.0353 2
      vertex 140.196 43.5307 2
    endloop
  endfacet
  facet normal 0 0 1
    outer loop
      vertex 136.5 46 2
      vertex 140.196 43.5307 2
      vertex 139.964 44 2
    endloop
  endfacet
  facet normal 0 0 1
    outer loop
      vertex 136.5 46 2
      vertex 139.964 44 2
      vertex 139.673 44.435 2
    endloop
  endfacet
  facet normal 0 0 1
    outer loop
      vertex 136.5 46 2
      vertex 139.673 44.435 2
      vertex 139.328 44.8284 2
    endloop
  endfacet
  facet normal 0 0 1
    outer loop
      vertex 136.5 46 2
      vertex 139.328 44.8284 2
      vertex 138.935 45.1734 2
    endloop
  endfacet
  facet normal 0 0 1
    outer loop
      vertex 136.5 46 2
      vertex 138.935 45.1734 2
      vertex 138.5 45.4641 2
    endloop
  endfacet
  facet normal 0 0 1
    outer loop
      vertex 136.5 46 2
      vertex 138.5 45.4641 2
      vertex 138.031 45.6955 2
    endloop
  endfacet
  facet normal 0 0 1
    outer loop
      vertex 136.5 46 2
      vertex 138.031 45.6955 2
      vertex 137.535 45.8637 2
    endloop
  endfacet
  facet normal 0 0 1
    outer loop
      vertex 136.5 46 2
      vertex 137.535 45.8637 2
      vertex 137.022 45.9658 2
    endloop
  endfacet
  facet normal 0 0 1
    outer loop
      vertex 140.5 42 2
      vertex 136.5 46 2
      vertex 140.5 6.59 2
    endloop
  endfacet
  facet normal -0 0 1
    outer loop
      vertex 58.5644 19.8053 2
      vertex 140.5 6.59 2
      vertex 136.5 46 2
    endloop
  endfacet
  facet normal -0 0 1
    outer loop
      vertex 58.5644 17.1947 2
      vertex 140.5 6.59 2
      vertex 58.65 18.5 2
    endloop
  endfacet
  facet normal -0 0 1
    outer loop
      vertex 58.3093 15.9118 2
      vertex 140.5 6.59 2
      vertex 58.5644 17.1947 2
    endloop
  endfacet
  facet normal -0 0 1
    outer loop
      vertex 57.8888 14.6732 2
      vertex 140.5 6.59 2
      vertex 58.3093 15.9118 2
    endloop
  endfacet
  facet normal -0 0 1
    outer loop
      vertex 57.3103 13.5 2
      vertex 140.5 6.59 2
      vertex 57.8888 14.6732 2
    endloop
  endfacet
  facet normal -0 0 1
    outer loop
      vertex 56.5835 12.4124 2
      vertex 140.5 6.59 2
      vertex 57.3103 13.5 2
    endloop
  endfacet
  facet normal -0 0 1
    outer loop
      vertex 55.7211 11.4289 2
      vertex 140.5 6.59 2
      vertex 56.5835 12.4124 2
    endloop
  endfacet
  facet normal -0 0 1
    outer loop
      vertex 54.7376 10.5665 2
      vertex 140.5 6.59 2
      vertex 55.7211 11.4289 2
    endloop
  endfacet
  facet normal -0 0 1
    outer loop
      vertex 53.65 9.83975 2
      vertex 140.5 6.59 2
      vertex 54.7376 10.5665 2
    endloop
  endfacet
  facet normal -0 0 1
    outer loop
      vertex 52.4768 9.2612 2
      vertex 140.5 6.59 2
      vertex 53.65 9.83975 2
    endloop
  endfacet
  facet normal -0 0 1
    outer loop
      vertex 51.2382 8.84074 2
      vertex 140.5 6.59 2
      vertex 52.4768 9.2612 2
    endloop
  endfacet
  facet normal -0 0 1
    outer loop
      vertex 49.9553 8.58555 2
      vertex 140.5 6.59 2
      vertex 51.2382 8.84074 2
    endloop
  endfacet
  facet normal -0 0 1
    outer loop
      vertex 48.65 8.5 2
      vertex 140.5 6.59 2
      vertex 49.9553 8.58555 2
    endloop
  endfacet
  facet normal 0 0 1
    outer loop
      vertex 38.9907 21.0882 2
      vertex 24 6.59 2
      vertex 38.7355 19.8053 2
    endloop
  endfacet
  facet normal 0 0 1
    outer loop
      vertex 38.7355 19.8053 2
      vertex 24 6.59 2
      vertex 38.65 18.5 2
    endloop
  endfacet
  facet normal 0 0 1
    outer loop
      vertex 38.65 18.5 2
      vertex 24 6.59 2
      vertex 38.7355 17.1947 2
    endloop
  endfacet
  facet normal 0 0 1
    outer loop
      vertex 24 42 2
      vertex 28 46 2
      vertex 27.4779 45.9658 2
    endloop
  endfacet
  facet normal 0 0 1
    outer loop
      vertex 24 42 2
      vertex 27.4779 45.9658 2
      vertex 26.9647 45.8637 2
    endloop
  endfacet
  facet normal 0 0 1
    outer loop
      vertex 24 42 2
      vertex 26.9647 45.8637 2
      vertex 26.4693 45.6955 2
    endloop
  endfacet
  facet normal 0 0 1
    outer loop
      vertex 24 42 2
      vertex 26.4693 45.6955 2
      vertex 26 45.4641 2
    endloop
  endfacet
  facet normal 0 0 1
    outer loop
      vertex 24 42 2
      vertex 26 45.4641 2
      vertex 25.565 45.1734 2
    endloop
  endfacet
  facet normal 0 0 1
    outer loop
      vertex 24 42 2
      vertex 25.565 45.1734 2
      vertex 25.1716 44.8284 2
    endloop
  endfacet
  facet normal 0 0 1
    outer loop
      vertex 24 42 2
      vertex 25.1716 44.8284 2
      vertex 24.8266 44.435 2
    endloop
  endfacet
  facet normal 0 0 1
    outer loop
      vertex 24 42 2
      vertex 24.8266 44.435 2
      vertex 24.5359 44 2
    endloop
  endfacet
  facet normal 0 0 1
    outer loop
      vertex 38.7355 17.1947 2
      vertex 24 6.59 2
      vertex 38.9907 15.9118 2
    endloop
  endfacet
  facet normal 0 0 1
    outer loop
      vertex 24 42 2
      vertex 24.5359 44 2
      vertex 24.3045 43.5307 2
    endloop
  endfacet
  facet normal 0 0 1
    outer loop
      vertex 24 42 2
      vertex 24.3045 43.5307 2
      vertex 24.1363 43.0353 2
    endloop
  endfacet
  facet normal 0 0 1
    outer loop
      vertex 24 42 2
      vertex 24.1363 43.0353 2
      vertex 24.0342 42.5221 2
    endloop
  endfacet
  facet normal 0 0 1
    outer loop
      vertex 38.9907 15.9118 2
      vertex 24 6.59 2
      vertex 39.4112 14.6732 2
    endloop
  endfacet
  facet normal 0 0 1
    outer loop
      vertex 48.65 8.5 2
      vertex 24 6.59 2
      vertex 140.5 6.59 2
    endloop
  endfacet
  facet normal 0 0 1
    outer loop
      vertex 47.3447 8.58555 2
      vertex 24 6.59 2
      vertex 48.65 8.5 2
    endloop
  endfacet
  facet normal 0 0 1
    outer loop
      vertex 46.0618 8.84074 2
      vertex 24 6.59 2
      vertex 47.3447 8.58555 2
    endloop
  endfacet
  facet normal 0 0 1
    outer loop
      vertex 44.8232 9.2612 2
      vertex 24 6.59 2
      vertex 46.0618 8.84074 2
    endloop
  endfacet
  facet normal 0 0 1
    outer loop
      vertex 43.65 9.83975 2
      vertex 24 6.59 2
      vertex 44.8232 9.2612 2
    endloop
  endfacet
  facet normal 0 0 1
    outer loop
      vertex 42.5624 10.5665 2
      vertex 24 6.59 2
      vertex 43.65 9.83975 2
    endloop
  endfacet
  facet normal 0 0 1
    outer loop
      vertex 41.5789 11.4289 2
      vertex 24 6.59 2
      vertex 42.5624 10.5665 2
    endloop
  endfacet
  facet normal 0 0 1
    outer loop
      vertex 40.7165 12.4124 2
      vertex 24 6.59 2
      vertex 41.5789 11.4289 2
    endloop
  endfacet
  facet normal 0 0 1
    outer loop
      vertex 39.9897 13.5 2
      vertex 24 6.59 2
      vertex 40.7165 12.4124 2
    endloop
  endfacet
  facet normal 0 0 1
    outer loop
      vertex 39.4112 14.6732 2
      vertex 24 6.59 2
      vertex 39.9897 13.5 2
    endloop
  endfacet
  facet normal 0.896898 -0.442238 0
    outer loop
      vertex 24.3045 43.5307 31.8
      vertex 24.5359 44 2
      vertex 24.5359 44 31.8
    endloop
  endfacet
  facet normal 0.896898 -0.442238 0
    outer loop
      vertex 24.5359 44 2
      vertex 24.3045 43.5307 31.8
      vertex 24.3045 43.5307 2
    endloop
  endfacet
  facet normal -0.896443 -0.443159 0
    outer loop
      vertex 140.196 43.5307 2
      vertex 139.964 44 31.8
      vertex 139.964 44 2
    endloop
  endfacet
  facet normal -0.896443 -0.443159 0
    outer loop
      vertex 139.964 44 31.8
      vertex 140.196 43.5307 2
      vertex 140.196 43.5307 31.8
    endloop
  endfacet
  facet normal 0 1 -0
    outer loop
      vertex 140.5 1.7 2.00001
      vertex 24 1.7 27.1
      vertex 140.5 1.7 27.1
    endloop
  endfacet
  facet normal 0 1 0
    outer loop
      vertex 24 1.7 27.1
      vertex 140.5 1.7 2.00001
      vertex 24 1.7 2.00001
    endloop
  endfacet
  facet normal 7.59255e-06 0.707123 -0.707091
    outer loop
      vertex 133.235 3.62189 29.0219
      vertex 140.5 1.7 27.1
      vertex 133.25 3.4 28.8
    endloop
  endfacet
  facet normal 7.35561e-06 0.707122 -0.707091
    outer loop
      vertex 140.5 1.7 27.1
      vertex 133.235 3.17811 28.5781
      vertex 133.25 3.4 28.8
    endloop
  endfacet
  facet normal 9.3577e-07 0.707107 -0.707107
    outer loop
      vertex 140.5 1.7 27.1
      vertex 133.192 2.96001 28.36
      vertex 133.235 3.17811 28.5781
    endloop
  endfacet
  facet normal 1.73284e-05 0.707154 -0.707059
    outer loop
      vertex 140.5 1.7 27.1
      vertex 133.121 2.74944 28.1494
      vertex 133.192 2.96001 28.36
    endloop
  endfacet
  facet normal -1.52605e-05 0.70704 -0.707174
    outer loop
      vertex 140.5 1.7 27.1
      vertex 133.022 2.55 27.95
      vertex 133.121 2.74944 28.1494
    endloop
  endfacet
  facet normal -2.11143e-16 0.707107 -0.707107
    outer loop
      vertex 140.5 1.7 27.1
      vertex 132.899 2.3651 27.7651
      vertex 133.022 2.55 27.95
    endloop
  endfacet
  facet normal 6.87276e-06 0.707146 -0.707068
    outer loop
      vertex 140.5 1.7 27.1
      vertex 132.752 2.19792 27.5979
      vertex 132.899 2.3651 27.7651
    endloop
  endfacet
  facet normal -4.0753e-06 0.707061 -0.707153
    outer loop
      vertex 140.5 1.7 27.1
      vertex 132.585 2.0513 27.4513
      vertex 132.752 2.19792 27.5979
    endloop
  endfacet
  facet normal -9.52981e-06 0.706999 -0.707214
    outer loop
      vertex 140.5 1.7 27.1
      vertex 132.4 1.92776 27.3278
      vertex 132.585 2.0513 27.4513
    endloop
  endfacet
  facet normal 4.34571e-06 0.707246 -0.706967
    outer loop
      vertex 140.5 1.7 27.1
      vertex 132.201 1.8294 27.2294
      vertex 132.4 1.92776 27.3278
    endloop
  endfacet
  facet normal 4.42342e-06 0.707249 -0.706965
    outer loop
      vertex 140.5 1.7 27.1
      vertex 131.99 1.75793 27.1579
      vertex 132.201 1.8294 27.2294
    endloop
  endfacet
  facet normal 3.48261e-06 0.70718 -0.707034
    outer loop
      vertex 140.5 1.7 27.1
      vertex 131.772 1.71454 27.1145
      vertex 131.99 1.75793 27.1579
    endloop
  endfacet
  facet normal 0 0.706132 -0.70808
    outer loop
      vertex 140.5 1.7 27.1
      vertex 131.55 1.7 27.1
      vertex 131.772 1.71454 27.1145
    endloop
  endfacet
  facet normal 0 0 0
    outer loop
      vertex 140.5 1.7 27.1
      vertex 128.95 1.7 27.1
      vertex 131.55 1.7 27.1
    endloop
  endfacet
  facet normal 0 0.707123 -0.707091
    outer loop
      vertex 127.265 3.17811 28.5781
      vertex 125.25 3.4 28.8
      vertex 127.25 3.4 28.8
    endloop
  endfacet
  facet normal 0 0.707107 -0.707107
    outer loop
      vertex 125.235 3.17811 28.5781
      vertex 127.265 3.17811 28.5781
      vertex 127.308 2.96001 28.36
    endloop
  endfacet
  facet normal 0 0.707157 -0.707056
    outer loop
      vertex 125.192 2.96001 28.36
      vertex 127.308 2.96001 28.36
      vertex 127.379 2.74944 28.1494
    endloop
  endfacet
  facet normal 0 0.707036 -0.707178
    outer loop
      vertex 125.121 2.74944 28.1494
      vertex 127.379 2.74944 28.1494
      vertex 127.478 2.55 27.95
    endloop
  endfacet
  facet normal 0 0.707107 -0.707107
    outer loop
      vertex 125.022 2.55 27.95
      vertex 127.478 2.55 27.95
      vertex 127.601 2.3651 27.7651
    endloop
  endfacet
  facet normal 0 0.707149 -0.707064
    outer loop
      vertex 124.899 2.3651 27.7651
      vertex 127.601 2.3651 27.7651
      vertex 127.748 2.19792 27.5979
    endloop
  endfacet
  facet normal 0 0.707059 -0.707155
    outer loop
      vertex 124.752 2.19792 27.5979
      vertex 127.748 2.19792 27.5979
      vertex 127.915 2.0513 27.4513
    endloop
  endfacet
  facet normal 0 0.706992 -0.707221
    outer loop
      vertex 124.585 2.0513 27.4513
      vertex 127.915 2.0513 27.4513
      vertex 128.1 1.92776 27.3278
    endloop
  endfacet
  facet normal 0 0.707123 -0.707091
    outer loop
      vertex 127.265 3.17811 28.5781
      vertex 125.235 3.17811 28.5781
      vertex 125.25 3.4 28.8
    endloop
  endfacet
  facet normal 0 0.707251 -0.706963
    outer loop
      vertex 124.4 1.92776 27.3278
      vertex 128.1 1.92776 27.3278
      vertex 128.299 1.8294 27.2294
    endloop
  endfacet
  facet normal 0 0.707107 -0.707107
    outer loop
      vertex 127.308 2.96001 28.36
      vertex 125.192 2.96001 28.36
      vertex 125.235 3.17811 28.5781
    endloop
  endfacet
  facet normal 0 0.707157 -0.707056
    outer loop
      vertex 127.379 2.74944 28.1494
      vertex 125.121 2.74944 28.1494
      vertex 125.192 2.96001 28.36
    endloop
  endfacet
  facet normal 0 0.707255 -0.706958
    outer loop
      vertex 124.201 1.8294 27.2294
      vertex 128.299 1.8294 27.2294
      vertex 128.51 1.75793 27.1579
    endloop
  endfacet
  facet normal 0 0.707036 -0.707178
    outer loop
      vertex 127.478 2.55 27.95
      vertex 125.022 2.55 27.95
      vertex 125.121 2.74944 28.1494
    endloop
  endfacet
  facet normal 0 0.707107 -0.707107
    outer loop
      vertex 127.601 2.3651 27.7651
      vertex 124.899 2.3651 27.7651
      vertex 125.022 2.55 27.95
    endloop
  endfacet
  facet normal 0 0.707188 -0.707025
    outer loop
      vertex 123.99 1.75793 27.1579
      vertex 128.51 1.75793 27.1579
      vertex 128.728 1.71454 27.1145
    endloop
  endfacet
  facet normal 0 0.707149 -0.707064
    outer loop
      vertex 127.748 2.19792 27.5979
      vertex 124.752 2.19792 27.5979
      vertex 124.899 2.3651 27.7651
    endloop
  endfacet
  facet normal 0 0.707059 -0.707155
    outer loop
      vertex 127.915 2.0513 27.4513
      vertex 124.585 2.0513 27.4513
      vertex 124.752 2.19792 27.5979
    endloop
  endfacet
  facet normal 0 0.706992 -0.707221
    outer loop
      vertex 128.1 1.92776 27.3278
      vertex 124.4 1.92776 27.3278
      vertex 124.585 2.0513 27.4513
    endloop
  endfacet
  facet normal 0 0.706132 -0.70808
    outer loop
      vertex 123.772 1.71454 27.1145
      vertex 128.728 1.71454 27.1145
      vertex 128.95 1.7 27.1
    endloop
  endfacet
  facet normal 0 0.707251 -0.706963
    outer loop
      vertex 128.299 1.8294 27.2294
      vertex 124.201 1.8294 27.2294
      vertex 124.4 1.92776 27.3278
    endloop
  endfacet
  facet normal 0 0.707255 -0.706958
    outer loop
      vertex 128.51 1.75793 27.1579
      vertex 123.99 1.75793 27.1579
      vertex 124.201 1.8294 27.2294
    endloop
  endfacet
  facet normal 0 0.707188 -0.707025
    outer loop
      vertex 128.728 1.71454 27.1145
      vertex 123.772 1.71454 27.1145
      vertex 123.99 1.75793 27.1579
    endloop
  endfacet
  facet normal 0 0.706132 -0.70808
    outer loop
      vertex 128.95 1.7 27.1
      vertex 123.55 1.7 27.1
      vertex 123.772 1.71454 27.1145
    endloop
  endfacet
  facet normal 0 0 0
    outer loop
      vertex 140.5 1.7 27.1
      vertex 123.55 1.7 27.1
      vertex 128.95 1.7 27.1
    endloop
  endfacet
  facet normal 0 0 0
    outer loop
      vertex 140.5 1.7 27.1
      vertex 120.95 1.7 27.1
      vertex 123.55 1.7 27.1
    endloop
  endfacet
  facet normal 0 0.707123 -0.707091
    outer loop
      vertex 119.265 3.17811 28.5781
      vertex 117.25 3.4 28.8
      vertex 119.25 3.4 28.8
    endloop
  endfacet
  facet normal 0 0.707107 -0.707107
    outer loop
      vertex 117.235 3.17811 28.5781
      vertex 119.265 3.17811 28.5781
      vertex 119.308 2.96001 28.36
    endloop
  endfacet
  facet normal 0 0.707157 -0.707056
    outer loop
      vertex 117.192 2.96001 28.36
      vertex 119.308 2.96001 28.36
      vertex 119.379 2.74944 28.1494
    endloop
  endfacet
  facet normal 0 0.707036 -0.707178
    outer loop
      vertex 117.121 2.74944 28.1494
      vertex 119.379 2.74944 28.1494
      vertex 119.478 2.55 27.95
    endloop
  endfacet
  facet normal 0 0.707107 -0.707107
    outer loop
      vertex 117.022 2.55 27.95
      vertex 119.478 2.55 27.95
      vertex 119.601 2.3651 27.7651
    endloop
  endfacet
  facet normal 0 0.707149 -0.707064
    outer loop
      vertex 116.899 2.3651 27.7651
      vertex 119.601 2.3651 27.7651
      vertex 119.748 2.19792 27.5979
    endloop
  endfacet
  facet normal 0 0.707059 -0.707155
    outer loop
      vertex 116.752 2.19792 27.5979
      vertex 119.748 2.19792 27.5979
      vertex 119.915 2.0513 27.4513
    endloop
  endfacet
  facet normal 0 0.706992 -0.707221
    outer loop
      vertex 116.585 2.0513 27.4513
      vertex 119.915 2.0513 27.4513
      vertex 120.1 1.92776 27.3278
    endloop
  endfacet
  facet normal 0 0.707123 -0.707091
    outer loop
      vertex 119.265 3.17811 28.5781
      vertex 117.235 3.17811 28.5781
      vertex 117.25 3.4 28.8
    endloop
  endfacet
  facet normal 0 0.707251 -0.706963
    outer loop
      vertex 116.4 1.92776 27.3278
      vertex 120.1 1.92776 27.3278
      vertex 120.299 1.8294 27.2294
    endloop
  endfacet
  facet normal 0 0.707107 -0.707107
    outer loop
      vertex 119.308 2.96001 28.36
      vertex 117.192 2.96001 28.36
      vertex 117.235 3.17811 28.5781
    endloop
  endfacet
  facet normal 0 0.707157 -0.707056
    outer loop
      vertex 119.379 2.74944 28.1494
      vertex 117.121 2.74944 28.1494
      vertex 117.192 2.96001 28.36
    endloop
  endfacet
  facet normal 0 0.707255 -0.706958
    outer loop
      vertex 116.201 1.8294 27.2294
      vertex 120.299 1.8294 27.2294
      vertex 120.51 1.75793 27.1579
    endloop
  endfacet
  facet normal 0 0.707036 -0.707178
    outer loop
      vertex 119.478 2.55 27.95
      vertex 117.022 2.55 27.95
      vertex 117.121 2.74944 28.1494
    endloop
  endfacet
  facet normal 0 0.707107 -0.707107
    outer loop
      vertex 119.601 2.3651 27.7651
      vertex 116.899 2.3651 27.7651
      vertex 117.022 2.55 27.95
    endloop
  endfacet
  facet normal 0 0.707188 -0.707025
    outer loop
      vertex 115.99 1.75793 27.1579
      vertex 120.51 1.75793 27.1579
      vertex 120.728 1.71454 27.1145
    endloop
  endfacet
  facet normal 0 0.707149 -0.707064
    outer loop
      vertex 119.748 2.19792 27.5979
      vertex 116.752 2.19792 27.5979
      vertex 116.899 2.3651 27.7651
    endloop
  endfacet
  facet normal 0 0.707059 -0.707155
    outer loop
      vertex 119.915 2.0513 27.4513
      vertex 116.585 2.0513 27.4513
      vertex 116.752 2.19792 27.5979
    endloop
  endfacet
  facet normal 0 0.706992 -0.707221
    outer loop
      vertex 120.1 1.92776 27.3278
      vertex 116.4 1.92776 27.3278
      vertex 116.585 2.0513 27.4513
    endloop
  endfacet
  facet normal 0 0.706132 -0.70808
    outer loop
      vertex 115.772 1.71454 27.1145
      vertex 120.728 1.71454 27.1145
      vertex 120.95 1.7 27.1
    endloop
  endfacet
  facet normal 0 0.707251 -0.706963
    outer loop
      vertex 120.299 1.8294 27.2294
      vertex 116.201 1.8294 27.2294
      vertex 116.4 1.92776 27.3278
    endloop
  endfacet
  facet normal 0 0.707255 -0.706958
    outer loop
      vertex 120.51 1.75793 27.1579
      vertex 115.99 1.75793 27.1579
      vertex 116.201 1.8294 27.2294
    endloop
  endfacet
  facet normal 0 0.707188 -0.707025
    outer loop
      vertex 120.728 1.71454 27.1145
      vertex 115.772 1.71454 27.1145
      vertex 115.99 1.75793 27.1579
    endloop
  endfacet
  facet normal 0 0.706132 -0.70808
    outer loop
      vertex 120.95 1.7 27.1
      vertex 115.55 1.7 27.1
      vertex 115.772 1.71454 27.1145
    endloop
  endfacet
  facet normal 0 0 0
    outer loop
      vertex 140.5 1.7 27.1
      vertex 115.55 1.7 27.1
      vertex 120.95 1.7 27.1
    endloop
  endfacet
  facet normal 0 0 0
    outer loop
      vertex 140.5 1.7 27.1
      vertex 112.95 1.7 27.1
      vertex 115.55 1.7 27.1
    endloop
  endfacet
  facet normal 0 0.707123 -0.707091
    outer loop
      vertex 111.265 3.17811 28.5781
      vertex 109.25 3.4 28.8
      vertex 111.25 3.4 28.8
    endloop
  endfacet
  facet normal 0 0.707107 -0.707107
    outer loop
      vertex 109.235 3.17811 28.5781
      vertex 111.265 3.17811 28.5781
      vertex 111.308 2.96001 28.36
    endloop
  endfacet
  facet normal 0 0.707157 -0.707056
    outer loop
      vertex 109.192 2.96001 28.36
      vertex 111.308 2.96001 28.36
      vertex 111.379 2.74944 28.1494
    endloop
  endfacet
  facet normal 0 0.707036 -0.707178
    outer loop
      vertex 109.121 2.74944 28.1494
      vertex 111.379 2.74944 28.1494
      vertex 111.478 2.55 27.95
    endloop
  endfacet
  facet normal 0 0.707107 -0.707107
    outer loop
      vertex 109.022 2.55 27.95
      vertex 111.478 2.55 27.95
      vertex 111.601 2.3651 27.7651
    endloop
  endfacet
  facet normal 0 0.707149 -0.707064
    outer loop
      vertex 108.899 2.3651 27.7651
      vertex 111.601 2.3651 27.7651
      vertex 111.748 2.19792 27.5979
    endloop
  endfacet
  facet normal 0 0.707059 -0.707155
    outer loop
      vertex 108.752 2.19792 27.5979
      vertex 111.748 2.19792 27.5979
      vertex 111.915 2.0513 27.4513
    endloop
  endfacet
  facet normal 0 0.706992 -0.707221
    outer loop
      vertex 108.585 2.0513 27.4513
      vertex 111.915 2.0513 27.4513
      vertex 112.1 1.92776 27.3278
    endloop
  endfacet
  facet normal 0 0.707123 -0.707091
    outer loop
      vertex 111.265 3.17811 28.5781
      vertex 109.235 3.17811 28.5781
      vertex 109.25 3.4 28.8
    endloop
  endfacet
  facet normal 0 0.707251 -0.706963
    outer loop
      vertex 108.4 1.92776 27.3278
      vertex 112.1 1.92776 27.3278
      vertex 112.299 1.8294 27.2294
    endloop
  endfacet
  facet normal 0 0.707107 -0.707107
    outer loop
      vertex 111.308 2.96001 28.36
      vertex 109.192 2.96001 28.36
      vertex 109.235 3.17811 28.5781
    endloop
  endfacet
  facet normal 0 0.707157 -0.707056
    outer loop
      vertex 111.379 2.74944 28.1494
      vertex 109.121 2.74944 28.1494
      vertex 109.192 2.96001 28.36
    endloop
  endfacet
  facet normal 0 0.707255 -0.706958
    outer loop
      vertex 108.201 1.8294 27.2294
      vertex 112.299 1.8294 27.2294
      vertex 112.51 1.75793 27.1579
    endloop
  endfacet
  facet normal 0 0.707036 -0.707178
    outer loop
      vertex 111.478 2.55 27.95
      vertex 109.022 2.55 27.95
      vertex 109.121 2.74944 28.1494
    endloop
  endfacet
  facet normal 0 0.707107 -0.707107
    outer loop
      vertex 111.601 2.3651 27.7651
      vertex 108.899 2.3651 27.7651
      vertex 109.022 2.55 27.95
    endloop
  endfacet
  facet normal 0 0.707188 -0.707025
    outer loop
      vertex 107.99 1.75793 27.1579
      vertex 112.51 1.75793 27.1579
      vertex 112.728 1.71454 27.1145
    endloop
  endfacet
  facet normal 0 0.707149 -0.707064
    outer loop
      vertex 111.748 2.19792 27.5979
      vertex 108.752 2.19792 27.5979
      vertex 108.899 2.3651 27.7651
    endloop
  endfacet
  facet normal 0 0.707059 -0.707155
    outer loop
      vertex 111.915 2.0513 27.4513
      vertex 108.585 2.0513 27.4513
      vertex 108.752 2.19792 27.5979
    endloop
  endfacet
  facet normal 0 0.706992 -0.707221
    outer loop
      vertex 112.1 1.92776 27.3278
      vertex 108.4 1.92776 27.3278
      vertex 108.585 2.0513 27.4513
    endloop
  endfacet
  facet normal 0 0.706132 -0.70808
    outer loop
      vertex 107.772 1.71454 27.1145
      vertex 112.728 1.71454 27.1145
      vertex 112.95 1.7 27.1
    endloop
  endfacet
  facet normal 0 0.707251 -0.706963
    outer loop
      vertex 112.299 1.8294 27.2294
      vertex 108.201 1.8294 27.2294
      vertex 108.4 1.92776 27.3278
    endloop
  endfacet
  facet normal 0 0.707255 -0.706958
    outer loop
      vertex 112.51 1.75793 27.1579
      vertex 107.99 1.75793 27.1579
      vertex 108.201 1.8294 27.2294
    endloop
  endfacet
  facet normal 0 0.707188 -0.707025
    outer loop
      vertex 112.728 1.71454 27.1145
      vertex 107.772 1.71454 27.1145
      vertex 107.99 1.75793 27.1579
    endloop
  endfacet
  facet normal 0 0.706132 -0.70808
    outer loop
      vertex 112.95 1.7 27.1
      vertex 107.55 1.7 27.1
      vertex 107.772 1.71454 27.1145
    endloop
  endfacet
  facet normal 0 0 0
    outer loop
      vertex 140.5 1.7 27.1
      vertex 107.55 1.7 27.1
      vertex 112.95 1.7 27.1
    endloop
  endfacet
  facet normal 0 0 0
    outer loop
      vertex 140.5 1.7 27.1
      vertex 104.95 1.7 27.1
      vertex 107.55 1.7 27.1
    endloop
  endfacet
  facet normal 0 0.707123 -0.707091
    outer loop
      vertex 103.265 3.17811 28.5781
      vertex 101.25 3.4 28.8
      vertex 103.25 3.4 28.8
    endloop
  endfacet
  facet normal 0 0.707107 -0.707107
    outer loop
      vertex 101.235 3.17811 28.5781
      vertex 103.265 3.17811 28.5781
      vertex 103.308 2.96001 28.36
    endloop
  endfacet
  facet normal 0 0.707157 -0.707056
    outer loop
      vertex 101.192 2.96001 28.36
      vertex 103.308 2.96001 28.36
      vertex 103.379 2.74944 28.1494
    endloop
  endfacet
  facet normal 0 0.707036 -0.707178
    outer loop
      vertex 101.121 2.74944 28.1494
      vertex 103.379 2.74944 28.1494
      vertex 103.478 2.55 27.95
    endloop
  endfacet
  facet normal 0 0.707107 -0.707107
    outer loop
      vertex 101.022 2.55 27.95
      vertex 103.478 2.55 27.95
      vertex 103.601 2.3651 27.7651
    endloop
  endfacet
  facet normal 0 0.707149 -0.707064
    outer loop
      vertex 100.899 2.3651 27.7651
      vertex 103.601 2.3651 27.7651
      vertex 103.748 2.19792 27.5979
    endloop
  endfacet
  facet normal 0 0.707059 -0.707155
    outer loop
      vertex 100.752 2.19792 27.5979
      vertex 103.748 2.19792 27.5979
      vertex 103.915 2.0513 27.4513
    endloop
  endfacet
  facet normal 0 0.706992 -0.707221
    outer loop
      vertex 100.585 2.0513 27.4513
      vertex 103.915 2.0513 27.4513
      vertex 104.1 1.92776 27.3278
    endloop
  endfacet
  facet normal 0 0.707123 -0.707091
    outer loop
      vertex 103.265 3.17811 28.5781
      vertex 101.235 3.17811 28.5781
      vertex 101.25 3.4 28.8
    endloop
  endfacet
  facet normal 0 0.707251 -0.706963
    outer loop
      vertex 100.4 1.92776 27.3278
      vertex 104.1 1.92776 27.3278
      vertex 104.299 1.8294 27.2294
    endloop
  endfacet
  facet normal 0 0.707107 -0.707107
    outer loop
      vertex 103.308 2.96001 28.36
      vertex 101.192 2.96001 28.36
      vertex 101.235 3.17811 28.5781
    endloop
  endfacet
  facet normal 0 0.707157 -0.707056
    outer loop
      vertex 103.379 2.74944 28.1494
      vertex 101.121 2.74944 28.1494
      vertex 101.192 2.96001 28.36
    endloop
  endfacet
  facet normal 0 0.707255 -0.706958
    outer loop
      vertex 100.201 1.8294 27.2294
      vertex 104.299 1.8294 27.2294
      vertex 104.51 1.75793 27.1579
    endloop
  endfacet
  facet normal 0 0.707036 -0.707178
    outer loop
      vertex 103.478 2.55 27.95
      vertex 101.022 2.55 27.95
      vertex 101.121 2.74944 28.1494
    endloop
  endfacet
  facet normal 0 0.707107 -0.707107
    outer loop
      vertex 103.601 2.3651 27.7651
      vertex 100.899 2.3651 27.7651
      vertex 101.022 2.55 27.95
    endloop
  endfacet
  facet normal 0 0.707188 -0.707025
    outer loop
      vertex 99.99 1.75793 27.1579
      vertex 104.51 1.75793 27.1579
      vertex 104.728 1.71454 27.1145
    endloop
  endfacet
  facet normal 0 0.707149 -0.707064
    outer loop
      vertex 103.748 2.19792 27.5979
      vertex 100.752 2.19792 27.5979
      vertex 100.899 2.3651 27.7651
    endloop
  endfacet
  facet normal 0 0.707059 -0.707155
    outer loop
      vertex 103.915 2.0513 27.4513
      vertex 100.585 2.0513 27.4513
      vertex 100.752 2.19792 27.5979
    endloop
  endfacet
  facet normal 0 0.706992 -0.707221
    outer loop
      vertex 104.1 1.92776 27.3278
      vertex 100.4 1.92776 27.3278
      vertex 100.585 2.0513 27.4513
    endloop
  endfacet
  facet normal 0 0.706132 -0.70808
    outer loop
      vertex 99.7719 1.71454 27.1145
      vertex 104.728 1.71454 27.1145
      vertex 104.95 1.7 27.1
    endloop
  endfacet
  facet normal 0 0.707251 -0.706963
    outer loop
      vertex 104.299 1.8294 27.2294
      vertex 100.201 1.8294 27.2294
      vertex 100.4 1.92776 27.3278
    endloop
  endfacet
  facet normal 0 0.707255 -0.706958
    outer loop
      vertex 104.51 1.75793 27.1579
      vertex 99.99 1.75793 27.1579
      vertex 100.201 1.8294 27.2294
    endloop
  endfacet
  facet normal 0 0.707188 -0.707025
    outer loop
      vertex 104.728 1.71454 27.1145
      vertex 99.7719 1.71454 27.1145
      vertex 99.99 1.75793 27.1579
    endloop
  endfacet
  facet normal 0 0.706132 -0.70808
    outer loop
      vertex 104.95 1.7 27.1
      vertex 99.55 1.7 27.1
      vertex 99.7719 1.71454 27.1145
    endloop
  endfacet
  facet normal 0 0 0
    outer loop
      vertex 140.5 1.7 27.1
      vertex 99.55 1.7 27.1
      vertex 104.95 1.7 27.1
    endloop
  endfacet
  facet normal 0 0 0
    outer loop
      vertex 140.5 1.7 27.1
      vertex 96.95 1.7 27.1
      vertex 99.55 1.7 27.1
    endloop
  endfacet
  facet normal 0 0.707123 -0.707091
    outer loop
      vertex 95.2645 3.17811 28.5781
      vertex 93.25 3.4 28.8
      vertex 95.25 3.4 28.8
    endloop
  endfacet
  facet normal 0 0.707107 -0.707107
    outer loop
      vertex 93.2355 3.17811 28.5781
      vertex 95.2645 3.17811 28.5781
      vertex 95.3079 2.96001 28.36
    endloop
  endfacet
  facet normal 0 0.707157 -0.707056
    outer loop
      vertex 93.1921 2.96001 28.36
      vertex 95.3079 2.96001 28.36
      vertex 95.3794 2.74944 28.1494
    endloop
  endfacet
  facet normal 0 0.707036 -0.707178
    outer loop
      vertex 93.1206 2.74944 28.1494
      vertex 95.3794 2.74944 28.1494
      vertex 95.4778 2.55 27.95
    endloop
  endfacet
  facet normal 0 0.707107 -0.707107
    outer loop
      vertex 93.0222 2.55 27.95
      vertex 95.4778 2.55 27.95
      vertex 95.6013 2.3651 27.7651
    endloop
  endfacet
  facet normal 0 0.707149 -0.707064
    outer loop
      vertex 92.8987 2.3651 27.7651
      vertex 95.6013 2.3651 27.7651
      vertex 95.7479 2.19792 27.5979
    endloop
  endfacet
  facet normal 0 0.707059 -0.707155
    outer loop
      vertex 92.7521 2.19792 27.5979
      vertex 95.7479 2.19792 27.5979
      vertex 95.9151 2.0513 27.4513
    endloop
  endfacet
  facet normal 0 0.706992 -0.707221
    outer loop
      vertex 92.5849 2.0513 27.4513
      vertex 95.9151 2.0513 27.4513
      vertex 96.1 1.92776 27.3278
    endloop
  endfacet
  facet normal 0 0.707123 -0.707091
    outer loop
      vertex 95.2645 3.17811 28.5781
      vertex 93.2355 3.17811 28.5781
      vertex 93.25 3.4 28.8
    endloop
  endfacet
  facet normal 0 0.707251 -0.706963
    outer loop
      vertex 92.4 1.92776 27.3278
      vertex 96.1 1.92776 27.3278
      vertex 96.2994 1.8294 27.2294
    endloop
  endfacet
  facet normal 0 0.707107 -0.707107
    outer loop
      vertex 95.3079 2.96001 28.36
      vertex 93.1921 2.96001 28.36
      vertex 93.2355 3.17811 28.5781
    endloop
  endfacet
  facet normal 0 0.707157 -0.707056
    outer loop
      vertex 95.3794 2.74944 28.1494
      vertex 93.1206 2.74944 28.1494
      vertex 93.1921 2.96001 28.36
    endloop
  endfacet
  facet normal 0 0.707255 -0.706958
    outer loop
      vertex 92.2006 1.8294 27.2294
      vertex 96.2994 1.8294 27.2294
      vertex 96.51 1.75793 27.1579
    endloop
  endfacet
  facet normal 0 0.707036 -0.707178
    outer loop
      vertex 95.4778 2.55 27.95
      vertex 93.0222 2.55 27.95
      vertex 93.1206 2.74944 28.1494
    endloop
  endfacet
  facet normal 0 0.707107 -0.707107
    outer loop
      vertex 95.6013 2.3651 27.7651
      vertex 92.8987 2.3651 27.7651
      vertex 93.0222 2.55 27.95
    endloop
  endfacet
  facet normal 0 0.707188 -0.707025
    outer loop
      vertex 91.99 1.75793 27.1579
      vertex 96.51 1.75793 27.1579
      vertex 96.7281 1.71454 27.1145
    endloop
  endfacet
  facet normal 0 0.707149 -0.707064
    outer loop
      vertex 95.7479 2.19792 27.5979
      vertex 92.7521 2.19792 27.5979
      vertex 92.8987 2.3651 27.7651
    endloop
  endfacet
  facet normal 0 0.707059 -0.707155
    outer loop
      vertex 95.9151 2.0513 27.4513
      vertex 92.5849 2.0513 27.4513
      vertex 92.7521 2.19792 27.5979
    endloop
  endfacet
  facet normal 0 0.706992 -0.707221
    outer loop
      vertex 96.1 1.92776 27.3278
      vertex 92.4 1.92776 27.3278
      vertex 92.5849 2.0513 27.4513
    endloop
  endfacet
  facet normal 0 0.706132 -0.70808
    outer loop
      vertex 91.7719 1.71454 27.1145
      vertex 96.7281 1.71454 27.1145
      vertex 96.95 1.7 27.1
    endloop
  endfacet
  facet normal 0 0.707251 -0.706963
    outer loop
      vertex 96.2994 1.8294 27.2294
      vertex 92.2006 1.8294 27.2294
      vertex 92.4 1.92776 27.3278
    endloop
  endfacet
  facet normal 0 0.707255 -0.706958
    outer loop
      vertex 96.51 1.75793 27.1579
      vertex 91.99 1.75793 27.1579
      vertex 92.2006 1.8294 27.2294
    endloop
  endfacet
  facet normal 0 0.707188 -0.707025
    outer loop
      vertex 96.7281 1.71454 27.1145
      vertex 91.7719 1.71454 27.1145
      vertex 91.99 1.75793 27.1579
    endloop
  endfacet
  facet normal 0 0.706132 -0.70808
    outer loop
      vertex 96.95 1.7 27.1
      vertex 91.55 1.7 27.1
      vertex 91.7719 1.71454 27.1145
    endloop
  endfacet
  facet normal 0 0 0
    outer loop
      vertex 140.5 1.7 27.1
      vertex 91.55 1.7 27.1
      vertex 96.95 1.7 27.1
    endloop
  endfacet
  facet normal 0 0 0
    outer loop
      vertex 140.5 1.7 27.1
      vertex 88.95 1.7 27.1
      vertex 91.55 1.7 27.1
    endloop
  endfacet
  facet normal 0 0.707123 -0.707091
    outer loop
      vertex 87.2645 3.17811 28.5781
      vertex 85.25 3.4 28.8
      vertex 87.25 3.4 28.8
    endloop
  endfacet
  facet normal 0 0.707107 -0.707107
    outer loop
      vertex 85.2355 3.17811 28.5781
      vertex 87.2645 3.17811 28.5781
      vertex 87.3079 2.96001 28.36
    endloop
  endfacet
  facet normal 0 0.707157 -0.707056
    outer loop
      vertex 85.1921 2.96001 28.36
      vertex 87.3079 2.96001 28.36
      vertex 87.3794 2.74944 28.1494
    endloop
  endfacet
  facet normal 0 0.707036 -0.707178
    outer loop
      vertex 85.1206 2.74944 28.1494
      vertex 87.3794 2.74944 28.1494
      vertex 87.4778 2.55 27.95
    endloop
  endfacet
  facet normal 0 0.707107 -0.707107
    outer loop
      vertex 85.0222 2.55 27.95
      vertex 87.4778 2.55 27.95
      vertex 87.6013 2.3651 27.7651
    endloop
  endfacet
  facet normal 0 0.707149 -0.707064
    outer loop
      vertex 84.8987 2.3651 27.7651
      vertex 87.6013 2.3651 27.7651
      vertex 87.7479 2.19792 27.5979
    endloop
  endfacet
  facet normal 0 0.707059 -0.707155
    outer loop
      vertex 84.7521 2.19792 27.5979
      vertex 87.7479 2.19792 27.5979
      vertex 87.9151 2.0513 27.4513
    endloop
  endfacet
  facet normal 0 0.706992 -0.707221
    outer loop
      vertex 84.5849 2.0513 27.4513
      vertex 87.9151 2.0513 27.4513
      vertex 88.1 1.92776 27.3278
    endloop
  endfacet
  facet normal 0 0.707123 -0.707091
    outer loop
      vertex 87.2645 3.17811 28.5781
      vertex 85.2355 3.17811 28.5781
      vertex 85.25 3.4 28.8
    endloop
  endfacet
  facet normal 0 0.707251 -0.706963
    outer loop
      vertex 84.4 1.92776 27.3278
      vertex 88.1 1.92776 27.3278
      vertex 88.2994 1.8294 27.2294
    endloop
  endfacet
  facet normal 0 0.707107 -0.707107
    outer loop
      vertex 87.3079 2.96001 28.36
      vertex 85.1921 2.96001 28.36
      vertex 85.2355 3.17811 28.5781
    endloop
  endfacet
  facet normal 0 0.707157 -0.707056
    outer loop
      vertex 87.3794 2.74944 28.1494
      vertex 85.1206 2.74944 28.1494
      vertex 85.1921 2.96001 28.36
    endloop
  endfacet
  facet normal 0 0.707255 -0.706958
    outer loop
      vertex 84.2006 1.8294 27.2294
      vertex 88.2994 1.8294 27.2294
      vertex 88.51 1.75793 27.1579
    endloop
  endfacet
  facet normal 0 0.707036 -0.707178
    outer loop
      vertex 87.4778 2.55 27.95
      vertex 85.0222 2.55 27.95
      vertex 85.1206 2.74944 28.1494
    endloop
  endfacet
  facet normal 0 0.707107 -0.707107
    outer loop
      vertex 87.6013 2.3651 27.7651
      vertex 84.8987 2.3651 27.7651
      vertex 85.0222 2.55 27.95
    endloop
  endfacet
  facet normal 0 0.707188 -0.707025
    outer loop
      vertex 83.99 1.75793 27.1579
      vertex 88.51 1.75793 27.1579
      vertex 88.7281 1.71454 27.1145
    endloop
  endfacet
  facet normal 0 0.707149 -0.707064
    outer loop
      vertex 87.7479 2.19792 27.5979
      vertex 84.7521 2.19792 27.5979
      vertex 84.8987 2.3651 27.7651
    endloop
  endfacet
  facet normal 0 0.707059 -0.707155
    outer loop
      vertex 87.9151 2.0513 27.4513
      vertex 84.5849 2.0513 27.4513
      vertex 84.7521 2.19792 27.5979
    endloop
  endfacet
  facet normal 0 0.706992 -0.707221
    outer loop
      vertex 88.1 1.92776 27.3278
      vertex 84.4 1.92776 27.3278
      vertex 84.5849 2.0513 27.4513
    endloop
  endfacet
  facet normal 0 0.706132 -0.70808
    outer loop
      vertex 83.7719 1.71454 27.1145
      vertex 88.7281 1.71454 27.1145
      vertex 88.95 1.7 27.1
    endloop
  endfacet
  facet normal 0 0.707251 -0.706963
    outer loop
      vertex 88.2994 1.8294 27.2294
      vertex 84.2006 1.8294 27.2294
      vertex 84.4 1.92776 27.3278
    endloop
  endfacet
  facet normal 0 0.707255 -0.706958
    outer loop
      vertex 88.51 1.75793 27.1579
      vertex 83.99 1.75793 27.1579
      vertex 84.2006 1.8294 27.2294
    endloop
  endfacet
  facet normal 0 0.707188 -0.707025
    outer loop
      vertex 88.7281 1.71454 27.1145
      vertex 83.7719 1.71454 27.1145
      vertex 83.99 1.75793 27.1579
    endloop
  endfacet
  facet normal 0 0.706132 -0.70808
    outer loop
      vertex 88.95 1.7 27.1
      vertex 83.55 1.7 27.1
      vertex 83.7719 1.71454 27.1145
    endloop
  endfacet
  facet normal 0 0 0
    outer loop
      vertex 140.5 1.7 27.1
      vertex 83.55 1.7 27.1
      vertex 88.95 1.7 27.1
    endloop
  endfacet
  facet normal 0 0 0
    outer loop
      vertex 140.5 1.7 27.1
      vertex 80.95 1.7 27.1
      vertex 83.55 1.7 27.1
    endloop
  endfacet
  facet normal 0 0.707123 -0.707091
    outer loop
      vertex 79.2645 3.17811 28.5781
      vertex 77.25 3.4 28.8
      vertex 79.25 3.4 28.8
    endloop
  endfacet
  facet normal 0 0.707107 -0.707107
    outer loop
      vertex 77.2355 3.17811 28.5781
      vertex 79.2645 3.17811 28.5781
      vertex 79.3079 2.96001 28.36
    endloop
  endfacet
  facet normal 0 0.707157 -0.707056
    outer loop
      vertex 77.1921 2.96001 28.36
      vertex 79.3079 2.96001 28.36
      vertex 79.3794 2.74944 28.1494
    endloop
  endfacet
  facet normal 0 0.707036 -0.707178
    outer loop
      vertex 77.1206 2.74944 28.1494
      vertex 79.3794 2.74944 28.1494
      vertex 79.4778 2.55 27.95
    endloop
  endfacet
  facet normal 0 0.707107 -0.707107
    outer loop
      vertex 77.0222 2.55 27.95
      vertex 79.4778 2.55 27.95
      vertex 79.6013 2.3651 27.7651
    endloop
  endfacet
  facet normal 0 0.707149 -0.707064
    outer loop
      vertex 76.8987 2.3651 27.7651
      vertex 79.6013 2.3651 27.7651
      vertex 79.7479 2.19792 27.5979
    endloop
  endfacet
  facet normal 0 0.707059 -0.707155
    outer loop
      vertex 76.7521 2.19792 27.5979
      vertex 79.7479 2.19792 27.5979
      vertex 79.9151 2.0513 27.4513
    endloop
  endfacet
  facet normal 0 0.706992 -0.707221
    outer loop
      vertex 76.5849 2.0513 27.4513
      vertex 79.9151 2.0513 27.4513
      vertex 80.1 1.92776 27.3278
    endloop
  endfacet
  facet normal 0 0.707123 -0.707091
    outer loop
      vertex 79.2645 3.17811 28.5781
      vertex 77.2355 3.17811 28.5781
      vertex 77.25 3.4 28.8
    endloop
  endfacet
  facet normal 0 0.707251 -0.706963
    outer loop
      vertex 76.4 1.92776 27.3278
      vertex 80.1 1.92776 27.3278
      vertex 80.2994 1.8294 27.2294
    endloop
  endfacet
  facet normal 0 0.707107 -0.707107
    outer loop
      vertex 79.3079 2.96001 28.36
      vertex 77.1921 2.96001 28.36
      vertex 77.2355 3.17811 28.5781
    endloop
  endfacet
  facet normal 0 0.707157 -0.707056
    outer loop
      vertex 79.3794 2.74944 28.1494
      vertex 77.1206 2.74944 28.1494
      vertex 77.1921 2.96001 28.36
    endloop
  endfacet
  facet normal 0 0.707255 -0.706958
    outer loop
      vertex 76.2006 1.8294 27.2294
      vertex 80.2994 1.8294 27.2294
      vertex 80.51 1.75793 27.1579
    endloop
  endfacet
  facet normal 0 0.707036 -0.707178
    outer loop
      vertex 79.4778 2.55 27.95
      vertex 77.0222 2.55 27.95
      vertex 77.1206 2.74944 28.1494
    endloop
  endfacet
  facet normal 0 0.707107 -0.707107
    outer loop
      vertex 79.6013 2.3651 27.7651
      vertex 76.8987 2.3651 27.7651
      vertex 77.0222 2.55 27.95
    endloop
  endfacet
  facet normal 0 0.707188 -0.707025
    outer loop
      vertex 75.99 1.75793 27.1579
      vertex 80.51 1.75793 27.1579
      vertex 80.7281 1.71454 27.1145
    endloop
  endfacet
  facet normal 0 0.707149 -0.707064
    outer loop
      vertex 79.7479 2.19792 27.5979
      vertex 76.7521 2.19792 27.5979
      vertex 76.8987 2.3651 27.7651
    endloop
  endfacet
  facet normal 0 0.707059 -0.707155
    outer loop
      vertex 79.9151 2.0513 27.4513
      vertex 76.5849 2.0513 27.4513
      vertex 76.7521 2.19792 27.5979
    endloop
  endfacet
  facet normal 0 0.706992 -0.707221
    outer loop
      vertex 80.1 1.92776 27.3278
      vertex 76.4 1.92776 27.3278
      vertex 76.5849 2.0513 27.4513
    endloop
  endfacet
  facet normal 0 0.706132 -0.70808
    outer loop
      vertex 75.7719 1.71454 27.1145
      vertex 80.7281 1.71454 27.1145
      vertex 80.95 1.7 27.1
    endloop
  endfacet
  facet normal 0 0.707251 -0.706963
    outer loop
      vertex 80.2994 1.8294 27.2294
      vertex 76.2006 1.8294 27.2294
      vertex 76.4 1.92776 27.3278
    endloop
  endfacet
  facet normal 0 0.707255 -0.706958
    outer loop
      vertex 80.51 1.75793 27.1579
      vertex 75.99 1.75793 27.1579
      vertex 76.2006 1.8294 27.2294
    endloop
  endfacet
  facet normal 0 0.707188 -0.707025
    outer loop
      vertex 80.7281 1.71454 27.1145
      vertex 75.7719 1.71454 27.1145
      vertex 75.99 1.75793 27.1579
    endloop
  endfacet
  facet normal 0 0.706132 -0.70808
    outer loop
      vertex 80.95 1.7 27.1
      vertex 75.55 1.7 27.1
      vertex 75.7719 1.71454 27.1145
    endloop
  endfacet
  facet normal 0 0 0
    outer loop
      vertex 140.5 1.7 27.1
      vertex 75.55 1.7 27.1
      vertex 80.95 1.7 27.1
    endloop
  endfacet
  facet normal 0 0 0
    outer loop
      vertex 140.5 1.7 27.1
      vertex 72.95 1.7 27.1
      vertex 75.55 1.7 27.1
    endloop
  endfacet
  facet normal 0 0.707123 -0.707091
    outer loop
      vertex 71.2645 3.17811 28.5781
      vertex 69.25 3.4 28.8
      vertex 71.25 3.4 28.8
    endloop
  endfacet
  facet normal 0 0.707107 -0.707107
    outer loop
      vertex 69.2355 3.17811 28.5781
      vertex 71.2645 3.17811 28.5781
      vertex 71.3079 2.96001 28.36
    endloop
  endfacet
  facet normal 0 0.707157 -0.707056
    outer loop
      vertex 69.1921 2.96001 28.36
      vertex 71.3079 2.96001 28.36
      vertex 71.3794 2.74944 28.1494
    endloop
  endfacet
  facet normal 0 0.707036 -0.707178
    outer loop
      vertex 69.1206 2.74944 28.1494
      vertex 71.3794 2.74944 28.1494
      vertex 71.4778 2.55 27.95
    endloop
  endfacet
  facet normal 0 0.707107 -0.707107
    outer loop
      vertex 69.0222 2.55 27.95
      vertex 71.4778 2.55 27.95
      vertex 71.6013 2.3651 27.7651
    endloop
  endfacet
  facet normal 0 0.707149 -0.707064
    outer loop
      vertex 68.8987 2.3651 27.7651
      vertex 71.6013 2.3651 27.7651
      vertex 71.7479 2.19792 27.5979
    endloop
  endfacet
  facet normal 0 0.707059 -0.707155
    outer loop
      vertex 68.7521 2.19792 27.5979
      vertex 71.7479 2.19792 27.5979
      vertex 71.9151 2.0513 27.4513
    endloop
  endfacet
  facet normal 0 0.706992 -0.707221
    outer loop
      vertex 68.5849 2.0513 27.4513
      vertex 71.9151 2.0513 27.4513
      vertex 72.1 1.92776 27.3278
    endloop
  endfacet
  facet normal 0 0.707123 -0.707091
    outer loop
      vertex 71.2645 3.17811 28.5781
      vertex 69.2355 3.17811 28.5781
      vertex 69.25 3.4 28.8
    endloop
  endfacet
  facet normal 0 0.707251 -0.706963
    outer loop
      vertex 68.4 1.92776 27.3278
      vertex 72.1 1.92776 27.3278
      vertex 72.2994 1.8294 27.2294
    endloop
  endfacet
  facet normal 0 0.707107 -0.707107
    outer loop
      vertex 71.3079 2.96001 28.36
      vertex 69.1921 2.96001 28.36
      vertex 69.2355 3.17811 28.5781
    endloop
  endfacet
  facet normal 0 0.707157 -0.707056
    outer loop
      vertex 71.3794 2.74944 28.1494
      vertex 69.1206 2.74944 28.1494
      vertex 69.1921 2.96001 28.36
    endloop
  endfacet
  facet normal 0 0.707255 -0.706958
    outer loop
      vertex 68.2006 1.8294 27.2294
      vertex 72.2994 1.8294 27.2294
      vertex 72.51 1.75793 27.1579
    endloop
  endfacet
  facet normal 0 0.707036 -0.707178
    outer loop
      vertex 71.4778 2.55 27.95
      vertex 69.0222 2.55 27.95
      vertex 69.1206 2.74944 28.1494
    endloop
  endfacet
  facet normal 0 0.707107 -0.707107
    outer loop
      vertex 71.6013 2.3651 27.7651
      vertex 68.8987 2.3651 27.7651
      vertex 69.0222 2.55 27.95
    endloop
  endfacet
  facet normal 0 0.707188 -0.707025
    outer loop
      vertex 67.99 1.75793 27.1579
      vertex 72.51 1.75793 27.1579
      vertex 72.7281 1.71454 27.1145
    endloop
  endfacet
  facet normal 0 0.707149 -0.707064
    outer loop
      vertex 71.7479 2.19792 27.5979
      vertex 68.7521 2.19792 27.5979
      vertex 68.8987 2.3651 27.7651
    endloop
  endfacet
  facet normal 0 0.707059 -0.707155
    outer loop
      vertex 71.9151 2.0513 27.4513
      vertex 68.5849 2.0513 27.4513
      vertex 68.7521 2.19792 27.5979
    endloop
  endfacet
  facet normal 0 0.706992 -0.707221
    outer loop
      vertex 72.1 1.92776 27.3278
      vertex 68.4 1.92776 27.3278
      vertex 68.5849 2.0513 27.4513
    endloop
  endfacet
  facet normal 0 0.706132 -0.70808
    outer loop
      vertex 67.7719 1.71454 27.1145
      vertex 72.7281 1.71454 27.1145
      vertex 72.95 1.7 27.1
    endloop
  endfacet
  facet normal 0 0.707251 -0.706963
    outer loop
      vertex 72.2994 1.8294 27.2294
      vertex 68.2006 1.8294 27.2294
      vertex 68.4 1.92776 27.3278
    endloop
  endfacet
  facet normal 0 0.707255 -0.706958
    outer loop
      vertex 72.51 1.75793 27.1579
      vertex 67.99 1.75793 27.1579
      vertex 68.2006 1.8294 27.2294
    endloop
  endfacet
  facet normal 0 0.707188 -0.707025
    outer loop
      vertex 72.7281 1.71454 27.1145
      vertex 67.7719 1.71454 27.1145
      vertex 67.99 1.75793 27.1579
    endloop
  endfacet
  facet normal 0 0.706132 -0.70808
    outer loop
      vertex 72.95 1.7 27.1
      vertex 67.55 1.7 27.1
      vertex 67.7719 1.71454 27.1145
    endloop
  endfacet
  facet normal 0 0 0
    outer loop
      vertex 140.5 1.7 27.1
      vertex 67.55 1.7 27.1
      vertex 72.95 1.7 27.1
    endloop
  endfacet
  facet normal 0 0 0
    outer loop
      vertex 140.5 1.7 27.1
      vertex 64.95 1.7 27.1
      vertex 67.55 1.7 27.1
    endloop
  endfacet
  facet normal 0 0.707123 -0.707091
    outer loop
      vertex 63.2645 3.17811 28.5781
      vertex 61.25 3.4 28.8
      vertex 63.25 3.4 28.8
    endloop
  endfacet
  facet normal 0 0.707107 -0.707107
    outer loop
      vertex 61.2355 3.17811 28.5781
      vertex 63.2645 3.17811 28.5781
      vertex 63.3079 2.96001 28.36
    endloop
  endfacet
  facet normal 0 0.707157 -0.707056
    outer loop
      vertex 61.1921 2.96001 28.36
      vertex 63.3079 2.96001 28.36
      vertex 63.3794 2.74944 28.1494
    endloop
  endfacet
  facet normal 0 0.707036 -0.707178
    outer loop
      vertex 61.1206 2.74944 28.1494
      vertex 63.3794 2.74944 28.1494
      vertex 63.4778 2.55 27.95
    endloop
  endfacet
  facet normal 0 0.707107 -0.707107
    outer loop
      vertex 61.0222 2.55 27.95
      vertex 63.4778 2.55 27.95
      vertex 63.6013 2.3651 27.7651
    endloop
  endfacet
  facet normal 0 0.707149 -0.707064
    outer loop
      vertex 60.8987 2.3651 27.7651
      vertex 63.6013 2.3651 27.7651
      vertex 63.7479 2.19792 27.5979
    endloop
  endfacet
  facet normal 0 0.707059 -0.707155
    outer loop
      vertex 60.7521 2.19792 27.5979
      vertex 63.7479 2.19792 27.5979
      vertex 63.9151 2.0513 27.4513
    endloop
  endfacet
  facet normal 0 0.706992 -0.707221
    outer loop
      vertex 60.5849 2.0513 27.4513
      vertex 63.9151 2.0513 27.4513
      vertex 64.1 1.92776 27.3278
    endloop
  endfacet
  facet normal 0 0.707123 -0.707091
    outer loop
      vertex 63.2645 3.17811 28.5781
      vertex 61.2355 3.17811 28.5781
      vertex 61.25 3.4 28.8
    endloop
  endfacet
  facet normal 0 0.707251 -0.706963
    outer loop
      vertex 60.4 1.92776 27.3278
      vertex 64.1 1.92776 27.3278
      vertex 64.2994 1.8294 27.2294
    endloop
  endfacet
  facet normal 0 0.707107 -0.707107
    outer loop
      vertex 63.3079 2.96001 28.36
      vertex 61.1921 2.96001 28.36
      vertex 61.2355 3.17811 28.5781
    endloop
  endfacet
  facet normal 0 0.707157 -0.707056
    outer loop
      vertex 63.3794 2.74944 28.1494
      vertex 61.1206 2.74944 28.1494
      vertex 61.1921 2.96001 28.36
    endloop
  endfacet
  facet normal 0 0.707255 -0.706958
    outer loop
      vertex 60.2006 1.8294 27.2294
      vertex 64.2994 1.8294 27.2294
      vertex 64.51 1.75793 27.1579
    endloop
  endfacet
  facet normal 0 0.707036 -0.707178
    outer loop
      vertex 63.4778 2.55 27.95
      vertex 61.0222 2.55 27.95
      vertex 61.1206 2.74944 28.1494
    endloop
  endfacet
  facet normal 0 0.707107 -0.707107
    outer loop
      vertex 63.6013 2.3651 27.7651
      vertex 60.8987 2.3651 27.7651
      vertex 61.0222 2.55 27.95
    endloop
  endfacet
  facet normal 0 0.707188 -0.707025
    outer loop
      vertex 59.99 1.75793 27.1579
      vertex 64.51 1.75793 27.1579
      vertex 64.7281 1.71454 27.1145
    endloop
  endfacet
  facet normal 0 0.707149 -0.707064
    outer loop
      vertex 63.7479 2.19792 27.5979
      vertex 60.7521 2.19792 27.5979
      vertex 60.8987 2.3651 27.7651
    endloop
  endfacet
  facet normal 0 0.707059 -0.707155
    outer loop
      vertex 63.9151 2.0513 27.4513
      vertex 60.5849 2.0513 27.4513
      vertex 60.7521 2.19792 27.5979
    endloop
  endfacet
  facet normal 0 0.706992 -0.707221
    outer loop
      vertex 64.1 1.92776 27.3278
      vertex 60.4 1.92776 27.3278
      vertex 60.5849 2.0513 27.4513
    endloop
  endfacet
  facet normal 0 0.706132 -0.70808
    outer loop
      vertex 59.7719 1.71454 27.1145
      vertex 64.7281 1.71454 27.1145
      vertex 64.95 1.7 27.1
    endloop
  endfacet
  facet normal 0 0.707251 -0.706963
    outer loop
      vertex 64.2994 1.8294 27.2294
      vertex 60.2006 1.8294 27.2294
      vertex 60.4 1.92776 27.3278
    endloop
  endfacet
  facet normal 0 0.707255 -0.706958
    outer loop
      vertex 64.51 1.75793 27.1579
      vertex 59.99 1.75793 27.1579
      vertex 60.2006 1.8294 27.2294
    endloop
  endfacet
  facet normal 0 0.707188 -0.707025
    outer loop
      vertex 64.7281 1.71454 27.1145
      vertex 59.7719 1.71454 27.1145
      vertex 59.99 1.75793 27.1579
    endloop
  endfacet
  facet normal 0 0.706132 -0.70808
    outer loop
      vertex 64.95 1.7 27.1
      vertex 59.55 1.7 27.1
      vertex 59.7719 1.71454 27.1145
    endloop
  endfacet
  facet normal 0 0 0
    outer loop
      vertex 140.5 1.7 27.1
      vertex 59.55 1.7 27.1
      vertex 64.95 1.7 27.1
    endloop
  endfacet
  facet normal 0 0 0
    outer loop
      vertex 140.5 1.7 27.1
      vertex 56.95 1.7 27.1
      vertex 59.55 1.7 27.1
    endloop
  endfacet
  facet normal 0 0.707123 -0.707091
    outer loop
      vertex 55.2645 3.17811 28.5781
      vertex 53.25 3.4 28.8
      vertex 55.25 3.4 28.8
    endloop
  endfacet
  facet normal 0 0.707107 -0.707107
    outer loop
      vertex 53.2355 3.17811 28.5781
      vertex 55.2645 3.17811 28.5781
      vertex 55.3079 2.96001 28.36
    endloop
  endfacet
  facet normal 0 0.707157 -0.707056
    outer loop
      vertex 53.1921 2.96001 28.36
      vertex 55.3079 2.96001 28.36
      vertex 55.3794 2.74944 28.1494
    endloop
  endfacet
  facet normal 0 0.707036 -0.707178
    outer loop
      vertex 53.1206 2.74944 28.1494
      vertex 55.3794 2.74944 28.1494
      vertex 55.4778 2.55 27.95
    endloop
  endfacet
  facet normal 0 0.707107 -0.707107
    outer loop
      vertex 53.0222 2.55 27.95
      vertex 55.4778 2.55 27.95
      vertex 55.6013 2.3651 27.7651
    endloop
  endfacet
  facet normal 0 0.707149 -0.707064
    outer loop
      vertex 52.8987 2.3651 27.7651
      vertex 55.6013 2.3651 27.7651
      vertex 55.7479 2.19792 27.5979
    endloop
  endfacet
  facet normal 0 0.707059 -0.707155
    outer loop
      vertex 52.7521 2.19792 27.5979
      vertex 55.7479 2.19792 27.5979
      vertex 55.9151 2.0513 27.4513
    endloop
  endfacet
  facet normal 0 0.706992 -0.707221
    outer loop
      vertex 52.5849 2.0513 27.4513
      vertex 55.9151 2.0513 27.4513
      vertex 56.1 1.92776 27.3278
    endloop
  endfacet
  facet normal 0 0.707123 -0.707091
    outer loop
      vertex 55.2645 3.17811 28.5781
      vertex 53.2355 3.17811 28.5781
      vertex 53.25 3.4 28.8
    endloop
  endfacet
  facet normal 0 0.707251 -0.706963
    outer loop
      vertex 52.4 1.92776 27.3278
      vertex 56.1 1.92776 27.3278
      vertex 56.2994 1.8294 27.2294
    endloop
  endfacet
  facet normal 0 0.707107 -0.707107
    outer loop
      vertex 55.3079 2.96001 28.36
      vertex 53.1921 2.96001 28.36
      vertex 53.2355 3.17811 28.5781
    endloop
  endfacet
  facet normal 0 0.707157 -0.707056
    outer loop
      vertex 55.3794 2.74944 28.1494
      vertex 53.1206 2.74944 28.1494
      vertex 53.1921 2.96001 28.36
    endloop
  endfacet
  facet normal 0 0.707255 -0.706958
    outer loop
      vertex 52.2006 1.8294 27.2294
      vertex 56.2994 1.8294 27.2294
      vertex 56.51 1.75793 27.1579
    endloop
  endfacet
  facet normal 0 0.707036 -0.707178
    outer loop
      vertex 55.4778 2.55 27.95
      vertex 53.0222 2.55 27.95
      vertex 53.1206 2.74944 28.1494
    endloop
  endfacet
  facet normal 0 0.707107 -0.707107
    outer loop
      vertex 55.6013 2.3651 27.7651
      vertex 52.8987 2.3651 27.7651
      vertex 53.0222 2.55 27.95
    endloop
  endfacet
  facet normal 0 0.707188 -0.707025
    outer loop
      vertex 51.99 1.75793 27.1579
      vertex 56.51 1.75793 27.1579
      vertex 56.7281 1.71454 27.1145
    endloop
  endfacet
  facet normal 0 0.707149 -0.707064
    outer loop
      vertex 55.7479 2.19792 27.5979
      vertex 52.7521 2.19792 27.5979
      vertex 52.8987 2.3651 27.7651
    endloop
  endfacet
  facet normal 0 0.707059 -0.707155
    outer loop
      vertex 55.9151 2.0513 27.4513
      vertex 52.5849 2.0513 27.4513
      vertex 52.7521 2.19792 27.5979
    endloop
  endfacet
  facet normal 0 0.706992 -0.707221
    outer loop
      vertex 56.1 1.92776 27.3278
      vertex 52.4 1.92776 27.3278
      vertex 52.5849 2.0513 27.4513
    endloop
  endfacet
  facet normal 0 0.706132 -0.70808
    outer loop
      vertex 51.7719 1.71454 27.1145
      vertex 56.7281 1.71454 27.1145
      vertex 56.95 1.7 27.1
    endloop
  endfacet
  facet normal 0 0.707251 -0.706963
    outer loop
      vertex 56.2994 1.8294 27.2294
      vertex 52.2006 1.8294 27.2294
      vertex 52.4 1.92776 27.3278
    endloop
  endfacet
  facet normal 0 0.707255 -0.706958
    outer loop
      vertex 56.51 1.75793 27.1579
      vertex 51.99 1.75793 27.1579
      vertex 52.2006 1.8294 27.2294
    endloop
  endfacet
  facet normal 0 0.707188 -0.707025
    outer loop
      vertex 56.7281 1.71454 27.1145
      vertex 51.7719 1.71454 27.1145
      vertex 51.99 1.75793 27.1579
    endloop
  endfacet
  facet normal 0 0.706132 -0.70808
    outer loop
      vertex 56.95 1.7 27.1
      vertex 51.55 1.7 27.1
      vertex 51.7719 1.71454 27.1145
    endloop
  endfacet
  facet normal 0 0 0
    outer loop
      vertex 140.5 1.7 27.1
      vertex 51.55 1.7 27.1
      vertex 56.95 1.7 27.1
    endloop
  endfacet
  facet normal 0 0 0
    outer loop
      vertex 140.5 1.7 27.1
      vertex 48.95 1.7 27.1
      vertex 51.55 1.7 27.1
    endloop
  endfacet
  facet normal 0 0.707123 -0.707091
    outer loop
      vertex 47.2645 3.17811 28.5781
      vertex 45.25 3.4 28.8
      vertex 47.25 3.4 28.8
    endloop
  endfacet
  facet normal 0 0.707107 -0.707107
    outer loop
      vertex 45.2355 3.17811 28.5781
      vertex 47.2645 3.17811 28.5781
      vertex 47.3079 2.96001 28.36
    endloop
  endfacet
  facet normal 0 0.707157 -0.707056
    outer loop
      vertex 45.1921 2.96001 28.36
      vertex 47.3079 2.96001 28.36
      vertex 47.3794 2.74944 28.1494
    endloop
  endfacet
  facet normal 0 0.707036 -0.707178
    outer loop
      vertex 45.1206 2.74944 28.1494
      vertex 47.3794 2.74944 28.1494
      vertex 47.4778 2.55 27.95
    endloop
  endfacet
  facet normal 0 0.707107 -0.707107
    outer loop
      vertex 45.0222 2.55 27.95
      vertex 47.4778 2.55 27.95
      vertex 47.6013 2.3651 27.7651
    endloop
  endfacet
  facet normal 0 0.707149 -0.707064
    outer loop
      vertex 44.8987 2.3651 27.7651
      vertex 47.6013 2.3651 27.7651
      vertex 47.7479 2.19792 27.5979
    endloop
  endfacet
  facet normal 0 0.707059 -0.707155
    outer loop
      vertex 44.7521 2.19792 27.5979
      vertex 47.7479 2.19792 27.5979
      vertex 47.9151 2.0513 27.4513
    endloop
  endfacet
  facet normal 0 0.706992 -0.707221
    outer loop
      vertex 44.5849 2.0513 27.4513
      vertex 47.9151 2.0513 27.4513
      vertex 48.1 1.92776 27.3278
    endloop
  endfacet
  facet normal 0 0.707123 -0.707091
    outer loop
      vertex 47.2645 3.17811 28.5781
      vertex 45.2355 3.17811 28.5781
      vertex 45.25 3.4 28.8
    endloop
  endfacet
  facet normal 0 0.707251 -0.706963
    outer loop
      vertex 44.4 1.92776 27.3278
      vertex 48.1 1.92776 27.3278
      vertex 48.2994 1.8294 27.2294
    endloop
  endfacet
  facet normal 0 0.707107 -0.707107
    outer loop
      vertex 47.3079 2.96001 28.36
      vertex 45.1921 2.96001 28.36
      vertex 45.2355 3.17811 28.5781
    endloop
  endfacet
  facet normal 0 0.707157 -0.707056
    outer loop
      vertex 47.3794 2.74944 28.1494
      vertex 45.1206 2.74944 28.1494
      vertex 45.1921 2.96001 28.36
    endloop
  endfacet
  facet normal 0 0.707255 -0.706958
    outer loop
      vertex 44.2006 1.8294 27.2294
      vertex 48.2994 1.8294 27.2294
      vertex 48.51 1.75793 27.1579
    endloop
  endfacet
  facet normal 0 0.707036 -0.707178
    outer loop
      vertex 47.4778 2.55 27.95
      vertex 45.0222 2.55 27.95
      vertex 45.1206 2.74944 28.1494
    endloop
  endfacet
  facet normal 0 0.707107 -0.707107
    outer loop
      vertex 47.6013 2.3651 27.7651
      vertex 44.8987 2.3651 27.7651
      vertex 45.0222 2.55 27.95
    endloop
  endfacet
  facet normal 0 0.707188 -0.707025
    outer loop
      vertex 43.99 1.75793 27.1579
      vertex 48.51 1.75793 27.1579
      vertex 48.7281 1.71454 27.1145
    endloop
  endfacet
  facet normal 0 0.707149 -0.707064
    outer loop
      vertex 47.7479 2.19792 27.5979
      vertex 44.7521 2.19792 27.5979
      vertex 44.8987 2.3651 27.7651
    endloop
  endfacet
  facet normal 0 0.707059 -0.707155
    outer loop
      vertex 47.9151 2.0513 27.4513
      vertex 44.5849 2.0513 27.4513
      vertex 44.7521 2.19792 27.5979
    endloop
  endfacet
  facet normal 0 0.706992 -0.707221
    outer loop
      vertex 48.1 1.92776 27.3278
      vertex 44.4 1.92776 27.3278
      vertex 44.5849 2.0513 27.4513
    endloop
  endfacet
  facet normal 0 0.706132 -0.70808
    outer loop
      vertex 43.7719 1.71454 27.1145
      vertex 48.7281 1.71454 27.1145
      vertex 48.95 1.7 27.1
    endloop
  endfacet
  facet normal 0 0.707251 -0.706963
    outer loop
      vertex 48.2994 1.8294 27.2294
      vertex 44.2006 1.8294 27.2294
      vertex 44.4 1.92776 27.3278
    endloop
  endfacet
  facet normal 0 0.707255 -0.706958
    outer loop
      vertex 48.51 1.75793 27.1579
      vertex 43.99 1.75793 27.1579
      vertex 44.2006 1.8294 27.2294
    endloop
  endfacet
  facet normal 0 0.707188 -0.707025
    outer loop
      vertex 48.7281 1.71454 27.1145
      vertex 43.7719 1.71454 27.1145
      vertex 43.99 1.75793 27.1579
    endloop
  endfacet
  facet normal 0 0.706132 -0.70808
    outer loop
      vertex 48.95 1.7 27.1
      vertex 43.55 1.7 27.1
      vertex 43.7719 1.71454 27.1145
    endloop
  endfacet
  facet normal 0 0 0
    outer loop
      vertex 140.5 1.7 27.1
      vertex 43.55 1.7 27.1
      vertex 48.95 1.7 27.1
    endloop
  endfacet
  facet normal 0 0 0
    outer loop
      vertex 140.5 1.7 27.1
      vertex 40.95 1.7 27.1
      vertex 43.55 1.7 27.1
    endloop
  endfacet
  facet normal 0 0.707123 -0.707091
    outer loop
      vertex 39.2645 3.17811 28.5781
      vertex 37.25 3.4 28.8
      vertex 39.25 3.4 28.8
    endloop
  endfacet
  facet normal 0 0.707107 -0.707107
    outer loop
      vertex 37.2355 3.17811 28.5781
      vertex 39.2645 3.17811 28.5781
      vertex 39.3079 2.96001 28.36
    endloop
  endfacet
  facet normal 0 0.707157 -0.707056
    outer loop
      vertex 37.1921 2.96001 28.36
      vertex 39.3079 2.96001 28.36
      vertex 39.3794 2.74944 28.1494
    endloop
  endfacet
  facet normal 0 0.707036 -0.707178
    outer loop
      vertex 37.1206 2.74944 28.1494
      vertex 39.3794 2.74944 28.1494
      vertex 39.4778 2.55 27.95
    endloop
  endfacet
  facet normal 0 0.707107 -0.707107
    outer loop
      vertex 37.0222 2.55 27.95
      vertex 39.4778 2.55 27.95
      vertex 39.6013 2.3651 27.7651
    endloop
  endfacet
  facet normal 0 0.707149 -0.707064
    outer loop
      vertex 36.8987 2.3651 27.7651
      vertex 39.6013 2.3651 27.7651
      vertex 39.7479 2.19792 27.5979
    endloop
  endfacet
  facet normal 0 0.707059 -0.707155
    outer loop
      vertex 36.7521 2.19792 27.5979
      vertex 39.7479 2.19792 27.5979
      vertex 39.9151 2.0513 27.4513
    endloop
  endfacet
  facet normal 0 0.706992 -0.707221
    outer loop
      vertex 36.5849 2.0513 27.4513
      vertex 39.9151 2.0513 27.4513
      vertex 40.1 1.92776 27.3278
    endloop
  endfacet
  facet normal 0 0.707123 -0.707091
    outer loop
      vertex 39.2645 3.17811 28.5781
      vertex 37.2355 3.17811 28.5781
      vertex 37.25 3.4 28.8
    endloop
  endfacet
  facet normal 0 0.707251 -0.706963
    outer loop
      vertex 36.4 1.92776 27.3278
      vertex 40.1 1.92776 27.3278
      vertex 40.2994 1.8294 27.2294
    endloop
  endfacet
  facet normal 0 0.707107 -0.707107
    outer loop
      vertex 39.3079 2.96001 28.36
      vertex 37.1921 2.96001 28.36
      vertex 37.2355 3.17811 28.5781
    endloop
  endfacet
  facet normal 0 0.707157 -0.707056
    outer loop
      vertex 39.3794 2.74944 28.1494
      vertex 37.1206 2.74944 28.1494
      vertex 37.1921 2.96001 28.36
    endloop
  endfacet
  facet normal 0 0.707255 -0.706958
    outer loop
      vertex 36.2006 1.8294 27.2294
      vertex 40.2994 1.8294 27.2294
      vertex 40.51 1.75793 27.1579
    endloop
  endfacet
  facet normal 0 0.707036 -0.707178
    outer loop
      vertex 39.4778 2.55 27.95
      vertex 37.0222 2.55 27.95
      vertex 37.1206 2.74944 28.1494
    endloop
  endfacet
  facet normal 0 0.707107 -0.707107
    outer loop
      vertex 39.6013 2.3651 27.7651
      vertex 36.8987 2.3651 27.7651
      vertex 37.0222 2.55 27.95
    endloop
  endfacet
  facet normal 0 0.707188 -0.707025
    outer loop
      vertex 35.99 1.75793 27.1579
      vertex 40.51 1.75793 27.1579
      vertex 40.7281 1.71454 27.1145
    endloop
  endfacet
  facet normal 0 0.707149 -0.707064
    outer loop
      vertex 39.7479 2.19792 27.5979
      vertex 36.7521 2.19792 27.5979
      vertex 36.8987 2.3651 27.7651
    endloop
  endfacet
  facet normal 0 0.707059 -0.707155
    outer loop
      vertex 39.9151 2.0513 27.4513
      vertex 36.5849 2.0513 27.4513
      vertex 36.7521 2.19792 27.5979
    endloop
  endfacet
  facet normal 0 0.706992 -0.707221
    outer loop
      vertex 40.1 1.92776 27.3278
      vertex 36.4 1.92776 27.3278
      vertex 36.5849 2.0513 27.4513
    endloop
  endfacet
  facet normal 0 0.706132 -0.70808
    outer loop
      vertex 35.7719 1.71454 27.1145
      vertex 40.7281 1.71454 27.1145
      vertex 40.95 1.7 27.1
    endloop
  endfacet
  facet normal 0 0.707251 -0.706963
    outer loop
      vertex 40.2994 1.8294 27.2294
      vertex 36.2006 1.8294 27.2294
      vertex 36.4 1.92776 27.3278
    endloop
  endfacet
  facet normal 0 0.707255 -0.706958
    outer loop
      vertex 40.51 1.75793 27.1579
      vertex 35.99 1.75793 27.1579
      vertex 36.2006 1.8294 27.2294
    endloop
  endfacet
  facet normal 0 0.707188 -0.707025
    outer loop
      vertex 40.7281 1.71454 27.1145
      vertex 35.7719 1.71454 27.1145
      vertex 35.99 1.75793 27.1579
    endloop
  endfacet
  facet normal 0 0.706132 -0.70808
    outer loop
      vertex 40.95 1.7 27.1
      vertex 35.55 1.7 27.1
      vertex 35.7719 1.71454 27.1145
    endloop
  endfacet
  facet normal 0 0 0
    outer loop
      vertex 140.5 1.7 27.1
      vertex 35.55 1.7 27.1
      vertex 40.95 1.7 27.1
    endloop
  endfacet
  facet normal 0 0 0
    outer loop
      vertex 140.5 1.7 27.1
      vertex 32.95 1.7 27.1
      vertex 35.55 1.7 27.1
    endloop
  endfacet
  facet normal -7.35943e-06 0.707122 -0.707091
    outer loop
      vertex 31.2645 3.17811 28.5781
      vertex 24 1.7 27.1
      vertex 31.25 3.4 28.8
    endloop
  endfacet
  facet normal -9.35496e-07 0.707107 -0.707107
    outer loop
      vertex 31.3079 2.96001 28.36
      vertex 24 1.7 27.1
      vertex 31.2645 3.17811 28.5781
    endloop
  endfacet
  facet normal -1.73219e-05 0.707154 -0.707059
    outer loop
      vertex 31.3794 2.74944 28.1494
      vertex 24 1.7 27.1
      vertex 31.3079 2.96001 28.36
    endloop
  endfacet
  facet normal 1.52659e-05 0.70704 -0.707174
    outer loop
      vertex 31.4778 2.55 27.95
      vertex 24 1.7 27.1
      vertex 31.3794 2.74944 28.1494
    endloop
  endfacet
  facet normal 1.78105e-16 0.707107 -0.707107
    outer loop
      vertex 31.6013 2.3651 27.7651
      vertex 24 1.7 27.1
      vertex 31.4778 2.55 27.95
    endloop
  endfacet
  facet normal -6.87385e-06 0.707146 -0.707068
    outer loop
      vertex 31.7479 2.19792 27.5979
      vertex 24 1.7 27.1
      vertex 31.6013 2.3651 27.7651
    endloop
  endfacet
  facet normal 4.07501e-06 0.707061 -0.707153
    outer loop
      vertex 31.9151 2.0513 27.4513
      vertex 24 1.7 27.1
      vertex 31.7479 2.19792 27.5979
    endloop
  endfacet
  facet normal 9.53001e-06 0.706999 -0.707214
    outer loop
      vertex 32.1 1.92776 27.3278
      vertex 24 1.7 27.1
      vertex 31.9151 2.0513 27.4513
    endloop
  endfacet
  facet normal -4.34524e-06 0.707246 -0.706967
    outer loop
      vertex 32.2994 1.8294 27.2294
      vertex 24 1.7 27.1
      vertex 32.1 1.92776 27.3278
    endloop
  endfacet
  facet normal -4.42359e-06 0.707249 -0.706965
    outer loop
      vertex 32.51 1.75793 27.1579
      vertex 24 1.7 27.1
      vertex 32.2994 1.8294 27.2294
    endloop
  endfacet
  facet normal -3.48256e-06 0.707179 -0.707034
    outer loop
      vertex 32.7281 1.71454 27.1145
      vertex 24 1.7 27.1
      vertex 32.51 1.75793 27.1579
    endloop
  endfacet
  facet normal 0 0.706132 -0.70808
    outer loop
      vertex 32.95 1.7 27.1
      vertex 24 1.7 27.1
      vertex 32.7281 1.71454 27.1145
    endloop
  endfacet
  facet normal 0 0 0
    outer loop
      vertex 24 1.7 27.1
      vertex 32.95 1.7 27.1
      vertex 140.5 1.7 27.1
    endloop
  endfacet
  facet normal -9.73306e-07 0.707107 -0.707107
    outer loop
      vertex 140.5 1.7 27.1
      vertex 133.235 3.62189 29.0219
      vertex 140.5 6.6 32
    endloop
  endfacet
  facet normal -9.00526e-07 0.707107 -0.707107
    outer loop
      vertex 133.192 3.83999 29.24
      vertex 140.5 6.6 32
      vertex 133.235 3.62189 29.0219
    endloop
  endfacet
  facet normal -3.46055e-05 0.707151 -0.707062
    outer loop
      vertex 133.121 4.05056 29.4506
      vertex 140.5 6.6 32
      vertex 133.192 3.83999 29.24
    endloop
  endfacet
  facet normal 3.85565e-05 0.707045 -0.707168
    outer loop
      vertex 133.022 4.25 29.65
      vertex 140.5 6.6 32
      vertex 133.121 4.05056 29.4506
    endloop
  endfacet
  facet normal -9.94022e-06 0.707123 -0.707091
    outer loop
      vertex 132.899 4.43489 29.8349
      vertex 140.5 6.6 32
      vertex 133.022 4.25 29.65
    endloop
  endfacet
  facet normal -1.0378e-05 0.707123 -0.70709
    outer loop
      vertex 132.752 4.60208 30.0021
      vertex 140.5 6.6 32
      vertex 132.899 4.43489 29.8349
    endloop
  endfacet
  facet normal 1.78155e-05 0.707069 -0.707145
    outer loop
      vertex 132.585 4.7487 30.1487
      vertex 140.5 6.6 32
      vertex 132.752 4.60208 30.0021
    endloop
  endfacet
  facet normal 3.96641e-05 0.707022 -0.707192
    outer loop
      vertex 132.4 4.87224 30.2722
      vertex 140.5 6.6 32
      vertex 132.585 4.7487 30.1487
    endloop
  endfacet
  facet normal -5.11138e-05 0.707235 -0.706979
    outer loop
      vertex 132.201 4.97059 30.3706
      vertex 140.5 6.6 32
      vertex 132.4 4.87224 30.2722
    endloop
  endfacet
  facet normal -2.51294e-05 0.707169 -0.707045
    outer loop
      vertex 131.99 5.04207 30.4421
      vertex 140.5 6.6 32
      vertex 132.201 4.97059 30.3706
    endloop
  endfacet
  facet normal -1.68379e-05 0.707146 -0.707068
    outer loop
      vertex 131.772 5.08546 30.4855
      vertex 140.5 6.6 32
      vertex 131.99 5.04207 30.4421
    endloop
  endfacet
  facet normal 9.16428e-05 0.706833 -0.70738
    outer loop
      vertex 131.55 5.1 30.5
      vertex 140.5 6.6 32
      vertex 131.772 5.08546 30.4855
    endloop
  endfacet
  facet normal 0 0.707107 -0.707107
    outer loop
      vertex 128.95 5.1 30.5
      vertex 140.5 6.6 32
      vertex 131.55 5.1 30.5
    endloop
  endfacet
  facet normal 0 0.706132 -0.70808
    outer loop
      vertex 123.55 5.1 30.5
      vertex 128.95 5.1 30.5
      vertex 128.728 5.08546 30.4855
    endloop
  endfacet
  facet normal 0 0.707123 -0.707091
    outer loop
      vertex 125.25 3.4 28.8
      vertex 127.265 3.62189 29.0219
      vertex 127.25 3.4 28.8
    endloop
  endfacet
  facet normal 0 0.707123 -0.707091
    outer loop
      vertex 125.235 3.62189 29.0219
      vertex 127.265 3.62189 29.0219
      vertex 125.25 3.4 28.8
    endloop
  endfacet
  facet normal 0 0.707107 -0.707107
    outer loop
      vertex 127.265 3.62189 29.0219
      vertex 125.235 3.62189 29.0219
      vertex 127.308 3.83999 29.24
    endloop
  endfacet
  facet normal 0 0.707107 -0.707107
    outer loop
      vertex 125.192 3.83999 29.24
      vertex 127.308 3.83999 29.24
      vertex 125.235 3.62189 29.0219
    endloop
  endfacet
  facet normal 0 0.707157 -0.707056
    outer loop
      vertex 127.308 3.83999 29.24
      vertex 125.192 3.83999 29.24
      vertex 127.379 4.05056 29.4506
    endloop
  endfacet
  facet normal 0 0.707157 -0.707056
    outer loop
      vertex 125.121 4.05056 29.4506
      vertex 127.379 4.05056 29.4506
      vertex 125.192 3.83999 29.24
    endloop
  endfacet
  facet normal 0 0.707036 -0.707178
    outer loop
      vertex 127.379 4.05056 29.4506
      vertex 125.121 4.05056 29.4506
      vertex 127.478 4.25 29.65
    endloop
  endfacet
  facet normal 0 0.707036 -0.707178
    outer loop
      vertex 125.022 4.25 29.65
      vertex 127.478 4.25 29.65
      vertex 125.121 4.05056 29.4506
    endloop
  endfacet
  facet normal 0 0.707126 -0.707088
    outer loop
      vertex 127.478 4.25 29.65
      vertex 125.022 4.25 29.65
      vertex 127.601 4.43489 29.8349
    endloop
  endfacet
  facet normal 0 0.707126 -0.707088
    outer loop
      vertex 124.899 4.43489 29.8349
      vertex 127.601 4.43489 29.8349
      vertex 125.022 4.25 29.65
    endloop
  endfacet
  facet normal 0 0.707128 -0.707086
    outer loop
      vertex 127.601 4.43489 29.8349
      vertex 124.899 4.43489 29.8349
      vertex 127.748 4.60208 30.0021
    endloop
  endfacet
  facet normal 0 0.707128 -0.707086
    outer loop
      vertex 124.752 4.60208 30.0021
      vertex 127.748 4.60208 30.0021
      vertex 124.899 4.43489 29.8349
    endloop
  endfacet
  facet normal 0 0.707059 -0.707155
    outer loop
      vertex 127.748 4.60208 30.0021
      vertex 124.752 4.60208 30.0021
      vertex 127.915 4.7487 30.1487
    endloop
  endfacet
  facet normal 0 0.707059 -0.707155
    outer loop
      vertex 124.585 4.7487 30.1487
      vertex 127.915 4.7487 30.1487
      vertex 124.752 4.60208 30.0021
    endloop
  endfacet
  facet normal 0 0.706992 -0.707221
    outer loop
      vertex 127.915 4.7487 30.1487
      vertex 124.585 4.7487 30.1487
      vertex 128.1 4.87224 30.2722
    endloop
  endfacet
  facet normal 0 0.706992 -0.707221
    outer loop
      vertex 124.4 4.87224 30.2722
      vertex 128.1 4.87224 30.2722
      vertex 124.585 4.7487 30.1487
    endloop
  endfacet
  facet normal 0 0.707286 -0.706927
    outer loop
      vertex 128.1 4.87224 30.2722
      vertex 124.4 4.87224 30.2722
      vertex 128.299 4.97059 30.3706
    endloop
  endfacet
  facet normal 0 0.707286 -0.706927
    outer loop
      vertex 124.201 4.97059 30.3706
      vertex 128.299 4.97059 30.3706
      vertex 124.4 4.87224 30.2722
    endloop
  endfacet
  facet normal 0 0.707206 -0.707008
    outer loop
      vertex 128.299 4.97059 30.3706
      vertex 124.201 4.97059 30.3706
      vertex 128.51 5.04207 30.4421
    endloop
  endfacet
  facet normal 0 0.707206 -0.707008
    outer loop
      vertex 123.99 5.04207 30.4421
      vertex 128.51 5.04207 30.4421
      vertex 124.201 4.97059 30.3706
    endloop
  endfacet
  facet normal 0 0.707188 -0.707025
    outer loop
      vertex 128.51 5.04207 30.4421
      vertex 123.99 5.04207 30.4421
      vertex 128.728 5.08546 30.4855
    endloop
  endfacet
  facet normal 0 0.707188 -0.707025
    outer loop
      vertex 123.772 5.08546 30.4855
      vertex 128.728 5.08546 30.4855
      vertex 123.99 5.04207 30.4421
    endloop
  endfacet
  facet normal 0 0.706132 -0.70808
    outer loop
      vertex 123.55 5.1 30.5
      vertex 128.728 5.08546 30.4855
      vertex 123.772 5.08546 30.4855
    endloop
  endfacet
  facet normal 0 0.707107 -0.707107
    outer loop
      vertex 128.95 5.1 30.5
      vertex 123.55 5.1 30.5
      vertex 140.5 6.6 32
    endloop
  endfacet
  facet normal 0 0.707107 -0.707107
    outer loop
      vertex 120.95 5.1 30.5
      vertex 140.5 6.6 32
      vertex 123.55 5.1 30.5
    endloop
  endfacet
  facet normal 0 0.706132 -0.70808
    outer loop
      vertex 115.55 5.1 30.5
      vertex 120.95 5.1 30.5
      vertex 120.728 5.08546 30.4855
    endloop
  endfacet
  facet normal 0 0.707123 -0.707091
    outer loop
      vertex 117.25 3.4 28.8
      vertex 119.265 3.62189 29.0219
      vertex 119.25 3.4 28.8
    endloop
  endfacet
  facet normal 0 0.707123 -0.707091
    outer loop
      vertex 117.235 3.62189 29.0219
      vertex 119.265 3.62189 29.0219
      vertex 117.25 3.4 28.8
    endloop
  endfacet
  facet normal 0 0.707107 -0.707107
    outer loop
      vertex 119.265 3.62189 29.0219
      vertex 117.235 3.62189 29.0219
      vertex 119.308 3.83999 29.24
    endloop
  endfacet
  facet normal 0 0.707107 -0.707107
    outer loop
      vertex 117.192 3.83999 29.24
      vertex 119.308 3.83999 29.24
      vertex 117.235 3.62189 29.0219
    endloop
  endfacet
  facet normal 0 0.707157 -0.707056
    outer loop
      vertex 119.308 3.83999 29.24
      vertex 117.192 3.83999 29.24
      vertex 119.379 4.05056 29.4506
    endloop
  endfacet
  facet normal 0 0.707157 -0.707056
    outer loop
      vertex 117.121 4.05056 29.4506
      vertex 119.379 4.05056 29.4506
      vertex 117.192 3.83999 29.24
    endloop
  endfacet
  facet normal 0 0.707036 -0.707178
    outer loop
      vertex 119.379 4.05056 29.4506
      vertex 117.121 4.05056 29.4506
      vertex 119.478 4.25 29.65
    endloop
  endfacet
  facet normal 0 0.707036 -0.707178
    outer loop
      vertex 117.022 4.25 29.65
      vertex 119.478 4.25 29.65
      vertex 117.121 4.05056 29.4506
    endloop
  endfacet
  facet normal 0 0.707126 -0.707088
    outer loop
      vertex 119.478 4.25 29.65
      vertex 117.022 4.25 29.65
      vertex 119.601 4.43489 29.8349
    endloop
  endfacet
  facet normal 0 0.707126 -0.707088
    outer loop
      vertex 116.899 4.43489 29.8349
      vertex 119.601 4.43489 29.8349
      vertex 117.022 4.25 29.65
    endloop
  endfacet
  facet normal 0 0.707128 -0.707086
    outer loop
      vertex 119.601 4.43489 29.8349
      vertex 116.899 4.43489 29.8349
      vertex 119.748 4.60208 30.0021
    endloop
  endfacet
  facet normal 0 0.707128 -0.707086
    outer loop
      vertex 116.752 4.60208 30.0021
      vertex 119.748 4.60208 30.0021
      vertex 116.899 4.43489 29.8349
    endloop
  endfacet
  facet normal 0 0.707059 -0.707155
    outer loop
      vertex 119.748 4.60208 30.0021
      vertex 116.752 4.60208 30.0021
      vertex 119.915 4.7487 30.1487
    endloop
  endfacet
  facet normal 0 0.707059 -0.707155
    outer loop
      vertex 116.585 4.7487 30.1487
      vertex 119.915 4.7487 30.1487
      vertex 116.752 4.60208 30.0021
    endloop
  endfacet
  facet normal 0 0.706992 -0.707221
    outer loop
      vertex 119.915 4.7487 30.1487
      vertex 116.585 4.7487 30.1487
      vertex 120.1 4.87224 30.2722
    endloop
  endfacet
  facet normal 0 0.706992 -0.707221
    outer loop
      vertex 116.4 4.87224 30.2722
      vertex 120.1 4.87224 30.2722
      vertex 116.585 4.7487 30.1487
    endloop
  endfacet
  facet normal 0 0.707286 -0.706927
    outer loop
      vertex 120.1 4.87224 30.2722
      vertex 116.4 4.87224 30.2722
      vertex 120.299 4.97059 30.3706
    endloop
  endfacet
  facet normal 0 0.707286 -0.706927
    outer loop
      vertex 116.201 4.97059 30.3706
      vertex 120.299 4.97059 30.3706
      vertex 116.4 4.87224 30.2722
    endloop
  endfacet
  facet normal 0 0.707206 -0.707008
    outer loop
      vertex 120.299 4.97059 30.3706
      vertex 116.201 4.97059 30.3706
      vertex 120.51 5.04207 30.4421
    endloop
  endfacet
  facet normal 0 0.707206 -0.707008
    outer loop
      vertex 115.99 5.04207 30.4421
      vertex 120.51 5.04207 30.4421
      vertex 116.201 4.97059 30.3706
    endloop
  endfacet
  facet normal 0 0.707188 -0.707025
    outer loop
      vertex 120.51 5.04207 30.4421
      vertex 115.99 5.04207 30.4421
      vertex 120.728 5.08546 30.4855
    endloop
  endfacet
  facet normal 0 0.707188 -0.707025
    outer loop
      vertex 115.772 5.08546 30.4855
      vertex 120.728 5.08546 30.4855
      vertex 115.99 5.04207 30.4421
    endloop
  endfacet
  facet normal 0 0.706132 -0.70808
    outer loop
      vertex 115.55 5.1 30.5
      vertex 120.728 5.08546 30.4855
      vertex 115.772 5.08546 30.4855
    endloop
  endfacet
  facet normal 0 0.707107 -0.707107
    outer loop
      vertex 120.95 5.1 30.5
      vertex 115.55 5.1 30.5
      vertex 140.5 6.6 32
    endloop
  endfacet
  facet normal 0 0.707107 -0.707107
    outer loop
      vertex 112.95 5.1 30.5
      vertex 140.5 6.6 32
      vertex 115.55 5.1 30.5
    endloop
  endfacet
  facet normal 0 0.707123 -0.707091
    outer loop
      vertex 109.25 3.4 28.8
      vertex 111.265 3.62189 29.0219
      vertex 111.25 3.4 28.8
    endloop
  endfacet
  facet normal 0 0.707123 -0.707091
    outer loop
      vertex 109.235 3.62189 29.0219
      vertex 111.265 3.62189 29.0219
      vertex 109.25 3.4 28.8
    endloop
  endfacet
  facet normal 0 0.707107 -0.707107
    outer loop
      vertex 111.265 3.62189 29.0219
      vertex 109.235 3.62189 29.0219
      vertex 111.308 3.83999 29.24
    endloop
  endfacet
  facet normal 0 0.707107 -0.707107
    outer loop
      vertex 109.192 3.83999 29.24
      vertex 111.308 3.83999 29.24
      vertex 109.235 3.62189 29.0219
    endloop
  endfacet
  facet normal 0 0.707157 -0.707056
    outer loop
      vertex 111.308 3.83999 29.24
      vertex 109.192 3.83999 29.24
      vertex 111.379 4.05056 29.4506
    endloop
  endfacet
  facet normal 0 0.707157 -0.707056
    outer loop
      vertex 109.121 4.05056 29.4506
      vertex 111.379 4.05056 29.4506
      vertex 109.192 3.83999 29.24
    endloop
  endfacet
  facet normal 0 0.707036 -0.707178
    outer loop
      vertex 111.379 4.05056 29.4506
      vertex 109.121 4.05056 29.4506
      vertex 111.478 4.25 29.65
    endloop
  endfacet
  facet normal 0 0.707036 -0.707178
    outer loop
      vertex 109.022 4.25 29.65
      vertex 111.478 4.25 29.65
      vertex 109.121 4.05056 29.4506
    endloop
  endfacet
  facet normal 0 0.707126 -0.707088
    outer loop
      vertex 111.478 4.25 29.65
      vertex 109.022 4.25 29.65
      vertex 111.601 4.43489 29.8349
    endloop
  endfacet
  facet normal 0 0.707126 -0.707088
    outer loop
      vertex 108.899 4.43489 29.8349
      vertex 111.601 4.43489 29.8349
      vertex 109.022 4.25 29.65
    endloop
  endfacet
  facet normal 0 0.707128 -0.707086
    outer loop
      vertex 111.601 4.43489 29.8349
      vertex 108.899 4.43489 29.8349
      vertex 111.748 4.60208 30.0021
    endloop
  endfacet
  facet normal 0 0.707128 -0.707086
    outer loop
      vertex 108.752 4.60208 30.0021
      vertex 111.748 4.60208 30.0021
      vertex 108.899 4.43489 29.8349
    endloop
  endfacet
  facet normal 0 0.707059 -0.707155
    outer loop
      vertex 111.748 4.60208 30.0021
      vertex 108.752 4.60208 30.0021
      vertex 111.915 4.7487 30.1487
    endloop
  endfacet
  facet normal 0 0.707059 -0.707155
    outer loop
      vertex 108.585 4.7487 30.1487
      vertex 111.915 4.7487 30.1487
      vertex 108.752 4.60208 30.0021
    endloop
  endfacet
  facet normal 0 0.706992 -0.707221
    outer loop
      vertex 111.915 4.7487 30.1487
      vertex 108.585 4.7487 30.1487
      vertex 112.1 4.87224 30.2722
    endloop
  endfacet
  facet normal 0 0.706992 -0.707221
    outer loop
      vertex 108.4 4.87224 30.2722
      vertex 112.1 4.87224 30.2722
      vertex 108.585 4.7487 30.1487
    endloop
  endfacet
  facet normal 0 0.707286 -0.706927
    outer loop
      vertex 112.1 4.87224 30.2722
      vertex 108.4 4.87224 30.2722
      vertex 112.299 4.97059 30.3706
    endloop
  endfacet
  facet normal 0 0.707286 -0.706927
    outer loop
      vertex 108.201 4.97059 30.3706
      vertex 112.299 4.97059 30.3706
      vertex 108.4 4.87224 30.2722
    endloop
  endfacet
  facet normal 0 0.707206 -0.707008
    outer loop
      vertex 112.299 4.97059 30.3706
      vertex 108.201 4.97059 30.3706
      vertex 112.51 5.04207 30.4421
    endloop
  endfacet
  facet normal 0 0.707206 -0.707008
    outer loop
      vertex 107.99 5.04207 30.4421
      vertex 112.51 5.04207 30.4421
      vertex 108.201 4.97059 30.3706
    endloop
  endfacet
  facet normal 0 0.707188 -0.707025
    outer loop
      vertex 112.51 5.04207 30.4421
      vertex 107.99 5.04207 30.4421
      vertex 112.728 5.08546 30.4855
    endloop
  endfacet
  facet normal 0 0.707188 -0.707025
    outer loop
      vertex 107.772 5.08546 30.4855
      vertex 112.728 5.08546 30.4855
      vertex 107.99 5.04207 30.4421
    endloop
  endfacet
  facet normal 0 0.706132 -0.70808
    outer loop
      vertex 112.728 5.08546 30.4855
      vertex 107.772 5.08546 30.4855
      vertex 112.95 5.1 30.5
    endloop
  endfacet
  facet normal 0 0.706132 -0.70808
    outer loop
      vertex 107.55 5.1 30.5
      vertex 112.95 5.1 30.5
      vertex 107.772 5.08546 30.4855
    endloop
  endfacet
  facet normal 0 0.707107 -0.707107
    outer loop
      vertex 112.95 5.1 30.5
      vertex 107.55 5.1 30.5
      vertex 140.5 6.6 32
    endloop
  endfacet
  facet normal 0 0.707107 -0.707107
    outer loop
      vertex 104.95 5.1 30.5
      vertex 140.5 6.6 32
      vertex 107.55 5.1 30.5
    endloop
  endfacet
  facet normal 0 0.707123 -0.707091
    outer loop
      vertex 101.25 3.4 28.8
      vertex 103.265 3.62189 29.0219
      vertex 103.25 3.4 28.8
    endloop
  endfacet
  facet normal 0 0.707123 -0.707091
    outer loop
      vertex 101.235 3.62189 29.0219
      vertex 103.265 3.62189 29.0219
      vertex 101.25 3.4 28.8
    endloop
  endfacet
  facet normal 0 0.707107 -0.707107
    outer loop
      vertex 103.265 3.62189 29.0219
      vertex 101.235 3.62189 29.0219
      vertex 103.308 3.83999 29.24
    endloop
  endfacet
  facet normal 0 0.707107 -0.707107
    outer loop
      vertex 101.192 3.83999 29.24
      vertex 103.308 3.83999 29.24
      vertex 101.235 3.62189 29.0219
    endloop
  endfacet
  facet normal 0 0.707157 -0.707056
    outer loop
      vertex 103.308 3.83999 29.24
      vertex 101.192 3.83999 29.24
      vertex 103.379 4.05056 29.4506
    endloop
  endfacet
  facet normal 0 0.707157 -0.707056
    outer loop
      vertex 101.121 4.05056 29.4506
      vertex 103.379 4.05056 29.4506
      vertex 101.192 3.83999 29.24
    endloop
  endfacet
  facet normal 0 0.707036 -0.707178
    outer loop
      vertex 103.379 4.05056 29.4506
      vertex 101.121 4.05056 29.4506
      vertex 103.478 4.25 29.65
    endloop
  endfacet
  facet normal 0 0.707036 -0.707178
    outer loop
      vertex 101.022 4.25 29.65
      vertex 103.478 4.25 29.65
      vertex 101.121 4.05056 29.4506
    endloop
  endfacet
  facet normal 0 0.707126 -0.707088
    outer loop
      vertex 103.478 4.25 29.65
      vertex 101.022 4.25 29.65
      vertex 103.601 4.43489 29.8349
    endloop
  endfacet
  facet normal 0 0.707126 -0.707088
    outer loop
      vertex 100.899 4.43489 29.8349
      vertex 103.601 4.43489 29.8349
      vertex 101.022 4.25 29.65
    endloop
  endfacet
  facet normal 0 0.707128 -0.707086
    outer loop
      vertex 103.601 4.43489 29.8349
      vertex 100.899 4.43489 29.8349
      vertex 103.748 4.60208 30.0021
    endloop
  endfacet
  facet normal 0 0.707128 -0.707086
    outer loop
      vertex 100.752 4.60208 30.0021
      vertex 103.748 4.60208 30.0021
      vertex 100.899 4.43489 29.8349
    endloop
  endfacet
  facet normal 0 0.707059 -0.707155
    outer loop
      vertex 103.748 4.60208 30.0021
      vertex 100.752 4.60208 30.0021
      vertex 103.915 4.7487 30.1487
    endloop
  endfacet
  facet normal 0 0.707059 -0.707155
    outer loop
      vertex 100.585 4.7487 30.1487
      vertex 103.915 4.7487 30.1487
      vertex 100.752 4.60208 30.0021
    endloop
  endfacet
  facet normal 0 0.706992 -0.707221
    outer loop
      vertex 103.915 4.7487 30.1487
      vertex 100.585 4.7487 30.1487
      vertex 104.1 4.87224 30.2722
    endloop
  endfacet
  facet normal 0 0.706992 -0.707221
    outer loop
      vertex 100.4 4.87224 30.2722
      vertex 104.1 4.87224 30.2722
      vertex 100.585 4.7487 30.1487
    endloop
  endfacet
  facet normal 0 0.707286 -0.706927
    outer loop
      vertex 104.1 4.87224 30.2722
      vertex 100.4 4.87224 30.2722
      vertex 104.299 4.97059 30.3706
    endloop
  endfacet
  facet normal 0 0.707286 -0.706927
    outer loop
      vertex 100.201 4.97059 30.3706
      vertex 104.299 4.97059 30.3706
      vertex 100.4 4.87224 30.2722
    endloop
  endfacet
  facet normal 0 0.707206 -0.707008
    outer loop
      vertex 104.299 4.97059 30.3706
      vertex 100.201 4.97059 30.3706
      vertex 104.51 5.04207 30.4421
    endloop
  endfacet
  facet normal 0 0.707206 -0.707008
    outer loop
      vertex 99.99 5.04207 30.4421
      vertex 104.51 5.04207 30.4421
      vertex 100.201 4.97059 30.3706
    endloop
  endfacet
  facet normal 0 0.707188 -0.707025
    outer loop
      vertex 104.51 5.04207 30.4421
      vertex 99.99 5.04207 30.4421
      vertex 104.728 5.08546 30.4855
    endloop
  endfacet
  facet normal 0 0.707188 -0.707025
    outer loop
      vertex 99.7719 5.08546 30.4855
      vertex 104.728 5.08546 30.4855
      vertex 99.99 5.04207 30.4421
    endloop
  endfacet
  facet normal 0 0.706132 -0.70808
    outer loop
      vertex 104.728 5.08546 30.4855
      vertex 99.7719 5.08546 30.4855
      vertex 104.95 5.1 30.5
    endloop
  endfacet
  facet normal 0 0.706132 -0.70808
    outer loop
      vertex 99.55 5.1 30.5
      vertex 104.95 5.1 30.5
      vertex 99.7719 5.08546 30.4855
    endloop
  endfacet
  facet normal 0 0.707107 -0.707107
    outer loop
      vertex 104.95 5.1 30.5
      vertex 99.55 5.1 30.5
      vertex 140.5 6.6 32
    endloop
  endfacet
  facet normal 0 0.707107 -0.707107
    outer loop
      vertex 96.95 5.1 30.5
      vertex 140.5 6.6 32
      vertex 99.55 5.1 30.5
    endloop
  endfacet
  facet normal 0 0.707123 -0.707091
    outer loop
      vertex 93.25 3.4 28.8
      vertex 95.2645 3.62189 29.0219
      vertex 95.25 3.4 28.8
    endloop
  endfacet
  facet normal 0 0.707123 -0.707091
    outer loop
      vertex 93.2355 3.62189 29.0219
      vertex 95.2645 3.62189 29.0219
      vertex 93.25 3.4 28.8
    endloop
  endfacet
  facet normal 0 0.707107 -0.707107
    outer loop
      vertex 95.2645 3.62189 29.0219
      vertex 93.2355 3.62189 29.0219
      vertex 95.3079 3.83999 29.24
    endloop
  endfacet
  facet normal 0 0.707107 -0.707107
    outer loop
      vertex 93.1921 3.83999 29.24
      vertex 95.3079 3.83999 29.24
      vertex 93.2355 3.62189 29.0219
    endloop
  endfacet
  facet normal 0 0.707157 -0.707056
    outer loop
      vertex 95.3079 3.83999 29.24
      vertex 93.1921 3.83999 29.24
      vertex 95.3794 4.05056 29.4506
    endloop
  endfacet
  facet normal 0 0.707157 -0.707056
    outer loop
      vertex 93.1206 4.05056 29.4506
      vertex 95.3794 4.05056 29.4506
      vertex 93.1921 3.83999 29.24
    endloop
  endfacet
  facet normal 0 0.707036 -0.707178
    outer loop
      vertex 95.3794 4.05056 29.4506
      vertex 93.1206 4.05056 29.4506
      vertex 95.4778 4.25 29.65
    endloop
  endfacet
  facet normal 0 0.707036 -0.707178
    outer loop
      vertex 93.0222 4.25 29.65
      vertex 95.4778 4.25 29.65
      vertex 93.1206 4.05056 29.4506
    endloop
  endfacet
  facet normal 0 0.707126 -0.707088
    outer loop
      vertex 95.4778 4.25 29.65
      vertex 93.0222 4.25 29.65
      vertex 95.6013 4.43489 29.8349
    endloop
  endfacet
  facet normal 0 0.707126 -0.707088
    outer loop
      vertex 92.8987 4.43489 29.8349
      vertex 95.6013 4.43489 29.8349
      vertex 93.0222 4.25 29.65
    endloop
  endfacet
  facet normal 0 0.707128 -0.707086
    outer loop
      vertex 95.6013 4.43489 29.8349
      vertex 92.8987 4.43489 29.8349
      vertex 95.7479 4.60208 30.0021
    endloop
  endfacet
  facet normal 0 0.707128 -0.707086
    outer loop
      vertex 92.7521 4.60208 30.0021
      vertex 95.7479 4.60208 30.0021
      vertex 92.8987 4.43489 29.8349
    endloop
  endfacet
  facet normal 0 0.707059 -0.707155
    outer loop
      vertex 95.7479 4.60208 30.0021
      vertex 92.7521 4.60208 30.0021
      vertex 95.9151 4.7487 30.1487
    endloop
  endfacet
  facet normal 0 0.707059 -0.707155
    outer loop
      vertex 92.5849 4.7487 30.1487
      vertex 95.9151 4.7487 30.1487
      vertex 92.7521 4.60208 30.0021
    endloop
  endfacet
  facet normal 0 0.706992 -0.707221
    outer loop
      vertex 95.9151 4.7487 30.1487
      vertex 92.5849 4.7487 30.1487
      vertex 96.1 4.87224 30.2722
    endloop
  endfacet
  facet normal 0 0.706992 -0.707221
    outer loop
      vertex 92.4 4.87224 30.2722
      vertex 96.1 4.87224 30.2722
      vertex 92.5849 4.7487 30.1487
    endloop
  endfacet
  facet normal 0 0.707286 -0.706927
    outer loop
      vertex 96.1 4.87224 30.2722
      vertex 92.4 4.87224 30.2722
      vertex 96.2994 4.97059 30.3706
    endloop
  endfacet
  facet normal 0 0.707286 -0.706927
    outer loop
      vertex 92.2006 4.97059 30.3706
      vertex 96.2994 4.97059 30.3706
      vertex 92.4 4.87224 30.2722
    endloop
  endfacet
  facet normal 0 0.707206 -0.707008
    outer loop
      vertex 96.2994 4.97059 30.3706
      vertex 92.2006 4.97059 30.3706
      vertex 96.51 5.04207 30.4421
    endloop
  endfacet
  facet normal 0 0.707206 -0.707008
    outer loop
      vertex 91.99 5.04207 30.4421
      vertex 96.51 5.04207 30.4421
      vertex 92.2006 4.97059 30.3706
    endloop
  endfacet
  facet normal 0 0.707188 -0.707025
    outer loop
      vertex 96.51 5.04207 30.4421
      vertex 91.99 5.04207 30.4421
      vertex 96.7281 5.08546 30.4855
    endloop
  endfacet
  facet normal 0 0.707188 -0.707025
    outer loop
      vertex 91.7719 5.08546 30.4855
      vertex 96.7281 5.08546 30.4855
      vertex 91.99 5.04207 30.4421
    endloop
  endfacet
  facet normal 0 0.706132 -0.70808
    outer loop
      vertex 96.7281 5.08546 30.4855
      vertex 91.7719 5.08546 30.4855
      vertex 96.95 5.1 30.5
    endloop
  endfacet
  facet normal 0 0.706132 -0.70808
    outer loop
      vertex 91.55 5.1 30.5
      vertex 96.95 5.1 30.5
      vertex 91.7719 5.08546 30.4855
    endloop
  endfacet
  facet normal 0 0.707107 -0.707107
    outer loop
      vertex 96.95 5.1 30.5
      vertex 91.55 5.1 30.5
      vertex 140.5 6.6 32
    endloop
  endfacet
  facet normal 0 0.707107 -0.707107
    outer loop
      vertex 88.95 5.1 30.5
      vertex 140.5 6.6 32
      vertex 91.55 5.1 30.5
    endloop
  endfacet
  facet normal 0 0.707123 -0.707091
    outer loop
      vertex 85.25 3.4 28.8
      vertex 87.2645 3.62189 29.0219
      vertex 87.25 3.4 28.8
    endloop
  endfacet
  facet normal 0 0.707123 -0.707091
    outer loop
      vertex 85.2355 3.62189 29.0219
      vertex 87.2645 3.62189 29.0219
      vertex 85.25 3.4 28.8
    endloop
  endfacet
  facet normal 0 0.707107 -0.707107
    outer loop
      vertex 87.2645 3.62189 29.0219
      vertex 85.2355 3.62189 29.0219
      vertex 87.3079 3.83999 29.24
    endloop
  endfacet
  facet normal 0 0.707107 -0.707107
    outer loop
      vertex 85.1921 3.83999 29.24
      vertex 87.3079 3.83999 29.24
      vertex 85.2355 3.62189 29.0219
    endloop
  endfacet
  facet normal 0 0.707157 -0.707056
    outer loop
      vertex 87.3079 3.83999 29.24
      vertex 85.1921 3.83999 29.24
      vertex 87.3794 4.05056 29.4506
    endloop
  endfacet
  facet normal 0 0.707157 -0.707056
    outer loop
      vertex 85.1206 4.05056 29.4506
      vertex 87.3794 4.05056 29.4506
      vertex 85.1921 3.83999 29.24
    endloop
  endfacet
  facet normal 0 0.707036 -0.707178
    outer loop
      vertex 87.3794 4.05056 29.4506
      vertex 85.1206 4.05056 29.4506
      vertex 87.4778 4.25 29.65
    endloop
  endfacet
  facet normal 0 0.707036 -0.707178
    outer loop
      vertex 85.0222 4.25 29.65
      vertex 87.4778 4.25 29.65
      vertex 85.1206 4.05056 29.4506
    endloop
  endfacet
  facet normal 0 0.707126 -0.707088
    outer loop
      vertex 87.4778 4.25 29.65
      vertex 85.0222 4.25 29.65
      vertex 87.6013 4.43489 29.8349
    endloop
  endfacet
  facet normal 0 0.707126 -0.707088
    outer loop
      vertex 84.8987 4.43489 29.8349
      vertex 87.6013 4.43489 29.8349
      vertex 85.0222 4.25 29.65
    endloop
  endfacet
  facet normal 0 0.707128 -0.707086
    outer loop
      vertex 87.6013 4.43489 29.8349
      vertex 84.8987 4.43489 29.8349
      vertex 87.7479 4.60208 30.0021
    endloop
  endfacet
  facet normal 0 0.707128 -0.707086
    outer loop
      vertex 84.7521 4.60208 30.0021
      vertex 87.7479 4.60208 30.0021
      vertex 84.8987 4.43489 29.8349
    endloop
  endfacet
  facet normal 0 0.707059 -0.707155
    outer loop
      vertex 87.7479 4.60208 30.0021
      vertex 84.7521 4.60208 30.0021
      vertex 87.9151 4.7487 30.1487
    endloop
  endfacet
  facet normal 0 0.707059 -0.707155
    outer loop
      vertex 84.5849 4.7487 30.1487
      vertex 87.9151 4.7487 30.1487
      vertex 84.7521 4.60208 30.0021
    endloop
  endfacet
  facet normal 0 0.706992 -0.707221
    outer loop
      vertex 87.9151 4.7487 30.1487
      vertex 84.5849 4.7487 30.1487
      vertex 88.1 4.87224 30.2722
    endloop
  endfacet
  facet normal 0 0.706992 -0.707221
    outer loop
      vertex 84.4 4.87224 30.2722
      vertex 88.1 4.87224 30.2722
      vertex 84.5849 4.7487 30.1487
    endloop
  endfacet
  facet normal 0 0.707286 -0.706927
    outer loop
      vertex 88.1 4.87224 30.2722
      vertex 84.4 4.87224 30.2722
      vertex 88.2994 4.97059 30.3706
    endloop
  endfacet
  facet normal 0 0.707286 -0.706927
    outer loop
      vertex 84.2006 4.97059 30.3706
      vertex 88.2994 4.97059 30.3706
      vertex 84.4 4.87224 30.2722
    endloop
  endfacet
  facet normal 0 0.707206 -0.707008
    outer loop
      vertex 88.2994 4.97059 30.3706
      vertex 84.2006 4.97059 30.3706
      vertex 88.51 5.04207 30.4421
    endloop
  endfacet
  facet normal 0 0.707206 -0.707008
    outer loop
      vertex 83.99 5.04207 30.4421
      vertex 88.51 5.04207 30.4421
      vertex 84.2006 4.97059 30.3706
    endloop
  endfacet
  facet normal 0 0.707188 -0.707025
    outer loop
      vertex 88.51 5.04207 30.4421
      vertex 83.99 5.04207 30.4421
      vertex 88.7281 5.08546 30.4855
    endloop
  endfacet
  facet normal 0 0.707188 -0.707025
    outer loop
      vertex 83.7719 5.08546 30.4855
      vertex 88.7281 5.08546 30.4855
      vertex 83.99 5.04207 30.4421
    endloop
  endfacet
  facet normal 0 0.706132 -0.70808
    outer loop
      vertex 88.7281 5.08546 30.4855
      vertex 83.7719 5.08546 30.4855
      vertex 88.95 5.1 30.5
    endloop
  endfacet
  facet normal 0 0.706132 -0.70808
    outer loop
      vertex 83.55 5.1 30.5
      vertex 88.95 5.1 30.5
      vertex 83.7719 5.08546 30.4855
    endloop
  endfacet
  facet normal 0 0.707107 -0.707107
    outer loop
      vertex 88.95 5.1 30.5
      vertex 83.55 5.1 30.5
      vertex 140.5 6.6 32
    endloop
  endfacet
  facet normal 0 0.707107 -0.707107
    outer loop
      vertex 80.95 5.1 30.5
      vertex 140.5 6.6 32
      vertex 83.55 5.1 30.5
    endloop
  endfacet
  facet normal 0 0.707123 -0.707091
    outer loop
      vertex 77.25 3.4 28.8
      vertex 79.2645 3.62189 29.0219
      vertex 79.25 3.4 28.8
    endloop
  endfacet
  facet normal 0 0.707123 -0.707091
    outer loop
      vertex 77.2355 3.62189 29.0219
      vertex 79.2645 3.62189 29.0219
      vertex 77.25 3.4 28.8
    endloop
  endfacet
  facet normal 0 0.707107 -0.707107
    outer loop
      vertex 79.2645 3.62189 29.0219
      vertex 77.2355 3.62189 29.0219
      vertex 79.3079 3.83999 29.24
    endloop
  endfacet
  facet normal 0 0.707107 -0.707107
    outer loop
      vertex 77.1921 3.83999 29.24
      vertex 79.3079 3.83999 29.24
      vertex 77.2355 3.62189 29.0219
    endloop
  endfacet
  facet normal 0 0.707157 -0.707056
    outer loop
      vertex 79.3079 3.83999 29.24
      vertex 77.1921 3.83999 29.24
      vertex 79.3794 4.05056 29.4506
    endloop
  endfacet
  facet normal 0 0.707157 -0.707056
    outer loop
      vertex 77.1206 4.05056 29.4506
      vertex 79.3794 4.05056 29.4506
      vertex 77.1921 3.83999 29.24
    endloop
  endfacet
  facet normal 0 0.707036 -0.707178
    outer loop
      vertex 79.3794 4.05056 29.4506
      vertex 77.1206 4.05056 29.4506
      vertex 79.4778 4.25 29.65
    endloop
  endfacet
  facet normal 0 0.707036 -0.707178
    outer loop
      vertex 77.0222 4.25 29.65
      vertex 79.4778 4.25 29.65
      vertex 77.1206 4.05056 29.4506
    endloop
  endfacet
  facet normal 0 0.707126 -0.707088
    outer loop
      vertex 79.4778 4.25 29.65
      vertex 77.0222 4.25 29.65
      vertex 79.6013 4.43489 29.8349
    endloop
  endfacet
  facet normal 0 0.707126 -0.707088
    outer loop
      vertex 76.8987 4.43489 29.8349
      vertex 79.6013 4.43489 29.8349
      vertex 77.0222 4.25 29.65
    endloop
  endfacet
  facet normal 0 0.707128 -0.707086
    outer loop
      vertex 79.6013 4.43489 29.8349
      vertex 76.8987 4.43489 29.8349
      vertex 79.7479 4.60208 30.0021
    endloop
  endfacet
  facet normal 0 0.707128 -0.707086
    outer loop
      vertex 76.7521 4.60208 30.0021
      vertex 79.7479 4.60208 30.0021
      vertex 76.8987 4.43489 29.8349
    endloop
  endfacet
  facet normal 0 0.707059 -0.707155
    outer loop
      vertex 79.7479 4.60208 30.0021
      vertex 76.7521 4.60208 30.0021
      vertex 79.9151 4.7487 30.1487
    endloop
  endfacet
  facet normal 0 0.707059 -0.707155
    outer loop
      vertex 76.5849 4.7487 30.1487
      vertex 79.9151 4.7487 30.1487
      vertex 76.7521 4.60208 30.0021
    endloop
  endfacet
  facet normal 0 0.706992 -0.707221
    outer loop
      vertex 79.9151 4.7487 30.1487
      vertex 76.5849 4.7487 30.1487
      vertex 80.1 4.87224 30.2722
    endloop
  endfacet
  facet normal 0 0.706992 -0.707221
    outer loop
      vertex 76.4 4.87224 30.2722
      vertex 80.1 4.87224 30.2722
      vertex 76.5849 4.7487 30.1487
    endloop
  endfacet
  facet normal 0 0.707286 -0.706927
    outer loop
      vertex 80.1 4.87224 30.2722
      vertex 76.4 4.87224 30.2722
      vertex 80.2994 4.97059 30.3706
    endloop
  endfacet
  facet normal 0 0.707286 -0.706927
    outer loop
      vertex 76.2006 4.97059 30.3706
      vertex 80.2994 4.97059 30.3706
      vertex 76.4 4.87224 30.2722
    endloop
  endfacet
  facet normal 0 0.707206 -0.707008
    outer loop
      vertex 80.2994 4.97059 30.3706
      vertex 76.2006 4.97059 30.3706
      vertex 80.51 5.04207 30.4421
    endloop
  endfacet
  facet normal 0 0.707206 -0.707008
    outer loop
      vertex 75.99 5.04207 30.4421
      vertex 80.51 5.04207 30.4421
      vertex 76.2006 4.97059 30.3706
    endloop
  endfacet
  facet normal 0 0.707188 -0.707025
    outer loop
      vertex 80.51 5.04207 30.4421
      vertex 75.99 5.04207 30.4421
      vertex 80.7281 5.08546 30.4855
    endloop
  endfacet
  facet normal 0 0.707188 -0.707025
    outer loop
      vertex 75.7719 5.08546 30.4855
      vertex 80.7281 5.08546 30.4855
      vertex 75.99 5.04207 30.4421
    endloop
  endfacet
  facet normal 0 0.706132 -0.70808
    outer loop
      vertex 80.7281 5.08546 30.4855
      vertex 75.7719 5.08546 30.4855
      vertex 80.95 5.1 30.5
    endloop
  endfacet
  facet normal 0 0.706132 -0.70808
    outer loop
      vertex 75.55 5.1 30.5
      vertex 80.95 5.1 30.5
      vertex 75.7719 5.08546 30.4855
    endloop
  endfacet
  facet normal 0 0.707107 -0.707107
    outer loop
      vertex 80.95 5.1 30.5
      vertex 75.55 5.1 30.5
      vertex 140.5 6.6 32
    endloop
  endfacet
  facet normal 0 0.707107 -0.707107
    outer loop
      vertex 72.95 5.1 30.5
      vertex 140.5 6.6 32
      vertex 75.55 5.1 30.5
    endloop
  endfacet
  facet normal 0 0.707123 -0.707091
    outer loop
      vertex 69.25 3.4 28.8
      vertex 71.2645 3.62189 29.0219
      vertex 71.25 3.4 28.8
    endloop
  endfacet
  facet normal 0 0.707123 -0.707091
    outer loop
      vertex 69.2355 3.62189 29.0219
      vertex 71.2645 3.62189 29.0219
      vertex 69.25 3.4 28.8
    endloop
  endfacet
  facet normal 0 0.707107 -0.707107
    outer loop
      vertex 71.2645 3.62189 29.0219
      vertex 69.2355 3.62189 29.0219
      vertex 71.3079 3.83999 29.24
    endloop
  endfacet
  facet normal 0 0.707107 -0.707107
    outer loop
      vertex 69.1921 3.83999 29.24
      vertex 71.3079 3.83999 29.24
      vertex 69.2355 3.62189 29.0219
    endloop
  endfacet
  facet normal 0 0.707157 -0.707056
    outer loop
      vertex 71.3079 3.83999 29.24
      vertex 69.1921 3.83999 29.24
      vertex 71.3794 4.05056 29.4506
    endloop
  endfacet
  facet normal 0 0.707157 -0.707056
    outer loop
      vertex 69.1206 4.05056 29.4506
      vertex 71.3794 4.05056 29.4506
      vertex 69.1921 3.83999 29.24
    endloop
  endfacet
  facet normal 0 0.707036 -0.707178
    outer loop
      vertex 71.3794 4.05056 29.4506
      vertex 69.1206 4.05056 29.4506
      vertex 71.4778 4.25 29.65
    endloop
  endfacet
  facet normal 0 0.707036 -0.707178
    outer loop
      vertex 69.0222 4.25 29.65
      vertex 71.4778 4.25 29.65
      vertex 69.1206 4.05056 29.4506
    endloop
  endfacet
  facet normal 0 0.707126 -0.707088
    outer loop
      vertex 71.4778 4.25 29.65
      vertex 69.0222 4.25 29.65
      vertex 71.6013 4.43489 29.8349
    endloop
  endfacet
  facet normal 0 0.707126 -0.707088
    outer loop
      vertex 68.8987 4.43489 29.8349
      vertex 71.6013 4.43489 29.8349
      vertex 69.0222 4.25 29.65
    endloop
  endfacet
  facet normal 0 0.707128 -0.707086
    outer loop
      vertex 71.6013 4.43489 29.8349
      vertex 68.8987 4.43489 29.8349
      vertex 71.7479 4.60208 30.0021
    endloop
  endfacet
  facet normal 0 0.707128 -0.707086
    outer loop
      vertex 68.7521 4.60208 30.0021
      vertex 71.7479 4.60208 30.0021
      vertex 68.8987 4.43489 29.8349
    endloop
  endfacet
  facet normal 0 0.707059 -0.707155
    outer loop
      vertex 71.7479 4.60208 30.0021
      vertex 68.7521 4.60208 30.0021
      vertex 71.9151 4.7487 30.1487
    endloop
  endfacet
  facet normal 0 0.707059 -0.707155
    outer loop
      vertex 68.5849 4.7487 30.1487
      vertex 71.9151 4.7487 30.1487
      vertex 68.7521 4.60208 30.0021
    endloop
  endfacet
  facet normal 0 0.706992 -0.707221
    outer loop
      vertex 71.9151 4.7487 30.1487
      vertex 68.5849 4.7487 30.1487
      vertex 72.1 4.87224 30.2722
    endloop
  endfacet
  facet normal 0 0.706992 -0.707221
    outer loop
      vertex 68.4 4.87224 30.2722
      vertex 72.1 4.87224 30.2722
      vertex 68.5849 4.7487 30.1487
    endloop
  endfacet
  facet normal 0 0.707286 -0.706927
    outer loop
      vertex 72.1 4.87224 30.2722
      vertex 68.4 4.87224 30.2722
      vertex 72.2994 4.97059 30.3706
    endloop
  endfacet
  facet normal 0 0.707286 -0.706927
    outer loop
      vertex 68.2006 4.97059 30.3706
      vertex 72.2994 4.97059 30.3706
      vertex 68.4 4.87224 30.2722
    endloop
  endfacet
  facet normal 0 0.707206 -0.707008
    outer loop
      vertex 72.2994 4.97059 30.3706
      vertex 68.2006 4.97059 30.3706
      vertex 72.51 5.04207 30.4421
    endloop
  endfacet
  facet normal 0 0.707206 -0.707008
    outer loop
      vertex 67.99 5.04207 30.4421
      vertex 72.51 5.04207 30.4421
      vertex 68.2006 4.97059 30.3706
    endloop
  endfacet
  facet normal 0 0.707188 -0.707025
    outer loop
      vertex 72.51 5.04207 30.4421
      vertex 67.99 5.04207 30.4421
      vertex 72.7281 5.08546 30.4855
    endloop
  endfacet
  facet normal 0 0.707188 -0.707025
    outer loop
      vertex 67.7719 5.08546 30.4855
      vertex 72.7281 5.08546 30.4855
      vertex 67.99 5.04207 30.4421
    endloop
  endfacet
  facet normal 0 0.706132 -0.70808
    outer loop
      vertex 72.7281 5.08546 30.4855
      vertex 67.7719 5.08546 30.4855
      vertex 72.95 5.1 30.5
    endloop
  endfacet
  facet normal 0 0.706132 -0.70808
    outer loop
      vertex 67.55 5.1 30.5
      vertex 72.95 5.1 30.5
      vertex 67.7719 5.08546 30.4855
    endloop
  endfacet
  facet normal 0 0.707107 -0.707107
    outer loop
      vertex 24 6.6 32
      vertex 72.95 5.1 30.5
      vertex 67.55 5.1 30.5
    endloop
  endfacet
  facet normal 0 0.707107 -0.707107
    outer loop
      vertex 24 6.6 32
      vertex 67.55 5.1 30.5
      vertex 64.95 5.1 30.5
    endloop
  endfacet
  facet normal 0 0.707123 -0.707091
    outer loop
      vertex 61.25 3.4 28.8
      vertex 63.2645 3.62189 29.0219
      vertex 63.25 3.4 28.8
    endloop
  endfacet
  facet normal 0 0.707123 -0.707091
    outer loop
      vertex 61.2355 3.62189 29.0219
      vertex 63.2645 3.62189 29.0219
      vertex 61.25 3.4 28.8
    endloop
  endfacet
  facet normal 0 0.707107 -0.707107
    outer loop
      vertex 63.2645 3.62189 29.0219
      vertex 61.2355 3.62189 29.0219
      vertex 63.3079 3.83999 29.24
    endloop
  endfacet
  facet normal 0 0.707107 -0.707107
    outer loop
      vertex 61.1921 3.83999 29.24
      vertex 63.3079 3.83999 29.24
      vertex 61.2355 3.62189 29.0219
    endloop
  endfacet
  facet normal 0 0.707157 -0.707056
    outer loop
      vertex 63.3079 3.83999 29.24
      vertex 61.1921 3.83999 29.24
      vertex 63.3794 4.05056 29.4506
    endloop
  endfacet
  facet normal 0 0.707157 -0.707056
    outer loop
      vertex 61.1206 4.05056 29.4506
      vertex 63.3794 4.05056 29.4506
      vertex 61.1921 3.83999 29.24
    endloop
  endfacet
  facet normal 0 0.707036 -0.707178
    outer loop
      vertex 63.3794 4.05056 29.4506
      vertex 61.1206 4.05056 29.4506
      vertex 63.4778 4.25 29.65
    endloop
  endfacet
  facet normal 0 0.707036 -0.707178
    outer loop
      vertex 61.0222 4.25 29.65
      vertex 63.4778 4.25 29.65
      vertex 61.1206 4.05056 29.4506
    endloop
  endfacet
  facet normal 0 0.707126 -0.707088
    outer loop
      vertex 63.4778 4.25 29.65
      vertex 61.0222 4.25 29.65
      vertex 63.6013 4.43489 29.8349
    endloop
  endfacet
  facet normal 0 0.707126 -0.707088
    outer loop
      vertex 60.8987 4.43489 29.8349
      vertex 63.6013 4.43489 29.8349
      vertex 61.0222 4.25 29.65
    endloop
  endfacet
  facet normal 0 0.707128 -0.707086
    outer loop
      vertex 63.6013 4.43489 29.8349
      vertex 60.8987 4.43489 29.8349
      vertex 63.7479 4.60208 30.0021
    endloop
  endfacet
  facet normal 0 0.707128 -0.707086
    outer loop
      vertex 60.7521 4.60208 30.0021
      vertex 63.7479 4.60208 30.0021
      vertex 60.8987 4.43489 29.8349
    endloop
  endfacet
  facet normal 0 0.707059 -0.707155
    outer loop
      vertex 63.7479 4.60208 30.0021
      vertex 60.7521 4.60208 30.0021
      vertex 63.9151 4.7487 30.1487
    endloop
  endfacet
  facet normal 0 0.707059 -0.707155
    outer loop
      vertex 60.5849 4.7487 30.1487
      vertex 63.9151 4.7487 30.1487
      vertex 60.7521 4.60208 30.0021
    endloop
  endfacet
  facet normal 0 0.706992 -0.707221
    outer loop
      vertex 63.9151 4.7487 30.1487
      vertex 60.5849 4.7487 30.1487
      vertex 64.1 4.87224 30.2722
    endloop
  endfacet
  facet normal 0 0.706992 -0.707221
    outer loop
      vertex 60.4 4.87224 30.2722
      vertex 64.1 4.87224 30.2722
      vertex 60.5849 4.7487 30.1487
    endloop
  endfacet
  facet normal 0 0.707286 -0.706927
    outer loop
      vertex 64.1 4.87224 30.2722
      vertex 60.4 4.87224 30.2722
      vertex 64.2994 4.97059 30.3706
    endloop
  endfacet
  facet normal 0 0.707286 -0.706927
    outer loop
      vertex 60.2006 4.97059 30.3706
      vertex 64.2994 4.97059 30.3706
      vertex 60.4 4.87224 30.2722
    endloop
  endfacet
  facet normal 0 0.707206 -0.707008
    outer loop
      vertex 64.2994 4.97059 30.3706
      vertex 60.2006 4.97059 30.3706
      vertex 64.51 5.04207 30.4421
    endloop
  endfacet
  facet normal 0 0.707206 -0.707008
    outer loop
      vertex 59.99 5.04207 30.4421
      vertex 64.51 5.04207 30.4421
      vertex 60.2006 4.97059 30.3706
    endloop
  endfacet
  facet normal 0 0.707188 -0.707025
    outer loop
      vertex 64.51 5.04207 30.4421
      vertex 59.99 5.04207 30.4421
      vertex 64.7281 5.08546 30.4855
    endloop
  endfacet
  facet normal 0 0.707188 -0.707025
    outer loop
      vertex 59.7719 5.08546 30.4855
      vertex 64.7281 5.08546 30.4855
      vertex 59.99 5.04207 30.4421
    endloop
  endfacet
  facet normal 0 0.706132 -0.70808
    outer loop
      vertex 64.7281 5.08546 30.4855
      vertex 59.7719 5.08546 30.4855
      vertex 64.95 5.1 30.5
    endloop
  endfacet
  facet normal 0 0.706132 -0.70808
    outer loop
      vertex 59.55 5.1 30.5
      vertex 64.95 5.1 30.5
      vertex 59.7719 5.08546 30.4855
    endloop
  endfacet
  facet normal 0 0.707107 -0.707107
    outer loop
      vertex 24 6.6 32
      vertex 64.95 5.1 30.5
      vertex 59.55 5.1 30.5
    endloop
  endfacet
  facet normal 0 0.707107 -0.707107
    outer loop
      vertex 24 6.6 32
      vertex 59.55 5.1 30.5
      vertex 56.95 5.1 30.5
    endloop
  endfacet
  facet normal 0 0.707123 -0.707091
    outer loop
      vertex 53.25 3.4 28.8
      vertex 55.2645 3.62189 29.0219
      vertex 55.25 3.4 28.8
    endloop
  endfacet
  facet normal 0 0.707123 -0.707091
    outer loop
      vertex 53.2355 3.62189 29.0219
      vertex 55.2645 3.62189 29.0219
      vertex 53.25 3.4 28.8
    endloop
  endfacet
  facet normal 0 0.707107 -0.707107
    outer loop
      vertex 55.2645 3.62189 29.0219
      vertex 53.2355 3.62189 29.0219
      vertex 55.3079 3.83999 29.24
    endloop
  endfacet
  facet normal 0 0.707107 -0.707107
    outer loop
      vertex 53.1921 3.83999 29.24
      vertex 55.3079 3.83999 29.24
      vertex 53.2355 3.62189 29.0219
    endloop
  endfacet
  facet normal 0 0.707157 -0.707056
    outer loop
      vertex 55.3079 3.83999 29.24
      vertex 53.1921 3.83999 29.24
      vertex 55.3794 4.05056 29.4506
    endloop
  endfacet
  facet normal 0 0.707157 -0.707056
    outer loop
      vertex 53.1206 4.05056 29.4506
      vertex 55.3794 4.05056 29.4506
      vertex 53.1921 3.83999 29.24
    endloop
  endfacet
  facet normal 0 0.707036 -0.707178
    outer loop
      vertex 55.3794 4.05056 29.4506
      vertex 53.1206 4.05056 29.4506
      vertex 55.4778 4.25 29.65
    endloop
  endfacet
  facet normal 0 0.707036 -0.707178
    outer loop
      vertex 53.0222 4.25 29.65
      vertex 55.4778 4.25 29.65
      vertex 53.1206 4.05056 29.4506
    endloop
  endfacet
  facet normal 0 0.707126 -0.707088
    outer loop
      vertex 55.4778 4.25 29.65
      vertex 53.0222 4.25 29.65
      vertex 55.6013 4.43489 29.8349
    endloop
  endfacet
  facet normal 0 0.707126 -0.707088
    outer loop
      vertex 52.8987 4.43489 29.8349
      vertex 55.6013 4.43489 29.8349
      vertex 53.0222 4.25 29.65
    endloop
  endfacet
  facet normal 0 0.707128 -0.707086
    outer loop
      vertex 55.6013 4.43489 29.8349
      vertex 52.8987 4.43489 29.8349
      vertex 55.7479 4.60208 30.0021
    endloop
  endfacet
  facet normal 0 0.707128 -0.707086
    outer loop
      vertex 52.7521 4.60208 30.0021
      vertex 55.7479 4.60208 30.0021
      vertex 52.8987 4.43489 29.8349
    endloop
  endfacet
  facet normal 0 0.707059 -0.707155
    outer loop
      vertex 55.7479 4.60208 30.0021
      vertex 52.7521 4.60208 30.0021
      vertex 55.9151 4.7487 30.1487
    endloop
  endfacet
  facet normal 0 0.707059 -0.707155
    outer loop
      vertex 52.5849 4.7487 30.1487
      vertex 55.9151 4.7487 30.1487
      vertex 52.7521 4.60208 30.0021
    endloop
  endfacet
  facet normal 0 0.706992 -0.707221
    outer loop
      vertex 55.9151 4.7487 30.1487
      vertex 52.5849 4.7487 30.1487
      vertex 56.1 4.87224 30.2722
    endloop
  endfacet
  facet normal 0 0.706992 -0.707221
    outer loop
      vertex 52.4 4.87224 30.2722
      vertex 56.1 4.87224 30.2722
      vertex 52.5849 4.7487 30.1487
    endloop
  endfacet
  facet normal 0 0.707286 -0.706927
    outer loop
      vertex 56.1 4.87224 30.2722
      vertex 52.4 4.87224 30.2722
      vertex 56.2994 4.97059 30.3706
    endloop
  endfacet
  facet normal 0 0.707286 -0.706927
    outer loop
      vertex 52.2006 4.97059 30.3706
      vertex 56.2994 4.97059 30.3706
      vertex 52.4 4.87224 30.2722
    endloop
  endfacet
  facet normal 0 0.707206 -0.707008
    outer loop
      vertex 56.2994 4.97059 30.3706
      vertex 52.2006 4.97059 30.3706
      vertex 56.51 5.04207 30.4421
    endloop
  endfacet
  facet normal 0 0.707206 -0.707008
    outer loop
      vertex 51.99 5.04207 30.4421
      vertex 56.51 5.04207 30.4421
      vertex 52.2006 4.97059 30.3706
    endloop
  endfacet
  facet normal 0 0.707188 -0.707025
    outer loop
      vertex 56.51 5.04207 30.4421
      vertex 51.99 5.04207 30.4421
      vertex 56.7281 5.08546 30.4855
    endloop
  endfacet
  facet normal 0 0.707188 -0.707025
    outer loop
      vertex 51.7719 5.08546 30.4855
      vertex 56.7281 5.08546 30.4855
      vertex 51.99 5.04207 30.4421
    endloop
  endfacet
  facet normal 0 0.706132 -0.70808
    outer loop
      vertex 56.7281 5.08546 30.4855
      vertex 51.7719 5.08546 30.4855
      vertex 56.95 5.1 30.5
    endloop
  endfacet
  facet normal 0 0.706132 -0.70808
    outer loop
      vertex 51.55 5.1 30.5
      vertex 56.95 5.1 30.5
      vertex 51.7719 5.08546 30.4855
    endloop
  endfacet
  facet normal 0 0.707107 -0.707107
    outer loop
      vertex 24 6.6 32
      vertex 56.95 5.1 30.5
      vertex 51.55 5.1 30.5
    endloop
  endfacet
  facet normal 0 0.707107 -0.707107
    outer loop
      vertex 24 6.6 32
      vertex 51.55 5.1 30.5
      vertex 48.95 5.1 30.5
    endloop
  endfacet
  facet normal 0 0.707123 -0.707091
    outer loop
      vertex 45.25 3.4 28.8
      vertex 47.2645 3.62189 29.0219
      vertex 47.25 3.4 28.8
    endloop
  endfacet
  facet normal 0 0.707123 -0.707091
    outer loop
      vertex 45.2355 3.62189 29.0219
      vertex 47.2645 3.62189 29.0219
      vertex 45.25 3.4 28.8
    endloop
  endfacet
  facet normal 0 0.707107 -0.707107
    outer loop
      vertex 47.2645 3.62189 29.0219
      vertex 45.2355 3.62189 29.0219
      vertex 47.3079 3.83999 29.24
    endloop
  endfacet
  facet normal 0 0.707107 -0.707107
    outer loop
      vertex 45.1921 3.83999 29.24
      vertex 47.3079 3.83999 29.24
      vertex 45.2355 3.62189 29.0219
    endloop
  endfacet
  facet normal 0 0.707157 -0.707056
    outer loop
      vertex 47.3079 3.83999 29.24
      vertex 45.1921 3.83999 29.24
      vertex 47.3794 4.05056 29.4506
    endloop
  endfacet
  facet normal 0 0.707157 -0.707056
    outer loop
      vertex 45.1206 4.05056 29.4506
      vertex 47.3794 4.05056 29.4506
      vertex 45.1921 3.83999 29.24
    endloop
  endfacet
  facet normal 0 0.707036 -0.707178
    outer loop
      vertex 47.3794 4.05056 29.4506
      vertex 45.1206 4.05056 29.4506
      vertex 47.4778 4.25 29.65
    endloop
  endfacet
  facet normal 0 0.707036 -0.707178
    outer loop
      vertex 45.0222 4.25 29.65
      vertex 47.4778 4.25 29.65
      vertex 45.1206 4.05056 29.4506
    endloop
  endfacet
  facet normal 0 0.707126 -0.707088
    outer loop
      vertex 47.4778 4.25 29.65
      vertex 45.0222 4.25 29.65
      vertex 47.6013 4.43489 29.8349
    endloop
  endfacet
  facet normal 0 0.707126 -0.707088
    outer loop
      vertex 44.8987 4.43489 29.8349
      vertex 47.6013 4.43489 29.8349
      vertex 45.0222 4.25 29.65
    endloop
  endfacet
  facet normal 0 0.707128 -0.707086
    outer loop
      vertex 47.6013 4.43489 29.8349
      vertex 44.8987 4.43489 29.8349
      vertex 47.7479 4.60208 30.0021
    endloop
  endfacet
  facet normal 0 0.707128 -0.707086
    outer loop
      vertex 44.7521 4.60208 30.0021
      vertex 47.7479 4.60208 30.0021
      vertex 44.8987 4.43489 29.8349
    endloop
  endfacet
  facet normal 0 0.707059 -0.707155
    outer loop
      vertex 47.7479 4.60208 30.0021
      vertex 44.7521 4.60208 30.0021
      vertex 47.9151 4.7487 30.1487
    endloop
  endfacet
  facet normal 0 0.707059 -0.707155
    outer loop
      vertex 44.5849 4.7487 30.1487
      vertex 47.9151 4.7487 30.1487
      vertex 44.7521 4.60208 30.0021
    endloop
  endfacet
  facet normal 0 0.706992 -0.707221
    outer loop
      vertex 47.9151 4.7487 30.1487
      vertex 44.5849 4.7487 30.1487
      vertex 48.1 4.87224 30.2722
    endloop
  endfacet
  facet normal 0 0.706992 -0.707221
    outer loop
      vertex 44.4 4.87224 30.2722
      vertex 48.1 4.87224 30.2722
      vertex 44.5849 4.7487 30.1487
    endloop
  endfacet
  facet normal 0 0.707286 -0.706927
    outer loop
      vertex 48.1 4.87224 30.2722
      vertex 44.4 4.87224 30.2722
      vertex 48.2994 4.97059 30.3706
    endloop
  endfacet
  facet normal 0 0.707286 -0.706927
    outer loop
      vertex 44.2006 4.97059 30.3706
      vertex 48.2994 4.97059 30.3706
      vertex 44.4 4.87224 30.2722
    endloop
  endfacet
  facet normal 0 0.707206 -0.707008
    outer loop
      vertex 48.2994 4.97059 30.3706
      vertex 44.2006 4.97059 30.3706
      vertex 48.51 5.04207 30.4421
    endloop
  endfacet
  facet normal 0 0.707206 -0.707008
    outer loop
      vertex 43.99 5.04207 30.4421
      vertex 48.51 5.04207 30.4421
      vertex 44.2006 4.97059 30.3706
    endloop
  endfacet
  facet normal 0 0.707188 -0.707025
    outer loop
      vertex 48.51 5.04207 30.4421
      vertex 43.99 5.04207 30.4421
      vertex 48.7281 5.08546 30.4855
    endloop
  endfacet
  facet normal 0 0.707188 -0.707025
    outer loop
      vertex 43.7719 5.08546 30.4855
      vertex 48.7281 5.08546 30.4855
      vertex 43.99 5.04207 30.4421
    endloop
  endfacet
  facet normal 0 0.706132 -0.70808
    outer loop
      vertex 48.7281 5.08546 30.4855
      vertex 43.7719 5.08546 30.4855
      vertex 48.95 5.1 30.5
    endloop
  endfacet
  facet normal 0 0.706132 -0.70808
    outer loop
      vertex 43.55 5.1 30.5
      vertex 48.95 5.1 30.5
      vertex 43.7719 5.08546 30.4855
    endloop
  endfacet
  facet normal 0 0.707107 -0.707107
    outer loop
      vertex 24 6.6 32
      vertex 48.95 5.1 30.5
      vertex 43.55 5.1 30.5
    endloop
  endfacet
  facet normal 0 0.707107 -0.707107
    outer loop
      vertex 24 6.6 32
      vertex 43.55 5.1 30.5
      vertex 40.95 5.1 30.5
    endloop
  endfacet
  facet normal 0 0.707123 -0.707091
    outer loop
      vertex 37.25 3.4 28.8
      vertex 39.2645 3.62189 29.0219
      vertex 39.25 3.4 28.8
    endloop
  endfacet
  facet normal 0 0.707123 -0.707091
    outer loop
      vertex 37.2355 3.62189 29.0219
      vertex 39.2645 3.62189 29.0219
      vertex 37.25 3.4 28.8
    endloop
  endfacet
  facet normal 0 0.707107 -0.707107
    outer loop
      vertex 39.2645 3.62189 29.0219
      vertex 37.2355 3.62189 29.0219
      vertex 39.3079 3.83999 29.24
    endloop
  endfacet
  facet normal 0 0.707107 -0.707107
    outer loop
      vertex 37.1921 3.83999 29.24
      vertex 39.3079 3.83999 29.24
      vertex 37.2355 3.62189 29.0219
    endloop
  endfacet
  facet normal 0 0.707157 -0.707056
    outer loop
      vertex 39.3079 3.83999 29.24
      vertex 37.1921 3.83999 29.24
      vertex 39.3794 4.05056 29.4506
    endloop
  endfacet
  facet normal 0 0.707157 -0.707056
    outer loop
      vertex 37.1206 4.05056 29.4506
      vertex 39.3794 4.05056 29.4506
      vertex 37.1921 3.83999 29.24
    endloop
  endfacet
  facet normal 0 0.707036 -0.707178
    outer loop
      vertex 39.3794 4.05056 29.4506
      vertex 37.1206 4.05056 29.4506
      vertex 39.4778 4.25 29.65
    endloop
  endfacet
  facet normal 0 0.707036 -0.707178
    outer loop
      vertex 37.0222 4.25 29.65
      vertex 39.4778 4.25 29.65
      vertex 37.1206 4.05056 29.4506
    endloop
  endfacet
  facet normal 0 0.707126 -0.707088
    outer loop
      vertex 39.4778 4.25 29.65
      vertex 37.0222 4.25 29.65
      vertex 39.6013 4.43489 29.8349
    endloop
  endfacet
  facet normal 0 0.707126 -0.707088
    outer loop
      vertex 36.8987 4.43489 29.8349
      vertex 39.6013 4.43489 29.8349
      vertex 37.0222 4.25 29.65
    endloop
  endfacet
  facet normal 0 0.707128 -0.707086
    outer loop
      vertex 39.6013 4.43489 29.8349
      vertex 36.8987 4.43489 29.8349
      vertex 39.7479 4.60208 30.0021
    endloop
  endfacet
  facet normal 0 0.707128 -0.707086
    outer loop
      vertex 36.7521 4.60208 30.0021
      vertex 39.7479 4.60208 30.0021
      vertex 36.8987 4.43489 29.8349
    endloop
  endfacet
  facet normal 0 0.707059 -0.707155
    outer loop
      vertex 39.7479 4.60208 30.0021
      vertex 36.7521 4.60208 30.0021
      vertex 39.9151 4.7487 30.1487
    endloop
  endfacet
  facet normal 0 0.707059 -0.707155
    outer loop
      vertex 36.5849 4.7487 30.1487
      vertex 39.9151 4.7487 30.1487
      vertex 36.7521 4.60208 30.0021
    endloop
  endfacet
  facet normal 0 0.706992 -0.707221
    outer loop
      vertex 39.9151 4.7487 30.1487
      vertex 36.5849 4.7487 30.1487
      vertex 40.1 4.87224 30.2722
    endloop
  endfacet
  facet normal 0 0.706992 -0.707221
    outer loop
      vertex 36.4 4.87224 30.2722
      vertex 40.1 4.87224 30.2722
      vertex 36.5849 4.7487 30.1487
    endloop
  endfacet
  facet normal 0 0.707286 -0.706927
    outer loop
      vertex 40.1 4.87224 30.2722
      vertex 36.4 4.87224 30.2722
      vertex 40.2994 4.97059 30.3706
    endloop
  endfacet
  facet normal 0 0.707286 -0.706927
    outer loop
      vertex 36.2006 4.97059 30.3706
      vertex 40.2994 4.97059 30.3706
      vertex 36.4 4.87224 30.2722
    endloop
  endfacet
  facet normal 0 0.707206 -0.707008
    outer loop
      vertex 40.2994 4.97059 30.3706
      vertex 36.2006 4.97059 30.3706
      vertex 40.51 5.04207 30.4421
    endloop
  endfacet
  facet normal 0 0.707206 -0.707008
    outer loop
      vertex 35.99 5.04207 30.4421
      vertex 40.51 5.04207 30.4421
      vertex 36.2006 4.97059 30.3706
    endloop
  endfacet
  facet normal 0 0.707188 -0.707025
    outer loop
      vertex 40.51 5.04207 30.4421
      vertex 35.99 5.04207 30.4421
      vertex 40.7281 5.08546 30.4855
    endloop
  endfacet
  facet normal 0 0.707188 -0.707025
    outer loop
      vertex 35.7719 5.08546 30.4855
      vertex 40.7281 5.08546 30.4855
      vertex 35.99 5.04207 30.4421
    endloop
  endfacet
  facet normal 0 0.706132 -0.70808
    outer loop
      vertex 40.7281 5.08546 30.4855
      vertex 35.7719 5.08546 30.4855
      vertex 40.95 5.1 30.5
    endloop
  endfacet
  facet normal 0 0.706132 -0.70808
    outer loop
      vertex 35.55 5.1 30.5
      vertex 40.95 5.1 30.5
      vertex 35.7719 5.08546 30.4855
    endloop
  endfacet
  facet normal 0 0.707107 -0.707107
    outer loop
      vertex 40.95 5.1 30.5
      vertex 35.55 5.1 30.5
      vertex 24 6.6 32
    endloop
  endfacet
  facet normal 0 0.707107 -0.707107
    outer loop
      vertex 24 6.6 32
      vertex 35.55 5.1 30.5
      vertex 32.95 5.1 30.5
    endloop
  endfacet
  facet normal -7.58847e-06 0.707123 -0.707091
    outer loop
      vertex 24 1.7 27.1
      vertex 31.2645 3.62189 29.0219
      vertex 31.25 3.4 28.8
    endloop
  endfacet
  facet normal 9.73373e-07 0.707107 -0.707107
    outer loop
      vertex 24 6.6 32
      vertex 31.2645 3.62189 29.0219
      vertex 24 1.7 27.1
    endloop
  endfacet
  facet normal 8.99957e-07 0.707107 -0.707107
    outer loop
      vertex 31.2645 3.62189 29.0219
      vertex 24 6.6 32
      vertex 31.3079 3.83999 29.24
    endloop
  endfacet
  facet normal 3.45784e-05 0.707151 -0.707062
    outer loop
      vertex 31.3079 3.83999 29.24
      vertex 24 6.6 32
      vertex 31.3794 4.05056 29.4506
    endloop
  endfacet
  facet normal -3.8589e-05 0.707045 -0.707168
    outer loop
      vertex 31.3794 4.05056 29.4506
      vertex 24 6.6 32
      vertex 31.4778 4.25 29.65
    endloop
  endfacet
  facet normal 9.93345e-06 0.707123 -0.707091
    outer loop
      vertex 31.4778 4.25 29.65
      vertex 24 6.6 32
      vertex 31.6013 4.43489 29.8349
    endloop
  endfacet
  facet normal 1.03833e-05 0.707123 -0.70709
    outer loop
      vertex 31.6013 4.43489 29.8349
      vertex 24 6.6 32
      vertex 31.7479 4.60208 30.0021
    endloop
  endfacet
  facet normal -1.78108e-05 0.707069 -0.707145
    outer loop
      vertex 31.7479 4.60208 30.0021
      vertex 24 6.6 32
      vertex 31.9151 4.7487 30.1487
    endloop
  endfacet
  facet normal -3.96693e-05 0.707022 -0.707192
    outer loop
      vertex 31.9151 4.7487 30.1487
      vertex 24 6.6 32
      vertex 32.1 4.87224 30.2722
    endloop
  endfacet
  facet normal 0 0.707107 -0.707107
    outer loop
      vertex 72.95 5.1 30.5
      vertex 24 6.6 32
      vertex 140.5 6.6 32
    endloop
  endfacet
  facet normal -9.16725e-05 0.706833 -0.70738
    outer loop
      vertex 32.7281 5.08546 30.4855
      vertex 24 6.6 32
      vertex 32.95 5.1 30.5
    endloop
  endfacet
  facet normal 1.68342e-05 0.707146 -0.707068
    outer loop
      vertex 32.51 5.04207 30.4421
      vertex 24 6.6 32
      vertex 32.7281 5.08546 30.4855
    endloop
  endfacet
  facet normal 2.51461e-05 0.707169 -0.707045
    outer loop
      vertex 32.2994 4.97059 30.3706
      vertex 24 6.6 32
      vertex 32.51 5.04207 30.4421
    endloop
  endfacet
  facet normal 5.10829e-05 0.707235 -0.706979
    outer loop
      vertex 32.1 4.87224 30.2722
      vertex 24 6.6 32
      vertex 32.2994 4.97059 30.3706
    endloop
  endfacet
  facet normal -0 0 1
    outer loop
      vertex 24 6.59 2.00001
      vertex 140.5 1.7 2.00001
      vertex 140.5 6.59 2.00001
    endloop
  endfacet
  facet normal 0 0 1
    outer loop
      vertex 140.5 1.7 2.00001
      vertex 24 6.59 2.00001
      vertex 24 1.7 2.00001
    endloop
  endfacet
  facet normal -0.980798 -0.195028 0
    outer loop
      vertex 38.6644 81.9053 28.31
      vertex 38.4093 83.1882 31.8
      vertex 38.4093 83.1882 28.31
    endloop
  endfacet
  facet normal -0.980798 -0.195028 0
    outer loop
      vertex 38.4093 83.1882 31.8
      vertex 38.6644 81.9053 28.31
      vertex 38.6644 81.9053 31.8
    endloop
  endfacet
  facet normal -0.997857 -0.0654382 0
    outer loop
      vertex 38.75 80.6 28.31
      vertex 38.6644 81.9053 31.8
      vertex 38.6644 81.9053 28.31
    endloop
  endfacet
  facet normal -0.997857 -0.0654382 0
    outer loop
      vertex 38.6644 81.9053 31.8
      vertex 38.75 80.6 28.31
      vertex 38.75 80.6 31.8
    endloop
  endfacet
  facet normal -0.946918 -0.321475 0
    outer loop
      vertex 38.4093 83.1882 28.31
      vertex 37.9888 84.4268 31.8
      vertex 37.9888 84.4268 28.31
    endloop
  endfacet
  facet normal -0.946918 -0.321475 0
    outer loop
      vertex 37.9888 84.4268 31.8
      vertex 38.4093 83.1882 28.31
      vertex 38.4093 83.1882 31.8
    endloop
  endfacet
  facet normal -0.75188 0.6593 0
    outer loop
      vertex 35.8211 73.5289 28.31
      vertex 36.6835 74.5124 31.8
      vertex 36.6835 74.5124 28.31
    endloop
  endfacet
  facet normal -0.75188 0.6593 0
    outer loop
      vertex 36.6835 74.5124 31.8
      vertex 35.8211 73.5289 28.31
      vertex 35.8211 73.5289 31.8
    endloop
  endfacet
  facet normal -0.555617 0.831438 0
    outer loop
      vertex 34.8376 72.6665 28.31
      vertex 33.75 71.9397 31.8
      vertex 34.8376 72.6665 31.8
    endloop
  endfacet
  facet normal -0.555617 0.831438 0
    outer loop
      vertex 33.75 71.9397 31.8
      vertex 34.8376 72.6665 28.31
      vertex 33.75 71.9397 28.31
    endloop
  endfacet
  facet normal -0.997857 0.0654382 0
    outer loop
      vertex 38.6644 79.2947 28.31
      vertex 38.75 80.6 31.8
      vertex 38.75 80.6 28.31
    endloop
  endfacet
  facet normal -0.997857 0.0654382 0
    outer loop
      vertex 38.75 80.6 31.8
      vertex 38.6644 79.2947 28.31
      vertex 38.6644 79.2947 31.8
    endloop
  endfacet
  facet normal 0.321475 0.946918 -0
    outer loop
      vertex 26.1618 70.9407 28.31
      vertex 24.9232 71.3612 31.8
      vertex 26.1618 70.9407 31.8
    endloop
  endfacet
  facet normal 0.321475 0.946918 0
    outer loop
      vertex 24.9232 71.3612 31.8
      vertex 26.1618 70.9407 28.31
      vertex 24.9232 71.3612 28.31
    endloop
  endfacet
  facet normal -0.321475 -0.946918 0
    outer loop
      vertex 31.3382 90.2593 28.31
      vertex 32.5768 89.8388 31.8
      vertex 31.3382 90.2593 31.8
    endloop
  endfacet
  facet normal -0.321475 -0.946918 -0
    outer loop
      vertex 32.5768 89.8388 31.8
      vertex 31.3382 90.2593 28.31
      vertex 32.5768 89.8388 28.31
    endloop
  endfacet
  facet normal -0.89689 -0.442253 0
    outer loop
      vertex 37.9888 84.4268 28.31
      vertex 37.4103 85.6 31.8
      vertex 37.4103 85.6 28.31
    endloop
  endfacet
  facet normal -0.89689 -0.442253 0
    outer loop
      vertex 37.4103 85.6 31.8
      vertex 37.9888 84.4268 28.31
      vertex 37.9888 84.4268 31.8
    endloop
  endfacet
  facet normal 0.831438 0.555617 0
    outer loop
      vertex 20.8165 74.5124 31.8
      vertex 20.0897 75.6 28.31
      vertex 20.0897 75.6 31.8
    endloop
  endfacet
  facet normal 0.831438 0.555617 0
    outer loop
      vertex 20.0897 75.6 28.31
      vertex 20.8165 74.5124 31.8
      vertex 20.8165 74.5124 28.31
    endloop
  endfacet
  facet normal -0.442253 0.89689 0
    outer loop
      vertex 33.75 71.9397 28.31
      vertex 32.5768 71.3612 31.8
      vertex 33.75 71.9397 31.8
    endloop
  endfacet
  facet normal -0.442253 0.89689 0
    outer loop
      vertex 32.5768 71.3612 31.8
      vertex 33.75 71.9397 28.31
      vertex 32.5768 71.3612 28.31
    endloop
  endfacet
  facet normal -0.946918 0.321475 0
    outer loop
      vertex 37.9888 76.7732 28.31
      vertex 38.4093 78.0118 31.8
      vertex 38.4093 78.0118 28.31
    endloop
  endfacet
  facet normal -0.946918 0.321475 0
    outer loop
      vertex 38.4093 78.0118 31.8
      vertex 37.9888 76.7732 28.31
      vertex 37.9888 76.7732 31.8
    endloop
  endfacet
  facet normal -0.831438 0.555617 0
    outer loop
      vertex 36.6835 74.5124 28.31
      vertex 37.4103 75.6 31.8
      vertex 37.4103 75.6 28.31
    endloop
  endfacet
  facet normal -0.831438 0.555617 0
    outer loop
      vertex 37.4103 75.6 31.8
      vertex 36.6835 74.5124 28.31
      vertex 36.6835 74.5124 31.8
    endloop
  endfacet
  facet normal 0.6593 -0.75188 0
    outer loop
      vertex 21.6789 87.6711 28.31
      vertex 22.6624 88.5335 31.8
      vertex 21.6789 87.6711 31.8
    endloop
  endfacet
  facet normal 0.6593 -0.75188 0
    outer loop
      vertex 22.6624 88.5335 31.8
      vertex 21.6789 87.6711 28.31
      vertex 22.6624 88.5335 28.31
    endloop
  endfacet
  facet normal -0.555617 -0.831438 0
    outer loop
      vertex 33.75 89.2603 28.31
      vertex 34.8376 88.5335 31.8
      vertex 33.75 89.2603 31.8
    endloop
  endfacet
  facet normal -0.555617 -0.831438 -0
    outer loop
      vertex 34.8376 88.5335 31.8
      vertex 33.75 89.2603 28.31
      vertex 34.8376 88.5335 28.31
    endloop
  endfacet
  facet normal 0.946918 -0.321475 0
    outer loop
      vertex 19.0907 83.1882 31.8
      vertex 19.5112 84.4268 28.31
      vertex 19.5112 84.4268 31.8
    endloop
  endfacet
  facet normal 0.946918 -0.321475 0
    outer loop
      vertex 19.5112 84.4268 28.31
      vertex 19.0907 83.1882 31.8
      vertex 19.0907 83.1882 28.31
    endloop
  endfacet
  facet normal -0.89689 0.442253 0
    outer loop
      vertex 37.4103 75.6 28.31
      vertex 37.9888 76.7732 31.8
      vertex 37.9888 76.7732 28.31
    endloop
  endfacet
  facet normal -0.89689 0.442253 0
    outer loop
      vertex 37.9888 76.7732 31.8
      vertex 37.4103 75.6 28.31
      vertex 37.4103 75.6 31.8
    endloop
  endfacet
  facet normal -0.321475 0.946918 0
    outer loop
      vertex 32.5768 71.3612 28.31
      vertex 31.3382 70.9407 31.8
      vertex 32.5768 71.3612 31.8
    endloop
  endfacet
  facet normal -0.321475 0.946918 0
    outer loop
      vertex 31.3382 70.9407 31.8
      vertex 32.5768 71.3612 28.31
      vertex 31.3382 70.9407 28.31
    endloop
  endfacet
  facet normal 0.946918 0.321475 0
    outer loop
      vertex 19.5112 76.7732 31.8
      vertex 19.0907 78.0118 28.31
      vertex 19.0907 78.0118 31.8
    endloop
  endfacet
  facet normal 0.946918 0.321475 0
    outer loop
      vertex 19.0907 78.0118 28.31
      vertex 19.5112 76.7732 31.8
      vertex 19.5112 76.7732 28.31
    endloop
  endfacet
  facet normal -0.75188 -0.6593 0
    outer loop
      vertex 36.6835 86.6876 28.31
      vertex 35.8211 87.6711 31.8
      vertex 35.8211 87.6711 28.31
    endloop
  endfacet
  facet normal -0.75188 -0.6593 0
    outer loop
      vertex 35.8211 87.6711 31.8
      vertex 36.6835 86.6876 28.31
      vertex 36.6835 86.6876 31.8
    endloop
  endfacet
  facet normal 0 0 1
    outer loop
      vertex 38.6644 81.9053 28.31
      vertex 38.6644 79.2947 28.31
      vertex 38.75 80.6 28.31
    endloop
  endfacet
  facet normal 0 0 1
    outer loop
      vertex 38.4093 83.1882 28.31
      vertex 38.6644 79.2947 28.31
      vertex 38.6644 81.9053 28.31
    endloop
  endfacet
  facet normal 0 0 1
    outer loop
      vertex 38.4093 83.1882 28.31
      vertex 38.4093 78.0118 28.31
      vertex 38.6644 79.2947 28.31
    endloop
  endfacet
  facet normal 0 0 1
    outer loop
      vertex 37.9888 84.4268 28.31
      vertex 38.4093 78.0118 28.31
      vertex 38.4093 83.1882 28.31
    endloop
  endfacet
  facet normal 0 0 1
    outer loop
      vertex 37.9888 84.4268 28.31
      vertex 37.9888 76.7732 28.31
      vertex 38.4093 78.0118 28.31
    endloop
  endfacet
  facet normal 0 0 1
    outer loop
      vertex 37.4103 85.6 28.31
      vertex 37.9888 76.7732 28.31
      vertex 37.9888 84.4268 28.31
    endloop
  endfacet
  facet normal 0 0 1
    outer loop
      vertex 37.4103 85.6 28.31
      vertex 37.4103 75.6 28.31
      vertex 37.9888 76.7732 28.31
    endloop
  endfacet
  facet normal 0 0 1
    outer loop
      vertex 36.6835 86.6876 28.31
      vertex 37.4103 75.6 28.31
      vertex 37.4103 85.6 28.31
    endloop
  endfacet
  facet normal 0 0 1
    outer loop
      vertex 36.6835 86.6876 28.31
      vertex 36.6835 74.5124 28.31
      vertex 37.4103 75.6 28.31
    endloop
  endfacet
  facet normal 0 0 1
    outer loop
      vertex 35.8211 87.6711 28.31
      vertex 36.6835 74.5124 28.31
      vertex 36.6835 86.6876 28.31
    endloop
  endfacet
  facet normal 0 0 1
    outer loop
      vertex 35.8211 87.6711 28.31
      vertex 35.8211 73.5289 28.31
      vertex 36.6835 74.5124 28.31
    endloop
  endfacet
  facet normal 0 0 1
    outer loop
      vertex 34.8376 88.5335 28.31
      vertex 35.8211 73.5289 28.31
      vertex 35.8211 87.6711 28.31
    endloop
  endfacet
  facet normal 0 0 1
    outer loop
      vertex 34.8376 88.5335 28.31
      vertex 34.8376 72.6665 28.31
      vertex 35.8211 73.5289 28.31
    endloop
  endfacet
  facet normal 0 0 1
    outer loop
      vertex 33.75 89.2603 28.31
      vertex 34.8376 72.6665 28.31
      vertex 34.8376 88.5335 28.31
    endloop
  endfacet
  facet normal 0 0 1
    outer loop
      vertex 33.75 89.2603 28.31
      vertex 33.75 71.9397 28.31
      vertex 34.8376 72.6665 28.31
    endloop
  endfacet
  facet normal 0 0 1
    outer loop
      vertex 32.5768 89.8388 28.31
      vertex 33.75 71.9397 28.31
      vertex 33.75 89.2603 28.31
    endloop
  endfacet
  facet normal 0 0 1
    outer loop
      vertex 32.5768 89.8388 28.31
      vertex 32.5768 71.3612 28.31
      vertex 33.75 71.9397 28.31
    endloop
  endfacet
  facet normal 0 0 1
    outer loop
      vertex 31.3382 90.2593 28.31
      vertex 32.5768 71.3612 28.31
      vertex 32.5768 89.8388 28.31
    endloop
  endfacet
  facet normal 0 0 1
    outer loop
      vertex 31.3382 90.2593 28.31
      vertex 31.3382 70.9407 28.31
      vertex 32.5768 71.3612 28.31
    endloop
  endfacet
  facet normal 0 0 1
    outer loop
      vertex 30.0553 90.5145 28.31
      vertex 31.3382 70.9407 28.31
      vertex 31.3382 90.2593 28.31
    endloop
  endfacet
  facet normal 0 0 1
    outer loop
      vertex 30.0553 90.5145 28.31
      vertex 30.0553 70.6855 28.31
      vertex 31.3382 70.9407 28.31
    endloop
  endfacet
  facet normal 0 0 1
    outer loop
      vertex 28.75 90.6 28.31
      vertex 30.0553 70.6855 28.31
      vertex 30.0553 90.5145 28.31
    endloop
  endfacet
  facet normal 0 0 1
    outer loop
      vertex 28.75 90.6 28.31
      vertex 28.75 70.6 28.31
      vertex 30.0553 70.6855 28.31
    endloop
  endfacet
  facet normal -0 0 1
    outer loop
      vertex 27.4447 90.5145 28.31
      vertex 28.75 70.6 28.31
      vertex 28.75 90.6 28.31
    endloop
  endfacet
  facet normal 0 0 1
    outer loop
      vertex 27.4447 90.5145 28.31
      vertex 27.4447 70.6855 28.31
      vertex 28.75 70.6 28.31
    endloop
  endfacet
  facet normal -0 0 1
    outer loop
      vertex 26.1618 90.2593 28.31
      vertex 27.4447 70.6855 28.31
      vertex 27.4447 90.5145 28.31
    endloop
  endfacet
  facet normal 0 0 1
    outer loop
      vertex 26.1618 90.2593 28.31
      vertex 26.1618 70.9407 28.31
      vertex 27.4447 70.6855 28.31
    endloop
  endfacet
  facet normal -0 0 1
    outer loop
      vertex 24.9232 89.8388 28.31
      vertex 26.1618 70.9407 28.31
      vertex 26.1618 90.2593 28.31
    endloop
  endfacet
  facet normal 0 0 1
    outer loop
      vertex 24.9232 89.8388 28.31
      vertex 24.9232 71.3612 28.31
      vertex 26.1618 70.9407 28.31
    endloop
  endfacet
  facet normal -0 0 1
    outer loop
      vertex 23.75 89.2603 28.31
      vertex 24.9232 71.3612 28.31
      vertex 24.9232 89.8388 28.31
    endloop
  endfacet
  facet normal 0 0 1
    outer loop
      vertex 23.75 89.2603 28.31
      vertex 23.75 71.9397 28.31
      vertex 24.9232 71.3612 28.31
    endloop
  endfacet
  facet normal -0 0 1
    outer loop
      vertex 22.6624 88.5335 28.31
      vertex 23.75 71.9397 28.31
      vertex 23.75 89.2603 28.31
    endloop
  endfacet
  facet normal 0 0 1
    outer loop
      vertex 22.6624 88.5335 28.31
      vertex 22.6624 72.6665 28.31
      vertex 23.75 71.9397 28.31
    endloop
  endfacet
  facet normal -0 0 1
    outer loop
      vertex 21.6789 87.6711 28.31
      vertex 22.6624 72.6665 28.31
      vertex 22.6624 88.5335 28.31
    endloop
  endfacet
  facet normal 0 0 1
    outer loop
      vertex 21.6789 87.6711 28.31
      vertex 21.6789 73.5289 28.31
      vertex 22.6624 72.6665 28.31
    endloop
  endfacet
  facet normal -0 0 1
    outer loop
      vertex 20.8165 86.6876 28.31
      vertex 21.6789 73.5289 28.31
      vertex 21.6789 87.6711 28.31
    endloop
  endfacet
  facet normal 0 0 1
    outer loop
      vertex 20.8165 86.6876 28.31
      vertex 20.8165 74.5124 28.31
      vertex 21.6789 73.5289 28.31
    endloop
  endfacet
  facet normal -0 0 1
    outer loop
      vertex 20.0897 85.6 28.31
      vertex 20.8165 74.5124 28.31
      vertex 20.8165 86.6876 28.31
    endloop
  endfacet
  facet normal 0 0 1
    outer loop
      vertex 20.0897 85.6 28.31
      vertex 20.0897 75.6 28.31
      vertex 20.8165 74.5124 28.31
    endloop
  endfacet
  facet normal -0 0 1
    outer loop
      vertex 19.5112 84.4268 28.31
      vertex 20.0897 75.6 28.31
      vertex 20.0897 85.6 28.31
    endloop
  endfacet
  facet normal 0 0 1
    outer loop
      vertex 19.5112 84.4268 28.31
      vertex 19.5112 76.7732 28.31
      vertex 20.0897 75.6 28.31
    endloop
  endfacet
  facet normal -0 0 1
    outer loop
      vertex 19.0907 83.1882 28.31
      vertex 19.5112 76.7732 28.31
      vertex 19.5112 84.4268 28.31
    endloop
  endfacet
  facet normal 0 0 1
    outer loop
      vertex 19.0907 83.1882 28.31
      vertex 19.0907 78.0118 28.31
      vertex 19.5112 76.7732 28.31
    endloop
  endfacet
  facet normal -0 0 1
    outer loop
      vertex 18.8356 81.9053 28.31
      vertex 19.0907 78.0118 28.31
      vertex 19.0907 83.1882 28.31
    endloop
  endfacet
  facet normal 0 0 1
    outer loop
      vertex 18.8356 81.9053 28.31
      vertex 18.8356 79.2947 28.31
      vertex 19.0907 78.0118 28.31
    endloop
  endfacet
  facet normal 0 -0 1
    outer loop
      vertex 18.8356 79.2947 28.31
      vertex 18.8356 81.9053 28.31
      vertex 18.75 80.6 28.31
    endloop
  endfacet
  facet normal -0.831438 -0.555617 0
    outer loop
      vertex 37.4103 85.6 28.31
      vertex 36.6835 86.6876 31.8
      vertex 36.6835 86.6876 28.31
    endloop
  endfacet
  facet normal -0.831438 -0.555617 0
    outer loop
      vertex 36.6835 86.6876 31.8
      vertex 37.4103 85.6 28.31
      vertex 37.4103 85.6 31.8
    endloop
  endfacet
  facet normal -0.980798 0.195028 0
    outer loop
      vertex 38.4093 78.0118 28.31
      vertex 38.6644 79.2947 31.8
      vertex 38.6644 79.2947 28.31
    endloop
  endfacet
  facet normal -0.980798 0.195028 0
    outer loop
      vertex 38.6644 79.2947 31.8
      vertex 38.4093 78.0118 28.31
      vertex 38.4093 78.0118 31.8
    endloop
  endfacet
  facet normal 0.321475 -0.946918 0
    outer loop
      vertex 24.9232 89.8388 28.31
      vertex 26.1618 90.2593 31.8
      vertex 24.9232 89.8388 31.8
    endloop
  endfacet
  facet normal 0.321475 -0.946918 0
    outer loop
      vertex 26.1618 90.2593 31.8
      vertex 24.9232 89.8388 28.31
      vertex 26.1618 90.2593 28.31
    endloop
  endfacet
  facet normal 0.442253 -0.89689 0
    outer loop
      vertex 23.75 89.2603 28.31
      vertex 24.9232 89.8388 31.8
      vertex 23.75 89.2603 31.8
    endloop
  endfacet
  facet normal 0.442253 -0.89689 0
    outer loop
      vertex 24.9232 89.8388 31.8
      vertex 23.75 89.2603 28.31
      vertex 24.9232 89.8388 28.31
    endloop
  endfacet
  facet normal -0.6593 -0.75188 0
    outer loop
      vertex 34.8376 88.5335 28.31
      vertex 35.8211 87.6711 31.8
      vertex 34.8376 88.5335 31.8
    endloop
  endfacet
  facet normal -0.6593 -0.75188 -0
    outer loop
      vertex 35.8211 87.6711 31.8
      vertex 34.8376 88.5335 28.31
      vertex 35.8211 87.6711 28.31
    endloop
  endfacet
  facet normal 0.555617 -0.831438 0
    outer loop
      vertex 22.6624 88.5335 28.31
      vertex 23.75 89.2603 31.8
      vertex 22.6624 88.5335 31.8
    endloop
  endfacet
  facet normal 0.555617 -0.831438 0
    outer loop
      vertex 23.75 89.2603 31.8
      vertex 22.6624 88.5335 28.31
      vertex 23.75 89.2603 28.31
    endloop
  endfacet
  facet normal 0.997857 0.0654382 0
    outer loop
      vertex 18.8356 79.2947 31.8
      vertex 18.75 80.6 28.31
      vertex 18.75 80.6 31.8
    endloop
  endfacet
  facet normal 0.997857 0.0654382 0
    outer loop
      vertex 18.75 80.6 28.31
      vertex 18.8356 79.2947 31.8
      vertex 18.8356 79.2947 28.31
    endloop
  endfacet
  facet normal -0.0653621 0.997862 0
    outer loop
      vertex 30.0553 70.6855 28.31
      vertex 28.75 70.6 31.8
      vertex 30.0553 70.6855 31.8
    endloop
  endfacet
  facet normal -0.0653621 0.997862 0
    outer loop
      vertex 28.75 70.6 31.8
      vertex 30.0553 70.6855 28.31
      vertex 28.75 70.6 28.31
    endloop
  endfacet
  facet normal 0.442253 0.89689 -0
    outer loop
      vertex 24.9232 71.3612 28.31
      vertex 23.75 71.9397 31.8
      vertex 24.9232 71.3612 31.8
    endloop
  endfacet
  facet normal 0.442253 0.89689 0
    outer loop
      vertex 23.75 71.9397 31.8
      vertex 24.9232 71.3612 28.31
      vertex 23.75 71.9397 28.31
    endloop
  endfacet
  facet normal 0.89689 0.442253 0
    outer loop
      vertex 20.0897 75.6 31.8
      vertex 19.5112 76.7732 28.31
      vertex 19.5112 76.7732 31.8
    endloop
  endfacet
  facet normal 0.89689 0.442253 0
    outer loop
      vertex 19.5112 76.7732 28.31
      vertex 20.0897 75.6 31.8
      vertex 20.0897 75.6 28.31
    endloop
  endfacet
  facet normal -0.195102 0.980783 0
    outer loop
      vertex 31.3382 70.9407 28.31
      vertex 30.0553 70.6855 31.8
      vertex 31.3382 70.9407 31.8
    endloop
  endfacet
  facet normal -0.195102 0.980783 0
    outer loop
      vertex 30.0553 70.6855 31.8
      vertex 31.3382 70.9407 28.31
      vertex 30.0553 70.6855 28.31
    endloop
  endfacet
  facet normal -0.442253 -0.89689 0
    outer loop
      vertex 32.5768 89.8388 28.31
      vertex 33.75 89.2603 31.8
      vertex 32.5768 89.8388 31.8
    endloop
  endfacet
  facet normal -0.442253 -0.89689 -0
    outer loop
      vertex 33.75 89.2603 31.8
      vertex 32.5768 89.8388 28.31
      vertex 33.75 89.2603 28.31
    endloop
  endfacet
  facet normal 0.0653621 0.997862 -0
    outer loop
      vertex 28.75 70.6 28.31
      vertex 27.4447 70.6855 31.8
      vertex 28.75 70.6 31.8
    endloop
  endfacet
  facet normal 0.0653621 0.997862 0
    outer loop
      vertex 27.4447 70.6855 31.8
      vertex 28.75 70.6 28.31
      vertex 27.4447 70.6855 28.31
    endloop
  endfacet
  facet normal 0.195102 0.980783 -0
    outer loop
      vertex 27.4447 70.6855 28.31
      vertex 26.1618 70.9407 31.8
      vertex 27.4447 70.6855 31.8
    endloop
  endfacet
  facet normal 0.195102 0.980783 0
    outer loop
      vertex 26.1618 70.9407 31.8
      vertex 27.4447 70.6855 28.31
      vertex 26.1618 70.9407 28.31
    endloop
  endfacet
  facet normal 0.980798 -0.195028 0
    outer loop
      vertex 18.8356 81.9053 31.8
      vertex 19.0907 83.1882 28.31
      vertex 19.0907 83.1882 31.8
    endloop
  endfacet
  facet normal 0.980798 -0.195028 0
    outer loop
      vertex 19.0907 83.1882 28.31
      vertex 18.8356 81.9053 31.8
      vertex 18.8356 81.9053 28.31
    endloop
  endfacet
  facet normal 0.75188 0.6593 0
    outer loop
      vertex 21.6789 73.5289 31.8
      vertex 20.8165 74.5124 28.31
      vertex 20.8165 74.5124 31.8
    endloop
  endfacet
  facet normal 0.75188 0.6593 0
    outer loop
      vertex 20.8165 74.5124 28.31
      vertex 21.6789 73.5289 31.8
      vertex 21.6789 73.5289 28.31
    endloop
  endfacet
  facet normal 0.195102 -0.980783 0
    outer loop
      vertex 26.1618 90.2593 28.31
      vertex 27.4447 90.5145 31.8
      vertex 26.1618 90.2593 31.8
    endloop
  endfacet
  facet normal 0.195102 -0.980783 0
    outer loop
      vertex 27.4447 90.5145 31.8
      vertex 26.1618 90.2593 28.31
      vertex 27.4447 90.5145 28.31
    endloop
  endfacet
  facet normal 0.555617 0.831438 -0
    outer loop
      vertex 23.75 71.9397 28.31
      vertex 22.6624 72.6665 31.8
      vertex 23.75 71.9397 31.8
    endloop
  endfacet
  facet normal 0.555617 0.831438 0
    outer loop
      vertex 22.6624 72.6665 31.8
      vertex 23.75 71.9397 28.31
      vertex 22.6624 72.6665 28.31
    endloop
  endfacet
  facet normal 0.6593 0.75188 -0
    outer loop
      vertex 22.6624 72.6665 28.31
      vertex 21.6789 73.5289 31.8
      vertex 22.6624 72.6665 31.8
    endloop
  endfacet
  facet normal 0.6593 0.75188 0
    outer loop
      vertex 21.6789 73.5289 31.8
      vertex 22.6624 72.6665 28.31
      vertex 21.6789 73.5289 28.31
    endloop
  endfacet
  facet normal 0.831438 -0.555617 0
    outer loop
      vertex 20.0897 85.6 31.8
      vertex 20.8165 86.6876 28.31
      vertex 20.8165 86.6876 31.8
    endloop
  endfacet
  facet normal 0.831438 -0.555617 0
    outer loop
      vertex 20.8165 86.6876 28.31
      vertex 20.0897 85.6 31.8
      vertex 20.0897 85.6 28.31
    endloop
  endfacet
  facet normal 0.89689 -0.442253 0
    outer loop
      vertex 19.5112 84.4268 31.8
      vertex 20.0897 85.6 28.31
      vertex 20.0897 85.6 31.8
    endloop
  endfacet
  facet normal 0.89689 -0.442253 0
    outer loop
      vertex 20.0897 85.6 28.31
      vertex 19.5112 84.4268 31.8
      vertex 19.5112 84.4268 28.31
    endloop
  endfacet
  facet normal 0.0653621 -0.997862 0
    outer loop
      vertex 27.4447 90.5145 28.31
      vertex 28.75 90.6 31.8
      vertex 27.4447 90.5145 31.8
    endloop
  endfacet
  facet normal 0.0653621 -0.997862 0
    outer loop
      vertex 28.75 90.6 31.8
      vertex 27.4447 90.5145 28.31
      vertex 28.75 90.6 28.31
    endloop
  endfacet
  facet normal -0.195102 -0.980783 0
    outer loop
      vertex 30.0553 90.5145 28.31
      vertex 31.3382 90.2593 31.8
      vertex 30.0553 90.5145 31.8
    endloop
  endfacet
  facet normal -0.195102 -0.980783 -0
    outer loop
      vertex 31.3382 90.2593 31.8
      vertex 30.0553 90.5145 28.31
      vertex 31.3382 90.2593 28.31
    endloop
  endfacet
  facet normal 0.75188 -0.6593 0
    outer loop
      vertex 20.8165 86.6876 31.8
      vertex 21.6789 87.6711 28.31
      vertex 21.6789 87.6711 31.8
    endloop
  endfacet
  facet normal 0.75188 -0.6593 0
    outer loop
      vertex 21.6789 87.6711 28.31
      vertex 20.8165 86.6876 31.8
      vertex 20.8165 86.6876 28.31
    endloop
  endfacet
  facet normal -0.0653621 -0.997862 0
    outer loop
      vertex 28.75 90.6 28.31
      vertex 30.0553 90.5145 31.8
      vertex 28.75 90.6 31.8
    endloop
  endfacet
  facet normal -0.0653621 -0.997862 -0
    outer loop
      vertex 30.0553 90.5145 31.8
      vertex 28.75 90.6 28.31
      vertex 30.0553 90.5145 28.31
    endloop
  endfacet
  facet normal 0.980798 0.195028 0
    outer loop
      vertex 19.0907 78.0118 31.8
      vertex 18.8356 79.2947 28.31
      vertex 18.8356 79.2947 31.8
    endloop
  endfacet
  facet normal 0.980798 0.195028 0
    outer loop
      vertex 18.8356 79.2947 28.31
      vertex 19.0907 78.0118 31.8
      vertex 19.0907 78.0118 28.31
    endloop
  endfacet
  facet normal -0.6593 0.75188 0
    outer loop
      vertex 35.8211 73.5289 28.31
      vertex 34.8376 72.6665 31.8
      vertex 35.8211 73.5289 31.8
    endloop
  endfacet
  facet normal -0.6593 0.75188 0
    outer loop
      vertex 34.8376 72.6665 31.8
      vertex 35.8211 73.5289 28.31
      vertex 34.8376 72.6665 28.31
    endloop
  endfacet
  facet normal 0.997857 -0.0654382 0
    outer loop
      vertex 18.75 80.6 31.8
      vertex 18.8356 81.9053 28.31
      vertex 18.8356 81.9053 31.8
    endloop
  endfacet
  facet normal 0.997857 -0.0654382 0
    outer loop
      vertex 18.8356 81.9053 28.31
      vertex 18.75 80.6 31.8
      vertex 18.75 80.6 28.31
    endloop
  endfacet
  facet normal -1 0 0
    outer loop
      vertex 22.15 14.1 29.31
      vertex 22.15 32.1 31.8
      vertex 22.15 32.1 29.31
    endloop
  endfacet
  facet normal -1 -0 0
    outer loop
      vertex 22.15 32.1 31.8
      vertex 22.15 14.1 29.31
      vertex 22.15 14.1 31.8
    endloop
  endfacet
  facet normal -0 0 1
    outer loop
      vertex 15.9734 19.15 29.31
      vertex 22.15 14.1 29.31
      vertex 22.15 32.1 29.31
    endloop
  endfacet
  facet normal 0 0 1
    outer loop
      vertex 22.15 14.1 29.31
      vertex 15.9734 19.15 29.31
      vertex 18.889 14.1 29.31
    endloop
  endfacet
  facet normal -0 0 1
    outer loop
      vertex 8.15 32.1 29.31
      vertex 15.9734 19.15 29.31
      vertex 22.15 32.1 29.31
    endloop
  endfacet
  facet normal 0 0 1
    outer loop
      vertex 15.9734 19.15 29.31
      vertex 8.15 32.1 29.31
      vertex 10.0266 19.15 29.31
    endloop
  endfacet
  facet normal 0 0 1
    outer loop
      vertex 10.0266 19.15 29.31
      vertex 8.15 32.1 29.31
      vertex 8.15 15.8996 29.31
    endloop
  endfacet
  facet normal 1 -0 0
    outer loop
      vertex 8.15 15.8996 31.8
      vertex 8.15 32.1 29.31
      vertex 8.15 32.1 31.8
    endloop
  endfacet
  facet normal 1 0 0
    outer loop
      vertex 8.15 32.1 29.31
      vertex 8.15 15.8996 31.8
      vertex 8.15 15.8996 29.31
    endloop
  endfacet
  facet normal 0 -1 0
    outer loop
      vertex 8.15 32.1 29.31
      vertex 22.15 32.1 31.8
      vertex 8.15 32.1 31.8
    endloop
  endfacet
  facet normal 0 -1 -0
    outer loop
      vertex 22.15 32.1 31.8
      vertex 8.15 32.1 29.31
      vertex 22.15 32.1 29.31
    endloop
  endfacet
  facet normal 0 1 -0
    outer loop
      vertex 22.15 14.1 29.31
      vertex 18.889 14.1 31.8
      vertex 22.15 14.1 31.8
    endloop
  endfacet
  facet normal 0 1 0
    outer loop
      vertex 18.889 14.1 31.8
      vertex 22.15 14.1 29.31
      vertex 18.889 14.1 29.31
    endloop
  endfacet
  facet normal -0.980788 -0.195077 0
    outer loop
      vertex 111.302 49.5853 30.31
      vertex 110.562 53.3058 31.8
      vertex 110.562 53.3058 30.31
    endloop
  endfacet
  facet normal -0.980788 -0.195077 0
    outer loop
      vertex 110.562 53.3058 31.8
      vertex 111.302 49.5853 30.31
      vertex 111.302 49.5853 31.8
    endloop
  endfacet
  facet normal -0.997859 -0.0654051 0
    outer loop
      vertex 111.537 46 30.31
      vertex 111.302 49.5853 31.8
      vertex 111.302 49.5853 30.31
    endloop
  endfacet
  facet normal -0.997859 -0.0654051 0
    outer loop
      vertex 111.302 49.5853 31.8
      vertex 111.537 46 30.31
      vertex 111.537 46 31.8
    endloop
  endfacet
  facet normal -0.946956 -0.321364 0
    outer loop
      vertex 110.562 53.3058 30.31
      vertex 109.343 56.8978 31.8
      vertex 109.343 56.8978 30.31
    endloop
  endfacet
  facet normal -0.946956 -0.321364 0
    outer loop
      vertex 109.343 56.8978 31.8
      vertex 110.562 53.3058 30.31
      vertex 110.562 53.3058 31.8
    endloop
  endfacet
  facet normal -0.321458 -0.946924 0
    outer loop
      vertex 90.0558 73.8119 30.31
      vertex 93.6478 72.5925 31.8
      vertex 90.0558 73.8119 31.8
    endloop
  endfacet
  facet normal -0.321458 -0.946924 -0
    outer loop
      vertex 93.6478 72.5925 31.8
      vertex 90.0558 73.8119 30.31
      vertex 93.6478 72.5925 30.31
    endloop
  endfacet
  facet normal 0.65934 -0.751845 0
    outer loop
      vertex 62.0439 66.3061 30.31
      vertex 64.8959 68.8072 31.8
      vertex 62.0439 66.3061 31.8
    endloop
  endfacet
  facet normal 0.65934 -0.751845 0
    outer loop
      vertex 64.8959 68.8072 31.8
      vertex 62.0439 66.3061 30.31
      vertex 64.8959 68.8072 30.31
    endloop
  endfacet
  facet normal -0.555582 -0.831462 0
    outer loop
      vertex 97.05 70.9147 30.31
      vertex 100.204 68.8072 31.8
      vertex 97.05 70.9147 31.8
    endloop
  endfacet
  facet normal -0.555582 -0.831462 -0
    outer loop
      vertex 100.204 68.8072 31.8
      vertex 97.05 70.9147 30.31
      vertex 100.204 68.8072 30.31
    endloop
  endfacet
  facet normal -0.831409 -0.555661 0
    outer loop
      vertex 107.665 60.3 30.31
      vertex 105.557 63.4541 31.8
      vertex 105.557 63.4541 30.31
    endloop
  endfacet
  facet normal -0.831409 -0.555661 0
    outer loop
      vertex 105.557 63.4541 31.8
      vertex 107.665 60.3 30.31
      vertex 107.665 60.3 31.8
    endloop
  endfacet
  facet normal 0.751845 -0.65934 0
    outer loop
      vertex 59.5428 63.4541 31.8
      vertex 62.0439 66.3061 30.31
      vertex 62.0439 66.3061 31.8
    endloop
  endfacet
  facet normal 0.751845 -0.65934 0
    outer loop
      vertex 62.0439 66.3061 30.31
      vertex 59.5428 63.4541 31.8
      vertex 59.5428 63.4541 30.31
    endloop
  endfacet
  facet normal 0.195082 -0.980787 0
    outer loop
      vertex 75.0443 73.8119 30.31
      vertex 78.7647 74.5519 31.8
      vertex 75.0443 73.8119 31.8
    endloop
  endfacet
  facet normal 0.195082 -0.980787 0
    outer loop
      vertex 78.7647 74.5519 31.8
      vertex 75.0443 73.8119 30.31
      vertex 78.7647 74.5519 30.31
    endloop
  endfacet
  facet normal -0.89685 -0.442335 0
    outer loop
      vertex 109.343 56.8978 30.31
      vertex 107.665 60.3 31.8
      vertex 107.665 60.3 30.31
    endloop
  endfacet
  facet normal -0.89685 -0.442335 0
    outer loop
      vertex 107.665 60.3 31.8
      vertex 109.343 56.8978 30.31
      vertex 109.343 56.8978 31.8
    endloop
  endfacet
  facet normal -0.65934 -0.751845 0
    outer loop
      vertex 100.204 68.8072 30.31
      vertex 103.056 66.3061 31.8
      vertex 100.204 68.8072 31.8
    endloop
  endfacet
  facet normal -0.65934 -0.751845 -0
    outer loop
      vertex 103.056 66.3061 31.8
      vertex 100.204 68.8072 30.31
      vertex 103.056 66.3061 30.31
    endloop
  endfacet
  facet normal -0.0654027 -0.997859 0
    outer loop
      vertex 82.55 74.8 30.31
      vertex 86.3353 74.5519 31.8
      vertex 82.55 74.8 31.8
    endloop
  endfacet
  facet normal -0.0654027 -0.997859 -0
    outer loop
      vertex 86.3353 74.5519 31.8
      vertex 82.55 74.8 30.31
      vertex 86.3353 74.5519 30.31
    endloop
  endfacet
  facet normal -0.442293 -0.896871 0
    outer loop
      vertex 93.6478 72.5925 30.31
      vertex 97.05 70.9147 31.8
      vertex 93.6478 72.5925 31.8
    endloop
  endfacet
  facet normal -0.442293 -0.896871 -0
    outer loop
      vertex 97.05 70.9147 31.8
      vertex 93.6478 72.5925 30.31
      vertex 97.05 70.9147 30.31
    endloop
  endfacet
  facet normal -0.751858 -0.659325 0
    outer loop
      vertex 105.557 63.4541 30.31
      vertex 103.056 66.3061 31.8
      vertex 103.056 66.3061 30.31
    endloop
  endfacet
  facet normal -0.751858 -0.659325 0
    outer loop
      vertex 103.056 66.3061 31.8
      vertex 105.557 63.4541 30.31
      vertex 105.557 63.4541 31.8
    endloop
  endfacet
  facet normal 0.946932 -0.321435 0
    outer loop
      vertex 54.5382 53.3058 31.8
      vertex 55.7575 56.8978 30.31
      vertex 55.7575 56.8978 31.8
    endloop
  endfacet
  facet normal 0.946932 -0.321435 0
    outer loop
      vertex 55.7575 56.8978 30.31
      vertex 54.5382 53.3058 31.8
      vertex 54.5382 53.3058 30.31
    endloop
  endfacet
  facet normal 0.997859 -0.0654051 0
    outer loop
      vertex 53.5631 46 31.8
      vertex 53.7981 49.5853 30.31
      vertex 53.7981 49.5853 31.8
    endloop
  endfacet
  facet normal 0.997859 -0.0654051 0
    outer loop
      vertex 53.7981 49.5853 30.31
      vertex 53.5631 46 31.8
      vertex 53.5631 46 30.31
    endloop
  endfacet
  facet normal 0.980783 -0.195102 0
    outer loop
      vertex 53.7981 49.5853 31.8
      vertex 54.5382 53.3058 30.31
      vertex 54.5382 53.3058 31.8
    endloop
  endfacet
  facet normal 0.980783 -0.195102 0
    outer loop
      vertex 54.5382 53.3058 30.31
      vertex 53.7981 49.5853 31.8
      vertex 53.7981 49.5853 30.31
    endloop
  endfacet
  facet normal 0.32145 -0.946926 0
    outer loop
      vertex 71.4522 72.5925 30.31
      vertex 75.0443 73.8119 31.8
      vertex 71.4522 72.5925 31.8
    endloop
  endfacet
  facet normal 0.32145 -0.946926 0
    outer loop
      vertex 75.0443 73.8119 31.8
      vertex 71.4522 72.5925 30.31
      vertex 75.0443 73.8119 30.31
    endloop
  endfacet
  facet normal 0.55557 -0.83147 0
    outer loop
      vertex 64.8959 68.8072 30.31
      vertex 68.05 70.9147 31.8
      vertex 64.8959 68.8072 31.8
    endloop
  endfacet
  facet normal 0.55557 -0.83147 0
    outer loop
      vertex 68.05 70.9147 31.8
      vertex 64.8959 68.8072 30.31
      vertex 68.05 70.9147 30.31
    endloop
  endfacet
  facet normal -0.195077 -0.980788 0
    outer loop
      vertex 86.3353 74.5519 30.31
      vertex 90.0558 73.8119 31.8
      vertex 86.3353 74.5519 31.8
    endloop
  endfacet
  facet normal -0.195077 -0.980788 -0
    outer loop
      vertex 90.0558 73.8119 31.8
      vertex 86.3353 74.5519 30.31
      vertex 90.0558 73.8119 30.31
    endloop
  endfacet
  facet normal 0.442293 -0.896871 0
    outer loop
      vertex 68.05 70.9147 30.31
      vertex 71.4522 72.5925 31.8
      vertex 68.05 70.9147 31.8
    endloop
  endfacet
  facet normal 0.442293 -0.896871 0
    outer loop
      vertex 71.4522 72.5925 31.8
      vertex 68.05 70.9147 30.31
      vertex 71.4522 72.5925 30.31
    endloop
  endfacet
  facet normal 0.0654027 -0.997859 0
    outer loop
      vertex 78.7647 74.5519 30.31
      vertex 82.55 74.8 31.8
      vertex 78.7647 74.5519 31.8
    endloop
  endfacet
  facet normal 0.0654027 -0.997859 0
    outer loop
      vertex 82.55 74.8 31.8
      vertex 78.7647 74.5519 30.31
      vertex 82.55 74.8 30.31
    endloop
  endfacet
  facet normal 0 0 1
    outer loop
      vertex 110.562 53.3058 30.31
      vertex 111.537 46 30.31
      vertex 111.302 49.5853 30.31
    endloop
  endfacet
  facet normal 0 0 1
    outer loop
      vertex 109.343 56.8978 30.31
      vertex 111.537 46 30.31
      vertex 110.562 53.3058 30.31
    endloop
  endfacet
  facet normal 0 0 1
    outer loop
      vertex 107.665 60.3 30.31
      vertex 111.537 46 30.31
      vertex 109.343 56.8978 30.31
    endloop
  endfacet
  facet normal 0 0 1
    outer loop
      vertex 105.557 63.4541 30.31
      vertex 111.537 46 30.31
      vertex 107.665 60.3 30.31
    endloop
  endfacet
  facet normal 0 0 1
    outer loop
      vertex 103.056 66.3061 30.31
      vertex 111.537 46 30.31
      vertex 105.557 63.4541 30.31
    endloop
  endfacet
  facet normal 0 0 1
    outer loop
      vertex 100.204 68.8072 30.31
      vertex 111.537 46 30.31
      vertex 103.056 66.3061 30.31
    endloop
  endfacet
  facet normal 0 0 1
    outer loop
      vertex 97.05 70.9147 30.31
      vertex 111.537 46 30.31
      vertex 100.204 68.8072 30.31
    endloop
  endfacet
  facet normal 0 0 1
    outer loop
      vertex 93.6478 72.5925 30.31
      vertex 111.537 46 30.31
      vertex 97.05 70.9147 30.31
    endloop
  endfacet
  facet normal 0 0 1
    outer loop
      vertex 90.0558 73.8119 30.31
      vertex 111.537 46 30.31
      vertex 93.6478 72.5925 30.31
    endloop
  endfacet
  facet normal 0 0 1
    outer loop
      vertex 86.3353 74.5519 30.31
      vertex 111.537 46 30.31
      vertex 90.0558 73.8119 30.31
    endloop
  endfacet
  facet normal 0 0 1
    outer loop
      vertex 82.55 74.8 30.31
      vertex 111.537 46 30.31
      vertex 86.3353 74.5519 30.31
    endloop
  endfacet
  facet normal -0 0 1
    outer loop
      vertex 78.7647 74.5519 30.31
      vertex 111.537 46 30.31
      vertex 82.55 74.8 30.31
    endloop
  endfacet
  facet normal -0 0 1
    outer loop
      vertex 75.0443 73.8119 30.31
      vertex 111.537 46 30.31
      vertex 78.7647 74.5519 30.31
    endloop
  endfacet
  facet normal -0 0 1
    outer loop
      vertex 71.4522 72.5925 30.31
      vertex 111.537 46 30.31
      vertex 75.0443 73.8119 30.31
    endloop
  endfacet
  facet normal -0 0 1
    outer loop
      vertex 68.05 70.9147 30.31
      vertex 111.537 46 30.31
      vertex 71.4522 72.5925 30.31
    endloop
  endfacet
  facet normal -0 0 1
    outer loop
      vertex 64.8959 68.8072 30.31
      vertex 111.537 46 30.31
      vertex 68.05 70.9147 30.31
    endloop
  endfacet
  facet normal -0 0 1
    outer loop
      vertex 62.0439 66.3061 30.31
      vertex 111.537 46 30.31
      vertex 64.8959 68.8072 30.31
    endloop
  endfacet
  facet normal -0 0 1
    outer loop
      vertex 59.5428 63.4541 30.31
      vertex 111.537 46 30.31
      vertex 62.0439 66.3061 30.31
    endloop
  endfacet
  facet normal -0 0 1
    outer loop
      vertex 57.4353 60.3 30.31
      vertex 111.537 46 30.31
      vertex 59.5428 63.4541 30.31
    endloop
  endfacet
  facet normal -0 0 1
    outer loop
      vertex 55.7575 56.8978 30.31
      vertex 111.537 46 30.31
      vertex 57.4353 60.3 30.31
    endloop
  endfacet
  facet normal -0 0 1
    outer loop
      vertex 54.5382 53.3058 30.31
      vertex 111.537 46 30.31
      vertex 55.7575 56.8978 30.31
    endloop
  endfacet
  facet normal -0 0 1
    outer loop
      vertex 53.7981 49.5853 30.31
      vertex 111.537 46 30.31
      vertex 54.5382 53.3058 30.31
    endloop
  endfacet
  facet normal 0 0 1
    outer loop
      vertex 111.537 46 30.31
      vertex 53.7981 49.5853 30.31
      vertex 53.5631 46 30.31
    endloop
  endfacet
  facet normal 0.83147 -0.55557 0
    outer loop
      vertex 57.4353 60.3 31.8
      vertex 59.5428 63.4541 30.31
      vertex 59.5428 63.4541 31.8
    endloop
  endfacet
  facet normal 0.83147 -0.55557 0
    outer loop
      vertex 59.5428 63.4541 30.31
      vertex 57.4353 60.3 31.8
      vertex 57.4353 60.3 30.31
    endloop
  endfacet
  facet normal 0.896871 -0.442293 0
    outer loop
      vertex 55.7575 56.8978 31.8
      vertex 57.4353 60.3 30.31
      vertex 57.4353 60.3 31.8
    endloop
  endfacet
  facet normal 0.896871 -0.442293 0
    outer loop
      vertex 57.4353 60.3 30.31
      vertex 55.7575 56.8978 31.8
      vertex 55.7575 56.8978 30.31
    endloop
  endfacet
  facet normal 0.946926 0.321452 0
    outer loop
      vertex 9.76642 12.6606 12
      vertex 9.61926 13.0941 2.8
      vertex 9.61926 13.0941 12
    endloop
  endfacet
  facet normal 0.946926 0.321452 0
    outer loop
      vertex 9.61926 13.0941 2.8
      vertex 9.76642 12.6606 12
      vertex 9.76642 12.6606 2.8
    endloop
  endfacet
  facet normal -0.195234 0.980757 0
    outer loop
      vertex 13.9059 10.6193 2.8
      vertex 13.4568 10.5299 12
      vertex 13.9059 10.6193 12
    endloop
  endfacet
  facet normal -0.195234 0.980757 0
    outer loop
      vertex 13.4568 10.5299 12
      vertex 13.9059 10.6193 2.8
      vertex 13.4568 10.5299 2.8
    endloop
  endfacet
  facet normal -0.980757 -0.195234 0
    outer loop
      vertex 16.4701 14.4568 2.8
      vertex 16.3807 14.9059 12
      vertex 16.3807 14.9059 2.8
    endloop
  endfacet
  facet normal -0.980757 -0.195234 0
    outer loop
      vertex 16.3807 14.9059 12
      vertex 16.4701 14.4568 2.8
      vertex 16.4701 14.4568 12
    endloop
  endfacet
  facet normal -0.997865 -0.0653156 0
    outer loop
      vertex 16.5 14 2.8
      vertex 16.4701 14.4568 12
      vertex 16.4701 14.4568 2.8
    endloop
  endfacet
  facet normal -0.997865 -0.0653156 0
    outer loop
      vertex 16.4701 14.4568 12
      vertex 16.5 14 2.8
      vertex 16.5 14 12
    endloop
  endfacet
  facet normal 0.442314 -0.89686 0
    outer loop
      vertex 11.25 17.0311 2.8
      vertex 11.6606 17.2336 12
      vertex 11.25 17.0311 12
    endloop
  endfacet
  facet normal 0.442314 -0.89686 0
    outer loop
      vertex 11.6606 17.2336 12
      vertex 11.25 17.0311 2.8
      vertex 11.6606 17.2336 2.8
    endloop
  endfacet
  facet normal -0.946966 -0.321335 0
    outer loop
      vertex 16.3807 14.9059 2.8
      vertex 16.2336 15.3394 12
      vertex 16.2336 15.3394 2.8
    endloop
  endfacet
  facet normal -0.946966 -0.321335 0
    outer loop
      vertex 16.2336 15.3394 12
      vertex 16.3807 14.9059 2.8
      vertex 16.3807 14.9059 12
    endloop
  endfacet
  facet normal -0.89686 0.442314 0
    outer loop
      vertex 16.0311 12.25 2.8
      vertex 16.2336 12.6606 12
      vertex 16.2336 12.6606 2.8
    endloop
  endfacet
  facet normal -0.89686 0.442314 0
    outer loop
      vertex 16.2336 12.6606 12
      vertex 16.0311 12.25 2.8
      vertex 16.0311 12.25 12
    endloop
  endfacet
  facet normal -0.997865 0.0653156 0
    outer loop
      vertex 16.4701 13.5432 2.8
      vertex 16.5 14 12
      vertex 16.5 14 2.8
    endloop
  endfacet
  facet normal -0.997865 0.0653156 0
    outer loop
      vertex 16.5 14 12
      vertex 16.4701 13.5432 2.8
      vertex 16.4701 13.5432 12
    endloop
  endfacet
  facet normal -0.659278 -0.7519 0
    outer loop
      vertex 15.1307 16.7767 2.8
      vertex 15.4749 16.4749 12
      vertex 15.1307 16.7767 12
    endloop
  endfacet
  facet normal -0.659278 -0.7519 -0
    outer loop
      vertex 15.4749 16.4749 12
      vertex 15.1307 16.7767 2.8
      vertex 15.4749 16.4749 2.8
    endloop
  endfacet
  facet normal 0.659278 -0.7519 0
    outer loop
      vertex 10.5251 16.4749 2.8
      vertex 10.8693 16.7767 12
      vertex 10.5251 16.4749 12
    endloop
  endfacet
  facet normal 0.659278 -0.7519 0
    outer loop
      vertex 10.8693 16.7767 12
      vertex 10.5251 16.4749 2.8
      vertex 10.8693 16.7767 2.8
    endloop
  endfacet
  facet normal -0.0653156 -0.997865 0
    outer loop
      vertex 13 17.5 2.8
      vertex 13.4568 17.4701 12
      vertex 13 17.5 12
    endloop
  endfacet
  facet normal -0.0653156 -0.997865 -0
    outer loop
      vertex 13.4568 17.4701 12
      vertex 13 17.5 2.8
      vertex 13.4568 17.4701 2.8
    endloop
  endfacet
  facet normal 0.997859 -0.0654026 0
    outer loop
      vertex 9.5 14 12
      vertex 9.52994 14.4568 2.8
      vertex 9.52994 14.4568 12
    endloop
  endfacet
  facet normal 0.997859 -0.0654026 0
    outer loop
      vertex 9.52994 14.4568 2.8
      vertex 9.5 14 12
      vertex 9.5 14 2.8
    endloop
  endfacet
  facet normal 0.7519 0.659278 0
    outer loop
      vertex 10.5251 11.5251 12
      vertex 10.2233 11.8693 2.8
      vertex 10.2233 11.8693 12
    endloop
  endfacet
  facet normal 0.7519 0.659278 0
    outer loop
      vertex 10.2233 11.8693 2.8
      vertex 10.5251 11.5251 12
      vertex 10.5251 11.5251 2.8
    endloop
  endfacet
  facet normal 0.98079 0.195066 0
    outer loop
      vertex 9.61926 13.0941 12
      vertex 9.52994 13.5432 2.8
      vertex 9.52994 13.5432 12
    endloop
  endfacet
  facet normal 0.98079 0.195066 0
    outer loop
      vertex 9.52994 13.5432 2.8
      vertex 9.61926 13.0941 12
      vertex 9.61926 13.0941 2.8
    endloop
  endfacet
  facet normal -0.831445 0.555607 0
    outer loop
      vertex 15.7767 11.8693 2.8
      vertex 16.0311 12.25 12
      vertex 16.0311 12.25 2.8
    endloop
  endfacet
  facet normal -0.831445 0.555607 0
    outer loop
      vertex 16.0311 12.25 12
      vertex 15.7767 11.8693 2.8
      vertex 15.7767 11.8693 12
    endloop
  endfacet
  facet normal 0.896869 -0.442297 0
    outer loop
      vertex 9.76642 15.3394 12
      vertex 9.96891 15.75 2.8
      vertex 9.96891 15.75 12
    endloop
  endfacet
  facet normal 0.896869 -0.442297 0
    outer loop
      vertex 9.96891 15.75 2.8
      vertex 9.76642 15.3394 12
      vertex 9.76642 15.3394 2.8
    endloop
  endfacet
  facet normal 0.831455 -0.555592 0
    outer loop
      vertex 9.96891 15.75 12
      vertex 10.2233 16.1307 2.8
      vertex 10.2233 16.1307 12
    endloop
  endfacet
  facet normal 0.831455 -0.555592 0
    outer loop
      vertex 10.2233 16.1307 2.8
      vertex 9.96891 15.75 12
      vertex 9.96891 15.75 2.8
    endloop
  endfacet
  facet normal 0.0653156 -0.997865 0
    outer loop
      vertex 12.5432 17.4701 2.8
      vertex 13 17.5 12
      vertex 12.5432 17.4701 12
    endloop
  endfacet
  facet normal 0.0653156 -0.997865 0
    outer loop
      vertex 13 17.5 12
      vertex 12.5432 17.4701 2.8
      vertex 13 17.5 2.8
    endloop
  endfacet
  facet normal 0.321335 0.946966 -0
    outer loop
      vertex 12.0941 10.6193 2.8
      vertex 11.6606 10.7664 12
      vertex 12.0941 10.6193 12
    endloop
  endfacet
  facet normal 0.321335 0.946966 0
    outer loop
      vertex 11.6606 10.7664 12
      vertex 12.0941 10.6193 2.8
      vertex 11.6606 10.7664 2.8
    endloop
  endfacet
  facet normal -0.442314 -0.89686 0
    outer loop
      vertex 14.3394 17.2336 2.8
      vertex 14.75 17.0311 12
      vertex 14.3394 17.2336 12
    endloop
  endfacet
  facet normal -0.442314 -0.89686 -0
    outer loop
      vertex 14.75 17.0311 12
      vertex 14.3394 17.2336 2.8
      vertex 14.75 17.0311 2.8
    endloop
  endfacet
  facet normal -0.0653156 0.997865 0
    outer loop
      vertex 13.4568 10.5299 2.8
      vertex 13 10.5 12
      vertex 13.4568 10.5299 12
    endloop
  endfacet
  facet normal -0.0653156 0.997865 0
    outer loop
      vertex 13 10.5 12
      vertex 13.4568 10.5299 2.8
      vertex 13 10.5 2.8
    endloop
  endfacet
  facet normal -0.555607 0.831445 0
    outer loop
      vertex 15.1307 11.2233 2.8
      vertex 14.75 10.9689 12
      vertex 15.1307 11.2233 12
    endloop
  endfacet
  facet normal -0.555607 0.831445 0
    outer loop
      vertex 14.75 10.9689 12
      vertex 15.1307 11.2233 2.8
      vertex 14.75 10.9689 2.8
    endloop
  endfacet
  facet normal -0.980757 0.195234 0
    outer loop
      vertex 16.3807 13.0941 2.8
      vertex 16.4701 13.5432 12
      vertex 16.4701 13.5432 2.8
    endloop
  endfacet
  facet normal -0.980757 0.195234 0
    outer loop
      vertex 16.4701 13.5432 12
      vertex 16.3807 13.0941 2.8
      vertex 16.3807 13.0941 12
    endloop
  endfacet
  facet normal 0.7519 -0.659278 0
    outer loop
      vertex 10.2233 16.1307 12
      vertex 10.5251 16.4749 2.8
      vertex 10.5251 16.4749 12
    endloop
  endfacet
  facet normal 0.7519 -0.659278 0
    outer loop
      vertex 10.5251 16.4749 2.8
      vertex 10.2233 16.1307 12
      vertex 10.2233 16.1307 2.8
    endloop
  endfacet
  facet normal 0.98079 -0.195066 0
    outer loop
      vertex 9.52994 14.4568 12
      vertex 9.61926 14.9059 2.8
      vertex 9.61926 14.9059 12
    endloop
  endfacet
  facet normal 0.98079 -0.195066 0
    outer loop
      vertex 9.61926 14.9059 2.8
      vertex 9.52994 14.4568 12
      vertex 9.52994 14.4568 2.8
    endloop
  endfacet
  facet normal -0.831445 -0.555607 0
    outer loop
      vertex 16.0311 15.75 2.8
      vertex 15.7767 16.1307 12
      vertex 15.7767 16.1307 2.8
    endloop
  endfacet
  facet normal -0.831445 -0.555607 0
    outer loop
      vertex 15.7767 16.1307 12
      vertex 16.0311 15.75 2.8
      vertex 16.0311 15.75 12
    endloop
  endfacet
  facet normal -0.555607 -0.831445 0
    outer loop
      vertex 14.75 17.0311 2.8
      vertex 15.1307 16.7767 12
      vertex 14.75 17.0311 12
    endloop
  endfacet
  facet normal -0.555607 -0.831445 -0
    outer loop
      vertex 15.1307 16.7767 12
      vertex 14.75 17.0311 2.8
      vertex 15.1307 16.7767 2.8
    endloop
  endfacet
  facet normal 0.997859 0.0654026 0
    outer loop
      vertex 9.52994 13.5432 12
      vertex 9.5 14 2.8
      vertex 9.5 14 12
    endloop
  endfacet
  facet normal 0.997859 0.0654026 0
    outer loop
      vertex 9.5 14 2.8
      vertex 9.52994 13.5432 12
      vertex 9.52994 13.5432 2.8
    endloop
  endfacet
  facet normal -0.321335 -0.946966 0
    outer loop
      vertex 13.9059 17.3807 2.8
      vertex 14.3394 17.2336 12
      vertex 13.9059 17.3807 12
    endloop
  endfacet
  facet normal -0.321335 -0.946966 -0
    outer loop
      vertex 14.3394 17.2336 12
      vertex 13.9059 17.3807 2.8
      vertex 14.3394 17.2336 2.8
    endloop
  endfacet
  facet normal -0.659278 0.7519 0
    outer loop
      vertex 15.4749 11.5251 2.8
      vertex 15.1307 11.2233 12
      vertex 15.4749 11.5251 12
    endloop
  endfacet
  facet normal -0.659278 0.7519 0
    outer loop
      vertex 15.1307 11.2233 12
      vertex 15.4749 11.5251 2.8
      vertex 15.1307 11.2233 2.8
    endloop
  endfacet
  facet normal 0.195234 -0.980757 0
    outer loop
      vertex 12.0941 17.3807 2.8
      vertex 12.5432 17.4701 12
      vertex 12.0941 17.3807 12
    endloop
  endfacet
  facet normal 0.195234 -0.980757 0
    outer loop
      vertex 12.5432 17.4701 12
      vertex 12.0941 17.3807 2.8
      vertex 12.5432 17.4701 2.8
    endloop
  endfacet
  facet normal -0.89686 -0.442314 0
    outer loop
      vertex 16.2336 15.3394 2.8
      vertex 16.0311 15.75 12
      vertex 16.0311 15.75 2.8
    endloop
  endfacet
  facet normal -0.89686 -0.442314 0
    outer loop
      vertex 16.0311 15.75 12
      vertex 16.2336 15.3394 2.8
      vertex 16.2336 15.3394 12
    endloop
  endfacet
  facet normal -0.946966 0.321335 0
    outer loop
      vertex 16.2336 12.6606 2.8
      vertex 16.3807 13.0941 12
      vertex 16.3807 13.0941 2.8
    endloop
  endfacet
  facet normal -0.946966 0.321335 0
    outer loop
      vertex 16.3807 13.0941 12
      vertex 16.2336 12.6606 2.8
      vertex 16.2336 12.6606 12
    endloop
  endfacet
  facet normal 0.555607 0.831445 -0
    outer loop
      vertex 11.25 10.9689 2.8
      vertex 10.8693 11.2233 12
      vertex 11.25 10.9689 12
    endloop
  endfacet
  facet normal 0.555607 0.831445 0
    outer loop
      vertex 10.8693 11.2233 12
      vertex 11.25 10.9689 2.8
      vertex 10.8693 11.2233 2.8
    endloop
  endfacet
  facet normal 0.659278 0.7519 -0
    outer loop
      vertex 10.8693 11.2233 2.8
      vertex 10.5251 11.5251 12
      vertex 10.8693 11.2233 12
    endloop
  endfacet
  facet normal 0.659278 0.7519 0
    outer loop
      vertex 10.5251 11.5251 12
      vertex 10.8693 11.2233 2.8
      vertex 10.5251 11.5251 2.8
    endloop
  endfacet
  facet normal -0.7519 0.659278 0
    outer loop
      vertex 15.4749 11.5251 2.8
      vertex 15.7767 11.8693 12
      vertex 15.7767 11.8693 2.8
    endloop
  endfacet
  facet normal -0.7519 0.659278 0
    outer loop
      vertex 15.7767 11.8693 12
      vertex 15.4749 11.5251 2.8
      vertex 15.4749 11.5251 12
    endloop
  endfacet
  facet normal 0.896869 0.442297 0
    outer loop
      vertex 9.96891 12.25 12
      vertex 9.76642 12.6606 2.8
      vertex 9.76642 12.6606 12
    endloop
  endfacet
  facet normal 0.896869 0.442297 0
    outer loop
      vertex 9.76642 12.6606 2.8
      vertex 9.96891 12.25 12
      vertex 9.96891 12.25 2.8
    endloop
  endfacet
  facet normal 0.0653156 0.997865 -0
    outer loop
      vertex 13 10.5 2.8
      vertex 12.5432 10.5299 12
      vertex 13 10.5 12
    endloop
  endfacet
  facet normal 0.0653156 0.997865 0
    outer loop
      vertex 12.5432 10.5299 12
      vertex 13 10.5 2.8
      vertex 12.5432 10.5299 2.8
    endloop
  endfacet
  facet normal -0.7519 -0.659278 0
    outer loop
      vertex 15.7767 16.1307 2.8
      vertex 15.4749 16.4749 12
      vertex 15.4749 16.4749 2.8
    endloop
  endfacet
  facet normal -0.7519 -0.659278 0
    outer loop
      vertex 15.4749 16.4749 12
      vertex 15.7767 16.1307 2.8
      vertex 15.7767 16.1307 12
    endloop
  endfacet
  facet normal 0.555607 -0.831445 0
    outer loop
      vertex 10.8693 16.7767 2.8
      vertex 11.25 17.0311 12
      vertex 10.8693 16.7767 12
    endloop
  endfacet
  facet normal 0.555607 -0.831445 0
    outer loop
      vertex 11.25 17.0311 12
      vertex 10.8693 16.7767 2.8
      vertex 11.25 17.0311 2.8
    endloop
  endfacet
  facet normal -0.321335 0.946966 0
    outer loop
      vertex 14.3394 10.7664 2.8
      vertex 13.9059 10.6193 12
      vertex 14.3394 10.7664 12
    endloop
  endfacet
  facet normal -0.321335 0.946966 0
    outer loop
      vertex 13.9059 10.6193 12
      vertex 14.3394 10.7664 2.8
      vertex 13.9059 10.6193 2.8
    endloop
  endfacet
  facet normal -0.442314 0.89686 0
    outer loop
      vertex 14.75 10.9689 2.8
      vertex 14.3394 10.7664 12
      vertex 14.75 10.9689 12
    endloop
  endfacet
  facet normal -0.442314 0.89686 0
    outer loop
      vertex 14.3394 10.7664 12
      vertex 14.75 10.9689 2.8
      vertex 14.3394 10.7664 2.8
    endloop
  endfacet
  facet normal 0.321335 -0.946966 0
    outer loop
      vertex 11.6606 17.2336 2.8
      vertex 12.0941 17.3807 12
      vertex 11.6606 17.2336 12
    endloop
  endfacet
  facet normal 0.321335 -0.946966 0
    outer loop
      vertex 12.0941 17.3807 12
      vertex 11.6606 17.2336 2.8
      vertex 12.0941 17.3807 2.8
    endloop
  endfacet
  facet normal 0.195234 0.980757 -0
    outer loop
      vertex 12.5432 10.5299 2.8
      vertex 12.0941 10.6193 12
      vertex 12.5432 10.5299 12
    endloop
  endfacet
  facet normal 0.195234 0.980757 0
    outer loop
      vertex 12.0941 10.6193 12
      vertex 12.5432 10.5299 2.8
      vertex 12.0941 10.6193 2.8
    endloop
  endfacet
  facet normal -0.195234 -0.980757 0
    outer loop
      vertex 13.4568 17.4701 2.8
      vertex 13.9059 17.3807 12
      vertex 13.4568 17.4701 12
    endloop
  endfacet
  facet normal -0.195234 -0.980757 -0
    outer loop
      vertex 13.9059 17.3807 12
      vertex 13.4568 17.4701 2.8
      vertex 13.9059 17.3807 2.8
    endloop
  endfacet
  facet normal 0.442314 0.89686 -0
    outer loop
      vertex 11.6606 10.7664 2.8
      vertex 11.25 10.9689 12
      vertex 11.6606 10.7664 12
    endloop
  endfacet
  facet normal 0.442314 0.89686 0
    outer loop
      vertex 11.25 10.9689 12
      vertex 11.6606 10.7664 2.8
      vertex 11.25 10.9689 2.8
    endloop
  endfacet
  facet normal 0.831455 0.555592 0
    outer loop
      vertex 10.2233 11.8693 12
      vertex 9.96891 12.25 2.8
      vertex 9.96891 12.25 12
    endloop
  endfacet
  facet normal 0.831455 0.555592 0
    outer loop
      vertex 9.96891 12.25 2.8
      vertex 10.2233 11.8693 12
      vertex 10.2233 11.8693 2.8
    endloop
  endfacet
  facet normal 0.946926 -0.321452 0
    outer loop
      vertex 9.61926 14.9059 12
      vertex 9.76642 15.3394 2.8
      vertex 9.76642 15.3394 12
    endloop
  endfacet
  facet normal 0.946926 -0.321452 0
    outer loop
      vertex 9.76642 15.3394 2.8
      vertex 9.61926 14.9059 12
      vertex 9.61926 14.9059 2.8
    endloop
  endfacet
  facet normal 0 -1 0
    outer loop
      vertex 10.0266 19.15 12
      vertex 15.9734 19.15 29.31
      vertex 10.0266 19.15 29.31
    endloop
  endfacet
  facet normal 0 -1 -0
    outer loop
      vertex 15.9734 19.15 29.31
      vertex 10.0266 19.15 12
      vertex 15.9734 19.15 12
    endloop
  endfacet
  facet normal -0.866027 -0.499998 0
    outer loop
      vertex 15.9734 19.15 12
      vertex 18.889 14.1 29.31
      vertex 15.9734 19.15 29.31
    endloop
  endfacet
  facet normal -0.866029 -0.499993 1.70007e-06
    outer loop
      vertex 18.9467 14 12
      vertex 18.889 14.1 29.31
      vertex 15.9734 19.15 12
    endloop
  endfacet
  facet normal -0.866157 -0.499772 -0
    outer loop
      vertex 18.9467 14 31.8
      vertex 18.889 14.1 29.31
      vertex 18.9467 14 12
    endloop
  endfacet
  facet normal -0.866157 -0.499772 0
    outer loop
      vertex 18.889 14.1 29.31
      vertex 18.9467 14 31.8
      vertex 18.889 14.1 31.8
    endloop
  endfacet
  facet normal 0.86603 -0.499992 0
    outer loop
      vertex 8.15 15.8996 31.8
      vertex 7.05329 14 31.8
      vertex 8.15 15.8996 29.31
    endloop
  endfacet
  facet normal 0.866028 -0.499996 0
    outer loop
      vertex 8.15 15.8996 29.31
      vertex 10.0266 19.15 12
      vertex 10.0266 19.15 29.31
    endloop
  endfacet
  facet normal 0.86603 -0.499992 0
    outer loop
      vertex 7.05329 14 12
      vertex 8.15 15.8996 29.31
      vertex 7.05329 14 31.8
    endloop
  endfacet
  facet normal 0.866029 -0.499994 4.1944e-07
    outer loop
      vertex 8.15 15.8996 29.31
      vertex 7.05329 14 12
      vertex 10.0266 19.15 12
    endloop
  endfacet
  facet normal 0.866029 0.499994 0
    outer loop
      vertex 10.0266 8.85 31.8
      vertex 7.05329 14 12
      vertex 7.05329 14 31.8
    endloop
  endfacet
  facet normal 0.866029 0.499994 0
    outer loop
      vertex 7.05329 14 12
      vertex 10.0266 8.85 31.8
      vertex 10.0266 8.85 12
    endloop
  endfacet
  facet normal 0 0 1
    outer loop
      vertex 18.9467 14 12
      vertex 16.4701 14.4568 12
      vertex 16.5 14 12
    endloop
  endfacet
  facet normal 0 0 1
    outer loop
      vertex 18.9467 14 12
      vertex 16.3807 14.9059 12
      vertex 16.4701 14.4568 12
    endloop
  endfacet
  facet normal 0 0 1
    outer loop
      vertex 18.9467 14 12
      vertex 16.2336 15.3394 12
      vertex 16.3807 14.9059 12
    endloop
  endfacet
  facet normal 0 0 1
    outer loop
      vertex 18.9467 14 12
      vertex 16.0311 15.75 12
      vertex 16.2336 15.3394 12
    endloop
  endfacet
  facet normal 0 0 1
    outer loop
      vertex 15.9734 19.15 12
      vertex 16.0311 15.75 12
      vertex 18.9467 14 12
    endloop
  endfacet
  facet normal 0 0 1
    outer loop
      vertex 15.9734 19.15 12
      vertex 15.7767 16.1307 12
      vertex 16.0311 15.75 12
    endloop
  endfacet
  facet normal 0 0 1
    outer loop
      vertex 15.9734 19.15 12
      vertex 15.4749 16.4749 12
      vertex 15.7767 16.1307 12
    endloop
  endfacet
  facet normal 0 0 1
    outer loop
      vertex 15.9734 19.15 12
      vertex 15.1307 16.7767 12
      vertex 15.4749 16.4749 12
    endloop
  endfacet
  facet normal 0 0 1
    outer loop
      vertex 15.9734 19.15 12
      vertex 14.75 17.0311 12
      vertex 15.1307 16.7767 12
    endloop
  endfacet
  facet normal 0 0 1
    outer loop
      vertex 15.9734 19.15 12
      vertex 14.3394 17.2336 12
      vertex 14.75 17.0311 12
    endloop
  endfacet
  facet normal 0 0 1
    outer loop
      vertex 15.9734 19.15 12
      vertex 13.9059 17.3807 12
      vertex 14.3394 17.2336 12
    endloop
  endfacet
  facet normal 0 0 1
    outer loop
      vertex 15.9734 19.15 12
      vertex 13.4568 17.4701 12
      vertex 13.9059 17.3807 12
    endloop
  endfacet
  facet normal 0 0 1
    outer loop
      vertex 15.9734 19.15 12
      vertex 13 17.5 12
      vertex 13.4568 17.4701 12
    endloop
  endfacet
  facet normal -0 0 1
    outer loop
      vertex 10.0266 19.15 12
      vertex 13 17.5 12
      vertex 15.9734 19.15 12
    endloop
  endfacet
  facet normal 0 0 1
    outer loop
      vertex 13 17.5 12
      vertex 10.0266 19.15 12
      vertex 12.5432 17.4701 12
    endloop
  endfacet
  facet normal 0 0 1
    outer loop
      vertex 12.5432 17.4701 12
      vertex 10.0266 19.15 12
      vertex 12.0941 17.3807 12
    endloop
  endfacet
  facet normal 0 0 1
    outer loop
      vertex 12.0941 17.3807 12
      vertex 10.0266 19.15 12
      vertex 11.6606 17.2336 12
    endloop
  endfacet
  facet normal 0 0 1
    outer loop
      vertex 10.0266 19.15 12
      vertex 11.25 17.0311 12
      vertex 11.6606 17.2336 12
    endloop
  endfacet
  facet normal 0 0 1
    outer loop
      vertex 10.0266 19.15 12
      vertex 10.8693 16.7767 12
      vertex 11.25 17.0311 12
    endloop
  endfacet
  facet normal 0 0 1
    outer loop
      vertex 10.0266 19.15 12
      vertex 10.5251 16.4749 12
      vertex 10.8693 16.7767 12
    endloop
  endfacet
  facet normal 0 0 1
    outer loop
      vertex 10.0266 19.15 12
      vertex 10.2233 16.1307 12
      vertex 10.5251 16.4749 12
    endloop
  endfacet
  facet normal 0 0 1
    outer loop
      vertex 10.0266 19.15 12
      vertex 9.96891 15.75 12
      vertex 10.2233 16.1307 12
    endloop
  endfacet
  facet normal 0 0 1
    outer loop
      vertex 7.05329 14 12
      vertex 9.96891 15.75 12
      vertex 10.0266 19.15 12
    endloop
  endfacet
  facet normal 0 0 1
    outer loop
      vertex 9.96891 15.75 12
      vertex 7.05329 14 12
      vertex 9.76642 15.3394 12
    endloop
  endfacet
  facet normal 0 0 1
    outer loop
      vertex 9.76642 15.3394 12
      vertex 7.05329 14 12
      vertex 9.61926 14.9059 12
    endloop
  endfacet
  facet normal 0 0 1
    outer loop
      vertex 9.52994 14.4568 12
      vertex 7.05329 14 12
      vertex 9.5 14 12
    endloop
  endfacet
  facet normal 0 0 1
    outer loop
      vertex 9.61926 14.9059 12
      vertex 7.05329 14 12
      vertex 9.52994 14.4568 12
    endloop
  endfacet
  facet normal 0 0 1
    outer loop
      vertex 16.4701 13.5432 12
      vertex 18.9467 14 12
      vertex 16.5 14 12
    endloop
  endfacet
  facet normal 0 0 1
    outer loop
      vertex 16.3807 13.0941 12
      vertex 18.9467 14 12
      vertex 16.4701 13.5432 12
    endloop
  endfacet
  facet normal 0 0 1
    outer loop
      vertex 16.2336 12.6606 12
      vertex 18.9467 14 12
      vertex 16.3807 13.0941 12
    endloop
  endfacet
  facet normal 0 0 1
    outer loop
      vertex 16.0311 12.25 12
      vertex 18.9467 14 12
      vertex 16.2336 12.6606 12
    endloop
  endfacet
  facet normal -0 0 1
    outer loop
      vertex 16.0311 12.25 12
      vertex 15.9734 8.85 12
      vertex 18.9467 14 12
    endloop
  endfacet
  facet normal -0 0 1
    outer loop
      vertex 15.7767 11.8693 12
      vertex 15.9734 8.85 12
      vertex 16.0311 12.25 12
    endloop
  endfacet
  facet normal -0 0 1
    outer loop
      vertex 15.4749 11.5251 12
      vertex 15.9734 8.85 12
      vertex 15.7767 11.8693 12
    endloop
  endfacet
  facet normal -0 0 1
    outer loop
      vertex 15.1307 11.2233 12
      vertex 15.9734 8.85 12
      vertex 15.4749 11.5251 12
    endloop
  endfacet
  facet normal -0 0 1
    outer loop
      vertex 14.75 10.9689 12
      vertex 15.9734 8.85 12
      vertex 15.1307 11.2233 12
    endloop
  endfacet
  facet normal -0 0 1
    outer loop
      vertex 14.3394 10.7664 12
      vertex 15.9734 8.85 12
      vertex 14.75 10.9689 12
    endloop
  endfacet
  facet normal -0 0 1
    outer loop
      vertex 13.9059 10.6193 12
      vertex 15.9734 8.85 12
      vertex 14.3394 10.7664 12
    endloop
  endfacet
  facet normal -0 0 1
    outer loop
      vertex 13.4568 10.5299 12
      vertex 15.9734 8.85 12
      vertex 13.9059 10.6193 12
    endloop
  endfacet
  facet normal -0 0 1
    outer loop
      vertex 13 10.5 12
      vertex 15.9734 8.85 12
      vertex 13.4568 10.5299 12
    endloop
  endfacet
  facet normal 0 0 1
    outer loop
      vertex 10.0266 8.85 12
      vertex 13 10.5 12
      vertex 12.5432 10.5299 12
    endloop
  endfacet
  facet normal 0 0 1
    outer loop
      vertex 10.0266 8.85 12
      vertex 12.5432 10.5299 12
      vertex 12.0941 10.6193 12
    endloop
  endfacet
  facet normal 0 0 1
    outer loop
      vertex 10.0266 8.85 12
      vertex 12.0941 10.6193 12
      vertex 11.6606 10.7664 12
    endloop
  endfacet
  facet normal 0 0 1
    outer loop
      vertex 13 10.5 12
      vertex 10.0266 8.85 12
      vertex 15.9734 8.85 12
    endloop
  endfacet
  facet normal 0 0 1
    outer loop
      vertex 11.25 10.9689 12
      vertex 10.0266 8.85 12
      vertex 11.6606 10.7664 12
    endloop
  endfacet
  facet normal 0 0 1
    outer loop
      vertex 10.8693 11.2233 12
      vertex 10.0266 8.85 12
      vertex 11.25 10.9689 12
    endloop
  endfacet
  facet normal 0 0 1
    outer loop
      vertex 10.5251 11.5251 12
      vertex 10.0266 8.85 12
      vertex 10.8693 11.2233 12
    endloop
  endfacet
  facet normal 0 0 1
    outer loop
      vertex 10.2233 11.8693 12
      vertex 10.0266 8.85 12
      vertex 10.5251 11.5251 12
    endloop
  endfacet
  facet normal 0 0 1
    outer loop
      vertex 9.96891 12.25 12
      vertex 10.0266 8.85 12
      vertex 10.2233 11.8693 12
    endloop
  endfacet
  facet normal 0 0 1
    outer loop
      vertex 7.05329 14 12
      vertex 9.96891 12.25 12
      vertex 9.76642 12.6606 12
    endloop
  endfacet
  facet normal 0 0 1
    outer loop
      vertex 7.05329 14 12
      vertex 9.76642 12.6606 12
      vertex 9.61926 13.0941 12
    endloop
  endfacet
  facet normal 0 0 1
    outer loop
      vertex 7.05329 14 12
      vertex 9.61926 13.0941 12
      vertex 9.52994 13.5432 12
    endloop
  endfacet
  facet normal 0 0 1
    outer loop
      vertex 9.96891 12.25 12
      vertex 7.05329 14 12
      vertex 10.0266 8.85 12
    endloop
  endfacet
  facet normal -0 0 1
    outer loop
      vertex 7.05329 14 12
      vertex 9.52994 13.5432 12
      vertex 9.5 14 12
    endloop
  endfacet
  facet normal -0.866029 0.499993 0
    outer loop
      vertex 15.9734 8.85 12
      vertex 18.9467 14 31.8
      vertex 18.9467 14 12
    endloop
  endfacet
  facet normal -0.866029 0.499993 0
    outer loop
      vertex 18.9467 14 31.8
      vertex 15.9734 8.85 12
      vertex 15.9734 8.85 31.8
    endloop
  endfacet
  facet normal 0 1 -0
    outer loop
      vertex 15.9734 8.85 12
      vertex 10.0266 8.85 31.8
      vertex 15.9734 8.85 31.8
    endloop
  endfacet
  facet normal 0 1 0
    outer loop
      vertex 10.0266 8.85 31.8
      vertex 15.9734 8.85 12
      vertex 10.0266 8.85 12
    endloop
  endfacet
  facet normal 0.946926 0.321452 0
    outer loop
      vertex 9.76642 62.6606 12
      vertex 9.61926 63.0941 7.62939e-07
      vertex 9.61926 63.0941 12
    endloop
  endfacet
  facet normal 0.946926 0.321452 0
    outer loop
      vertex 9.61926 63.0941 7.62939e-07
      vertex 9.76642 62.6606 12
      vertex 9.76642 62.6606 7.62939e-07
    endloop
  endfacet
  facet normal -0.195234 0.980757 0
    outer loop
      vertex 13.9059 60.6193 7.62939e-07
      vertex 13.4568 60.5299 12
      vertex 13.9059 60.6193 12
    endloop
  endfacet
  facet normal -0.195234 0.980757 0
    outer loop
      vertex 13.4568 60.5299 12
      vertex 13.9059 60.6193 7.62939e-07
      vertex 13.4568 60.5299 7.62939e-07
    endloop
  endfacet
  facet normal -0.980757 -0.195234 0
    outer loop
      vertex 16.4701 64.4568 7.62939e-07
      vertex 16.3807 64.9059 12
      vertex 16.3807 64.9059 7.62939e-07
    endloop
  endfacet
  facet normal -0.980757 -0.195234 0
    outer loop
      vertex 16.3807 64.9059 12
      vertex 16.4701 64.4568 7.62939e-07
      vertex 16.4701 64.4568 12
    endloop
  endfacet
  facet normal -0.997865 -0.0653156 0
    outer loop
      vertex 16.5 64 7.62939e-07
      vertex 16.4701 64.4568 12
      vertex 16.4701 64.4568 7.62939e-07
    endloop
  endfacet
  facet normal -0.997865 -0.0653156 0
    outer loop
      vertex 16.4701 64.4568 12
      vertex 16.5 64 7.62939e-07
      vertex 16.5 64 12
    endloop
  endfacet
  facet normal 0.442314 -0.89686 0
    outer loop
      vertex 11.25 67.0311 7.62939e-07
      vertex 11.6606 67.2336 12
      vertex 11.25 67.0311 12
    endloop
  endfacet
  facet normal 0.442314 -0.89686 0
    outer loop
      vertex 11.6606 67.2336 12
      vertex 11.25 67.0311 7.62939e-07
      vertex 11.6606 67.2336 7.62939e-07
    endloop
  endfacet
  facet normal -0.946966 -0.321335 0
    outer loop
      vertex 16.3807 64.9059 7.62939e-07
      vertex 16.2336 65.3394 12
      vertex 16.2336 65.3394 7.62939e-07
    endloop
  endfacet
  facet normal -0.946966 -0.321335 0
    outer loop
      vertex 16.2336 65.3394 12
      vertex 16.3807 64.9059 7.62939e-07
      vertex 16.3807 64.9059 12
    endloop
  endfacet
  facet normal -0.89686 0.442314 0
    outer loop
      vertex 16.0311 62.25 7.62939e-07
      vertex 16.2336 62.6606 12
      vertex 16.2336 62.6606 7.62939e-07
    endloop
  endfacet
  facet normal -0.89686 0.442314 0
    outer loop
      vertex 16.2336 62.6606 12
      vertex 16.0311 62.25 7.62939e-07
      vertex 16.0311 62.25 12
    endloop
  endfacet
  facet normal -0.997865 0.0653156 0
    outer loop
      vertex 16.4701 63.5432 7.62939e-07
      vertex 16.5 64 12
      vertex 16.5 64 7.62939e-07
    endloop
  endfacet
  facet normal -0.997865 0.0653156 0
    outer loop
      vertex 16.5 64 12
      vertex 16.4701 63.5432 7.62939e-07
      vertex 16.4701 63.5432 12
    endloop
  endfacet
  facet normal -0.659278 -0.7519 0
    outer loop
      vertex 15.1307 66.7767 7.62939e-07
      vertex 15.4749 66.4749 12
      vertex 15.1307 66.7767 12
    endloop
  endfacet
  facet normal -0.659278 -0.7519 -0
    outer loop
      vertex 15.4749 66.4749 12
      vertex 15.1307 66.7767 7.62939e-07
      vertex 15.4749 66.4749 7.62939e-07
    endloop
  endfacet
  facet normal 0.659278 -0.7519 0
    outer loop
      vertex 10.5251 66.4749 7.62939e-07
      vertex 10.8693 66.7767 12
      vertex 10.5251 66.4749 12
    endloop
  endfacet
  facet normal 0.659278 -0.7519 0
    outer loop
      vertex 10.8693 66.7767 12
      vertex 10.5251 66.4749 7.62939e-07
      vertex 10.8693 66.7767 7.62939e-07
    endloop
  endfacet
  facet normal -0.0653156 -0.997865 0
    outer loop
      vertex 13 67.5 7.62939e-07
      vertex 13.4568 67.4701 12
      vertex 13 67.5 12
    endloop
  endfacet
  facet normal -0.0653156 -0.997865 -0
    outer loop
      vertex 13.4568 67.4701 12
      vertex 13 67.5 7.62939e-07
      vertex 13.4568 67.4701 7.62939e-07
    endloop
  endfacet
  facet normal 0.997859 -0.0654026 0
    outer loop
      vertex 9.5 64 12
      vertex 9.52994 64.4568 7.62939e-07
      vertex 9.52994 64.4568 12
    endloop
  endfacet
  facet normal 0.997859 -0.0654026 0
    outer loop
      vertex 9.52994 64.4568 7.62939e-07
      vertex 9.5 64 12
      vertex 9.5 64 7.62939e-07
    endloop
  endfacet
  facet normal 0.7519 0.659278 0
    outer loop
      vertex 10.5251 61.5251 12
      vertex 10.2233 61.8693 7.62939e-07
      vertex 10.2233 61.8693 12
    endloop
  endfacet
  facet normal 0.7519 0.659278 0
    outer loop
      vertex 10.2233 61.8693 7.62939e-07
      vertex 10.5251 61.5251 12
      vertex 10.5251 61.5251 7.62939e-07
    endloop
  endfacet
  facet normal 0.98079 0.195066 0
    outer loop
      vertex 9.61926 63.0941 12
      vertex 9.52994 63.5432 7.62939e-07
      vertex 9.52994 63.5432 12
    endloop
  endfacet
  facet normal 0.98079 0.195066 0
    outer loop
      vertex 9.52994 63.5432 7.62939e-07
      vertex 9.61926 63.0941 12
      vertex 9.61926 63.0941 7.62939e-07
    endloop
  endfacet
  facet normal -0.831445 0.555607 0
    outer loop
      vertex 15.7767 61.8693 7.62939e-07
      vertex 16.0311 62.25 12
      vertex 16.0311 62.25 7.62939e-07
    endloop
  endfacet
  facet normal -0.831445 0.555607 0
    outer loop
      vertex 16.0311 62.25 12
      vertex 15.7767 61.8693 7.62939e-07
      vertex 15.7767 61.8693 12
    endloop
  endfacet
  facet normal 0.896869 -0.442297 0
    outer loop
      vertex 9.76642 65.3394 12
      vertex 9.96891 65.75 7.62939e-07
      vertex 9.96891 65.75 12
    endloop
  endfacet
  facet normal 0.896869 -0.442297 0
    outer loop
      vertex 9.96891 65.75 7.62939e-07
      vertex 9.76642 65.3394 12
      vertex 9.76642 65.3394 7.62939e-07
    endloop
  endfacet
  facet normal 0.831455 -0.555592 0
    outer loop
      vertex 9.96891 65.75 12
      vertex 10.2233 66.1307 7.62939e-07
      vertex 10.2233 66.1307 12
    endloop
  endfacet
  facet normal 0.831455 -0.555592 0
    outer loop
      vertex 10.2233 66.1307 7.62939e-07
      vertex 9.96891 65.75 12
      vertex 9.96891 65.75 7.62939e-07
    endloop
  endfacet
  facet normal 0.0653156 -0.997865 0
    outer loop
      vertex 12.5432 67.4701 7.62939e-07
      vertex 13 67.5 12
      vertex 12.5432 67.4701 12
    endloop
  endfacet
  facet normal 0.0653156 -0.997865 0
    outer loop
      vertex 13 67.5 12
      vertex 12.5432 67.4701 7.62939e-07
      vertex 13 67.5 7.62939e-07
    endloop
  endfacet
  facet normal 0.321335 0.946966 -0
    outer loop
      vertex 12.0941 60.6193 7.62939e-07
      vertex 11.6606 60.7664 12
      vertex 12.0941 60.6193 12
    endloop
  endfacet
  facet normal 0.321335 0.946966 0
    outer loop
      vertex 11.6606 60.7664 12
      vertex 12.0941 60.6193 7.62939e-07
      vertex 11.6606 60.7664 7.62939e-07
    endloop
  endfacet
  facet normal -0.442314 -0.89686 0
    outer loop
      vertex 14.3394 67.2336 7.62939e-07
      vertex 14.75 67.0311 12
      vertex 14.3394 67.2336 12
    endloop
  endfacet
  facet normal -0.442314 -0.89686 -0
    outer loop
      vertex 14.75 67.0311 12
      vertex 14.3394 67.2336 7.62939e-07
      vertex 14.75 67.0311 7.62939e-07
    endloop
  endfacet
  facet normal -0.0653156 0.997865 0
    outer loop
      vertex 13.4568 60.5299 7.62939e-07
      vertex 13 60.5 12
      vertex 13.4568 60.5299 12
    endloop
  endfacet
  facet normal -0.0653156 0.997865 0
    outer loop
      vertex 13 60.5 12
      vertex 13.4568 60.5299 7.62939e-07
      vertex 13 60.5 7.62939e-07
    endloop
  endfacet
  facet normal -0.555607 0.831445 0
    outer loop
      vertex 15.1307 61.2233 7.62939e-07
      vertex 14.75 60.9689 12
      vertex 15.1307 61.2233 12
    endloop
  endfacet
  facet normal -0.555607 0.831445 0
    outer loop
      vertex 14.75 60.9689 12
      vertex 15.1307 61.2233 7.62939e-07
      vertex 14.75 60.9689 7.62939e-07
    endloop
  endfacet
  facet normal -0.980757 0.195234 0
    outer loop
      vertex 16.3807 63.0941 7.62939e-07
      vertex 16.4701 63.5432 12
      vertex 16.4701 63.5432 7.62939e-07
    endloop
  endfacet
  facet normal -0.980757 0.195234 0
    outer loop
      vertex 16.4701 63.5432 12
      vertex 16.3807 63.0941 7.62939e-07
      vertex 16.3807 63.0941 12
    endloop
  endfacet
  facet normal 0.7519 -0.659278 0
    outer loop
      vertex 10.2233 66.1307 12
      vertex 10.5251 66.4749 7.62939e-07
      vertex 10.5251 66.4749 12
    endloop
  endfacet
  facet normal 0.7519 -0.659278 0
    outer loop
      vertex 10.5251 66.4749 7.62939e-07
      vertex 10.2233 66.1307 12
      vertex 10.2233 66.1307 7.62939e-07
    endloop
  endfacet
  facet normal 0.98079 -0.195066 0
    outer loop
      vertex 9.52994 64.4568 12
      vertex 9.61926 64.9059 7.62939e-07
      vertex 9.61926 64.9059 12
    endloop
  endfacet
  facet normal 0.98079 -0.195066 0
    outer loop
      vertex 9.61926 64.9059 7.62939e-07
      vertex 9.52994 64.4568 12
      vertex 9.52994 64.4568 7.62939e-07
    endloop
  endfacet
  facet normal -0.831445 -0.555607 0
    outer loop
      vertex 16.0311 65.75 7.62939e-07
      vertex 15.7767 66.1307 12
      vertex 15.7767 66.1307 7.62939e-07
    endloop
  endfacet
  facet normal -0.831445 -0.555607 0
    outer loop
      vertex 15.7767 66.1307 12
      vertex 16.0311 65.75 7.62939e-07
      vertex 16.0311 65.75 12
    endloop
  endfacet
  facet normal -0.555607 -0.831445 0
    outer loop
      vertex 14.75 67.0311 7.62939e-07
      vertex 15.1307 66.7767 12
      vertex 14.75 67.0311 12
    endloop
  endfacet
  facet normal -0.555607 -0.831445 -0
    outer loop
      vertex 15.1307 66.7767 12
      vertex 14.75 67.0311 7.62939e-07
      vertex 15.1307 66.7767 7.62939e-07
    endloop
  endfacet
  facet normal 0.997859 0.0654026 0
    outer loop
      vertex 9.52994 63.5432 12
      vertex 9.5 64 7.62939e-07
      vertex 9.5 64 12
    endloop
  endfacet
  facet normal 0.997859 0.0654026 0
    outer loop
      vertex 9.5 64 7.62939e-07
      vertex 9.52994 63.5432 12
      vertex 9.52994 63.5432 7.62939e-07
    endloop
  endfacet
  facet normal -0.321335 -0.946966 0
    outer loop
      vertex 13.9059 67.3807 7.62939e-07
      vertex 14.3394 67.2336 12
      vertex 13.9059 67.3807 12
    endloop
  endfacet
  facet normal -0.321335 -0.946966 -0
    outer loop
      vertex 14.3394 67.2336 12
      vertex 13.9059 67.3807 7.62939e-07
      vertex 14.3394 67.2336 7.62939e-07
    endloop
  endfacet
  facet normal -0.659278 0.7519 0
    outer loop
      vertex 15.4749 61.5251 7.62939e-07
      vertex 15.1307 61.2233 12
      vertex 15.4749 61.5251 12
    endloop
  endfacet
  facet normal -0.659278 0.7519 0
    outer loop
      vertex 15.1307 61.2233 12
      vertex 15.4749 61.5251 7.62939e-07
      vertex 15.1307 61.2233 7.62939e-07
    endloop
  endfacet
  facet normal 0.195234 -0.980757 0
    outer loop
      vertex 12.0941 67.3807 7.62939e-07
      vertex 12.5432 67.4701 12
      vertex 12.0941 67.3807 12
    endloop
  endfacet
  facet normal 0.195234 -0.980757 0
    outer loop
      vertex 12.5432 67.4701 12
      vertex 12.0941 67.3807 7.62939e-07
      vertex 12.5432 67.4701 7.62939e-07
    endloop
  endfacet
  facet normal -0.89686 -0.442314 0
    outer loop
      vertex 16.2336 65.3394 7.62939e-07
      vertex 16.0311 65.75 12
      vertex 16.0311 65.75 7.62939e-07
    endloop
  endfacet
  facet normal -0.89686 -0.442314 0
    outer loop
      vertex 16.0311 65.75 12
      vertex 16.2336 65.3394 7.62939e-07
      vertex 16.2336 65.3394 12
    endloop
  endfacet
  facet normal -0.946966 0.321335 0
    outer loop
      vertex 16.2336 62.6606 7.62939e-07
      vertex 16.3807 63.0941 12
      vertex 16.3807 63.0941 7.62939e-07
    endloop
  endfacet
  facet normal -0.946966 0.321335 0
    outer loop
      vertex 16.3807 63.0941 12
      vertex 16.2336 62.6606 7.62939e-07
      vertex 16.2336 62.6606 12
    endloop
  endfacet
  facet normal 0.555607 0.831445 -0
    outer loop
      vertex 11.25 60.9689 7.62939e-07
      vertex 10.8693 61.2233 12
      vertex 11.25 60.9689 12
    endloop
  endfacet
  facet normal 0.555607 0.831445 0
    outer loop
      vertex 10.8693 61.2233 12
      vertex 11.25 60.9689 7.62939e-07
      vertex 10.8693 61.2233 7.62939e-07
    endloop
  endfacet
  facet normal 0.659278 0.7519 -0
    outer loop
      vertex 10.8693 61.2233 7.62939e-07
      vertex 10.5251 61.5251 12
      vertex 10.8693 61.2233 12
    endloop
  endfacet
  facet normal 0.659278 0.7519 0
    outer loop
      vertex 10.5251 61.5251 12
      vertex 10.8693 61.2233 7.62939e-07
      vertex 10.5251 61.5251 7.62939e-07
    endloop
  endfacet
  facet normal -0.7519 0.659278 0
    outer loop
      vertex 15.4749 61.5251 7.62939e-07
      vertex 15.7767 61.8693 12
      vertex 15.7767 61.8693 7.62939e-07
    endloop
  endfacet
  facet normal -0.7519 0.659278 0
    outer loop
      vertex 15.7767 61.8693 12
      vertex 15.4749 61.5251 7.62939e-07
      vertex 15.4749 61.5251 12
    endloop
  endfacet
  facet normal 0.896869 0.442297 0
    outer loop
      vertex 9.96891 62.25 12
      vertex 9.76642 62.6606 7.62939e-07
      vertex 9.76642 62.6606 12
    endloop
  endfacet
  facet normal 0.896869 0.442297 0
    outer loop
      vertex 9.76642 62.6606 7.62939e-07
      vertex 9.96891 62.25 12
      vertex 9.96891 62.25 7.62939e-07
    endloop
  endfacet
  facet normal 0.0653156 0.997865 -0
    outer loop
      vertex 13 60.5 7.62939e-07
      vertex 12.5432 60.5299 12
      vertex 13 60.5 12
    endloop
  endfacet
  facet normal 0.0653156 0.997865 0
    outer loop
      vertex 12.5432 60.5299 12
      vertex 13 60.5 7.62939e-07
      vertex 12.5432 60.5299 7.62939e-07
    endloop
  endfacet
  facet normal -0.7519 -0.659278 0
    outer loop
      vertex 15.7767 66.1307 7.62939e-07
      vertex 15.4749 66.4749 12
      vertex 15.4749 66.4749 7.62939e-07
    endloop
  endfacet
  facet normal -0.7519 -0.659278 0
    outer loop
      vertex 15.4749 66.4749 12
      vertex 15.7767 66.1307 7.62939e-07
      vertex 15.7767 66.1307 12
    endloop
  endfacet
  facet normal 0.555607 -0.831445 0
    outer loop
      vertex 10.8693 66.7767 7.62939e-07
      vertex 11.25 67.0311 12
      vertex 10.8693 66.7767 12
    endloop
  endfacet
  facet normal 0.555607 -0.831445 0
    outer loop
      vertex 11.25 67.0311 12
      vertex 10.8693 66.7767 7.62939e-07
      vertex 11.25 67.0311 7.62939e-07
    endloop
  endfacet
  facet normal -0.321335 0.946966 0
    outer loop
      vertex 14.3394 60.7664 7.62939e-07
      vertex 13.9059 60.6193 12
      vertex 14.3394 60.7664 12
    endloop
  endfacet
  facet normal -0.321335 0.946966 0
    outer loop
      vertex 13.9059 60.6193 12
      vertex 14.3394 60.7664 7.62939e-07
      vertex 13.9059 60.6193 7.62939e-07
    endloop
  endfacet
  facet normal -0.442314 0.89686 0
    outer loop
      vertex 14.75 60.9689 7.62939e-07
      vertex 14.3394 60.7664 12
      vertex 14.75 60.9689 12
    endloop
  endfacet
  facet normal -0.442314 0.89686 0
    outer loop
      vertex 14.3394 60.7664 12
      vertex 14.75 60.9689 7.62939e-07
      vertex 14.3394 60.7664 7.62939e-07
    endloop
  endfacet
  facet normal 0.321335 -0.946966 0
    outer loop
      vertex 11.6606 67.2336 7.62939e-07
      vertex 12.0941 67.3807 12
      vertex 11.6606 67.2336 12
    endloop
  endfacet
  facet normal 0.321335 -0.946966 0
    outer loop
      vertex 12.0941 67.3807 12
      vertex 11.6606 67.2336 7.62939e-07
      vertex 12.0941 67.3807 7.62939e-07
    endloop
  endfacet
  facet normal 0.195234 0.980757 -0
    outer loop
      vertex 12.5432 60.5299 7.62939e-07
      vertex 12.0941 60.6193 12
      vertex 12.5432 60.5299 12
    endloop
  endfacet
  facet normal 0.195234 0.980757 0
    outer loop
      vertex 12.0941 60.6193 12
      vertex 12.5432 60.5299 7.62939e-07
      vertex 12.0941 60.6193 7.62939e-07
    endloop
  endfacet
  facet normal -0.195234 -0.980757 0
    outer loop
      vertex 13.4568 67.4701 7.62939e-07
      vertex 13.9059 67.3807 12
      vertex 13.4568 67.4701 12
    endloop
  endfacet
  facet normal -0.195234 -0.980757 -0
    outer loop
      vertex 13.9059 67.3807 12
      vertex 13.4568 67.4701 7.62939e-07
      vertex 13.9059 67.3807 7.62939e-07
    endloop
  endfacet
  facet normal 0.442314 0.89686 -0
    outer loop
      vertex 11.6606 60.7664 7.62939e-07
      vertex 11.25 60.9689 12
      vertex 11.6606 60.7664 12
    endloop
  endfacet
  facet normal 0.442314 0.89686 0
    outer loop
      vertex 11.25 60.9689 12
      vertex 11.6606 60.7664 7.62939e-07
      vertex 11.25 60.9689 7.62939e-07
    endloop
  endfacet
  facet normal 0.831455 0.555592 0
    outer loop
      vertex 10.2233 61.8693 12
      vertex 9.96891 62.25 7.62939e-07
      vertex 9.96891 62.25 12
    endloop
  endfacet
  facet normal 0.831455 0.555592 0
    outer loop
      vertex 9.96891 62.25 7.62939e-07
      vertex 10.2233 61.8693 12
      vertex 10.2233 61.8693 7.62939e-07
    endloop
  endfacet
  facet normal 0.946926 -0.321452 0
    outer loop
      vertex 9.61926 64.9059 12
      vertex 9.76642 65.3394 7.62939e-07
      vertex 9.76642 65.3394 12
    endloop
  endfacet
  facet normal 0.946926 -0.321452 0
    outer loop
      vertex 9.76642 65.3394 7.62939e-07
      vertex 9.61926 64.9059 12
      vertex 9.61926 64.9059 7.62939e-07
    endloop
  endfacet
  facet normal 0 -1 0
    outer loop
      vertex 10.0266 69.15 12
      vertex 15.9734 69.15 31.8
      vertex 10.0266 69.15 31.8
    endloop
  endfacet
  facet normal 0 -1 -0
    outer loop
      vertex 15.9734 69.15 31.8
      vertex 10.0266 69.15 12
      vertex 15.9734 69.15 12
    endloop
  endfacet
  facet normal -0.866029 -0.499993 0
    outer loop
      vertex 18.9467 64 12
      vertex 15.9734 69.15 31.8
      vertex 15.9734 69.15 12
    endloop
  endfacet
  facet normal -0.866029 -0.499993 0
    outer loop
      vertex 15.9734 69.15 31.8
      vertex 18.9467 64 12
      vertex 18.9467 64 31.8
    endloop
  endfacet
  facet normal 0.866029 -0.499994 0
    outer loop
      vertex 7.05329 64 31.8
      vertex 10.0266 69.15 12
      vertex 10.0266 69.15 31.8
    endloop
  endfacet
  facet normal 0.866029 -0.499994 0
    outer loop
      vertex 10.0266 69.15 12
      vertex 7.05329 64 31.8
      vertex 7.05329 64 12
    endloop
  endfacet
  facet normal 0.866029 0.499994 0
    outer loop
      vertex 10.0266 58.85 31.8
      vertex 7.05329 64 12
      vertex 7.05329 64 31.8
    endloop
  endfacet
  facet normal 0.866029 0.499994 0
    outer loop
      vertex 7.05329 64 12
      vertex 10.0266 58.85 31.8
      vertex 10.0266 58.85 12
    endloop
  endfacet
  facet normal 0 0 1
    outer loop
      vertex 18.9467 64 12
      vertex 16.4701 64.4568 12
      vertex 16.5 64 12
    endloop
  endfacet
  facet normal 0 0 1
    outer loop
      vertex 18.9467 64 12
      vertex 16.3807 64.9059 12
      vertex 16.4701 64.4568 12
    endloop
  endfacet
  facet normal 0 0 1
    outer loop
      vertex 18.9467 64 12
      vertex 16.2336 65.3394 12
      vertex 16.3807 64.9059 12
    endloop
  endfacet
  facet normal 0 0 1
    outer loop
      vertex 18.9467 64 12
      vertex 16.0311 65.75 12
      vertex 16.2336 65.3394 12
    endloop
  endfacet
  facet normal 0 0 1
    outer loop
      vertex 15.9734 69.15 12
      vertex 16.0311 65.75 12
      vertex 18.9467 64 12
    endloop
  endfacet
  facet normal 0 0 1
    outer loop
      vertex 15.9734 69.15 12
      vertex 15.7767 66.1307 12
      vertex 16.0311 65.75 12
    endloop
  endfacet
  facet normal 0 0 1
    outer loop
      vertex 15.9734 69.15 12
      vertex 15.4749 66.4749 12
      vertex 15.7767 66.1307 12
    endloop
  endfacet
  facet normal 0 0 1
    outer loop
      vertex 15.9734 69.15 12
      vertex 15.1307 66.7767 12
      vertex 15.4749 66.4749 12
    endloop
  endfacet
  facet normal 0 0 1
    outer loop
      vertex 15.9734 69.15 12
      vertex 14.75 67.0311 12
      vertex 15.1307 66.7767 12
    endloop
  endfacet
  facet normal 0 0 1
    outer loop
      vertex 15.9734 69.15 12
      vertex 14.3394 67.2336 12
      vertex 14.75 67.0311 12
    endloop
  endfacet
  facet normal 0 0 1
    outer loop
      vertex 15.9734 69.15 12
      vertex 13.9059 67.3807 12
      vertex 14.3394 67.2336 12
    endloop
  endfacet
  facet normal 0 0 1
    outer loop
      vertex 15.9734 69.15 12
      vertex 13.4568 67.4701 12
      vertex 13.9059 67.3807 12
    endloop
  endfacet
  facet normal 0 0 1
    outer loop
      vertex 15.9734 69.15 12
      vertex 13 67.5 12
      vertex 13.4568 67.4701 12
    endloop
  endfacet
  facet normal -0 0 1
    outer loop
      vertex 10.0266 69.15 12
      vertex 13 67.5 12
      vertex 15.9734 69.15 12
    endloop
  endfacet
  facet normal 0 0 1
    outer loop
      vertex 13 67.5 12
      vertex 10.0266 69.15 12
      vertex 12.5432 67.4701 12
    endloop
  endfacet
  facet normal 0 0 1
    outer loop
      vertex 12.5432 67.4701 12
      vertex 10.0266 69.15 12
      vertex 12.0941 67.3807 12
    endloop
  endfacet
  facet normal 0 0 1
    outer loop
      vertex 12.0941 67.3807 12
      vertex 10.0266 69.15 12
      vertex 11.6606 67.2336 12
    endloop
  endfacet
  facet normal 0 0 1
    outer loop
      vertex 10.0266 69.15 12
      vertex 11.25 67.0311 12
      vertex 11.6606 67.2336 12
    endloop
  endfacet
  facet normal 0 0 1
    outer loop
      vertex 10.0266 69.15 12
      vertex 10.8693 66.7767 12
      vertex 11.25 67.0311 12
    endloop
  endfacet
  facet normal 0 0 1
    outer loop
      vertex 10.0266 69.15 12
      vertex 10.5251 66.4749 12
      vertex 10.8693 66.7767 12
    endloop
  endfacet
  facet normal 0 0 1
    outer loop
      vertex 10.0266 69.15 12
      vertex 10.2233 66.1307 12
      vertex 10.5251 66.4749 12
    endloop
  endfacet
  facet normal 0 0 1
    outer loop
      vertex 10.0266 69.15 12
      vertex 9.96891 65.75 12
      vertex 10.2233 66.1307 12
    endloop
  endfacet
  facet normal 0 0 1
    outer loop
      vertex 7.05329 64 12
      vertex 9.96891 65.75 12
      vertex 10.0266 69.15 12
    endloop
  endfacet
  facet normal 0 0 1
    outer loop
      vertex 9.96891 65.75 12
      vertex 7.05329 64 12
      vertex 9.76642 65.3394 12
    endloop
  endfacet
  facet normal 0 0 1
    outer loop
      vertex 9.76642 65.3394 12
      vertex 7.05329 64 12
      vertex 9.61926 64.9059 12
    endloop
  endfacet
  facet normal 0 0 1
    outer loop
      vertex 9.52994 64.4568 12
      vertex 7.05329 64 12
      vertex 9.5 64 12
    endloop
  endfacet
  facet normal 0 0 1
    outer loop
      vertex 9.61926 64.9059 12
      vertex 7.05329 64 12
      vertex 9.52994 64.4568 12
    endloop
  endfacet
  facet normal 0 0 1
    outer loop
      vertex 16.4701 63.5432 12
      vertex 18.9467 64 12
      vertex 16.5 64 12
    endloop
  endfacet
  facet normal 0 0 1
    outer loop
      vertex 16.3807 63.0941 12
      vertex 18.9467 64 12
      vertex 16.4701 63.5432 12
    endloop
  endfacet
  facet normal 0 0 1
    outer loop
      vertex 16.2336 62.6606 12
      vertex 18.9467 64 12
      vertex 16.3807 63.0941 12
    endloop
  endfacet
  facet normal 0 0 1
    outer loop
      vertex 16.0311 62.25 12
      vertex 18.9467 64 12
      vertex 16.2336 62.6606 12
    endloop
  endfacet
  facet normal -0 0 1
    outer loop
      vertex 16.0311 62.25 12
      vertex 15.9734 58.85 12
      vertex 18.9467 64 12
    endloop
  endfacet
  facet normal -0 0 1
    outer loop
      vertex 15.7767 61.8693 12
      vertex 15.9734 58.85 12
      vertex 16.0311 62.25 12
    endloop
  endfacet
  facet normal -0 0 1
    outer loop
      vertex 15.4749 61.5251 12
      vertex 15.9734 58.85 12
      vertex 15.7767 61.8693 12
    endloop
  endfacet
  facet normal -0 0 1
    outer loop
      vertex 15.1307 61.2233 12
      vertex 15.9734 58.85 12
      vertex 15.4749 61.5251 12
    endloop
  endfacet
  facet normal -0 0 1
    outer loop
      vertex 14.75 60.9689 12
      vertex 15.9734 58.85 12
      vertex 15.1307 61.2233 12
    endloop
  endfacet
  facet normal -0 0 1
    outer loop
      vertex 14.3394 60.7664 12
      vertex 15.9734 58.85 12
      vertex 14.75 60.9689 12
    endloop
  endfacet
  facet normal -0 0 1
    outer loop
      vertex 13.9059 60.6193 12
      vertex 15.9734 58.85 12
      vertex 14.3394 60.7664 12
    endloop
  endfacet
  facet normal -0 0 1
    outer loop
      vertex 13.4568 60.5299 12
      vertex 15.9734 58.85 12
      vertex 13.9059 60.6193 12
    endloop
  endfacet
  facet normal -0 0 1
    outer loop
      vertex 13 60.5 12
      vertex 15.9734 58.85 12
      vertex 13.4568 60.5299 12
    endloop
  endfacet
  facet normal 0 0 1
    outer loop
      vertex 10.0266 58.85 12
      vertex 13 60.5 12
      vertex 12.5432 60.5299 12
    endloop
  endfacet
  facet normal 0 0 1
    outer loop
      vertex 10.0266 58.85 12
      vertex 12.5432 60.5299 12
      vertex 12.0941 60.6193 12
    endloop
  endfacet
  facet normal 0 0 1
    outer loop
      vertex 10.0266 58.85 12
      vertex 12.0941 60.6193 12
      vertex 11.6606 60.7664 12
    endloop
  endfacet
  facet normal 0 0 1
    outer loop
      vertex 13 60.5 12
      vertex 10.0266 58.85 12
      vertex 15.9734 58.85 12
    endloop
  endfacet
  facet normal 0 0 1
    outer loop
      vertex 11.25 60.9689 12
      vertex 10.0266 58.85 12
      vertex 11.6606 60.7664 12
    endloop
  endfacet
  facet normal 0 0 1
    outer loop
      vertex 10.8693 61.2233 12
      vertex 10.0266 58.85 12
      vertex 11.25 60.9689 12
    endloop
  endfacet
  facet normal 0 0 1
    outer loop
      vertex 10.5251 61.5251 12
      vertex 10.0266 58.85 12
      vertex 10.8693 61.2233 12
    endloop
  endfacet
  facet normal 0 0 1
    outer loop
      vertex 10.2233 61.8693 12
      vertex 10.0266 58.85 12
      vertex 10.5251 61.5251 12
    endloop
  endfacet
  facet normal 0 0 1
    outer loop
      vertex 9.96891 62.25 12
      vertex 10.0266 58.85 12
      vertex 10.2233 61.8693 12
    endloop
  endfacet
  facet normal 0 0 1
    outer loop
      vertex 7.05329 64 12
      vertex 9.96891 62.25 12
      vertex 9.76642 62.6606 12
    endloop
  endfacet
  facet normal 0 0 1
    outer loop
      vertex 7.05329 64 12
      vertex 9.76642 62.6606 12
      vertex 9.61926 63.0941 12
    endloop
  endfacet
  facet normal 0 0 1
    outer loop
      vertex 7.05329 64 12
      vertex 9.61926 63.0941 12
      vertex 9.52994 63.5432 12
    endloop
  endfacet
  facet normal 0 0 1
    outer loop
      vertex 9.96891 62.25 12
      vertex 7.05329 64 12
      vertex 10.0266 58.85 12
    endloop
  endfacet
  facet normal -0 0 1
    outer loop
      vertex 7.05329 64 12
      vertex 9.52994 63.5432 12
      vertex 9.5 64 12
    endloop
  endfacet
  facet normal -0.866029 0.499993 0
    outer loop
      vertex 15.9734 58.85 12
      vertex 18.9467 64 31.8
      vertex 18.9467 64 12
    endloop
  endfacet
  facet normal -0.866029 0.499993 0
    outer loop
      vertex 18.9467 64 31.8
      vertex 15.9734 58.85 12
      vertex 15.9734 58.85 31.8
    endloop
  endfacet
  facet normal 0 1 -0
    outer loop
      vertex 15.9734 58.85 12
      vertex 10.0266 58.85 31.8
      vertex 15.9734 58.85 31.8
    endloop
  endfacet
  facet normal 0 1 0
    outer loop
      vertex 10.0266 58.85 31.8
      vertex 15.9734 58.85 12
      vertex 10.0266 58.85 12
    endloop
  endfacet
  facet normal 0.947032 0.321139 0
    outer loop
      vertex 148.266 12.6606 12
      vertex 148.119 13.0941 2.8
      vertex 148.119 13.0941 12
    endloop
  endfacet
  facet normal 0.947032 0.321139 0
    outer loop
      vertex 148.119 13.0941 2.8
      vertex 148.266 12.6606 12
      vertex 148.266 12.6606 2.8
    endloop
  endfacet
  facet normal -0.195276 0.980748 0
    outer loop
      vertex 152.406 10.6193 2.8
      vertex 151.957 10.5299 12
      vertex 152.406 10.6193 12
    endloop
  endfacet
  facet normal -0.195276 0.980748 0
    outer loop
      vertex 151.957 10.5299 12
      vertex 152.406 10.6193 2.8
      vertex 151.957 10.5299 2.8
    endloop
  endfacet
  facet normal -0.980924 -0.194394 0
    outer loop
      vertex 154.97 14.4568 2.8
      vertex 154.881 14.9059 12
      vertex 154.881 14.9059 2.8
    endloop
  endfacet
  facet normal -0.980924 -0.194394 0
    outer loop
      vertex 154.881 14.9059 12
      vertex 154.97 14.4568 2.8
      vertex 154.97 14.4568 12
    endloop
  endfacet
  facet normal -0.99785 -0.0655331 0
    outer loop
      vertex 155 14 2.8
      vertex 154.97 14.4568 12
      vertex 154.97 14.4568 2.8
    endloop
  endfacet
  facet normal -0.99785 -0.0655331 0
    outer loop
      vertex 154.97 14.4568 12
      vertex 155 14 2.8
      vertex 155 14 12
    endloop
  endfacet
  facet normal 0.441968 -0.897031 0
    outer loop
      vertex 149.75 17.0311 2.8
      vertex 150.161 17.2336 12
      vertex 149.75 17.0311 12
    endloop
  endfacet
  facet normal 0.441968 -0.897031 0
    outer loop
      vertex 150.161 17.2336 12
      vertex 149.75 17.0311 2.8
      vertex 150.161 17.2336 2.8
    endloop
  endfacet
  facet normal -0.947032 -0.321139 0
    outer loop
      vertex 154.881 14.9059 2.8
      vertex 154.734 15.3394 12
      vertex 154.734 15.3394 2.8
    endloop
  endfacet
  facet normal -0.947032 -0.321139 0
    outer loop
      vertex 154.734 15.3394 12
      vertex 154.881 14.9059 2.8
      vertex 154.881 14.9059 12
    endloop
  endfacet
  facet normal -0.896427 0.443192 0
    outer loop
      vertex 154.531 12.25 2.8
      vertex 154.734 12.6606 12
      vertex 154.734 12.6606 2.8
    endloop
  endfacet
  facet normal -0.896427 0.443192 0
    outer loop
      vertex 154.734 12.6606 12
      vertex 154.531 12.25 2.8
      vertex 154.531 12.25 12
    endloop
  endfacet
  facet normal -0.99785 0.0655331 0
    outer loop
      vertex 154.97 13.5432 2.8
      vertex 155 14 12
      vertex 155 14 2.8
    endloop
  endfacet
  facet normal -0.99785 0.0655331 0
    outer loop
      vertex 155 14 12
      vertex 154.97 13.5432 2.8
      vertex 154.97 13.5432 12
    endloop
  endfacet
  facet normal -0.659494 -0.75171 0
    outer loop
      vertex 153.631 16.7767 2.8
      vertex 153.975 16.4749 12
      vertex 153.631 16.7767 12
    endloop
  endfacet
  facet normal -0.659494 -0.75171 -0
    outer loop
      vertex 153.975 16.4749 12
      vertex 153.631 16.7767 2.8
      vertex 153.975 16.4749 2.8
    endloop
  endfacet
  facet normal 0.659494 -0.75171 0
    outer loop
      vertex 149.025 16.4749 2.8
      vertex 149.369 16.7767 12
      vertex 149.025 16.4749 12
    endloop
  endfacet
  facet normal 0.659494 -0.75171 0
    outer loop
      vertex 149.369 16.7767 12
      vertex 149.025 16.4749 2.8
      vertex 149.369 16.7767 2.8
    endloop
  endfacet
  facet normal -0.0652871 -0.997867 0
    outer loop
      vertex 151.5 17.5 2.8
      vertex 151.957 17.4701 12
      vertex 151.5 17.5 12
    endloop
  endfacet
  facet normal -0.0652871 -0.997867 -0
    outer loop
      vertex 151.957 17.4701 12
      vertex 151.5 17.5 2.8
      vertex 151.957 17.4701 2.8
    endloop
  endfacet
  facet normal 0.99785 -0.0655331 0
    outer loop
      vertex 148 14 12
      vertex 148.03 14.4568 2.8
      vertex 148.03 14.4568 12
    endloop
  endfacet
  facet normal 0.99785 -0.0655331 0
    outer loop
      vertex 148.03 14.4568 2.8
      vertex 148 14 12
      vertex 148 14 2.8
    endloop
  endfacet
  facet normal 0.751683 0.659524 0
    outer loop
      vertex 149.025 11.5251 12
      vertex 148.723 11.8693 2.8
      vertex 148.723 11.8693 12
    endloop
  endfacet
  facet normal 0.751683 0.659524 0
    outer loop
      vertex 148.723 11.8693 2.8
      vertex 149.025 11.5251 12
      vertex 149.025 11.5251 2.8
    endloop
  endfacet
  facet normal 0.980924 0.194394 0
    outer loop
      vertex 148.119 13.0941 12
      vertex 148.03 13.5432 2.8
      vertex 148.03 13.5432 12
    endloop
  endfacet
  facet normal 0.980924 0.194394 0
    outer loop
      vertex 148.03 13.5432 2.8
      vertex 148.119 13.0941 12
      vertex 148.119 13.0941 2.8
    endloop
  endfacet
  facet normal -0.831849 0.555003 0
    outer loop
      vertex 154.277 11.8693 2.8
      vertex 154.531 12.25 12
      vertex 154.531 12.25 2.8
    endloop
  endfacet
  facet normal -0.831849 0.555003 0
    outer loop
      vertex 154.531 12.25 12
      vertex 154.277 11.8693 2.8
      vertex 154.277 11.8693 12
    endloop
  endfacet
  facet normal 0.896427 -0.443192 0
    outer loop
      vertex 148.266 15.3394 12
      vertex 148.469 15.75 2.8
      vertex 148.469 15.75 12
    endloop
  endfacet
  facet normal 0.896427 -0.443192 0
    outer loop
      vertex 148.469 15.75 2.8
      vertex 148.266 15.3394 12
      vertex 148.266 15.3394 2.8
    endloop
  endfacet
  facet normal 0.831849 -0.555003 0
    outer loop
      vertex 148.469 15.75 12
      vertex 148.723 16.1307 2.8
      vertex 148.723 16.1307 12
    endloop
  endfacet
  facet normal 0.831849 -0.555003 0
    outer loop
      vertex 148.723 16.1307 2.8
      vertex 148.469 15.75 12
      vertex 148.469 15.75 2.8
    endloop
  endfacet
  facet normal 0.0652871 -0.997867 0
    outer loop
      vertex 151.043 17.4701 2.8
      vertex 151.5 17.5 12
      vertex 151.043 17.4701 12
    endloop
  endfacet
  facet normal 0.0652871 -0.997867 0
    outer loop
      vertex 151.5 17.5 12
      vertex 151.043 17.4701 2.8
      vertex 151.5 17.5 2.8
    endloop
  endfacet
  facet normal 0.321668 -0.946853 0
    outer loop
      vertex 150.161 17.2336 2.8
      vertex 150.594 17.3807 12
      vertex 150.161 17.2336 12
    endloop
  endfacet
  facet normal 0.321668 -0.946853 0
    outer loop
      vertex 150.594 17.3807 12
      vertex 150.161 17.2336 2.8
      vertex 150.594 17.3807 2.8
    endloop
  endfacet
  facet normal 0.321668 0.946853 -0
    outer loop
      vertex 150.594 10.6193 2.8
      vertex 150.161 10.7664 12
      vertex 150.594 10.6193 12
    endloop
  endfacet
  facet normal 0.321668 0.946853 0
    outer loop
      vertex 150.161 10.7664 12
      vertex 150.594 10.6193 2.8
      vertex 150.161 10.7664 2.8
    endloop
  endfacet
  facet normal -0.441968 -0.897031 0
    outer loop
      vertex 152.839 17.2336 2.8
      vertex 153.25 17.0311 12
      vertex 152.839 17.2336 12
    endloop
  endfacet
  facet normal -0.441968 -0.897031 -0
    outer loop
      vertex 153.25 17.0311 12
      vertex 152.839 17.2336 2.8
      vertex 153.25 17.0311 2.8
    endloop
  endfacet
  facet normal -0.0652871 0.997867 0
    outer loop
      vertex 151.957 10.5299 2.8
      vertex 151.5 10.5 12
      vertex 151.957 10.5299 12
    endloop
  endfacet
  facet normal -0.0652871 0.997867 0
    outer loop
      vertex 151.5 10.5 12
      vertex 151.957 10.5299 2.8
      vertex 151.5 10.5 2.8
    endloop
  endfacet
  facet normal -0.555305 0.831647 0
    outer loop
      vertex 153.631 11.2233 2.8
      vertex 153.25 10.9689 12
      vertex 153.631 11.2233 12
    endloop
  endfacet
  facet normal -0.555305 0.831647 0
    outer loop
      vertex 153.25 10.9689 12
      vertex 153.631 11.2233 2.8
      vertex 153.25 10.9689 2.8
    endloop
  endfacet
  facet normal -0.980924 0.194394 0
    outer loop
      vertex 154.881 13.0941 2.8
      vertex 154.97 13.5432 12
      vertex 154.97 13.5432 2.8
    endloop
  endfacet
  facet normal -0.980924 0.194394 0
    outer loop
      vertex 154.97 13.5432 12
      vertex 154.881 13.0941 2.8
      vertex 154.881 13.0941 12
    endloop
  endfacet
  facet normal 0.751683 -0.659524 0
    outer loop
      vertex 148.723 16.1307 12
      vertex 149.025 16.4749 2.8
      vertex 149.025 16.4749 12
    endloop
  endfacet
  facet normal 0.751683 -0.659524 0
    outer loop
      vertex 149.025 16.4749 2.8
      vertex 148.723 16.1307 12
      vertex 148.723 16.1307 2.8
    endloop
  endfacet
  facet normal 0.980924 -0.194394 0
    outer loop
      vertex 148.03 14.4568 12
      vertex 148.119 14.9059 2.8
      vertex 148.119 14.9059 12
    endloop
  endfacet
  facet normal 0.980924 -0.194394 0
    outer loop
      vertex 148.119 14.9059 2.8
      vertex 148.03 14.4568 12
      vertex 148.03 14.4568 2.8
    endloop
  endfacet
  facet normal -0.831849 -0.555003 0
    outer loop
      vertex 154.531 15.75 2.8
      vertex 154.277 16.1307 12
      vertex 154.277 16.1307 2.8
    endloop
  endfacet
  facet normal -0.831849 -0.555003 0
    outer loop
      vertex 154.277 16.1307 12
      vertex 154.531 15.75 2.8
      vertex 154.531 15.75 12
    endloop
  endfacet
  facet normal -0.555305 -0.831647 0
    outer loop
      vertex 153.25 17.0311 2.8
      vertex 153.631 16.7767 12
      vertex 153.25 17.0311 12
    endloop
  endfacet
  facet normal -0.555305 -0.831647 -0
    outer loop
      vertex 153.631 16.7767 12
      vertex 153.25 17.0311 2.8
      vertex 153.631 16.7767 2.8
    endloop
  endfacet
  facet normal 0.99785 0.0655331 0
    outer loop
      vertex 148.03 13.5432 12
      vertex 148 14 2.8
      vertex 148 14 12
    endloop
  endfacet
  facet normal 0.99785 0.0655331 0
    outer loop
      vertex 148 14 2.8
      vertex 148.03 13.5432 12
      vertex 148.03 13.5432 2.8
    endloop
  endfacet
  facet normal -0.321668 -0.946853 0
    outer loop
      vertex 152.406 17.3807 2.8
      vertex 152.839 17.2336 12
      vertex 152.406 17.3807 12
    endloop
  endfacet
  facet normal -0.321668 -0.946853 -0
    outer loop
      vertex 152.839 17.2336 12
      vertex 152.406 17.3807 2.8
      vertex 152.839 17.2336 2.8
    endloop
  endfacet
  facet normal -0.659494 0.75171 0
    outer loop
      vertex 153.975 11.5251 2.8
      vertex 153.631 11.2233 12
      vertex 153.975 11.5251 12
    endloop
  endfacet
  facet normal -0.659494 0.75171 0
    outer loop
      vertex 153.631 11.2233 12
      vertex 153.975 11.5251 2.8
      vertex 153.631 11.2233 2.8
    endloop
  endfacet
  facet normal 0.195276 -0.980748 0
    outer loop
      vertex 150.594 17.3807 2.8
      vertex 151.043 17.4701 12
      vertex 150.594 17.3807 12
    endloop
  endfacet
  facet normal 0.195276 -0.980748 0
    outer loop
      vertex 151.043 17.4701 12
      vertex 150.594 17.3807 2.8
      vertex 151.043 17.4701 2.8
    endloop
  endfacet
  facet normal -0.896427 -0.443192 0
    outer loop
      vertex 154.734 15.3394 2.8
      vertex 154.531 15.75 12
      vertex 154.531 15.75 2.8
    endloop
  endfacet
  facet normal -0.896427 -0.443192 0
    outer loop
      vertex 154.531 15.75 12
      vertex 154.734 15.3394 2.8
      vertex 154.734 15.3394 12
    endloop
  endfacet
  facet normal -0.947032 0.321139 0
    outer loop
      vertex 154.734 12.6606 2.8
      vertex 154.881 13.0941 12
      vertex 154.881 13.0941 2.8
    endloop
  endfacet
  facet normal -0.947032 0.321139 0
    outer loop
      vertex 154.881 13.0941 12
      vertex 154.734 12.6606 2.8
      vertex 154.734 12.6606 12
    endloop
  endfacet
  facet normal 0.555305 0.831647 -0
    outer loop
      vertex 149.75 10.9689 2.8
      vertex 149.369 11.2233 12
      vertex 149.75 10.9689 12
    endloop
  endfacet
  facet normal 0.555305 0.831647 0
    outer loop
      vertex 149.369 11.2233 12
      vertex 149.75 10.9689 2.8
      vertex 149.369 11.2233 2.8
    endloop
  endfacet
  facet normal 0.659494 0.75171 -0
    outer loop
      vertex 149.369 11.2233 2.8
      vertex 149.025 11.5251 12
      vertex 149.369 11.2233 12
    endloop
  endfacet
  facet normal 0.659494 0.75171 0
    outer loop
      vertex 149.025 11.5251 12
      vertex 149.369 11.2233 2.8
      vertex 149.025 11.5251 2.8
    endloop
  endfacet
  facet normal -0.751683 0.659524 0
    outer loop
      vertex 153.975 11.5251 2.8
      vertex 154.277 11.8693 12
      vertex 154.277 11.8693 2.8
    endloop
  endfacet
  facet normal -0.751683 0.659524 0
    outer loop
      vertex 154.277 11.8693 12
      vertex 153.975 11.5251 2.8
      vertex 153.975 11.5251 12
    endloop
  endfacet
  facet normal 0.896427 0.443192 0
    outer loop
      vertex 148.469 12.25 12
      vertex 148.266 12.6606 2.8
      vertex 148.266 12.6606 12
    endloop
  endfacet
  facet normal 0.896427 0.443192 0
    outer loop
      vertex 148.266 12.6606 2.8
      vertex 148.469 12.25 12
      vertex 148.469 12.25 2.8
    endloop
  endfacet
  facet normal 0.0652871 0.997867 -0
    outer loop
      vertex 151.5 10.5 2.8
      vertex 151.043 10.5299 12
      vertex 151.5 10.5 12
    endloop
  endfacet
  facet normal 0.0652871 0.997867 0
    outer loop
      vertex 151.043 10.5299 12
      vertex 151.5 10.5 2.8
      vertex 151.043 10.5299 2.8
    endloop
  endfacet
  facet normal -0.751683 -0.659524 0
    outer loop
      vertex 154.277 16.1307 2.8
      vertex 153.975 16.4749 12
      vertex 153.975 16.4749 2.8
    endloop
  endfacet
  facet normal -0.751683 -0.659524 0
    outer loop
      vertex 153.975 16.4749 12
      vertex 154.277 16.1307 2.8
      vertex 154.277 16.1307 12
    endloop
  endfacet
  facet normal 0.555305 -0.831647 0
    outer loop
      vertex 149.369 16.7767 2.8
      vertex 149.75 17.0311 12
      vertex 149.369 16.7767 12
    endloop
  endfacet
  facet normal 0.555305 -0.831647 0
    outer loop
      vertex 149.75 17.0311 12
      vertex 149.369 16.7767 2.8
      vertex 149.75 17.0311 2.8
    endloop
  endfacet
  facet normal -0.321668 0.946853 0
    outer loop
      vertex 152.839 10.7664 2.8
      vertex 152.406 10.6193 12
      vertex 152.839 10.7664 12
    endloop
  endfacet
  facet normal -0.321668 0.946853 0
    outer loop
      vertex 152.406 10.6193 12
      vertex 152.839 10.7664 2.8
      vertex 152.406 10.6193 2.8
    endloop
  endfacet
  facet normal -0.441968 0.897031 0
    outer loop
      vertex 153.25 10.9689 2.8
      vertex 152.839 10.7664 12
      vertex 153.25 10.9689 12
    endloop
  endfacet
  facet normal -0.441968 0.897031 0
    outer loop
      vertex 152.839 10.7664 12
      vertex 153.25 10.9689 2.8
      vertex 152.839 10.7664 2.8
    endloop
  endfacet
  facet normal 0.195276 0.980748 -0
    outer loop
      vertex 151.043 10.5299 2.8
      vertex 150.594 10.6193 12
      vertex 151.043 10.5299 12
    endloop
  endfacet
  facet normal 0.195276 0.980748 0
    outer loop
      vertex 150.594 10.6193 12
      vertex 151.043 10.5299 2.8
      vertex 150.594 10.6193 2.8
    endloop
  endfacet
  facet normal -0.195276 -0.980748 0
    outer loop
      vertex 151.957 17.4701 2.8
      vertex 152.406 17.3807 12
      vertex 151.957 17.4701 12
    endloop
  endfacet
  facet normal -0.195276 -0.980748 -0
    outer loop
      vertex 152.406 17.3807 12
      vertex 151.957 17.4701 2.8
      vertex 152.406 17.3807 2.8
    endloop
  endfacet
  facet normal 0.441968 0.897031 -0
    outer loop
      vertex 150.161 10.7664 2.8
      vertex 149.75 10.9689 12
      vertex 150.161 10.7664 12
    endloop
  endfacet
  facet normal 0.441968 0.897031 0
    outer loop
      vertex 149.75 10.9689 12
      vertex 150.161 10.7664 2.8
      vertex 149.75 10.9689 2.8
    endloop
  endfacet
  facet normal 0.831849 0.555003 0
    outer loop
      vertex 148.723 11.8693 12
      vertex 148.469 12.25 2.8
      vertex 148.469 12.25 12
    endloop
  endfacet
  facet normal 0.831849 0.555003 0
    outer loop
      vertex 148.469 12.25 2.8
      vertex 148.723 11.8693 12
      vertex 148.723 11.8693 2.8
    endloop
  endfacet
  facet normal 0.947032 -0.321139 0
    outer loop
      vertex 148.119 14.9059 12
      vertex 148.266 15.3394 2.8
      vertex 148.266 15.3394 12
    endloop
  endfacet
  facet normal 0.947032 -0.321139 0
    outer loop
      vertex 148.266 15.3394 2.8
      vertex 148.119 14.9059 12
      vertex 148.119 14.9059 2.8
    endloop
  endfacet
  facet normal 0 -1 0
    outer loop
      vertex 148.527 19.15 12
      vertex 154.473 19.15 31.8
      vertex 148.527 19.15 31.8
    endloop
  endfacet
  facet normal 0 -1 -0
    outer loop
      vertex 154.473 19.15 31.8
      vertex 148.527 19.15 12
      vertex 154.473 19.15 12
    endloop
  endfacet
  facet normal -0.865978 -0.500081 0
    outer loop
      vertex 157.447 14 12
      vertex 154.473 19.15 31.8
      vertex 154.473 19.15 12
    endloop
  endfacet
  facet normal -0.865978 -0.500081 0
    outer loop
      vertex 154.473 19.15 31.8
      vertex 157.447 14 12
      vertex 157.447 14 31.8
    endloop
  endfacet
  facet normal 0.865978 -0.500081 0
    outer loop
      vertex 145.553 14 31.8
      vertex 148.527 19.15 12
      vertex 148.527 19.15 31.8
    endloop
  endfacet
  facet normal 0.865978 -0.500081 0
    outer loop
      vertex 148.527 19.15 12
      vertex 145.553 14 31.8
      vertex 145.553 14 12
    endloop
  endfacet
  facet normal 0.865978 0.500081 0
    outer loop
      vertex 148.527 8.85 31.8
      vertex 145.553 14 12
      vertex 145.553 14 31.8
    endloop
  endfacet
  facet normal 0.865978 0.500081 0
    outer loop
      vertex 145.553 14 12
      vertex 148.527 8.85 31.8
      vertex 148.527 8.85 12
    endloop
  endfacet
  facet normal 0 0 1
    outer loop
      vertex 157.447 14 12
      vertex 154.97 14.4568 12
      vertex 155 14 12
    endloop
  endfacet
  facet normal 0 0 1
    outer loop
      vertex 157.447 14 12
      vertex 154.881 14.9059 12
      vertex 154.97 14.4568 12
    endloop
  endfacet
  facet normal 0 0 1
    outer loop
      vertex 157.447 14 12
      vertex 154.734 15.3394 12
      vertex 154.881 14.9059 12
    endloop
  endfacet
  facet normal 0 0 1
    outer loop
      vertex 157.447 14 12
      vertex 154.531 15.75 12
      vertex 154.734 15.3394 12
    endloop
  endfacet
  facet normal 0 0 1
    outer loop
      vertex 154.473 19.15 12
      vertex 154.531 15.75 12
      vertex 157.447 14 12
    endloop
  endfacet
  facet normal 0 0 1
    outer loop
      vertex 154.473 19.15 12
      vertex 154.277 16.1307 12
      vertex 154.531 15.75 12
    endloop
  endfacet
  facet normal 0 0 1
    outer loop
      vertex 154.473 19.15 12
      vertex 153.975 16.4749 12
      vertex 154.277 16.1307 12
    endloop
  endfacet
  facet normal 0 0 1
    outer loop
      vertex 154.473 19.15 12
      vertex 153.631 16.7767 12
      vertex 153.975 16.4749 12
    endloop
  endfacet
  facet normal 0 0 1
    outer loop
      vertex 154.473 19.15 12
      vertex 153.25 17.0311 12
      vertex 153.631 16.7767 12
    endloop
  endfacet
  facet normal 0 0 1
    outer loop
      vertex 154.473 19.15 12
      vertex 152.839 17.2336 12
      vertex 153.25 17.0311 12
    endloop
  endfacet
  facet normal 0 0 1
    outer loop
      vertex 154.473 19.15 12
      vertex 152.406 17.3807 12
      vertex 152.839 17.2336 12
    endloop
  endfacet
  facet normal 0 0 1
    outer loop
      vertex 154.473 19.15 12
      vertex 151.957 17.4701 12
      vertex 152.406 17.3807 12
    endloop
  endfacet
  facet normal 0 0 1
    outer loop
      vertex 154.473 19.15 12
      vertex 151.5 17.5 12
      vertex 151.957 17.4701 12
    endloop
  endfacet
  facet normal -0 0 1
    outer loop
      vertex 148.527 19.15 12
      vertex 151.5 17.5 12
      vertex 154.473 19.15 12
    endloop
  endfacet
  facet normal 0 0 1
    outer loop
      vertex 151.5 17.5 12
      vertex 148.527 19.15 12
      vertex 151.043 17.4701 12
    endloop
  endfacet
  facet normal 0 0 1
    outer loop
      vertex 151.043 17.4701 12
      vertex 148.527 19.15 12
      vertex 150.594 17.3807 12
    endloop
  endfacet
  facet normal 0 0 1
    outer loop
      vertex 150.594 17.3807 12
      vertex 148.527 19.15 12
      vertex 150.161 17.2336 12
    endloop
  endfacet
  facet normal 0 0 1
    outer loop
      vertex 148.527 19.15 12
      vertex 149.75 17.0311 12
      vertex 150.161 17.2336 12
    endloop
  endfacet
  facet normal 0 0 1
    outer loop
      vertex 148.527 19.15 12
      vertex 149.369 16.7767 12
      vertex 149.75 17.0311 12
    endloop
  endfacet
  facet normal 0 0 1
    outer loop
      vertex 148.527 19.15 12
      vertex 149.025 16.4749 12
      vertex 149.369 16.7767 12
    endloop
  endfacet
  facet normal 0 0 1
    outer loop
      vertex 148.527 19.15 12
      vertex 148.723 16.1307 12
      vertex 149.025 16.4749 12
    endloop
  endfacet
  facet normal 0 0 1
    outer loop
      vertex 148.527 19.15 12
      vertex 148.469 15.75 12
      vertex 148.723 16.1307 12
    endloop
  endfacet
  facet normal 0 0 1
    outer loop
      vertex 145.553 14 12
      vertex 148.469 15.75 12
      vertex 148.527 19.15 12
    endloop
  endfacet
  facet normal 0 0 1
    outer loop
      vertex 148.469 15.75 12
      vertex 145.553 14 12
      vertex 148.266 15.3394 12
    endloop
  endfacet
  facet normal 0 0 1
    outer loop
      vertex 148.266 15.3394 12
      vertex 145.553 14 12
      vertex 148.119 14.9059 12
    endloop
  endfacet
  facet normal 0 0 1
    outer loop
      vertex 148.03 14.4568 12
      vertex 145.553 14 12
      vertex 148 14 12
    endloop
  endfacet
  facet normal 0 0 1
    outer loop
      vertex 148.119 14.9059 12
      vertex 145.553 14 12
      vertex 148.03 14.4568 12
    endloop
  endfacet
  facet normal 0 0 1
    outer loop
      vertex 154.97 13.5432 12
      vertex 157.447 14 12
      vertex 155 14 12
    endloop
  endfacet
  facet normal 0 0 1
    outer loop
      vertex 154.881 13.0941 12
      vertex 157.447 14 12
      vertex 154.97 13.5432 12
    endloop
  endfacet
  facet normal 0 0 1
    outer loop
      vertex 154.734 12.6606 12
      vertex 157.447 14 12
      vertex 154.881 13.0941 12
    endloop
  endfacet
  facet normal 0 0 1
    outer loop
      vertex 154.531 12.25 12
      vertex 157.447 14 12
      vertex 154.734 12.6606 12
    endloop
  endfacet
  facet normal -0 0 1
    outer loop
      vertex 154.531 12.25 12
      vertex 154.473 8.85 12
      vertex 157.447 14 12
    endloop
  endfacet
  facet normal -0 0 1
    outer loop
      vertex 154.277 11.8693 12
      vertex 154.473 8.85 12
      vertex 154.531 12.25 12
    endloop
  endfacet
  facet normal -0 0 1
    outer loop
      vertex 153.975 11.5251 12
      vertex 154.473 8.85 12
      vertex 154.277 11.8693 12
    endloop
  endfacet
  facet normal -0 0 1
    outer loop
      vertex 153.631 11.2233 12
      vertex 154.473 8.85 12
      vertex 153.975 11.5251 12
    endloop
  endfacet
  facet normal -0 0 1
    outer loop
      vertex 153.25 10.9689 12
      vertex 154.473 8.85 12
      vertex 153.631 11.2233 12
    endloop
  endfacet
  facet normal -0 0 1
    outer loop
      vertex 152.839 10.7664 12
      vertex 154.473 8.85 12
      vertex 153.25 10.9689 12
    endloop
  endfacet
  facet normal -0 0 1
    outer loop
      vertex 152.406 10.6193 12
      vertex 154.473 8.85 12
      vertex 152.839 10.7664 12
    endloop
  endfacet
  facet normal -0 0 1
    outer loop
      vertex 151.957 10.5299 12
      vertex 154.473 8.85 12
      vertex 152.406 10.6193 12
    endloop
  endfacet
  facet normal -0 0 1
    outer loop
      vertex 151.5 10.5 12
      vertex 154.473 8.85 12
      vertex 151.957 10.5299 12
    endloop
  endfacet
  facet normal 0 0 1
    outer loop
      vertex 148.527 8.85 12
      vertex 151.5 10.5 12
      vertex 151.043 10.5299 12
    endloop
  endfacet
  facet normal 0 0 1
    outer loop
      vertex 148.527 8.85 12
      vertex 151.043 10.5299 12
      vertex 150.594 10.6193 12
    endloop
  endfacet
  facet normal 0 0 1
    outer loop
      vertex 148.527 8.85 12
      vertex 150.594 10.6193 12
      vertex 150.161 10.7664 12
    endloop
  endfacet
  facet normal 0 0 1
    outer loop
      vertex 151.5 10.5 12
      vertex 148.527 8.85 12
      vertex 154.473 8.85 12
    endloop
  endfacet
  facet normal 0 0 1
    outer loop
      vertex 149.75 10.9689 12
      vertex 148.527 8.85 12
      vertex 150.161 10.7664 12
    endloop
  endfacet
  facet normal 0 0 1
    outer loop
      vertex 149.369 11.2233 12
      vertex 148.527 8.85 12
      vertex 149.75 10.9689 12
    endloop
  endfacet
  facet normal 0 0 1
    outer loop
      vertex 149.025 11.5251 12
      vertex 148.527 8.85 12
      vertex 149.369 11.2233 12
    endloop
  endfacet
  facet normal 0 0 1
    outer loop
      vertex 148.723 11.8693 12
      vertex 148.527 8.85 12
      vertex 149.025 11.5251 12
    endloop
  endfacet
  facet normal 0 0 1
    outer loop
      vertex 148.469 12.25 12
      vertex 148.527 8.85 12
      vertex 148.723 11.8693 12
    endloop
  endfacet
  facet normal 0 0 1
    outer loop
      vertex 145.553 14 12
      vertex 148.469 12.25 12
      vertex 148.266 12.6606 12
    endloop
  endfacet
  facet normal 0 0 1
    outer loop
      vertex 145.553 14 12
      vertex 148.266 12.6606 12
      vertex 148.119 13.0941 12
    endloop
  endfacet
  facet normal 0 0 1
    outer loop
      vertex 145.553 14 12
      vertex 148.119 13.0941 12
      vertex 148.03 13.5432 12
    endloop
  endfacet
  facet normal 0 0 1
    outer loop
      vertex 148.469 12.25 12
      vertex 145.553 14 12
      vertex 148.527 8.85 12
    endloop
  endfacet
  facet normal -0 0 1
    outer loop
      vertex 145.553 14 12
      vertex 148.03 13.5432 12
      vertex 148 14 12
    endloop
  endfacet
  facet normal -0.865978 0.500081 0
    outer loop
      vertex 154.473 8.85 12
      vertex 157.447 14 31.8
      vertex 157.447 14 12
    endloop
  endfacet
  facet normal -0.865978 0.500081 0
    outer loop
      vertex 157.447 14 31.8
      vertex 154.473 8.85 12
      vertex 154.473 8.85 31.8
    endloop
  endfacet
  facet normal 0 1 -0
    outer loop
      vertex 154.473 8.85 12
      vertex 148.527 8.85 31.8
      vertex 154.473 8.85 31.8
    endloop
  endfacet
  facet normal 0 1 0
    outer loop
      vertex 148.527 8.85 31.8
      vertex 154.473 8.85 12
      vertex 148.527 8.85 12
    endloop
  endfacet
  facet normal 0.947032 0.321139 0
    outer loop
      vertex 148.266 62.6606 12
      vertex 148.119 63.0941 7.62939e-07
      vertex 148.119 63.0941 12
    endloop
  endfacet
  facet normal 0.947032 0.321139 0
    outer loop
      vertex 148.119 63.0941 7.62939e-07
      vertex 148.266 62.6606 12
      vertex 148.266 62.6606 7.62939e-07
    endloop
  endfacet
  facet normal -0.195276 0.980748 0
    outer loop
      vertex 152.406 60.6193 7.62939e-07
      vertex 151.957 60.5299 12
      vertex 152.406 60.6193 12
    endloop
  endfacet
  facet normal -0.195276 0.980748 0
    outer loop
      vertex 151.957 60.5299 12
      vertex 152.406 60.6193 7.62939e-07
      vertex 151.957 60.5299 7.62939e-07
    endloop
  endfacet
  facet normal -0.980924 -0.194394 0
    outer loop
      vertex 154.97 64.4568 7.62939e-07
      vertex 154.881 64.9059 12
      vertex 154.881 64.9059 7.62939e-07
    endloop
  endfacet
  facet normal -0.980924 -0.194394 0
    outer loop
      vertex 154.881 64.9059 12
      vertex 154.97 64.4568 7.62939e-07
      vertex 154.97 64.4568 12
    endloop
  endfacet
  facet normal -0.99785 -0.0655331 0
    outer loop
      vertex 155 64 7.62939e-07
      vertex 154.97 64.4568 12
      vertex 154.97 64.4568 7.62939e-07
    endloop
  endfacet
  facet normal -0.99785 -0.0655331 0
    outer loop
      vertex 154.97 64.4568 12
      vertex 155 64 7.62939e-07
      vertex 155 64 12
    endloop
  endfacet
  facet normal 0.441968 -0.897031 0
    outer loop
      vertex 149.75 67.0311 7.62939e-07
      vertex 150.161 67.2336 12
      vertex 149.75 67.0311 12
    endloop
  endfacet
  facet normal 0.441968 -0.897031 0
    outer loop
      vertex 150.161 67.2336 12
      vertex 149.75 67.0311 7.62939e-07
      vertex 150.161 67.2336 7.62939e-07
    endloop
  endfacet
  facet normal -0.947032 -0.321139 0
    outer loop
      vertex 154.881 64.9059 7.62939e-07
      vertex 154.734 65.3394 12
      vertex 154.734 65.3394 7.62939e-07
    endloop
  endfacet
  facet normal -0.947032 -0.321139 0
    outer loop
      vertex 154.734 65.3394 12
      vertex 154.881 64.9059 7.62939e-07
      vertex 154.881 64.9059 12
    endloop
  endfacet
  facet normal -0.896427 0.443192 0
    outer loop
      vertex 154.531 62.25 7.62939e-07
      vertex 154.734 62.6606 12
      vertex 154.734 62.6606 7.62939e-07
    endloop
  endfacet
  facet normal -0.896427 0.443192 0
    outer loop
      vertex 154.734 62.6606 12
      vertex 154.531 62.25 7.62939e-07
      vertex 154.531 62.25 12
    endloop
  endfacet
  facet normal -0.99785 0.0655331 0
    outer loop
      vertex 154.97 63.5432 7.62939e-07
      vertex 155 64 12
      vertex 155 64 7.62939e-07
    endloop
  endfacet
  facet normal -0.99785 0.0655331 0
    outer loop
      vertex 155 64 12
      vertex 154.97 63.5432 7.62939e-07
      vertex 154.97 63.5432 12
    endloop
  endfacet
  facet normal -0.659494 -0.75171 0
    outer loop
      vertex 153.631 66.7767 7.62939e-07
      vertex 153.975 66.4749 12
      vertex 153.631 66.7767 12
    endloop
  endfacet
  facet normal -0.659494 -0.75171 -0
    outer loop
      vertex 153.975 66.4749 12
      vertex 153.631 66.7767 7.62939e-07
      vertex 153.975 66.4749 7.62939e-07
    endloop
  endfacet
  facet normal 0.659494 -0.75171 0
    outer loop
      vertex 149.025 66.4749 7.62939e-07
      vertex 149.369 66.7767 12
      vertex 149.025 66.4749 12
    endloop
  endfacet
  facet normal 0.659494 -0.75171 0
    outer loop
      vertex 149.369 66.7767 12
      vertex 149.025 66.4749 7.62939e-07
      vertex 149.369 66.7767 7.62939e-07
    endloop
  endfacet
  facet normal -0.0652871 -0.997867 0
    outer loop
      vertex 151.5 67.5 7.62939e-07
      vertex 151.957 67.4701 12
      vertex 151.5 67.5 12
    endloop
  endfacet
  facet normal -0.0652871 -0.997867 -0
    outer loop
      vertex 151.957 67.4701 12
      vertex 151.5 67.5 7.62939e-07
      vertex 151.957 67.4701 7.62939e-07
    endloop
  endfacet
  facet normal 0.195276 0.980748 -0
    outer loop
      vertex 151.043 60.5299 7.62939e-07
      vertex 150.594 60.6193 12
      vertex 151.043 60.5299 12
    endloop
  endfacet
  facet normal 0.195276 0.980748 0
    outer loop
      vertex 150.594 60.6193 12
      vertex 151.043 60.5299 7.62939e-07
      vertex 150.594 60.6193 7.62939e-07
    endloop
  endfacet
  facet normal 0.99785 -0.0655331 0
    outer loop
      vertex 148 64 12
      vertex 148.03 64.4568 7.62939e-07
      vertex 148.03 64.4568 12
    endloop
  endfacet
  facet normal 0.99785 -0.0655331 0
    outer loop
      vertex 148.03 64.4568 7.62939e-07
      vertex 148 64 12
      vertex 148 64 7.62939e-07
    endloop
  endfacet
  facet normal 0.751683 0.659524 0
    outer loop
      vertex 149.025 61.5251 12
      vertex 148.723 61.8693 7.62939e-07
      vertex 148.723 61.8693 12
    endloop
  endfacet
  facet normal 0.751683 0.659524 0
    outer loop
      vertex 148.723 61.8693 7.62939e-07
      vertex 149.025 61.5251 12
      vertex 149.025 61.5251 7.62939e-07
    endloop
  endfacet
  facet normal 0.980924 0.194394 0
    outer loop
      vertex 148.119 63.0941 12
      vertex 148.03 63.5432 7.62939e-07
      vertex 148.03 63.5432 12
    endloop
  endfacet
  facet normal 0.980924 0.194394 0
    outer loop
      vertex 148.03 63.5432 7.62939e-07
      vertex 148.119 63.0941 12
      vertex 148.119 63.0941 7.62939e-07
    endloop
  endfacet
  facet normal -0.831849 0.555003 0
    outer loop
      vertex 154.277 61.8693 7.62939e-07
      vertex 154.531 62.25 12
      vertex 154.531 62.25 7.62939e-07
    endloop
  endfacet
  facet normal -0.831849 0.555003 0
    outer loop
      vertex 154.531 62.25 12
      vertex 154.277 61.8693 7.62939e-07
      vertex 154.277 61.8693 12
    endloop
  endfacet
  facet normal 0.896427 -0.443192 0
    outer loop
      vertex 148.266 65.3394 12
      vertex 148.469 65.75 7.62939e-07
      vertex 148.469 65.75 12
    endloop
  endfacet
  facet normal 0.896427 -0.443192 0
    outer loop
      vertex 148.469 65.75 7.62939e-07
      vertex 148.266 65.3394 12
      vertex 148.266 65.3394 7.62939e-07
    endloop
  endfacet
  facet normal 0.831849 -0.555003 0
    outer loop
      vertex 148.469 65.75 12
      vertex 148.723 66.1307 7.62939e-07
      vertex 148.723 66.1307 12
    endloop
  endfacet
  facet normal 0.831849 -0.555003 0
    outer loop
      vertex 148.723 66.1307 7.62939e-07
      vertex 148.469 65.75 12
      vertex 148.469 65.75 7.62939e-07
    endloop
  endfacet
  facet normal 0.0652871 -0.997867 0
    outer loop
      vertex 151.043 67.4701 7.62939e-07
      vertex 151.5 67.5 12
      vertex 151.043 67.4701 12
    endloop
  endfacet
  facet normal 0.0652871 -0.997867 0
    outer loop
      vertex 151.5 67.5 12
      vertex 151.043 67.4701 7.62939e-07
      vertex 151.5 67.5 7.62939e-07
    endloop
  endfacet
  facet normal 0.321668 -0.946853 0
    outer loop
      vertex 150.161 67.2336 7.62939e-07
      vertex 150.594 67.3807 12
      vertex 150.161 67.2336 12
    endloop
  endfacet
  facet normal 0.321668 -0.946853 0
    outer loop
      vertex 150.594 67.3807 12
      vertex 150.161 67.2336 7.62939e-07
      vertex 150.594 67.3807 7.62939e-07
    endloop
  endfacet
  facet normal 0.321668 0.946853 -0
    outer loop
      vertex 150.594 60.6193 7.62939e-07
      vertex 150.161 60.7664 12
      vertex 150.594 60.6193 12
    endloop
  endfacet
  facet normal 0.321668 0.946853 0
    outer loop
      vertex 150.161 60.7664 12
      vertex 150.594 60.6193 7.62939e-07
      vertex 150.161 60.7664 7.62939e-07
    endloop
  endfacet
  facet normal -0.441968 -0.897031 0
    outer loop
      vertex 152.839 67.2336 7.62939e-07
      vertex 153.25 67.0311 12
      vertex 152.839 67.2336 12
    endloop
  endfacet
  facet normal -0.441968 -0.897031 -0
    outer loop
      vertex 153.25 67.0311 12
      vertex 152.839 67.2336 7.62939e-07
      vertex 153.25 67.0311 7.62939e-07
    endloop
  endfacet
  facet normal -0.0652871 0.997867 0
    outer loop
      vertex 151.957 60.5299 7.62939e-07
      vertex 151.5 60.5 12
      vertex 151.957 60.5299 12
    endloop
  endfacet
  facet normal -0.0652871 0.997867 0
    outer loop
      vertex 151.5 60.5 12
      vertex 151.957 60.5299 7.62939e-07
      vertex 151.5 60.5 7.62939e-07
    endloop
  endfacet
  facet normal -0.555305 0.831647 0
    outer loop
      vertex 153.631 61.2233 7.62939e-07
      vertex 153.25 60.9689 12
      vertex 153.631 61.2233 12
    endloop
  endfacet
  facet normal -0.555305 0.831647 0
    outer loop
      vertex 153.25 60.9689 12
      vertex 153.631 61.2233 7.62939e-07
      vertex 153.25 60.9689 7.62939e-07
    endloop
  endfacet
  facet normal -0.980924 0.194394 0
    outer loop
      vertex 154.881 63.0941 7.62939e-07
      vertex 154.97 63.5432 12
      vertex 154.97 63.5432 7.62939e-07
    endloop
  endfacet
  facet normal -0.980924 0.194394 0
    outer loop
      vertex 154.97 63.5432 12
      vertex 154.881 63.0941 7.62939e-07
      vertex 154.881 63.0941 12
    endloop
  endfacet
  facet normal 0.751683 -0.659524 0
    outer loop
      vertex 148.723 66.1307 12
      vertex 149.025 66.4749 7.62939e-07
      vertex 149.025 66.4749 12
    endloop
  endfacet
  facet normal 0.751683 -0.659524 0
    outer loop
      vertex 149.025 66.4749 7.62939e-07
      vertex 148.723 66.1307 12
      vertex 148.723 66.1307 7.62939e-07
    endloop
  endfacet
  facet normal 0.980924 -0.194394 0
    outer loop
      vertex 148.03 64.4568 12
      vertex 148.119 64.9059 7.62939e-07
      vertex 148.119 64.9059 12
    endloop
  endfacet
  facet normal 0.980924 -0.194394 0
    outer loop
      vertex 148.119 64.9059 7.62939e-07
      vertex 148.03 64.4568 12
      vertex 148.03 64.4568 7.62939e-07
    endloop
  endfacet
  facet normal -0.831849 -0.555003 0
    outer loop
      vertex 154.531 65.75 7.62939e-07
      vertex 154.277 66.1307 12
      vertex 154.277 66.1307 7.62939e-07
    endloop
  endfacet
  facet normal -0.831849 -0.555003 0
    outer loop
      vertex 154.277 66.1307 12
      vertex 154.531 65.75 7.62939e-07
      vertex 154.531 65.75 12
    endloop
  endfacet
  facet normal -0.555305 -0.831647 0
    outer loop
      vertex 153.25 67.0311 7.62939e-07
      vertex 153.631 66.7767 12
      vertex 153.25 67.0311 12
    endloop
  endfacet
  facet normal -0.555305 -0.831647 -0
    outer loop
      vertex 153.631 66.7767 12
      vertex 153.25 67.0311 7.62939e-07
      vertex 153.631 66.7767 7.62939e-07
    endloop
  endfacet
  facet normal 0.99785 0.0655331 0
    outer loop
      vertex 148.03 63.5432 12
      vertex 148 64 7.62939e-07
      vertex 148 64 12
    endloop
  endfacet
  facet normal 0.99785 0.0655331 0
    outer loop
      vertex 148 64 7.62939e-07
      vertex 148.03 63.5432 12
      vertex 148.03 63.5432 7.62939e-07
    endloop
  endfacet
  facet normal -0.321668 -0.946853 0
    outer loop
      vertex 152.406 67.3807 7.62939e-07
      vertex 152.839 67.2336 12
      vertex 152.406 67.3807 12
    endloop
  endfacet
  facet normal -0.321668 -0.946853 -0
    outer loop
      vertex 152.839 67.2336 12
      vertex 152.406 67.3807 7.62939e-07
      vertex 152.839 67.2336 7.62939e-07
    endloop
  endfacet
  facet normal -0.659494 0.75171 0
    outer loop
      vertex 153.975 61.5251 7.62939e-07
      vertex 153.631 61.2233 12
      vertex 153.975 61.5251 12
    endloop
  endfacet
  facet normal -0.659494 0.75171 0
    outer loop
      vertex 153.631 61.2233 12
      vertex 153.975 61.5251 7.62939e-07
      vertex 153.631 61.2233 7.62939e-07
    endloop
  endfacet
  facet normal 0.195276 -0.980748 0
    outer loop
      vertex 150.594 67.3807 7.62939e-07
      vertex 151.043 67.4701 12
      vertex 150.594 67.3807 12
    endloop
  endfacet
  facet normal 0.195276 -0.980748 0
    outer loop
      vertex 151.043 67.4701 12
      vertex 150.594 67.3807 7.62939e-07
      vertex 151.043 67.4701 7.62939e-07
    endloop
  endfacet
  facet normal -0.896427 -0.443192 0
    outer loop
      vertex 154.734 65.3394 7.62939e-07
      vertex 154.531 65.75 12
      vertex 154.531 65.75 7.62939e-07
    endloop
  endfacet
  facet normal -0.896427 -0.443192 0
    outer loop
      vertex 154.531 65.75 12
      vertex 154.734 65.3394 7.62939e-07
      vertex 154.734 65.3394 12
    endloop
  endfacet
  facet normal -0.947032 0.321139 0
    outer loop
      vertex 154.734 62.6606 7.62939e-07
      vertex 154.881 63.0941 12
      vertex 154.881 63.0941 7.62939e-07
    endloop
  endfacet
  facet normal -0.947032 0.321139 0
    outer loop
      vertex 154.881 63.0941 12
      vertex 154.734 62.6606 7.62939e-07
      vertex 154.734 62.6606 12
    endloop
  endfacet
  facet normal 0.555305 0.831647 -0
    outer loop
      vertex 149.75 60.9689 7.62939e-07
      vertex 149.369 61.2233 12
      vertex 149.75 60.9689 12
    endloop
  endfacet
  facet normal 0.555305 0.831647 0
    outer loop
      vertex 149.369 61.2233 12
      vertex 149.75 60.9689 7.62939e-07
      vertex 149.369 61.2233 7.62939e-07
    endloop
  endfacet
  facet normal 0.659494 0.75171 -0
    outer loop
      vertex 149.369 61.2233 7.62939e-07
      vertex 149.025 61.5251 12
      vertex 149.369 61.2233 12
    endloop
  endfacet
  facet normal 0.659494 0.75171 0
    outer loop
      vertex 149.025 61.5251 12
      vertex 149.369 61.2233 7.62939e-07
      vertex 149.025 61.5251 7.62939e-07
    endloop
  endfacet
  facet normal -0.751683 0.659524 0
    outer loop
      vertex 153.975 61.5251 7.62939e-07
      vertex 154.277 61.8693 12
      vertex 154.277 61.8693 7.62939e-07
    endloop
  endfacet
  facet normal -0.751683 0.659524 0
    outer loop
      vertex 154.277 61.8693 12
      vertex 153.975 61.5251 7.62939e-07
      vertex 153.975 61.5251 12
    endloop
  endfacet
  facet normal 0.896427 0.443192 0
    outer loop
      vertex 148.469 62.25 12
      vertex 148.266 62.6606 7.62939e-07
      vertex 148.266 62.6606 12
    endloop
  endfacet
  facet normal 0.896427 0.443192 0
    outer loop
      vertex 148.266 62.6606 7.62939e-07
      vertex 148.469 62.25 12
      vertex 148.469 62.25 7.62939e-07
    endloop
  endfacet
  facet normal 0.0652871 0.997867 -0
    outer loop
      vertex 151.5 60.5 7.62939e-07
      vertex 151.043 60.5299 12
      vertex 151.5 60.5 12
    endloop
  endfacet
  facet normal 0.0652871 0.997867 0
    outer loop
      vertex 151.043 60.5299 12
      vertex 151.5 60.5 7.62939e-07
      vertex 151.043 60.5299 7.62939e-07
    endloop
  endfacet
  facet normal -0.751683 -0.659524 0
    outer loop
      vertex 154.277 66.1307 7.62939e-07
      vertex 153.975 66.4749 12
      vertex 153.975 66.4749 7.62939e-07
    endloop
  endfacet
  facet normal -0.751683 -0.659524 0
    outer loop
      vertex 153.975 66.4749 12
      vertex 154.277 66.1307 7.62939e-07
      vertex 154.277 66.1307 12
    endloop
  endfacet
  facet normal 0.555305 -0.831647 0
    outer loop
      vertex 149.369 66.7767 7.62939e-07
      vertex 149.75 67.0311 12
      vertex 149.369 66.7767 12
    endloop
  endfacet
  facet normal 0.555305 -0.831647 0
    outer loop
      vertex 149.75 67.0311 12
      vertex 149.369 66.7767 7.62939e-07
      vertex 149.75 67.0311 7.62939e-07
    endloop
  endfacet
  facet normal -0.321668 0.946853 0
    outer loop
      vertex 152.839 60.7664 7.62939e-07
      vertex 152.406 60.6193 12
      vertex 152.839 60.7664 12
    endloop
  endfacet
  facet normal -0.321668 0.946853 0
    outer loop
      vertex 152.406 60.6193 12
      vertex 152.839 60.7664 7.62939e-07
      vertex 152.406 60.6193 7.62939e-07
    endloop
  endfacet
  facet normal -0.441968 0.897031 0
    outer loop
      vertex 153.25 60.9689 7.62939e-07
      vertex 152.839 60.7664 12
      vertex 153.25 60.9689 12
    endloop
  endfacet
  facet normal -0.441968 0.897031 0
    outer loop
      vertex 152.839 60.7664 12
      vertex 153.25 60.9689 7.62939e-07
      vertex 152.839 60.7664 7.62939e-07
    endloop
  endfacet
  facet normal -0.195276 -0.980748 0
    outer loop
      vertex 151.957 67.4701 7.62939e-07
      vertex 152.406 67.3807 12
      vertex 151.957 67.4701 12
    endloop
  endfacet
  facet normal -0.195276 -0.980748 -0
    outer loop
      vertex 152.406 67.3807 12
      vertex 151.957 67.4701 7.62939e-07
      vertex 152.406 67.3807 7.62939e-07
    endloop
  endfacet
  facet normal 0.441968 0.897031 -0
    outer loop
      vertex 150.161 60.7664 7.62939e-07
      vertex 149.75 60.9689 12
      vertex 150.161 60.7664 12
    endloop
  endfacet
  facet normal 0.441968 0.897031 0
    outer loop
      vertex 149.75 60.9689 12
      vertex 150.161 60.7664 7.62939e-07
      vertex 149.75 60.9689 7.62939e-07
    endloop
  endfacet
  facet normal 0.831849 0.555003 0
    outer loop
      vertex 148.723 61.8693 12
      vertex 148.469 62.25 7.62939e-07
      vertex 148.469 62.25 12
    endloop
  endfacet
  facet normal 0.831849 0.555003 0
    outer loop
      vertex 148.469 62.25 7.62939e-07
      vertex 148.723 61.8693 12
      vertex 148.723 61.8693 7.62939e-07
    endloop
  endfacet
  facet normal 0.947032 -0.321139 0
    outer loop
      vertex 148.119 64.9059 12
      vertex 148.266 65.3394 7.62939e-07
      vertex 148.266 65.3394 12
    endloop
  endfacet
  facet normal 0.947032 -0.321139 0
    outer loop
      vertex 148.266 65.3394 7.62939e-07
      vertex 148.119 64.9059 12
      vertex 148.119 64.9059 7.62939e-07
    endloop
  endfacet
  facet normal 0 -1 0
    outer loop
      vertex 148.527 69.15 12
      vertex 154.473 69.15 31.8
      vertex 148.527 69.15 31.8
    endloop
  endfacet
  facet normal 0 -1 -0
    outer loop
      vertex 154.473 69.15 31.8
      vertex 148.527 69.15 12
      vertex 154.473 69.15 12
    endloop
  endfacet
  facet normal -0.865978 -0.500081 0
    outer loop
      vertex 157.447 64 12
      vertex 154.473 69.15 31.8
      vertex 154.473 69.15 12
    endloop
  endfacet
  facet normal -0.865978 -0.500081 0
    outer loop
      vertex 154.473 69.15 31.8
      vertex 157.447 64 12
      vertex 157.447 64 31.8
    endloop
  endfacet
  facet normal 0.865978 -0.500081 0
    outer loop
      vertex 145.553 64 31.8
      vertex 148.527 69.15 12
      vertex 148.527 69.15 31.8
    endloop
  endfacet
  facet normal 0.865978 -0.500081 0
    outer loop
      vertex 148.527 69.15 12
      vertex 145.553 64 31.8
      vertex 145.553 64 12
    endloop
  endfacet
  facet normal 0.865978 0.500081 0
    outer loop
      vertex 148.527 58.85 31.8
      vertex 145.553 64 12
      vertex 145.553 64 31.8
    endloop
  endfacet
  facet normal 0.865978 0.500081 0
    outer loop
      vertex 145.553 64 12
      vertex 148.527 58.85 31.8
      vertex 148.527 58.85 12
    endloop
  endfacet
  facet normal 0 0 1
    outer loop
      vertex 157.447 64 12
      vertex 154.97 64.4568 12
      vertex 155 64 12
    endloop
  endfacet
  facet normal 0 0 1
    outer loop
      vertex 157.447 64 12
      vertex 154.881 64.9059 12
      vertex 154.97 64.4568 12
    endloop
  endfacet
  facet normal 0 0 1
    outer loop
      vertex 157.447 64 12
      vertex 154.734 65.3394 12
      vertex 154.881 64.9059 12
    endloop
  endfacet
  facet normal 0 0 1
    outer loop
      vertex 157.447 64 12
      vertex 154.531 65.75 12
      vertex 154.734 65.3394 12
    endloop
  endfacet
  facet normal 0 0 1
    outer loop
      vertex 154.473 69.15 12
      vertex 154.531 65.75 12
      vertex 157.447 64 12
    endloop
  endfacet
  facet normal 0 0 1
    outer loop
      vertex 154.473 69.15 12
      vertex 154.277 66.1307 12
      vertex 154.531 65.75 12
    endloop
  endfacet
  facet normal 0 0 1
    outer loop
      vertex 154.473 69.15 12
      vertex 153.975 66.4749 12
      vertex 154.277 66.1307 12
    endloop
  endfacet
  facet normal 0 0 1
    outer loop
      vertex 154.473 69.15 12
      vertex 153.631 66.7767 12
      vertex 153.975 66.4749 12
    endloop
  endfacet
  facet normal 0 0 1
    outer loop
      vertex 154.473 69.15 12
      vertex 153.25 67.0311 12
      vertex 153.631 66.7767 12
    endloop
  endfacet
  facet normal 0 0 1
    outer loop
      vertex 154.473 69.15 12
      vertex 152.839 67.2336 12
      vertex 153.25 67.0311 12
    endloop
  endfacet
  facet normal 0 0 1
    outer loop
      vertex 154.473 69.15 12
      vertex 152.406 67.3807 12
      vertex 152.839 67.2336 12
    endloop
  endfacet
  facet normal 0 0 1
    outer loop
      vertex 154.473 69.15 12
      vertex 151.957 67.4701 12
      vertex 152.406 67.3807 12
    endloop
  endfacet
  facet normal 0 0 1
    outer loop
      vertex 154.473 69.15 12
      vertex 151.5 67.5 12
      vertex 151.957 67.4701 12
    endloop
  endfacet
  facet normal -0 0 1
    outer loop
      vertex 148.527 69.15 12
      vertex 151.5 67.5 12
      vertex 154.473 69.15 12
    endloop
  endfacet
  facet normal 0 0 1
    outer loop
      vertex 151.5 67.5 12
      vertex 148.527 69.15 12
      vertex 151.043 67.4701 12
    endloop
  endfacet
  facet normal 0 0 1
    outer loop
      vertex 151.043 67.4701 12
      vertex 148.527 69.15 12
      vertex 150.594 67.3807 12
    endloop
  endfacet
  facet normal 0 0 1
    outer loop
      vertex 150.594 67.3807 12
      vertex 148.527 69.15 12
      vertex 150.161 67.2336 12
    endloop
  endfacet
  facet normal 0 0 1
    outer loop
      vertex 148.527 69.15 12
      vertex 149.75 67.0311 12
      vertex 150.161 67.2336 12
    endloop
  endfacet
  facet normal 0 0 1
    outer loop
      vertex 148.527 69.15 12
      vertex 149.369 66.7767 12
      vertex 149.75 67.0311 12
    endloop
  endfacet
  facet normal 0 0 1
    outer loop
      vertex 148.527 69.15 12
      vertex 149.025 66.4749 12
      vertex 149.369 66.7767 12
    endloop
  endfacet
  facet normal 0 0 1
    outer loop
      vertex 148.527 69.15 12
      vertex 148.723 66.1307 12
      vertex 149.025 66.4749 12
    endloop
  endfacet
  facet normal 0 0 1
    outer loop
      vertex 148.527 69.15 12
      vertex 148.469 65.75 12
      vertex 148.723 66.1307 12
    endloop
  endfacet
  facet normal 0 0 1
    outer loop
      vertex 145.553 64 12
      vertex 148.469 65.75 12
      vertex 148.527 69.15 12
    endloop
  endfacet
  facet normal 0 0 1
    outer loop
      vertex 148.469 65.75 12
      vertex 145.553 64 12
      vertex 148.266 65.3394 12
    endloop
  endfacet
  facet normal 0 0 1
    outer loop
      vertex 148.266 65.3394 12
      vertex 145.553 64 12
      vertex 148.119 64.9059 12
    endloop
  endfacet
  facet normal 0 0 1
    outer loop
      vertex 148.03 64.4568 12
      vertex 145.553 64 12
      vertex 148 64 12
    endloop
  endfacet
  facet normal 0 0 1
    outer loop
      vertex 148.119 64.9059 12
      vertex 145.553 64 12
      vertex 148.03 64.4568 12
    endloop
  endfacet
  facet normal 0 0 1
    outer loop
      vertex 154.97 63.5432 12
      vertex 157.447 64 12
      vertex 155 64 12
    endloop
  endfacet
  facet normal 0 0 1
    outer loop
      vertex 154.881 63.0941 12
      vertex 157.447 64 12
      vertex 154.97 63.5432 12
    endloop
  endfacet
  facet normal 0 0 1
    outer loop
      vertex 154.734 62.6606 12
      vertex 157.447 64 12
      vertex 154.881 63.0941 12
    endloop
  endfacet
  facet normal 0 0 1
    outer loop
      vertex 154.531 62.25 12
      vertex 157.447 64 12
      vertex 154.734 62.6606 12
    endloop
  endfacet
  facet normal -0 0 1
    outer loop
      vertex 154.531 62.25 12
      vertex 154.473 58.85 12
      vertex 157.447 64 12
    endloop
  endfacet
  facet normal -0 0 1
    outer loop
      vertex 154.277 61.8693 12
      vertex 154.473 58.85 12
      vertex 154.531 62.25 12
    endloop
  endfacet
  facet normal -0 0 1
    outer loop
      vertex 153.975 61.5251 12
      vertex 154.473 58.85 12
      vertex 154.277 61.8693 12
    endloop
  endfacet
  facet normal -0 0 1
    outer loop
      vertex 153.631 61.2233 12
      vertex 154.473 58.85 12
      vertex 153.975 61.5251 12
    endloop
  endfacet
  facet normal -0 0 1
    outer loop
      vertex 153.25 60.9689 12
      vertex 154.473 58.85 12
      vertex 153.631 61.2233 12
    endloop
  endfacet
  facet normal -0 0 1
    outer loop
      vertex 152.839 60.7664 12
      vertex 154.473 58.85 12
      vertex 153.25 60.9689 12
    endloop
  endfacet
  facet normal -0 0 1
    outer loop
      vertex 152.406 60.6193 12
      vertex 154.473 58.85 12
      vertex 152.839 60.7664 12
    endloop
  endfacet
  facet normal -0 0 1
    outer loop
      vertex 151.957 60.5299 12
      vertex 154.473 58.85 12
      vertex 152.406 60.6193 12
    endloop
  endfacet
  facet normal -0 0 1
    outer loop
      vertex 151.5 60.5 12
      vertex 154.473 58.85 12
      vertex 151.957 60.5299 12
    endloop
  endfacet
  facet normal 0 0 1
    outer loop
      vertex 148.527 58.85 12
      vertex 151.5 60.5 12
      vertex 151.043 60.5299 12
    endloop
  endfacet
  facet normal 0 0 1
    outer loop
      vertex 148.527 58.85 12
      vertex 151.043 60.5299 12
      vertex 150.594 60.6193 12
    endloop
  endfacet
  facet normal 0 0 1
    outer loop
      vertex 148.527 58.85 12
      vertex 150.594 60.6193 12
      vertex 150.161 60.7664 12
    endloop
  endfacet
  facet normal 0 0 1
    outer loop
      vertex 151.5 60.5 12
      vertex 148.527 58.85 12
      vertex 154.473 58.85 12
    endloop
  endfacet
  facet normal 0 0 1
    outer loop
      vertex 149.75 60.9689 12
      vertex 148.527 58.85 12
      vertex 150.161 60.7664 12
    endloop
  endfacet
  facet normal 0 0 1
    outer loop
      vertex 149.369 61.2233 12
      vertex 148.527 58.85 12
      vertex 149.75 60.9689 12
    endloop
  endfacet
  facet normal 0 0 1
    outer loop
      vertex 149.025 61.5251 12
      vertex 148.527 58.85 12
      vertex 149.369 61.2233 12
    endloop
  endfacet
  facet normal 0 0 1
    outer loop
      vertex 148.723 61.8693 12
      vertex 148.527 58.85 12
      vertex 149.025 61.5251 12
    endloop
  endfacet
  facet normal 0 0 1
    outer loop
      vertex 148.469 62.25 12
      vertex 148.527 58.85 12
      vertex 148.723 61.8693 12
    endloop
  endfacet
  facet normal 0 0 1
    outer loop
      vertex 145.553 64 12
      vertex 148.469 62.25 12
      vertex 148.266 62.6606 12
    endloop
  endfacet
  facet normal 0 0 1
    outer loop
      vertex 145.553 64 12
      vertex 148.266 62.6606 12
      vertex 148.119 63.0941 12
    endloop
  endfacet
  facet normal 0 0 1
    outer loop
      vertex 145.553 64 12
      vertex 148.119 63.0941 12
      vertex 148.03 63.5432 12
    endloop
  endfacet
  facet normal 0 0 1
    outer loop
      vertex 148.469 62.25 12
      vertex 145.553 64 12
      vertex 148.527 58.85 12
    endloop
  endfacet
  facet normal -0 0 1
    outer loop
      vertex 145.553 64 12
      vertex 148.03 63.5432 12
      vertex 148 64 12
    endloop
  endfacet
  facet normal -0.865978 0.500081 0
    outer loop
      vertex 154.473 58.85 12
      vertex 157.447 64 31.8
      vertex 157.447 64 12
    endloop
  endfacet
  facet normal -0.865978 0.500081 0
    outer loop
      vertex 157.447 64 31.8
      vertex 154.473 58.85 12
      vertex 154.473 58.85 31.8
    endloop
  endfacet
  facet normal 0 1 -0
    outer loop
      vertex 154.473 58.85 12
      vertex 148.527 58.85 31.8
      vertex 154.473 58.85 31.8
    endloop
  endfacet
  facet normal 0 1 0
    outer loop
      vertex 148.527 58.85 31.8
      vertex 154.473 58.85 12
      vertex 148.527 58.85 12
    endloop
  endfacet
  facet normal -1 0 0
    outer loop
      vertex 21.8 24.3 7.62939e-07
      vertex 21.8 8.09 2.8
      vertex 21.8 24.3 2.8
    endloop
  endfacet
  facet normal -1 0 0
    outer loop
      vertex 21.8 0.5 7.62939e-07
      vertex 21.8 8.09 2.8
      vertex 21.8 24.3 7.62939e-07
    endloop
  endfacet
  facet normal -1 0 0
    outer loop
      vertex 21.8 0.5 7.62939e-07
      vertex 21.8 5.3 5.59
      vertex 21.8 8.09 2.8
    endloop
  endfacet
  facet normal -1 0 0
    outer loop
      vertex 21.8 0 50.79
      vertex 21.8 5.3 5.59
      vertex 21.8 0.5 7.62939e-07
    endloop
  endfacet
  facet normal -1 0 0
    outer loop
      vertex 21.8 5.3 5.59
      vertex 21.8 0 50.79
      vertex 21.8 5.3 50.8
    endloop
  endfacet
  facet normal -1 -0 0
    outer loop
      vertex 21.8 5.3 50.8
      vertex 21.8 0 50.79
      vertex 21.8 0 50.8
    endloop
  endfacet
  facet normal 1 -0 0
    outer loop
      vertex 6.2 0 50.79
      vertex 6.2 5.3 5.59
      vertex 6.2 5.3 50.8
    endloop
  endfacet
  facet normal 1 0 0
    outer loop
      vertex 6.2 0 50.79
      vertex 6.2 5.3 50.8
      vertex 6.2 0 50.8
    endloop
  endfacet
  facet normal 1 0 0
    outer loop
      vertex 6.2 5.3 5.59
      vertex 6.2 0 50.79
      vertex 6.2 0.5 7.62939e-07
    endloop
  endfacet
  facet normal 1 -0 0
    outer loop
      vertex 6.2 8.09 2.8
      vertex 6.2 24.3 7.62939e-07
      vertex 6.2 24.3 2.8
    endloop
  endfacet
  facet normal 1 0 0
    outer loop
      vertex 6.2 8.09 2.8
      vertex 6.2 0.5 7.62939e-07
      vertex 6.2 24.3 7.62939e-07
    endloop
  endfacet
  facet normal 1 0 0
    outer loop
      vertex 6.2 0.5 7.62939e-07
      vertex 6.2 8.09 2.8
      vertex 6.2 5.3 5.59
    endloop
  endfacet
  facet normal 0 -1 0
    outer loop
      vertex 6.2 5.3 5.59
      vertex 21.8 5.3 50.8
      vertex 6.2 5.3 50.8
    endloop
  endfacet
  facet normal 0 -1 -0
    outer loop
      vertex 21.8 5.3 50.8
      vertex 6.2 5.3 5.59
      vertex 21.8 5.3 5.59
    endloop
  endfacet
  facet normal 0 0 -1
    outer loop
      vertex 16.4701 14.4568 2.8
      vertex 21.8 8.09 2.8
      vertex 16.5 14 2.8
    endloop
  endfacet
  facet normal 0 0 -1
    outer loop
      vertex 21.8 8.09 2.8
      vertex 16.4701 13.5432 2.8
      vertex 16.5 14 2.8
    endloop
  endfacet
  facet normal 0 0 -1
    outer loop
      vertex 21.8 8.09 2.8
      vertex 16.3807 13.0941 2.8
      vertex 16.4701 13.5432 2.8
    endloop
  endfacet
  facet normal 0 0 -1
    outer loop
      vertex 21.8 8.09 2.8
      vertex 16.2336 12.6606 2.8
      vertex 16.3807 13.0941 2.8
    endloop
  endfacet
  facet normal 0 0 -1
    outer loop
      vertex 21.8 8.09 2.8
      vertex 16.0311 12.25 2.8
      vertex 16.2336 12.6606 2.8
    endloop
  endfacet
  facet normal 0 0 -1
    outer loop
      vertex 21.8 8.09 2.8
      vertex 15.7767 11.8693 2.8
      vertex 16.0311 12.25 2.8
    endloop
  endfacet
  facet normal 0 0 -1
    outer loop
      vertex 21.8 8.09 2.8
      vertex 15.4749 11.5251 2.8
      vertex 15.7767 11.8693 2.8
    endloop
  endfacet
  facet normal 0 0 -1
    outer loop
      vertex 21.8 8.09 2.8
      vertex 15.1307 11.2233 2.8
      vertex 15.4749 11.5251 2.8
    endloop
  endfacet
  facet normal 0 0 -1
    outer loop
      vertex 21.8 8.09 2.8
      vertex 14.75 10.9689 2.8
      vertex 15.1307 11.2233 2.8
    endloop
  endfacet
  facet normal 0 0 -1
    outer loop
      vertex 21.8 8.09 2.8
      vertex 14.3394 10.7664 2.8
      vertex 14.75 10.9689 2.8
    endloop
  endfacet
  facet normal 0 0 -1
    outer loop
      vertex 21.8 8.09 2.8
      vertex 13.9059 10.6193 2.8
      vertex 14.3394 10.7664 2.8
    endloop
  endfacet
  facet normal 0 0 -1
    outer loop
      vertex 21.8 8.09 2.8
      vertex 13.4568 10.5299 2.8
      vertex 13.9059 10.6193 2.8
    endloop
  endfacet
  facet normal 0 0 -1
    outer loop
      vertex 21.8 8.09 2.8
      vertex 13 10.5 2.8
      vertex 13.4568 10.5299 2.8
    endloop
  endfacet
  facet normal 0 0 -1
    outer loop
      vertex 6.2 8.09 2.8
      vertex 13 10.5 2.8
      vertex 21.8 8.09 2.8
    endloop
  endfacet
  facet normal -0 0 -1
    outer loop
      vertex 13 10.5 2.8
      vertex 6.2 8.09 2.8
      vertex 12.5432 10.5299 2.8
    endloop
  endfacet
  facet normal -0 0 -1
    outer loop
      vertex 9.52994 13.5432 2.8
      vertex 6.2 8.09 2.8
      vertex 9.5 14 2.8
    endloop
  endfacet
  facet normal -0 0 -1
    outer loop
      vertex 9.61926 13.0941 2.8
      vertex 6.2 8.09 2.8
      vertex 9.52994 13.5432 2.8
    endloop
  endfacet
  facet normal -0 0 -1
    outer loop
      vertex 9.76642 12.6606 2.8
      vertex 6.2 8.09 2.8
      vertex 9.61926 13.0941 2.8
    endloop
  endfacet
  facet normal -0 0 -1
    outer loop
      vertex 9.96891 12.25 2.8
      vertex 6.2 8.09 2.8
      vertex 9.76642 12.6606 2.8
    endloop
  endfacet
  facet normal -0 0 -1
    outer loop
      vertex 10.2233 11.8693 2.8
      vertex 6.2 8.09 2.8
      vertex 9.96891 12.25 2.8
    endloop
  endfacet
  facet normal -0 0 -1
    outer loop
      vertex 10.5251 11.5251 2.8
      vertex 6.2 8.09 2.8
      vertex 10.2233 11.8693 2.8
    endloop
  endfacet
  facet normal -0 0 -1
    outer loop
      vertex 10.8693 11.2233 2.8
      vertex 6.2 8.09 2.8
      vertex 10.5251 11.5251 2.8
    endloop
  endfacet
  facet normal -0 0 -1
    outer loop
      vertex 11.25 10.9689 2.8
      vertex 6.2 8.09 2.8
      vertex 10.8693 11.2233 2.8
    endloop
  endfacet
  facet normal -0 0 -1
    outer loop
      vertex 11.6606 10.7664 2.8
      vertex 6.2 8.09 2.8
      vertex 11.25 10.9689 2.8
    endloop
  endfacet
  facet normal -0 0 -1
    outer loop
      vertex 12.0941 10.6193 2.8
      vertex 6.2 8.09 2.8
      vertex 11.6606 10.7664 2.8
    endloop
  endfacet
  facet normal -0 0 -1
    outer loop
      vertex 12.5432 10.5299 2.8
      vertex 6.2 8.09 2.8
      vertex 12.0941 10.6193 2.8
    endloop
  endfacet
  facet normal 0 0 -1
    outer loop
      vertex 21.8 8.09 2.8
      vertex 16.4701 14.4568 2.8
      vertex 21.8 24.3 2.8
    endloop
  endfacet
  facet normal 0 0 -1
    outer loop
      vertex 16.3807 14.9059 2.8
      vertex 21.8 24.3 2.8
      vertex 16.4701 14.4568 2.8
    endloop
  endfacet
  facet normal 0 0 -1
    outer loop
      vertex 16.2336 15.3394 2.8
      vertex 21.8 24.3 2.8
      vertex 16.3807 14.9059 2.8
    endloop
  endfacet
  facet normal 0 0 -1
    outer loop
      vertex 16.0311 15.75 2.8
      vertex 21.8 24.3 2.8
      vertex 16.2336 15.3394 2.8
    endloop
  endfacet
  facet normal 0 0 -1
    outer loop
      vertex 15.7767 16.1307 2.8
      vertex 21.8 24.3 2.8
      vertex 16.0311 15.75 2.8
    endloop
  endfacet
  facet normal 0 0 -1
    outer loop
      vertex 15.4749 16.4749 2.8
      vertex 21.8 24.3 2.8
      vertex 15.7767 16.1307 2.8
    endloop
  endfacet
  facet normal 0 0 -1
    outer loop
      vertex 15.1307 16.7767 2.8
      vertex 21.8 24.3 2.8
      vertex 15.4749 16.4749 2.8
    endloop
  endfacet
  facet normal 0 0 -1
    outer loop
      vertex 14.75 17.0311 2.8
      vertex 21.8 24.3 2.8
      vertex 15.1307 16.7767 2.8
    endloop
  endfacet
  facet normal 0 0 -1
    outer loop
      vertex 14.3394 17.2336 2.8
      vertex 21.8 24.3 2.8
      vertex 14.75 17.0311 2.8
    endloop
  endfacet
  facet normal 0 0 -1
    outer loop
      vertex 13.9059 17.3807 2.8
      vertex 21.8 24.3 2.8
      vertex 14.3394 17.2336 2.8
    endloop
  endfacet
  facet normal 0 0 -1
    outer loop
      vertex 13.4568 17.4701 2.8
      vertex 21.8 24.3 2.8
      vertex 13.9059 17.3807 2.8
    endloop
  endfacet
  facet normal 0 0 -1
    outer loop
      vertex 6.2 24.3 2.8
      vertex 13.4568 17.4701 2.8
      vertex 13 17.5 2.8
    endloop
  endfacet
  facet normal 0 0 -1
    outer loop
      vertex 6.2 24.3 2.8
      vertex 13 17.5 2.8
      vertex 12.5432 17.4701 2.8
    endloop
  endfacet
  facet normal 0 0 -1
    outer loop
      vertex 6.2 24.3 2.8
      vertex 12.5432 17.4701 2.8
      vertex 12.0941 17.3807 2.8
    endloop
  endfacet
  facet normal 0 0 -1
    outer loop
      vertex 6.2 24.3 2.8
      vertex 12.0941 17.3807 2.8
      vertex 11.6606 17.2336 2.8
    endloop
  endfacet
  facet normal 0 0 -1
    outer loop
      vertex 6.2 24.3 2.8
      vertex 11.6606 17.2336 2.8
      vertex 11.25 17.0311 2.8
    endloop
  endfacet
  facet normal 0 0 -1
    outer loop
      vertex 6.2 24.3 2.8
      vertex 11.25 17.0311 2.8
      vertex 10.8693 16.7767 2.8
    endloop
  endfacet
  facet normal 0 0 -1
    outer loop
      vertex 6.2 8.09 2.8
      vertex 9.52994 14.4568 2.8
      vertex 9.5 14 2.8
    endloop
  endfacet
  facet normal 0 0 -1
    outer loop
      vertex 6.2 24.3 2.8
      vertex 9.52994 14.4568 2.8
      vertex 6.2 8.09 2.8
    endloop
  endfacet
  facet normal 0 0 -1
    outer loop
      vertex 9.52994 14.4568 2.8
      vertex 6.2 24.3 2.8
      vertex 9.61926 14.9059 2.8
    endloop
  endfacet
  facet normal 0 0 -1
    outer loop
      vertex 13.4568 17.4701 2.8
      vertex 6.2 24.3 2.8
      vertex 21.8 24.3 2.8
    endloop
  endfacet
  facet normal 0 0 -1
    outer loop
      vertex 10.5251 16.4749 2.8
      vertex 6.2 24.3 2.8
      vertex 10.8693 16.7767 2.8
    endloop
  endfacet
  facet normal 0 0 -1
    outer loop
      vertex 10.2233 16.1307 2.8
      vertex 6.2 24.3 2.8
      vertex 10.5251 16.4749 2.8
    endloop
  endfacet
  facet normal 0 0 -1
    outer loop
      vertex 9.96891 15.75 2.8
      vertex 6.2 24.3 2.8
      vertex 10.2233 16.1307 2.8
    endloop
  endfacet
  facet normal 0 0 -1
    outer loop
      vertex 9.76642 15.3394 2.8
      vertex 6.2 24.3 2.8
      vertex 9.96891 15.75 2.8
    endloop
  endfacet
  facet normal 0 0 -1
    outer loop
      vertex 9.61926 14.9059 2.8
      vertex 6.2 24.3 2.8
      vertex 9.76642 15.3394 2.8
    endloop
  endfacet
  facet normal 0 -1 0
    outer loop
      vertex 6.2 24.3 7.62939e-07
      vertex 21.8 24.3 2.8
      vertex 6.2 24.3 2.8
    endloop
  endfacet
  facet normal 0 -1 -0
    outer loop
      vertex 21.8 24.3 2.8
      vertex 6.2 24.3 7.62939e-07
      vertex 21.8 24.3 7.62939e-07
    endloop
  endfacet
  facet normal 0 -0.707107 -0.707107
    outer loop
      vertex 6.2 8.09 2.8
      vertex 21.8 5.3 5.59
      vertex 6.2 5.3 5.59
    endloop
  endfacet
  facet normal 0 -0.707107 -0.707107
    outer loop
      vertex 21.8 5.3 5.59
      vertex 6.2 8.09 2.8
      vertex 21.8 8.09 2.8
    endloop
  endfacet
  facet normal -1 0 0
    outer loop
      vertex 158.3 24.3 7.62939e-07
      vertex 158.3 8.09 2.8
      vertex 158.3 24.3 2.8
    endloop
  endfacet
  facet normal -1 0 0
    outer loop
      vertex 158.3 0.5 7.62939e-07
      vertex 158.3 8.09 2.8
      vertex 158.3 24.3 7.62939e-07
    endloop
  endfacet
  facet normal -1 0 0
    outer loop
      vertex 158.3 0.5 7.62939e-07
      vertex 158.3 5.3 5.59
      vertex 158.3 8.09 2.8
    endloop
  endfacet
  facet normal -1 0 0
    outer loop
      vertex 158.3 0 50.79
      vertex 158.3 5.3 5.59
      vertex 158.3 0.5 7.62939e-07
    endloop
  endfacet
  facet normal -1 0 0
    outer loop
      vertex 158.3 5.3 5.59
      vertex 158.3 0 50.79
      vertex 158.3 5.3 50.8
    endloop
  endfacet
  facet normal -1 -0 0
    outer loop
      vertex 158.3 5.3 50.8
      vertex 158.3 0 50.79
      vertex 158.3 0 50.8
    endloop
  endfacet
  facet normal 1 -0 0
    outer loop
      vertex 142.7 0 50.79
      vertex 142.7 5.3 5.59
      vertex 142.7 5.3 50.8
    endloop
  endfacet
  facet normal 1 0 0
    outer loop
      vertex 142.7 0 50.79
      vertex 142.7 5.3 50.8
      vertex 142.7 0 50.8
    endloop
  endfacet
  facet normal 1 0 0
    outer loop
      vertex 142.7 5.3 5.59
      vertex 142.7 0 50.79
      vertex 142.7 0.5 7.62939e-07
    endloop
  endfacet
  facet normal 1 -0 0
    outer loop
      vertex 142.7 8.09 2.8
      vertex 142.7 24.3 7.62939e-07
      vertex 142.7 24.3 2.8
    endloop
  endfacet
  facet normal 1 0 0
    outer loop
      vertex 142.7 8.09 2.8
      vertex 142.7 0.5 7.62939e-07
      vertex 142.7 24.3 7.62939e-07
    endloop
  endfacet
  facet normal 1 0 0
    outer loop
      vertex 142.7 0.5 7.62939e-07
      vertex 142.7 8.09 2.8
      vertex 142.7 5.3 5.59
    endloop
  endfacet
  facet normal 0 -1 0
    outer loop
      vertex 142.7 5.3 5.59
      vertex 158.3 5.3 50.8
      vertex 142.7 5.3 50.8
    endloop
  endfacet
  facet normal 0 -1 -0
    outer loop
      vertex 158.3 5.3 50.8
      vertex 142.7 5.3 5.59
      vertex 158.3 5.3 5.59
    endloop
  endfacet
  facet normal 0 0 -1
    outer loop
      vertex 154.97 14.4568 2.8
      vertex 158.3 8.09 2.8
      vertex 155 14 2.8
    endloop
  endfacet
  facet normal 0 0 -1
    outer loop
      vertex 158.3 8.09 2.8
      vertex 154.97 13.5432 2.8
      vertex 155 14 2.8
    endloop
  endfacet
  facet normal 0 0 -1
    outer loop
      vertex 158.3 8.09 2.8
      vertex 154.881 13.0941 2.8
      vertex 154.97 13.5432 2.8
    endloop
  endfacet
  facet normal 0 0 -1
    outer loop
      vertex 158.3 8.09 2.8
      vertex 154.734 12.6606 2.8
      vertex 154.881 13.0941 2.8
    endloop
  endfacet
  facet normal 0 0 -1
    outer loop
      vertex 158.3 8.09 2.8
      vertex 154.531 12.25 2.8
      vertex 154.734 12.6606 2.8
    endloop
  endfacet
  facet normal 0 0 -1
    outer loop
      vertex 158.3 8.09 2.8
      vertex 154.277 11.8693 2.8
      vertex 154.531 12.25 2.8
    endloop
  endfacet
  facet normal 0 0 -1
    outer loop
      vertex 158.3 8.09 2.8
      vertex 153.975 11.5251 2.8
      vertex 154.277 11.8693 2.8
    endloop
  endfacet
  facet normal 0 0 -1
    outer loop
      vertex 158.3 8.09 2.8
      vertex 153.631 11.2233 2.8
      vertex 153.975 11.5251 2.8
    endloop
  endfacet
  facet normal 0 0 -1
    outer loop
      vertex 158.3 8.09 2.8
      vertex 153.25 10.9689 2.8
      vertex 153.631 11.2233 2.8
    endloop
  endfacet
  facet normal 0 0 -1
    outer loop
      vertex 158.3 8.09 2.8
      vertex 152.839 10.7664 2.8
      vertex 153.25 10.9689 2.8
    endloop
  endfacet
  facet normal 0 0 -1
    outer loop
      vertex 158.3 8.09 2.8
      vertex 152.406 10.6193 2.8
      vertex 152.839 10.7664 2.8
    endloop
  endfacet
  facet normal 0 0 -1
    outer loop
      vertex 158.3 8.09 2.8
      vertex 151.957 10.5299 2.8
      vertex 152.406 10.6193 2.8
    endloop
  endfacet
  facet normal 0 0 -1
    outer loop
      vertex 158.3 8.09 2.8
      vertex 151.5 10.5 2.8
      vertex 151.957 10.5299 2.8
    endloop
  endfacet
  facet normal 0 0 -1
    outer loop
      vertex 158.3 8.09 2.8
      vertex 151.043 10.5299 2.8
      vertex 151.5 10.5 2.8
    endloop
  endfacet
  facet normal 0 0 -1
    outer loop
      vertex 142.7 8.09 2.8
      vertex 151.043 10.5299 2.8
      vertex 158.3 8.09 2.8
    endloop
  endfacet
  facet normal -0 0 -1
    outer loop
      vertex 148.03 13.5432 2.8
      vertex 142.7 8.09 2.8
      vertex 148 14 2.8
    endloop
  endfacet
  facet normal -0 0 -1
    outer loop
      vertex 148.119 13.0941 2.8
      vertex 142.7 8.09 2.8
      vertex 148.03 13.5432 2.8
    endloop
  endfacet
  facet normal -0 0 -1
    outer loop
      vertex 148.266 12.6606 2.8
      vertex 142.7 8.09 2.8
      vertex 148.119 13.0941 2.8
    endloop
  endfacet
  facet normal -0 0 -1
    outer loop
      vertex 148.469 12.25 2.8
      vertex 142.7 8.09 2.8
      vertex 148.266 12.6606 2.8
    endloop
  endfacet
  facet normal -0 0 -1
    outer loop
      vertex 148.723 11.8693 2.8
      vertex 142.7 8.09 2.8
      vertex 148.469 12.25 2.8
    endloop
  endfacet
  facet normal -0 0 -1
    outer loop
      vertex 149.025 11.5251 2.8
      vertex 142.7 8.09 2.8
      vertex 148.723 11.8693 2.8
    endloop
  endfacet
  facet normal -0 0 -1
    outer loop
      vertex 149.369 11.2233 2.8
      vertex 142.7 8.09 2.8
      vertex 149.025 11.5251 2.8
    endloop
  endfacet
  facet normal -0 0 -1
    outer loop
      vertex 149.75 10.9689 2.8
      vertex 142.7 8.09 2.8
      vertex 149.369 11.2233 2.8
    endloop
  endfacet
  facet normal -0 0 -1
    outer loop
      vertex 150.161 10.7664 2.8
      vertex 142.7 8.09 2.8
      vertex 149.75 10.9689 2.8
    endloop
  endfacet
  facet normal -0 0 -1
    outer loop
      vertex 150.594 10.6193 2.8
      vertex 142.7 8.09 2.8
      vertex 150.161 10.7664 2.8
    endloop
  endfacet
  facet normal -0 0 -1
    outer loop
      vertex 151.043 10.5299 2.8
      vertex 142.7 8.09 2.8
      vertex 150.594 10.6193 2.8
    endloop
  endfacet
  facet normal 0 0 -1
    outer loop
      vertex 158.3 8.09 2.8
      vertex 154.97 14.4568 2.8
      vertex 158.3 24.3 2.8
    endloop
  endfacet
  facet normal 0 0 -1
    outer loop
      vertex 154.881 14.9059 2.8
      vertex 158.3 24.3 2.8
      vertex 154.97 14.4568 2.8
    endloop
  endfacet
  facet normal 0 0 -1
    outer loop
      vertex 154.734 15.3394 2.8
      vertex 158.3 24.3 2.8
      vertex 154.881 14.9059 2.8
    endloop
  endfacet
  facet normal 0 0 -1
    outer loop
      vertex 154.531 15.75 2.8
      vertex 158.3 24.3 2.8
      vertex 154.734 15.3394 2.8
    endloop
  endfacet
  facet normal 0 0 -1
    outer loop
      vertex 154.277 16.1307 2.8
      vertex 158.3 24.3 2.8
      vertex 154.531 15.75 2.8
    endloop
  endfacet
  facet normal 0 0 -1
    outer loop
      vertex 153.975 16.4749 2.8
      vertex 158.3 24.3 2.8
      vertex 154.277 16.1307 2.8
    endloop
  endfacet
  facet normal 0 0 -1
    outer loop
      vertex 153.631 16.7767 2.8
      vertex 158.3 24.3 2.8
      vertex 153.975 16.4749 2.8
    endloop
  endfacet
  facet normal 0 0 -1
    outer loop
      vertex 153.25 17.0311 2.8
      vertex 158.3 24.3 2.8
      vertex 153.631 16.7767 2.8
    endloop
  endfacet
  facet normal 0 0 -1
    outer loop
      vertex 152.839 17.2336 2.8
      vertex 158.3 24.3 2.8
      vertex 153.25 17.0311 2.8
    endloop
  endfacet
  facet normal 0 0 -1
    outer loop
      vertex 152.406 17.3807 2.8
      vertex 158.3 24.3 2.8
      vertex 152.839 17.2336 2.8
    endloop
  endfacet
  facet normal 0 0 -1
    outer loop
      vertex 151.957 17.4701 2.8
      vertex 158.3 24.3 2.8
      vertex 152.406 17.3807 2.8
    endloop
  endfacet
  facet normal 0 0 -1
    outer loop
      vertex 151.5 17.5 2.8
      vertex 158.3 24.3 2.8
      vertex 151.957 17.4701 2.8
    endloop
  endfacet
  facet normal 0 0 -1
    outer loop
      vertex 151.043 17.4701 2.8
      vertex 158.3 24.3 2.8
      vertex 151.5 17.5 2.8
    endloop
  endfacet
  facet normal 0 0 -1
    outer loop
      vertex 142.7 24.3 2.8
      vertex 151.043 17.4701 2.8
      vertex 150.594 17.3807 2.8
    endloop
  endfacet
  facet normal 0 0 -1
    outer loop
      vertex 142.7 24.3 2.8
      vertex 150.594 17.3807 2.8
      vertex 150.161 17.2336 2.8
    endloop
  endfacet
  facet normal 0 0 -1
    outer loop
      vertex 142.7 24.3 2.8
      vertex 150.161 17.2336 2.8
      vertex 149.75 17.0311 2.8
    endloop
  endfacet
  facet normal 0 0 -1
    outer loop
      vertex 142.7 24.3 2.8
      vertex 149.75 17.0311 2.8
      vertex 149.369 16.7767 2.8
    endloop
  endfacet
  facet normal 0 0 -1
    outer loop
      vertex 142.7 8.09 2.8
      vertex 148.03 14.4568 2.8
      vertex 148 14 2.8
    endloop
  endfacet
  facet normal 0 0 -1
    outer loop
      vertex 142.7 24.3 2.8
      vertex 148.03 14.4568 2.8
      vertex 142.7 8.09 2.8
    endloop
  endfacet
  facet normal 0 0 -1
    outer loop
      vertex 148.03 14.4568 2.8
      vertex 142.7 24.3 2.8
      vertex 148.119 14.9059 2.8
    endloop
  endfacet
  facet normal 0 0 -1
    outer loop
      vertex 148.119 14.9059 2.8
      vertex 142.7 24.3 2.8
      vertex 148.266 15.3394 2.8
    endloop
  endfacet
  facet normal 0 0 -1
    outer loop
      vertex 148.266 15.3394 2.8
      vertex 142.7 24.3 2.8
      vertex 148.469 15.75 2.8
    endloop
  endfacet
  facet normal 0 0 -1
    outer loop
      vertex 151.043 17.4701 2.8
      vertex 142.7 24.3 2.8
      vertex 158.3 24.3 2.8
    endloop
  endfacet
  facet normal 0 0 -1
    outer loop
      vertex 149.025 16.4749 2.8
      vertex 142.7 24.3 2.8
      vertex 149.369 16.7767 2.8
    endloop
  endfacet
  facet normal 0 0 -1
    outer loop
      vertex 148.723 16.1307 2.8
      vertex 142.7 24.3 2.8
      vertex 149.025 16.4749 2.8
    endloop
  endfacet
  facet normal 0 0 -1
    outer loop
      vertex 148.469 15.75 2.8
      vertex 142.7 24.3 2.8
      vertex 148.723 16.1307 2.8
    endloop
  endfacet
  facet normal 0 -1 0
    outer loop
      vertex 142.7 24.3 7.62939e-07
      vertex 158.3 24.3 2.8
      vertex 142.7 24.3 2.8
    endloop
  endfacet
  facet normal 0 -1 -0
    outer loop
      vertex 158.3 24.3 2.8
      vertex 142.7 24.3 7.62939e-07
      vertex 158.3 24.3 7.62939e-07
    endloop
  endfacet
  facet normal 0 -0.707107 -0.707107
    outer loop
      vertex 142.7 8.09 2.8
      vertex 158.3 5.3 5.59
      vertex 142.7 5.3 5.59
    endloop
  endfacet
  facet normal 0 -0.707107 -0.707107
    outer loop
      vertex 158.3 5.3 5.59
      vertex 142.7 8.09 2.8
      vertex 158.3 8.09 2.8
    endloop
  endfacet
  facet normal -0.0653771 0.997861 0
    outer loop
      vertex 157.411 6.6171 31.8
      vertex 157.15 6.6 50.8
      vertex 157.411 6.6171 50.8
    endloop
  endfacet
  facet normal -0.0653771 0.997861 0
    outer loop
      vertex 157.15 6.6 50.8
      vertex 157.411 6.6171 31.8
      vertex 157.15 6.6 31.8
    endloop
  endfacet
  facet normal -0.947066 -0.321039 0
    outer loop
      vertex 159.082 92.9176 31.8
      vertex 158.998 93.1654 50.8
      vertex 158.998 93.1654 31.8
    endloop
  endfacet
  facet normal -0.947066 -0.321039 0
    outer loop
      vertex 158.998 93.1654 50.8
      vertex 159.082 92.9176 31.8
      vertex 159.082 92.9176 50.8
    endloop
  endfacet
  facet normal 1 -0 0
    outer loop
      vertex 5.35 8.6 50.8
      vertex 5.35 92.4 31.8
      vertex 5.35 92.4 50.8
    endloop
  endfacet
  facet normal 1 0 0
    outer loop
      vertex 5.35 92.4 31.8
      vertex 5.35 8.6 50.8
      vertex 5.35 8.6 31.8
    endloop
  endfacet
  facet normal -0.997886 -0.0649964 0
    outer loop
      vertex 159.15 92.4 31.8
      vertex 159.133 92.661 50.8
      vertex 159.133 92.661 31.8
    endloop
  endfacet
  facet normal -0.997886 -0.0649964 0
    outer loop
      vertex 159.133 92.661 50.8
      vertex 159.15 92.4 31.8
      vertex 159.15 92.4 50.8
    endloop
  endfacet
  facet normal 0.0653646 0.997861 -0
    outer loop
      vertex 7.35 6.6 31.8
      vertex 7.08895 6.6171 50.8
      vertex 7.35 6.6 50.8
    endloop
  endfacet
  facet normal 0.0653646 0.997861 0
    outer loop
      vertex 7.08895 6.6171 50.8
      vertex 7.35 6.6 31.8
      vertex 7.08895 6.6171 31.8
    endloop
  endfacet
  facet normal 0.997861 -0.0653771 0
    outer loop
      vertex 5.35 92.4 50.8
      vertex 5.3671 92.661 31.8
      vertex 5.3671 92.661 50.8
    endloop
  endfacet
  facet normal 0.997861 -0.0653771 0
    outer loop
      vertex 5.3671 92.661 31.8
      vertex 5.35 92.4 50.8
      vertex 5.35 92.4 31.8
    endloop
  endfacet
  facet normal 0.751863 0.659319 0
    outer loop
      vertex 5.93578 7.18578 50.8
      vertex 5.7633 7.38247 31.8
      vertex 5.7633 7.38247 50.8
    endloop
  endfacet
  facet normal 0.751863 0.659319 0
    outer loop
      vertex 5.7633 7.38247 31.8
      vertex 5.93578 7.18578 50.8
      vertex 5.93578 7.18578 31.8
    endloop
  endfacet
  facet normal 0.946961 -0.321348 0
    outer loop
      vertex 5.41815 92.9176 50.8
      vertex 5.50224 93.1654 31.8
      vertex 5.50224 93.1654 50.8
    endloop
  endfacet
  facet normal 0.946961 -0.321348 0
    outer loop
      vertex 5.50224 93.1654 31.8
      vertex 5.41815 92.9176 50.8
      vertex 5.41815 92.9176 31.8
    endloop
  endfacet
  facet normal -0.750879 0.66044 0
    outer loop
      vertex 158.564 7.18578 31.8
      vertex 158.737 7.38247 50.8
      vertex 158.737 7.38247 31.8
    endloop
  endfacet
  facet normal -0.750879 0.66044 0
    outer loop
      vertex 158.737 7.38247 50.8
      vertex 158.564 7.18578 31.8
      vertex 158.564 7.18578 50.8
    endloop
  endfacet
  facet normal 0 1 0
    outer loop
      vertex 157.15 6.6 50.8
      vertex 140.5 6.6 32
      vertex 7.35 6.6 50.8
    endloop
  endfacet
  facet normal 0 1 -0
    outer loop
      vertex 157.15 6.6 31.8
      vertex 140.5 6.6 32
      vertex 157.15 6.6 50.8
    endloop
  endfacet
  facet normal 0 1 0
    outer loop
      vertex 140.5 6.6 32
      vertex 157.15 6.6 31.8
      vertex 140.5 6.6 31.8
    endloop
  endfacet
  facet normal 0 1 -0
    outer loop
      vertex 24 6.6 32
      vertex 7.35 6.6 50.8
      vertex 140.5 6.6 32
    endloop
  endfacet
  facet normal 0 1 0
    outer loop
      vertex 7.35 6.6 31.8
      vertex 24 6.6 32
      vertex 24 6.6 31.8
    endloop
  endfacet
  facet normal 0 1 0
    outer loop
      vertex 24 6.6 32
      vertex 7.35 6.6 31.8
      vertex 7.35 6.6 50.8
    endloop
  endfacet
  facet normal 0.442268 -0.896883 0
    outer loop
      vertex 6.35 94.132 31.8
      vertex 6.58463 94.2477 50.8
      vertex 6.35 94.132 50.8
    endloop
  endfacet
  facet normal 0.442268 -0.896883 0
    outer loop
      vertex 6.58463 94.2477 50.8
      vertex 6.35 94.132 31.8
      vertex 6.58463 94.2477 31.8
    endloop
  endfacet
  facet normal 0.83145 0.5556 0
    outer loop
      vertex 5.7633 7.38247 50.8
      vertex 5.61794 7.6 31.8
      vertex 5.61794 7.6 50.8
    endloop
  endfacet
  facet normal 0.83145 0.5556 0
    outer loop
      vertex 5.61794 7.6 31.8
      vertex 5.7633 7.38247 50.8
      vertex 5.7633 7.38247 31.8
    endloop
  endfacet
  facet normal -0.980815 -0.19494 0
    outer loop
      vertex 159.133 92.661 31.8
      vertex 159.082 92.9176 50.8
      vertex 159.082 92.9176 31.8
    endloop
  endfacet
  facet normal -0.980815 -0.19494 0
    outer loop
      vertex 159.082 92.9176 50.8
      vertex 159.133 92.661 31.8
      vertex 159.133 92.661 50.8
    endloop
  endfacet
  facet normal 0 -1 0
    outer loop
      vertex 110.45 94.4 31.8
      vertex 157.15 94.4 50.8
      vertex 110.45 94.4 50.8
    endloop
  endfacet
  facet normal 0 -1 -0
    outer loop
      vertex 157.15 94.4 50.8
      vertex 110.45 94.4 31.8
      vertex 157.15 94.4 31.8
    endloop
  endfacet
  facet normal 0 -1 0
    outer loop
      vertex 7.35 94.4 31.8
      vertex 102.45 94.4 50.8
      vertex 7.35 94.4 50.8
    endloop
  endfacet
  facet normal 0 -1 -0
    outer loop
      vertex 102.45 94.4 50.8
      vertex 7.35 94.4 31.8
      vertex 102.45 94.4 31.8
    endloop
  endfacet
  facet normal 0.195131 0.980777 -0
    outer loop
      vertex 7.08895 6.6171 31.8
      vertex 6.83236 6.66815 50.8
      vertex 7.08895 6.6171 50.8
    endloop
  endfacet
  facet normal 0.195131 0.980777 0
    outer loop
      vertex 6.83236 6.66815 50.8
      vertex 7.08895 6.6171 31.8
      vertex 6.83236 6.66815 31.8
    endloop
  endfacet
  facet normal -0.0653771 -0.997861 0
    outer loop
      vertex 157.15 94.4 31.8
      vertex 157.411 94.3829 50.8
      vertex 157.15 94.4 50.8
    endloop
  endfacet
  facet normal -0.0653771 -0.997861 -0
    outer loop
      vertex 157.411 94.3829 50.8
      vertex 157.15 94.4 31.8
      vertex 157.411 94.3829 31.8
    endloop
  endfacet
  facet normal 0.195315 -0.980741 0
    outer loop
      vertex 6.83236 94.3318 31.8
      vertex 7.08895 94.3829 50.8
      vertex 6.83236 94.3318 50.8
    endloop
  endfacet
  facet normal 0.195315 -0.980741 0
    outer loop
      vertex 7.08895 94.3829 50.8
      vertex 6.83236 94.3318 31.8
      vertex 7.08895 94.3829 31.8
    endloop
  endfacet
  facet normal -0.195015 -0.9808 0
    outer loop
      vertex 157.411 94.3829 31.8
      vertex 157.668 94.3318 50.8
      vertex 157.411 94.3829 50.8
    endloop
  endfacet
  facet normal -0.195015 -0.9808 -0
    outer loop
      vertex 157.668 94.3318 50.8
      vertex 157.411 94.3829 31.8
      vertex 157.668 94.3318 31.8
    endloop
  endfacet
  facet normal 0.442268 0.896883 -0
    outer loop
      vertex 6.58463 6.75224 31.8
      vertex 6.35 6.86794 50.8
      vertex 6.58463 6.75224 50.8
    endloop
  endfacet
  facet normal 0.442268 0.896883 0
    outer loop
      vertex 6.35 6.86794 50.8
      vertex 6.58463 6.75224 31.8
      vertex 6.35 6.86794 31.8
    endloop
  endfacet
  facet normal 0.0653646 -0.997861 0
    outer loop
      vertex 7.08895 94.3829 31.8
      vertex 7.35 94.4 50.8
      vertex 7.08895 94.3829 50.8
    endloop
  endfacet
  facet normal 0.0653646 -0.997861 0
    outer loop
      vertex 7.35 94.4 50.8
      vertex 7.08895 94.3829 31.8
      vertex 7.35 94.4 31.8
    endloop
  endfacet
  facet normal 0.980779 -0.195124 0
    outer loop
      vertex 5.3671 92.661 50.8
      vertex 5.41815 92.9176 31.8
      vertex 5.41815 92.9176 50.8
    endloop
  endfacet
  facet normal 0.980779 -0.195124 0
    outer loop
      vertex 5.41815 92.9176 31.8
      vertex 5.3671 92.661 50.8
      vertex 5.3671 92.661 31.8
    endloop
  endfacet
  facet normal -0.322315 -0.946632 0
    outer loop
      vertex 157.668 94.3318 31.8
      vertex 157.915 94.2477 50.8
      vertex 157.668 94.3318 50.8
    endloop
  endfacet
  facet normal -0.322315 -0.946632 -0
    outer loop
      vertex 157.915 94.2477 50.8
      vertex 157.668 94.3318 31.8
      vertex 157.915 94.2477 31.8
    endloop
  endfacet
  facet normal -0.660671 -0.750676 0
    outer loop
      vertex 158.368 93.9867 31.8
      vertex 158.564 93.8142 50.8
      vertex 158.368 93.9867 50.8
    endloop
  endfacet
  facet normal -0.660671 -0.750676 -0
    outer loop
      vertex 158.564 93.8142 50.8
      vertex 158.368 93.9867 31.8
      vertex 158.564 93.8142 31.8
    endloop
  endfacet
  facet normal -0.441708 -0.897159 0
    outer loop
      vertex 157.915 94.2477 31.8
      vertex 158.15 94.132 50.8
      vertex 157.915 94.2477 50.8
    endloop
  endfacet
  facet normal -0.441708 -0.897159 -0
    outer loop
      vertex 158.15 94.132 50.8
      vertex 157.915 94.2477 31.8
      vertex 158.15 94.132 31.8
    endloop
  endfacet
  facet normal 0.321429 0.946934 -0
    outer loop
      vertex 6.83236 6.66815 31.8
      vertex 6.58463 6.75224 50.8
      vertex 6.83236 6.66815 50.8
    endloop
  endfacet
  facet normal 0.321429 0.946934 0
    outer loop
      vertex 6.58463 6.75224 50.8
      vertex 6.83236 6.66815 31.8
      vertex 6.58463 6.75224 31.8
    endloop
  endfacet
  facet normal 0.997861 0.0653646 0
    outer loop
      vertex 5.3671 8.33895 50.8
      vertex 5.35 8.6 31.8
      vertex 5.35 8.6 50.8
    endloop
  endfacet
  facet normal 0.997861 0.0653646 0
    outer loop
      vertex 5.35 8.6 31.8
      vertex 5.3671 8.33895 50.8
      vertex 5.3671 8.33895 31.8
    endloop
  endfacet
  facet normal 0.659362 -0.751826 0
    outer loop
      vertex 5.93578 93.8142 31.8
      vertex 6.13247 93.9867 50.8
      vertex 5.93578 93.8142 50.8
    endloop
  endfacet
  facet normal 0.659362 -0.751826 0
    outer loop
      vertex 6.13247 93.9867 50.8
      vertex 5.93578 93.8142 31.8
      vertex 6.13247 93.9867 31.8
    endloop
  endfacet
  facet normal 0.980777 0.195131 0
    outer loop
      vertex 5.41815 8.08236 50.8
      vertex 5.3671 8.33895 31.8
      vertex 5.3671 8.33895 50.8
    endloop
  endfacet
  facet normal 0.980777 0.195131 0
    outer loop
      vertex 5.3671 8.33895 31.8
      vertex 5.41815 8.08236 50.8
      vertex 5.41815 8.08236 31.8
    endloop
  endfacet
  facet normal -0.83205 -0.5547 0
    outer loop
      vertex 158.882 93.4 31.8
      vertex 158.737 93.6175 50.8
      vertex 158.737 93.6175 31.8
    endloop
  endfacet
  facet normal -0.83205 -0.5547 0
    outer loop
      vertex 158.737 93.6175 50.8
      vertex 158.882 93.4 31.8
      vertex 158.882 93.4 50.8
    endloop
  endfacet
  facet normal -0.832086 0.554647 0
    outer loop
      vertex 158.737 7.38247 31.8
      vertex 158.882 7.6 50.8
      vertex 158.882 7.6 31.8
    endloop
  endfacet
  facet normal -0.832086 0.554647 0
    outer loop
      vertex 158.882 7.6 50.8
      vertex 158.737 7.38247 31.8
      vertex 158.737 7.38247 50.8
    endloop
  endfacet
  facet normal 0.896883 0.442268 0
    outer loop
      vertex 5.61794 7.6 50.8
      vertex 5.50224 7.83463 31.8
      vertex 5.50224 7.83463 50.8
    endloop
  endfacet
  facet normal 0.896883 0.442268 0
    outer loop
      vertex 5.50224 7.83463 31.8
      vertex 5.61794 7.6 50.8
      vertex 5.61794 7.6 31.8
    endloop
  endfacet
  facet normal -1 0 0
    outer loop
      vertex 159.15 8.6 31.8
      vertex 159.15 92.4 50.8
      vertex 159.15 92.4 31.8
    endloop
  endfacet
  facet normal -1 -0 0
    outer loop
      vertex 159.15 92.4 50.8
      vertex 159.15 8.6 31.8
      vertex 159.15 8.6 50.8
    endloop
  endfacet
  facet normal -0.997886 0.064984 0
    outer loop
      vertex 159.133 8.33895 31.8
      vertex 159.15 8.6 50.8
      vertex 159.15 8.6 31.8
    endloop
  endfacet
  facet normal -0.997886 0.064984 0
    outer loop
      vertex 159.15 8.6 50.8
      vertex 159.133 8.33895 31.8
      vertex 159.133 8.33895 50.8
    endloop
  endfacet
  facet normal 0.555441 -0.831556 0
    outer loop
      vertex 6.13247 93.9867 31.8
      vertex 6.35 94.132 50.8
      vertex 6.13247 93.9867 50.8
    endloop
  endfacet
  facet normal 0.555441 -0.831556 0
    outer loop
      vertex 6.35 94.132 50.8
      vertex 6.13247 93.9867 31.8
      vertex 6.35 94.132 31.8
    endloop
  endfacet
  facet normal 0.831415 -0.555653 0
    outer loop
      vertex 5.61794 93.4 50.8
      vertex 5.7633 93.6175 31.8
      vertex 5.7633 93.6175 50.8
    endloop
  endfacet
  facet normal 0.831415 -0.555653 0
    outer loop
      vertex 5.7633 93.6175 31.8
      vertex 5.61794 93.4 50.8
      vertex 5.61794 93.4 31.8
    endloop
  endfacet
  facet normal 0 0 1
    outer loop
      vertex 22.15 14.1 31.8
      vertex 18.889 14.1 31.8
      vertex 18.9467 14 31.8
    endloop
  endfacet
  facet normal 0 0 1
    outer loop
      vertex 10.0266 69.15 31.8
      vertex 19.0907 78.0118 31.8
      vertex 18.8356 79.2947 31.8
    endloop
  endfacet
  facet normal 0 0 1
    outer loop
      vertex 10.0266 69.15 31.8
      vertex 18.8356 79.2947 31.8
      vertex 18.75 80.6 31.8
    endloop
  endfacet
  facet normal 0 0 1
    outer loop
      vertex 19.0907 78.0118 31.8
      vertex 15.9734 69.15 31.8
      vertex 18.9467 64 31.8
    endloop
  endfacet
  facet normal -0 0 1
    outer loop
      vertex 10.0266 58.85 31.8
      vertex 24.3045 43.5307 31.8
      vertex 15.9734 58.85 31.8
    endloop
  endfacet
  facet normal 0 0 1
    outer loop
      vertex 18.9467 64 31.8
      vertex 21.6789 73.5289 31.8
      vertex 20.8165 74.5124 31.8
    endloop
  endfacet
  facet normal 0 0 1
    outer loop
      vertex 18.9467 64 31.8
      vertex 20.8165 74.5124 31.8
      vertex 20.0897 75.6 31.8
    endloop
  endfacet
  facet normal 0 0 1
    outer loop
      vertex 18.9467 64 31.8
      vertex 20.0897 75.6 31.8
      vertex 19.5112 76.7732 31.8
    endloop
  endfacet
  facet normal 0 0 1
    outer loop
      vertex 18.9467 64 31.8
      vertex 19.5112 76.7732 31.8
      vertex 19.0907 78.0118 31.8
    endloop
  endfacet
  facet normal 0 0 1
    outer loop
      vertex 24.3045 43.5307 31.8
      vertex 10.0266 58.85 31.8
      vertex 24.1363 43.0353 31.8
    endloop
  endfacet
  facet normal 0 0 1
    outer loop
      vertex 24.1363 43.0353 31.8
      vertex 10.0266 58.85 31.8
      vertex 24.0342 42.5221 31.8
    endloop
  endfacet
  facet normal 0 0 1
    outer loop
      vertex 24.0342 42.5221 31.8
      vertex 10.0266 58.85 31.8
      vertex 8.15 32.1 31.8
    endloop
  endfacet
  facet normal 0 0 1
    outer loop
      vertex 24.0342 42.5221 31.8
      vertex 8.15 32.1 31.8
      vertex 22.15 32.1 31.8
    endloop
  endfacet
  facet normal 0 0 1
    outer loop
      vertex 7.05329 64 31.8
      vertex 8.15 32.1 31.8
      vertex 10.0266 58.85 31.8
    endloop
  endfacet
  facet normal 0 0 1
    outer loop
      vertex 5.35 8.6 31.8
      vertex 8.15 32.1 31.8
      vertex 7.05329 64 31.8
    endloop
  endfacet
  facet normal 0 0 1
    outer loop
      vertex 8.15 32.1 31.8
      vertex 7.05329 14 31.8
      vertex 8.15 15.8996 31.8
    endloop
  endfacet
  facet normal 0 0 1
    outer loop
      vertex 102.45 94.4 31.8
      vertex 110.45 94.4 31.8
      vertex 110.45 95.6 31.8
    endloop
  endfacet
  facet normal 0 0 1
    outer loop
      vertex 110.45 94.4 31.8
      vertex 107.665 60.3 31.8
      vertex 109.343 56.8978 31.8
    endloop
  endfacet
  facet normal 0 0 1
    outer loop
      vertex 110.45 94.4 31.8
      vertex 105.557 63.4541 31.8
      vertex 107.665 60.3 31.8
    endloop
  endfacet
  facet normal 0 0 1
    outer loop
      vertex 110.45 94.4 31.8
      vertex 103.056 66.3061 31.8
      vertex 105.557 63.4541 31.8
    endloop
  endfacet
  facet normal 0 0 1
    outer loop
      vertex 102.45 94.4 31.8
      vertex 110.45 95.6 31.8
      vertex 102.45 95.6 31.8
    endloop
  endfacet
  facet normal 0 0 1
    outer loop
      vertex 110.45 94.4 31.8
      vertex 102.45 94.4 31.8
      vertex 100.204 68.8072 31.8
    endloop
  endfacet
  facet normal 0 0 1
    outer loop
      vertex 110.45 94.4 31.8
      vertex 100.204 68.8072 31.8
      vertex 103.056 66.3061 31.8
    endloop
  endfacet
  facet normal 0 0 1
    outer loop
      vertex 102.45 94.4 31.8
      vertex 97.05 70.9147 31.8
      vertex 100.204 68.8072 31.8
    endloop
  endfacet
  facet normal 0 0 1
    outer loop
      vertex 102.45 94.4 31.8
      vertex 93.6478 72.5925 31.8
      vertex 97.05 70.9147 31.8
    endloop
  endfacet
  facet normal 0 0 1
    outer loop
      vertex 102.45 94.4 31.8
      vertex 90.0558 73.8119 31.8
      vertex 93.6478 72.5925 31.8
    endloop
  endfacet
  facet normal 0 0 1
    outer loop
      vertex 102.45 94.4 31.8
      vertex 86.3353 74.5519 31.8
      vertex 90.0558 73.8119 31.8
    endloop
  endfacet
  facet normal 0 0 1
    outer loop
      vertex 102.45 94.4 31.8
      vertex 82.55 74.8 31.8
      vertex 86.3353 74.5519 31.8
    endloop
  endfacet
  facet normal 0 0 1
    outer loop
      vertex 102.45 94.4 31.8
      vertex 78.7647 74.5519 31.8
      vertex 82.55 74.8 31.8
    endloop
  endfacet
  facet normal 0 0 1
    outer loop
      vertex 102.45 94.4 31.8
      vertex 75.0443 73.8119 31.8
      vertex 78.7647 74.5519 31.8
    endloop
  endfacet
  facet normal -0 0 1
    outer loop
      vertex 36.6835 86.6876 31.8
      vertex 75.0443 73.8119 31.8
      vertex 102.45 94.4 31.8
    endloop
  endfacet
  facet normal -0 -0 1
    outer loop
      vertex 37.4103 85.6 31.8
      vertex 75.0443 73.8119 31.8
      vertex 36.6835 86.6876 31.8
    endloop
  endfacet
  facet normal 0 0 1
    outer loop
      vertex 75.0443 73.8119 31.8
      vertex 37.4103 85.6 31.8
      vertex 71.4522 72.5925 31.8
    endloop
  endfacet
  facet normal 0 0 1
    outer loop
      vertex 59.5428 63.4541 31.8
      vertex 37.4103 75.6 31.8
      vertex 57.4353 60.3 31.8
    endloop
  endfacet
  facet normal -0 0 1
    outer loop
      vertex 37.4103 75.6 31.8
      vertex 59.5428 63.4541 31.8
      vertex 37.9888 76.7732 31.8
    endloop
  endfacet
  facet normal -0 0 1
    outer loop
      vertex 37.9888 76.7732 31.8
      vertex 59.5428 63.4541 31.8
      vertex 38.4093 78.0118 31.8
    endloop
  endfacet
  facet normal 0 0 1
    outer loop
      vertex 62.0439 66.3061 31.8
      vertex 38.4093 78.0118 31.8
      vertex 59.5428 63.4541 31.8
    endloop
  endfacet
  facet normal -0 0 1
    outer loop
      vertex 38.4093 78.0118 31.8
      vertex 62.0439 66.3061 31.8
      vertex 38.6644 79.2947 31.8
    endloop
  endfacet
  facet normal 0 0 1
    outer loop
      vertex 64.8959 68.8072 31.8
      vertex 38.6644 79.2947 31.8
      vertex 62.0439 66.3061 31.8
    endloop
  endfacet
  facet normal -0 0 1
    outer loop
      vertex 38.6644 79.2947 31.8
      vertex 64.8959 68.8072 31.8
      vertex 38.75 80.6 31.8
    endloop
  endfacet
  facet normal 0 0 1
    outer loop
      vertex 71.4522 72.5925 31.8
      vertex 37.9888 84.4268 31.8
      vertex 68.05 70.9147 31.8
    endloop
  endfacet
  facet normal 0 0 1
    outer loop
      vertex 64.8959 68.8072 31.8
      vertex 38.6644 81.9053 31.8
      vertex 38.75 80.6 31.8
    endloop
  endfacet
  facet normal 0 0 1
    outer loop
      vertex 68.05 70.9147 31.8
      vertex 38.6644 81.9053 31.8
      vertex 64.8959 68.8072 31.8
    endloop
  endfacet
  facet normal -0 -0 1
    outer loop
      vertex 38.6644 81.9053 31.8
      vertex 68.05 70.9147 31.8
      vertex 38.4093 83.1882 31.8
    endloop
  endfacet
  facet normal -0 -0 1
    outer loop
      vertex 38.4093 83.1882 31.8
      vertex 68.05 70.9147 31.8
      vertex 37.9888 84.4268 31.8
    endloop
  endfacet
  facet normal -0 -0 1
    outer loop
      vertex 37.9888 84.4268 31.8
      vertex 71.4522 72.5925 31.8
      vertex 37.4103 85.6 31.8
    endloop
  endfacet
  facet normal 0 0 1
    outer loop
      vertex 102.45 94.4 31.8
      vertex 35.8211 87.6711 31.8
      vertex 36.6835 86.6876 31.8
    endloop
  endfacet
  facet normal 0 0 1
    outer loop
      vertex 102.45 94.4 31.8
      vertex 34.8376 88.5335 31.8
      vertex 35.8211 87.6711 31.8
    endloop
  endfacet
  facet normal 0 0 1
    outer loop
      vertex 102.45 94.4 31.8
      vertex 33.75 89.2603 31.8
      vertex 34.8376 88.5335 31.8
    endloop
  endfacet
  facet normal 0 0 1
    outer loop
      vertex 102.45 94.4 31.8
      vertex 32.5768 89.8388 31.8
      vertex 33.75 89.2603 31.8
    endloop
  endfacet
  facet normal 0 0 1
    outer loop
      vertex 102.45 94.4 31.8
      vertex 31.3382 90.2593 31.8
      vertex 32.5768 89.8388 31.8
    endloop
  endfacet
  facet normal 0 0 1
    outer loop
      vertex 102.45 94.4 31.8
      vertex 30.0553 90.5145 31.8
      vertex 31.3382 90.2593 31.8
    endloop
  endfacet
  facet normal -0 0 1
    outer loop
      vertex 7.35 94.4 31.8
      vertex 30.0553 90.5145 31.8
      vertex 102.45 94.4 31.8
    endloop
  endfacet
  facet normal 0 0 1
    outer loop
      vertex 5.35 92.4 31.8
      vertex 18.75 80.6 31.8
      vertex 18.8356 81.9053 31.8
    endloop
  endfacet
  facet normal 0 0 1
    outer loop
      vertex 5.35 92.4 31.8
      vertex 18.8356 81.9053 31.8
      vertex 19.0907 83.1882 31.8
    endloop
  endfacet
  facet normal 0 0 1
    outer loop
      vertex 19.0907 78.0118 31.8
      vertex 10.0266 69.15 31.8
      vertex 15.9734 69.15 31.8
    endloop
  endfacet
  facet normal 0 0 1
    outer loop
      vertex 5.35 92.4 31.8
      vertex 19.0907 83.1882 31.8
      vertex 19.5112 84.4268 31.8
    endloop
  endfacet
  facet normal 0 0 1
    outer loop
      vertex 7.35 94.4 31.8
      vertex 19.5112 84.4268 31.8
      vertex 20.0897 85.6 31.8
    endloop
  endfacet
  facet normal 0 0 1
    outer loop
      vertex 30.0553 90.5145 31.8
      vertex 7.35 94.4 31.8
      vertex 28.75 90.6 31.8
    endloop
  endfacet
  facet normal 0 0 1
    outer loop
      vertex 7.35 94.4 31.8
      vertex 27.4447 90.5145 31.8
      vertex 28.75 90.6 31.8
    endloop
  endfacet
  facet normal 0 0 1
    outer loop
      vertex 7.35 94.4 31.8
      vertex 26.1618 90.2593 31.8
      vertex 27.4447 90.5145 31.8
    endloop
  endfacet
  facet normal 0 0 1
    outer loop
      vertex 7.35 94.4 31.8
      vertex 24.9232 89.8388 31.8
      vertex 26.1618 90.2593 31.8
    endloop
  endfacet
  facet normal 0 0 1
    outer loop
      vertex 7.35 94.4 31.8
      vertex 23.75 89.2603 31.8
      vertex 24.9232 89.8388 31.8
    endloop
  endfacet
  facet normal 0 0 1
    outer loop
      vertex 7.35 94.4 31.8
      vertex 22.6624 88.5335 31.8
      vertex 23.75 89.2603 31.8
    endloop
  endfacet
  facet normal 0 0 1
    outer loop
      vertex 7.35 94.4 31.8
      vertex 21.6789 87.6711 31.8
      vertex 22.6624 88.5335 31.8
    endloop
  endfacet
  facet normal 0 0 1
    outer loop
      vertex 7.35 94.4 31.8
      vertex 20.8165 86.6876 31.8
      vertex 21.6789 87.6711 31.8
    endloop
  endfacet
  facet normal 0 0 1
    outer loop
      vertex 7.35 94.4 31.8
      vertex 20.0897 85.6 31.8
      vertex 20.8165 86.6876 31.8
    endloop
  endfacet
  facet normal 0 0 1
    outer loop
      vertex 19.5112 84.4268 31.8
      vertex 7.35 94.4 31.8
      vertex 5.35 92.4 31.8
    endloop
  endfacet
  facet normal 0 0 1
    outer loop
      vertex 5.35 92.4 31.8
      vertex 7.35 94.4 31.8
      vertex 7.08895 94.3829 31.8
    endloop
  endfacet
  facet normal 0 0 1
    outer loop
      vertex 18.75 80.6 31.8
      vertex 5.35 92.4 31.8
      vertex 10.0266 69.15 31.8
    endloop
  endfacet
  facet normal 0 0 1
    outer loop
      vertex 10.0266 69.15 31.8
      vertex 5.35 92.4 31.8
      vertex 7.05329 64 31.8
    endloop
  endfacet
  facet normal 0 0 1
    outer loop
      vertex 5.35 92.4 31.8
      vertex 7.08895 94.3829 31.8
      vertex 6.83236 94.3318 31.8
    endloop
  endfacet
  facet normal -0 0 1
    outer loop
      vertex 154.473 58.85 31.8
      vertex 157.447 14 31.8
      vertex 157.447 64 31.8
    endloop
  endfacet
  facet normal 0 0 1
    outer loop
      vertex 154.473 58.85 31.8
      vertex 154.473 19.15 31.8
      vertex 157.447 14 31.8
    endloop
  endfacet
  facet normal 0 0 1
    outer loop
      vertex 140.196 43.5307 31.8
      vertex 154.473 58.85 31.8
      vertex 148.527 58.85 31.8
    endloop
  endfacet
  facet normal 0 0 1
    outer loop
      vertex 154.473 58.85 31.8
      vertex 140.5 42 31.8
      vertex 154.473 19.15 31.8
    endloop
  endfacet
  facet normal 0 0 1
    outer loop
      vertex 137.022 45.9658 31.8
      vertex 148.527 58.85 31.8
      vertex 145.553 64 31.8
    endloop
  endfacet
  facet normal 0 0 1
    outer loop
      vertex 154.473 19.15 31.8
      vertex 140.5 42 31.8
      vertex 148.527 19.15 31.8
    endloop
  endfacet
  facet normal 0 0 1
    outer loop
      vertex 157.15 94.4 31.8
      vertex 159.15 92.4 31.8
      vertex 159.133 92.661 31.8
    endloop
  endfacet
  facet normal 0 0 1
    outer loop
      vertex 159.15 92.4 31.8
      vertex 157.447 64 31.8
      vertex 159.15 8.6 31.8
    endloop
  endfacet
  facet normal 0 0 1
    outer loop
      vertex 157.15 94.4 31.8
      vertex 159.133 92.661 31.8
      vertex 159.082 92.9176 31.8
    endloop
  endfacet
  facet normal -0 0 1
    outer loop
      vertex 157.447 14 31.8
      vertex 159.15 8.6 31.8
      vertex 157.447 64 31.8
    endloop
  endfacet
  facet normal 0 0 1
    outer loop
      vertex 157.15 94.4 31.8
      vertex 159.082 92.9176 31.8
      vertex 158.998 93.1654 31.8
    endloop
  endfacet
  facet normal -0 0 1
    outer loop
      vertex 154.473 8.85 31.8
      vertex 159.15 8.6 31.8
      vertex 157.447 14 31.8
    endloop
  endfacet
  facet normal 0 0 1
    outer loop
      vertex 157.15 94.4 31.8
      vertex 158.998 93.1654 31.8
      vertex 158.882 93.4 31.8
    endloop
  endfacet
  facet normal 0 -0 1
    outer loop
      vertex 157.15 6.6 31.8
      vertex 159.15 8.6 31.8
      vertex 154.473 8.85 31.8
    endloop
  endfacet
  facet normal 0 0 1
    outer loop
      vertex 157.15 94.4 31.8
      vertex 158.882 93.4 31.8
      vertex 158.737 93.6175 31.8
    endloop
  endfacet
  facet normal 0 0 1
    outer loop
      vertex 159.15 8.6 31.8
      vertex 157.15 6.6 31.8
      vertex 159.133 8.33895 31.8
    endloop
  endfacet
  facet normal 0 0 1
    outer loop
      vertex 157.15 94.4 31.8
      vertex 158.737 93.6175 31.8
      vertex 158.564 93.8142 31.8
    endloop
  endfacet
  facet normal 0 0 1
    outer loop
      vertex 159.133 8.33895 31.8
      vertex 157.15 6.6 31.8
      vertex 159.082 8.08236 31.8
    endloop
  endfacet
  facet normal 0 0 1
    outer loop
      vertex 157.15 94.4 31.8
      vertex 158.564 93.8142 31.8
      vertex 158.368 93.9867 31.8
    endloop
  endfacet
  facet normal 0 0 1
    outer loop
      vertex 159.082 8.08236 31.8
      vertex 157.15 6.6 31.8
      vertex 158.998 7.83463 31.8
    endloop
  endfacet
  facet normal 0 0 1
    outer loop
      vertex 157.15 94.4 31.8
      vertex 158.368 93.9867 31.8
      vertex 158.15 94.132 31.8
    endloop
  endfacet
  facet normal 0 0 1
    outer loop
      vertex 158.998 7.83463 31.8
      vertex 157.15 6.6 31.8
      vertex 158.882 7.6 31.8
    endloop
  endfacet
  facet normal 0 0 1
    outer loop
      vertex 157.15 94.4 31.8
      vertex 158.15 94.132 31.8
      vertex 157.915 94.2477 31.8
    endloop
  endfacet
  facet normal 0 0 1
    outer loop
      vertex 158.882 7.6 31.8
      vertex 157.15 6.6 31.8
      vertex 158.737 7.38247 31.8
    endloop
  endfacet
  facet normal 0 0 1
    outer loop
      vertex 157.15 94.4 31.8
      vertex 157.915 94.2477 31.8
      vertex 157.668 94.3318 31.8
    endloop
  endfacet
  facet normal 0 0 1
    outer loop
      vertex 158.737 7.38247 31.8
      vertex 157.15 6.6 31.8
      vertex 158.564 7.18578 31.8
    endloop
  endfacet
  facet normal 0 0 1
    outer loop
      vertex 158.564 7.18578 31.8
      vertex 157.15 6.6 31.8
      vertex 158.368 7.0133 31.8
    endloop
  endfacet
  facet normal 0 0 1
    outer loop
      vertex 157.15 94.4 31.8
      vertex 157.668 94.3318 31.8
      vertex 157.411 94.3829 31.8
    endloop
  endfacet
  facet normal 0 0 1
    outer loop
      vertex 159.15 92.4 31.8
      vertex 157.15 94.4 31.8
      vertex 148.527 69.15 31.8
    endloop
  endfacet
  facet normal 0 0 1
    outer loop
      vertex 159.15 92.4 31.8
      vertex 154.473 69.15 31.8
      vertex 157.447 64 31.8
    endloop
  endfacet
  facet normal 0 0 1
    outer loop
      vertex 159.15 92.4 31.8
      vertex 148.527 69.15 31.8
      vertex 154.473 69.15 31.8
    endloop
  endfacet
  facet normal -0 0 1
    outer loop
      vertex 110.45 94.4 31.8
      vertex 148.527 69.15 31.8
      vertex 157.15 94.4 31.8
    endloop
  endfacet
  facet normal 0 0 1
    outer loop
      vertex 148.527 19.15 31.8
      vertex 140.5 42 31.8
      vertex 145.553 14 31.8
    endloop
  endfacet
  facet normal 0 0 1
    outer loop
      vertex 154.473 58.85 31.8
      vertex 140.466 42.5221 31.8
      vertex 140.5 42 31.8
    endloop
  endfacet
  facet normal 0 0 1
    outer loop
      vertex 154.473 58.85 31.8
      vertex 140.364 43.0353 31.8
      vertex 140.466 42.5221 31.8
    endloop
  endfacet
  facet normal 0 0 1
    outer loop
      vertex 154.473 58.85 31.8
      vertex 140.196 43.5307 31.8
      vertex 140.364 43.0353 31.8
    endloop
  endfacet
  facet normal 0 0 1
    outer loop
      vertex 148.527 58.85 31.8
      vertex 139.964 44 31.8
      vertex 140.196 43.5307 31.8
    endloop
  endfacet
  facet normal 0 0 1
    outer loop
      vertex 148.527 58.85 31.8
      vertex 139.673 44.435 31.8
      vertex 139.964 44 31.8
    endloop
  endfacet
  facet normal 0 0 1
    outer loop
      vertex 148.527 58.85 31.8
      vertex 139.328 44.8284 31.8
      vertex 139.673 44.435 31.8
    endloop
  endfacet
  facet normal 0 0 1
    outer loop
      vertex 148.527 58.85 31.8
      vertex 138.935 45.1734 31.8
      vertex 139.328 44.8284 31.8
    endloop
  endfacet
  facet normal 0 0 1
    outer loop
      vertex 148.527 58.85 31.8
      vertex 138.5 45.4641 31.8
      vertex 138.935 45.1734 31.8
    endloop
  endfacet
  facet normal 0 0 1
    outer loop
      vertex 148.527 58.85 31.8
      vertex 138.031 45.6955 31.8
      vertex 138.5 45.4641 31.8
    endloop
  endfacet
  facet normal 0 0 1
    outer loop
      vertex 148.527 69.15 31.8
      vertex 110.45 94.4 31.8
      vertex 145.553 64 31.8
    endloop
  endfacet
  facet normal 0 0 1
    outer loop
      vertex 148.527 58.85 31.8
      vertex 137.535 45.8637 31.8
      vertex 138.031 45.6955 31.8
    endloop
  endfacet
  facet normal 0 0 1
    outer loop
      vertex 148.527 58.85 31.8
      vertex 137.022 45.9658 31.8
      vertex 137.535 45.8637 31.8
    endloop
  endfacet
  facet normal 0 0 1
    outer loop
      vertex 145.553 64 31.8
      vertex 136.5 46 31.8
      vertex 137.022 45.9658 31.8
    endloop
  endfacet
  facet normal 0 0 1
    outer loop
      vertex 109.343 56.8978 31.8
      vertex 145.553 64 31.8
      vertex 110.45 94.4 31.8
    endloop
  endfacet
  facet normal 0 0 1
    outer loop
      vertex 136.5 46 31.8
      vertex 111.302 49.5853 31.8
      vertex 111.537 46 31.8
    endloop
  endfacet
  facet normal 0 0 1
    outer loop
      vertex 136.5 46 31.8
      vertex 110.562 53.3058 31.8
      vertex 111.302 49.5853 31.8
    endloop
  endfacet
  facet normal 0 0 1
    outer loop
      vertex 145.553 64 31.8
      vertex 109.343 56.8978 31.8
      vertex 136.5 46 31.8
    endloop
  endfacet
  facet normal 0 0 1
    outer loop
      vertex 136.5 46 31.8
      vertex 109.343 56.8978 31.8
      vertex 110.562 53.3058 31.8
    endloop
  endfacet
  facet normal 0 0 1
    outer loop
      vertex 158.368 7.0133 31.8
      vertex 157.15 6.6 31.8
      vertex 158.15 6.86794 31.8
    endloop
  endfacet
  facet normal 0 0 1
    outer loop
      vertex 158.15 6.86794 31.8
      vertex 157.15 6.6 31.8
      vertex 157.915 6.75224 31.8
    endloop
  endfacet
  facet normal 0 0 1
    outer loop
      vertex 157.915 6.75224 31.8
      vertex 157.15 6.6 31.8
      vertex 157.668 6.66815 31.8
    endloop
  endfacet
  facet normal 0 0 1
    outer loop
      vertex 157.668 6.66815 31.8
      vertex 157.15 6.6 31.8
      vertex 157.411 6.6171 31.8
    endloop
  endfacet
  facet normal -0 0 1
    outer loop
      vertex 148.527 8.85 31.8
      vertex 157.15 6.6 31.8
      vertex 154.473 8.85 31.8
    endloop
  endfacet
  facet normal 0 0 1
    outer loop
      vertex 148.527 8.85 31.8
      vertex 140.5 6.6 31.8
      vertex 157.15 6.6 31.8
    endloop
  endfacet
  facet normal 0 0 1
    outer loop
      vertex 145.553 14 31.8
      vertex 140.5 6.6 31.8
      vertex 148.527 8.85 31.8
    endloop
  endfacet
  facet normal 0 0 1
    outer loop
      vertex 140.5 6.6 31.8
      vertex 145.553 14 31.8
      vertex 140.5 42 31.8
    endloop
  endfacet
  facet normal -0 0 1
    outer loop
      vertex 36.6835 74.5124 31.8
      vertex 57.4353 60.3 31.8
      vertex 37.4103 75.6 31.8
    endloop
  endfacet
  facet normal -0 0 1
    outer loop
      vertex 35.8211 73.5289 31.8
      vertex 57.4353 60.3 31.8
      vertex 36.6835 74.5124 31.8
    endloop
  endfacet
  facet normal 0 0 1
    outer loop
      vertex 57.4353 60.3 31.8
      vertex 35.8211 73.5289 31.8
      vertex 55.7575 56.8978 31.8
    endloop
  endfacet
  facet normal -0 0 1
    outer loop
      vertex 34.8376 72.6665 31.8
      vertex 55.7575 56.8978 31.8
      vertex 35.8211 73.5289 31.8
    endloop
  endfacet
  facet normal -0 0 1
    outer loop
      vertex 33.75 71.9397 31.8
      vertex 55.7575 56.8978 31.8
      vertex 34.8376 72.6665 31.8
    endloop
  endfacet
  facet normal 0 0 1
    outer loop
      vertex 55.7575 56.8978 31.8
      vertex 33.75 71.9397 31.8
      vertex 54.5382 53.3058 31.8
    endloop
  endfacet
  facet normal -0 0 1
    outer loop
      vertex 32.5768 71.3612 31.8
      vertex 54.5382 53.3058 31.8
      vertex 33.75 71.9397 31.8
    endloop
  endfacet
  facet normal 0 0 1
    outer loop
      vertex 28 46 31.8
      vertex 54.5382 53.3058 31.8
      vertex 32.5768 71.3612 31.8
    endloop
  endfacet
  facet normal 0 0 1
    outer loop
      vertex 54.5382 53.3058 31.8
      vertex 28 46 31.8
      vertex 53.7981 49.5853 31.8
    endloop
  endfacet
  facet normal 0 0 1
    outer loop
      vertex 28 46 31.8
      vertex 32.5768 71.3612 31.8
      vertex 31.3382 70.9407 31.8
    endloop
  endfacet
  facet normal 0 0 1
    outer loop
      vertex 28 46 31.8
      vertex 31.3382 70.9407 31.8
      vertex 30.0553 70.6855 31.8
    endloop
  endfacet
  facet normal 0 0 1
    outer loop
      vertex 28 46 31.8
      vertex 30.0553 70.6855 31.8
      vertex 28.75 70.6 31.8
    endloop
  endfacet
  facet normal 0 0 1
    outer loop
      vertex 53.7981 49.5853 31.8
      vertex 28 46 31.8
      vertex 53.5631 46 31.8
    endloop
  endfacet
  facet normal 0 0 1
    outer loop
      vertex 18.9467 64 31.8
      vertex 28.75 70.6 31.8
      vertex 27.4447 70.6855 31.8
    endloop
  endfacet
  facet normal 0 0 1
    outer loop
      vertex 28.75 70.6 31.8
      vertex 18.9467 64 31.8
      vertex 28 46 31.8
    endloop
  endfacet
  facet normal 0 0 1
    outer loop
      vertex 28 46 31.8
      vertex 18.9467 64 31.8
      vertex 27.4779 45.9658 31.8
    endloop
  endfacet
  facet normal 0 0 1
    outer loop
      vertex 18.9467 64 31.8
      vertex 27.4447 70.6855 31.8
      vertex 26.1618 70.9407 31.8
    endloop
  endfacet
  facet normal -0 0 1
    outer loop
      vertex 15.9734 58.85 31.8
      vertex 27.4779 45.9658 31.8
      vertex 18.9467 64 31.8
    endloop
  endfacet
  facet normal 0 0 1
    outer loop
      vertex 18.9467 64 31.8
      vertex 26.1618 70.9407 31.8
      vertex 24.9232 71.3612 31.8
    endloop
  endfacet
  facet normal 0 0 1
    outer loop
      vertex 27.4779 45.9658 31.8
      vertex 15.9734 58.85 31.8
      vertex 26.9647 45.8637 31.8
    endloop
  endfacet
  facet normal 0 0 1
    outer loop
      vertex 18.9467 64 31.8
      vertex 24.9232 71.3612 31.8
      vertex 23.75 71.9397 31.8
    endloop
  endfacet
  facet normal 0 0 1
    outer loop
      vertex 26.9647 45.8637 31.8
      vertex 15.9734 58.85 31.8
      vertex 26.4693 45.6955 31.8
    endloop
  endfacet
  facet normal 0 0 1
    outer loop
      vertex 26.4693 45.6955 31.8
      vertex 15.9734 58.85 31.8
      vertex 26 45.4641 31.8
    endloop
  endfacet
  facet normal 0 0 1
    outer loop
      vertex 18.9467 64 31.8
      vertex 23.75 71.9397 31.8
      vertex 22.6624 72.6665 31.8
    endloop
  endfacet
  facet normal 0 0 1
    outer loop
      vertex 26 45.4641 31.8
      vertex 15.9734 58.85 31.8
      vertex 25.565 45.1734 31.8
    endloop
  endfacet
  facet normal 0 0 1
    outer loop
      vertex 18.9467 64 31.8
      vertex 22.6624 72.6665 31.8
      vertex 21.6789 73.5289 31.8
    endloop
  endfacet
  facet normal 0 0 1
    outer loop
      vertex 25.565 45.1734 31.8
      vertex 15.9734 58.85 31.8
      vertex 25.1716 44.8284 31.8
    endloop
  endfacet
  facet normal 0 0 1
    outer loop
      vertex 25.1716 44.8284 31.8
      vertex 15.9734 58.85 31.8
      vertex 24.8266 44.435 31.8
    endloop
  endfacet
  facet normal 0 0 1
    outer loop
      vertex 24.8266 44.435 31.8
      vertex 15.9734 58.85 31.8
      vertex 24.5359 44 31.8
    endloop
  endfacet
  facet normal 0 0 1
    outer loop
      vertex 24.5359 44 31.8
      vertex 15.9734 58.85 31.8
      vertex 24.3045 43.5307 31.8
    endloop
  endfacet
  facet normal 0 0 1
    outer loop
      vertex 24.0342 42.5221 31.8
      vertex 22.15 32.1 31.8
      vertex 24 42 31.8
    endloop
  endfacet
  facet normal 0 0 1
    outer loop
      vertex 24 42 31.8
      vertex 22.15 32.1 31.8
      vertex 24 6.6 31.8
    endloop
  endfacet
  facet normal -0 0 1
    outer loop
      vertex 22.15 14.1 31.8
      vertex 24 6.6 31.8
      vertex 22.15 32.1 31.8
    endloop
  endfacet
  facet normal -0 0 1
    outer loop
      vertex 18.9467 14 31.8
      vertex 24 6.6 31.8
      vertex 22.15 14.1 31.8
    endloop
  endfacet
  facet normal -0 0 1
    outer loop
      vertex 15.9734 8.85 31.8
      vertex 24 6.6 31.8
      vertex 18.9467 14 31.8
    endloop
  endfacet
  facet normal 0 0 1
    outer loop
      vertex 7.35 6.6 31.8
      vertex 15.9734 8.85 31.8
      vertex 10.0266 8.85 31.8
    endloop
  endfacet
  facet normal 0 0 1
    outer loop
      vertex 15.9734 8.85 31.8
      vertex 7.35 6.6 31.8
      vertex 24 6.6 31.8
    endloop
  endfacet
  facet normal -0 0 1
    outer loop
      vertex 5.35 8.6 31.8
      vertex 7.35 6.6 31.8
      vertex 10.0266 8.85 31.8
    endloop
  endfacet
  facet normal 0 0 1
    outer loop
      vertex 5.35 8.6 31.8
      vertex 10.0266 8.85 31.8
      vertex 7.05329 14 31.8
    endloop
  endfacet
  facet normal 0 0 1
    outer loop
      vertex 7.35 6.6 31.8
      vertex 5.35 8.6 31.8
      vertex 7.08895 6.6171 31.8
    endloop
  endfacet
  facet normal 0 0 1
    outer loop
      vertex 5.35 8.6 31.8
      vertex 7.05329 64 31.8
      vertex 5.35 92.4 31.8
    endloop
  endfacet
  facet normal 0 0 1
    outer loop
      vertex 5.35 92.4 31.8
      vertex 6.83236 94.3318 31.8
      vertex 6.58463 94.2477 31.8
    endloop
  endfacet
  facet normal 0 0 1
    outer loop
      vertex 8.15 32.1 31.8
      vertex 5.35 8.6 31.8
      vertex 7.05329 14 31.8
    endloop
  endfacet
  facet normal 0 0 1
    outer loop
      vertex 5.35 92.4 31.8
      vertex 6.58463 94.2477 31.8
      vertex 6.35 94.132 31.8
    endloop
  endfacet
  facet normal 0 0 1
    outer loop
      vertex 7.08895 6.6171 31.8
      vertex 5.35 8.6 31.8
      vertex 6.83236 6.66815 31.8
    endloop
  endfacet
  facet normal 0 0 1
    outer loop
      vertex 5.35 92.4 31.8
      vertex 6.35 94.132 31.8
      vertex 6.13247 93.9867 31.8
    endloop
  endfacet
  facet normal 0 0 1
    outer loop
      vertex 6.83236 6.66815 31.8
      vertex 5.35 8.6 31.8
      vertex 6.58463 6.75224 31.8
    endloop
  endfacet
  facet normal 0 0 1
    outer loop
      vertex 5.35 92.4 31.8
      vertex 6.13247 93.9867 31.8
      vertex 5.93578 93.8142 31.8
    endloop
  endfacet
  facet normal 0 0 1
    outer loop
      vertex 6.58463 6.75224 31.8
      vertex 5.35 8.6 31.8
      vertex 6.35 6.86794 31.8
    endloop
  endfacet
  facet normal 0 0 1
    outer loop
      vertex 5.35 92.4 31.8
      vertex 5.93578 93.8142 31.8
      vertex 5.7633 93.6175 31.8
    endloop
  endfacet
  facet normal 0 0 1
    outer loop
      vertex 6.35 6.86794 31.8
      vertex 5.35 8.6 31.8
      vertex 6.13247 7.0133 31.8
    endloop
  endfacet
  facet normal 0 0 1
    outer loop
      vertex 5.35 92.4 31.8
      vertex 5.7633 93.6175 31.8
      vertex 5.61794 93.4 31.8
    endloop
  endfacet
  facet normal 0 0 1
    outer loop
      vertex 6.13247 7.0133 31.8
      vertex 5.35 8.6 31.8
      vertex 5.93578 7.18578 31.8
    endloop
  endfacet
  facet normal 0 0 1
    outer loop
      vertex 5.35 92.4 31.8
      vertex 5.61794 93.4 31.8
      vertex 5.50224 93.1654 31.8
    endloop
  endfacet
  facet normal 0 0 1
    outer loop
      vertex 5.93578 7.18578 31.8
      vertex 5.35 8.6 31.8
      vertex 5.7633 7.38247 31.8
    endloop
  endfacet
  facet normal 0 0 1
    outer loop
      vertex 5.35 92.4 31.8
      vertex 5.50224 93.1654 31.8
      vertex 5.41815 92.9176 31.8
    endloop
  endfacet
  facet normal 0 0 1
    outer loop
      vertex 5.7633 7.38247 31.8
      vertex 5.35 8.6 31.8
      vertex 5.61794 7.6 31.8
    endloop
  endfacet
  facet normal 0 0 1
    outer loop
      vertex 5.35 92.4 31.8
      vertex 5.41815 92.9176 31.8
      vertex 5.3671 92.661 31.8
    endloop
  endfacet
  facet normal 0 0 1
    outer loop
      vertex 5.61794 7.6 31.8
      vertex 5.35 8.6 31.8
      vertex 5.50224 7.83463 31.8
    endloop
  endfacet
  facet normal 0 0 1
    outer loop
      vertex 5.50224 7.83463 31.8
      vertex 5.35 8.6 31.8
      vertex 5.41815 8.08236 31.8
    endloop
  endfacet
  facet normal 0 0 1
    outer loop
      vertex 5.41815 8.08236 31.8
      vertex 5.35 8.6 31.8
      vertex 5.3671 8.33895 31.8
    endloop
  endfacet
  facet normal -0.322281 0.946644 0
    outer loop
      vertex 157.915 6.75224 31.8
      vertex 157.668 6.66815 50.8
      vertex 157.915 6.75224 50.8
    endloop
  endfacet
  facet normal -0.322281 0.946644 0
    outer loop
      vertex 157.668 6.66815 50.8
      vertex 157.915 6.75224 31.8
      vertex 157.668 6.66815 31.8
    endloop
  endfacet
  facet normal -0.980814 0.194947 0
    outer loop
      vertex 159.082 8.08236 31.8
      vertex 159.133 8.33895 50.8
      vertex 159.133 8.33895 31.8
    endloop
  endfacet
  facet normal -0.980814 0.194947 0
    outer loop
      vertex 159.133 8.33895 50.8
      vertex 159.082 8.08236 31.8
      vertex 159.082 8.08236 50.8
    endloop
  endfacet
  facet normal 0.659319 0.751863 -0
    outer loop
      vertex 6.13247 7.0133 31.8
      vertex 5.93578 7.18578 50.8
      vertex 6.13247 7.0133 50.8
    endloop
  endfacet
  facet normal 0.659319 0.751863 0
    outer loop
      vertex 5.93578 7.18578 50.8
      vertex 6.13247 7.0133 31.8
      vertex 5.93578 7.18578 31.8
    endloop
  endfacet
  facet normal 0.321463 -0.946922 0
    outer loop
      vertex 6.58463 94.2477 31.8
      vertex 6.83236 94.3318 50.8
      vertex 6.58463 94.2477 50.8
    endloop
  endfacet
  facet normal 0.321463 -0.946922 0
    outer loop
      vertex 6.83236 94.3318 50.8
      vertex 6.58463 94.2477 31.8
      vertex 6.83236 94.3318 31.8
    endloop
  endfacet
  facet normal 0.89686 -0.442314 0
    outer loop
      vertex 5.50224 93.1654 50.8
      vertex 5.61794 93.4 31.8
      vertex 5.61794 93.4 50.8
    endloop
  endfacet
  facet normal 0.89686 -0.442314 0
    outer loop
      vertex 5.61794 93.4 31.8
      vertex 5.50224 93.1654 50.8
      vertex 5.50224 93.1654 31.8
    endloop
  endfacet
  facet normal -0.896405 -0.443235 0
    outer loop
      vertex 158.998 93.1654 31.8
      vertex 158.882 93.4 50.8
      vertex 158.882 93.4 31.8
    endloop
  endfacet
  facet normal -0.896405 -0.443235 0
    outer loop
      vertex 158.882 93.4 50.8
      vertex 158.998 93.1654 31.8
      vertex 158.998 93.1654 50.8
    endloop
  endfacet
  facet normal 0.946934 0.321429 0
    outer loop
      vertex 5.50224 7.83463 50.8
      vertex 5.41815 8.08236 31.8
      vertex 5.41815 8.08236 50.8
    endloop
  endfacet
  facet normal 0.946934 0.321429 0
    outer loop
      vertex 5.41815 8.08236 31.8
      vertex 5.50224 7.83463 50.8
      vertex 5.50224 7.83463 31.8
    endloop
  endfacet
  facet normal 0.5556 0.83145 -0
    outer loop
      vertex 6.35 6.86794 31.8
      vertex 6.13247 7.0133 50.8
      vertex 6.35 6.86794 50.8
    endloop
  endfacet
  facet normal 0.5556 0.83145 0
    outer loop
      vertex 6.13247 7.0133 50.8
      vertex 6.35 6.86794 31.8
      vertex 6.13247 7.0133 31.8
    endloop
  endfacet
  facet normal -0.660628 0.750714 0
    outer loop
      vertex 158.564 7.18578 31.8
      vertex 158.368 7.0133 50.8
      vertex 158.564 7.18578 50.8
    endloop
  endfacet
  facet normal -0.660628 0.750714 0
    outer loop
      vertex 158.368 7.0133 50.8
      vertex 158.564 7.18578 31.8
      vertex 158.368 7.0133 31.8
    endloop
  endfacet
  facet normal -0.750895 -0.660421 0
    outer loop
      vertex 158.737 93.6175 31.8
      vertex 158.564 93.8142 50.8
      vertex 158.564 93.8142 31.8
    endloop
  endfacet
  facet normal -0.750895 -0.660421 0
    outer loop
      vertex 158.564 93.8142 50.8
      vertex 158.737 93.6175 31.8
      vertex 158.737 93.6175 50.8
    endloop
  endfacet
  facet normal -0.441708 0.897159 0
    outer loop
      vertex 158.15 6.86794 31.8
      vertex 157.915 6.75224 50.8
      vertex 158.15 6.86794 50.8
    endloop
  endfacet
  facet normal -0.441708 0.897159 0
    outer loop
      vertex 157.915 6.75224 50.8
      vertex 158.15 6.86794 31.8
      vertex 157.915 6.75224 31.8
    endloop
  endfacet
  facet normal -0.194832 0.980837 0
    outer loop
      vertex 157.668 6.66815 31.8
      vertex 157.411 6.6171 50.8
      vertex 157.668 6.66815 50.8
    endloop
  endfacet
  facet normal -0.194832 0.980837 0
    outer loop
      vertex 157.411 6.6171 50.8
      vertex 157.668 6.66815 31.8
      vertex 157.411 6.6171 31.8
    endloop
  endfacet
  facet normal -0.554771 0.832003 0
    outer loop
      vertex 158.368 7.0133 31.8
      vertex 158.15 6.86794 50.8
      vertex 158.368 7.0133 50.8
    endloop
  endfacet
  facet normal -0.554771 0.832003 0
    outer loop
      vertex 158.15 6.86794 50.8
      vertex 158.368 7.0133 31.8
      vertex 158.15 6.86794 31.8
    endloop
  endfacet
  facet normal -0.896428 0.44319 0
    outer loop
      vertex 158.882 7.6 31.8
      vertex 158.998 7.83463 50.8
      vertex 158.998 7.83463 31.8
    endloop
  endfacet
  facet normal -0.896428 0.44319 0
    outer loop
      vertex 158.998 7.83463 50.8
      vertex 158.882 7.6 31.8
      vertex 158.882 7.6 50.8
    endloop
  endfacet
  facet normal 0.75188 -0.6593 0
    outer loop
      vertex 5.7633 93.6175 50.8
      vertex 5.93578 93.8142 31.8
      vertex 5.93578 93.8142 50.8
    endloop
  endfacet
  facet normal 0.75188 -0.6593 0
    outer loop
      vertex 5.93578 93.8142 31.8
      vertex 5.7633 93.6175 50.8
      vertex 5.7633 93.6175 31.8
    endloop
  endfacet
  facet normal -0.554612 -0.832109 0
    outer loop
      vertex 158.15 94.132 31.8
      vertex 158.368 93.9867 50.8
      vertex 158.15 94.132 50.8
    endloop
  endfacet
  facet normal -0.554612 -0.832109 -0
    outer loop
      vertex 158.368 93.9867 50.8
      vertex 158.15 94.132 31.8
      vertex 158.368 93.9867 31.8
    endloop
  endfacet
  facet normal -0.947038 0.321121 0
    outer loop
      vertex 158.998 7.83463 31.8
      vertex 159.082 8.08236 50.8
      vertex 159.082 8.08236 31.8
    endloop
  endfacet
  facet normal -0.947038 0.321121 0
    outer loop
      vertex 159.082 8.08236 50.8
      vertex 158.998 7.83463 31.8
      vertex 158.998 7.83463 50.8
    endloop
  endfacet
  facet normal -1 0 0
    outer loop
      vertex 110.45 94.4 31.8
      vertex 110.45 95.6 50.8
      vertex 110.45 95.6 31.8
    endloop
  endfacet
  facet normal -1 -0 0
    outer loop
      vertex 110.45 95.6 50.8
      vertex 110.45 94.4 31.8
      vertex 110.45 94.4 50.8
    endloop
  endfacet
  facet normal 1 -0 0
    outer loop
      vertex 102.45 94.4 50.8
      vertex 102.45 95.6 31.8
      vertex 102.45 95.6 50.8
    endloop
  endfacet
  facet normal 1 0 0
    outer loop
      vertex 102.45 95.6 31.8
      vertex 102.45 94.4 50.8
      vertex 102.45 94.4 31.8
    endloop
  endfacet
  facet normal 0 -1 0
    outer loop
      vertex 102.45 95.6 31.8
      vertex 110.45 95.6 50.8
      vertex 102.45 95.6 50.8
    endloop
  endfacet
  facet normal 0 -1 -0
    outer loop
      vertex 110.45 95.6 50.8
      vertex 102.45 95.6 31.8
      vertex 110.45 95.6 31.8
    endloop
  endfacet
  facet normal -0.89689 0.442253 0
    outer loop
      vertex 57.3103 13.5 7.62939e-07
      vertex 57.8888 14.6732 2
      vertex 57.8888 14.6732 7.62939e-07
    endloop
  endfacet
  facet normal -0.89689 0.442253 0
    outer loop
      vertex 57.8888 14.6732 2
      vertex 57.3103 13.5 7.62939e-07
      vertex 57.3103 13.5 2
    endloop
  endfacet
  facet normal -0.980798 -0.195028 0
    outer loop
      vertex 58.5644 19.8053 7.62939e-07
      vertex 58.3093 21.0882 2
      vertex 58.3093 21.0882 7.62939e-07
    endloop
  endfacet
  facet normal -0.980798 -0.195028 0
    outer loop
      vertex 58.3093 21.0882 2
      vertex 58.5644 19.8053 7.62939e-07
      vertex 58.5644 19.8053 2
    endloop
  endfacet
  facet normal -0.997857 -0.0654382 0
    outer loop
      vertex 58.65 18.5 7.62939e-07
      vertex 58.5644 19.8053 2
      vertex 58.5644 19.8053 7.62939e-07
    endloop
  endfacet
  facet normal -0.997857 -0.0654382 0
    outer loop
      vertex 58.5644 19.8053 2
      vertex 58.65 18.5 7.62939e-07
      vertex 58.65 18.5 2
    endloop
  endfacet
  facet normal -0.946918 -0.321475 0
    outer loop
      vertex 58.3093 21.0882 7.62939e-07
      vertex 57.8888 22.3268 2
      vertex 57.8888 22.3268 7.62939e-07
    endloop
  endfacet
  facet normal -0.946918 -0.321475 0
    outer loop
      vertex 57.8888 22.3268 2
      vertex 58.3093 21.0882 7.62939e-07
      vertex 58.3093 21.0882 2
    endloop
  endfacet
  facet normal -0.980798 0.195028 0
    outer loop
      vertex 58.3093 15.9118 7.62939e-07
      vertex 58.5644 17.1947 2
      vertex 58.5644 17.1947 7.62939e-07
    endloop
  endfacet
  facet normal -0.980798 0.195028 0
    outer loop
      vertex 58.5644 17.1947 2
      vertex 58.3093 15.9118 7.62939e-07
      vertex 58.3093 15.9118 2
    endloop
  endfacet
  facet normal -0.946918 0.321475 0
    outer loop
      vertex 57.8888 14.6732 7.62939e-07
      vertex 58.3093 15.9118 2
      vertex 58.3093 15.9118 7.62939e-07
    endloop
  endfacet
  facet normal -0.946918 0.321475 0
    outer loop
      vertex 58.3093 15.9118 2
      vertex 57.8888 14.6732 7.62939e-07
      vertex 57.8888 14.6732 2
    endloop
  endfacet
  facet normal 0.321448 0.946927 -0
    outer loop
      vertex 46.0618 8.84074 7.62939e-07
      vertex 44.8232 9.2612 2
      vertex 46.0618 8.84074 2
    endloop
  endfacet
  facet normal 0.321448 0.946927 0
    outer loop
      vertex 44.8232 9.2612 2
      vertex 46.0618 8.84074 7.62939e-07
      vertex 44.8232 9.2612 7.62939e-07
    endloop
  endfacet
  facet normal -0.89689 -0.442253 0
    outer loop
      vertex 57.8888 22.3268 7.62939e-07
      vertex 57.3103 23.5 2
      vertex 57.3103 23.5 7.62939e-07
    endloop
  endfacet
  facet normal -0.89689 -0.442253 0
    outer loop
      vertex 57.3103 23.5 2
      vertex 57.8888 22.3268 7.62939e-07
      vertex 57.8888 22.3268 2
    endloop
  endfacet
  facet normal 0.831438 0.555617 0
    outer loop
      vertex 40.7165 12.4124 2
      vertex 39.9897 13.5 7.62939e-07
      vertex 39.9897 13.5 2
    endloop
  endfacet
  facet normal 0.831438 0.555617 0
    outer loop
      vertex 39.9897 13.5 7.62939e-07
      vertex 40.7165 12.4124 2
      vertex 40.7165 12.4124 7.62939e-07
    endloop
  endfacet
  facet normal 0.980783 0.195102 0
    outer loop
      vertex 38.9907 15.9118 2
      vertex 38.7355 17.1947 7.62939e-07
      vertex 38.7355 17.1947 2
    endloop
  endfacet
  facet normal 0.980783 0.195102 0
    outer loop
      vertex 38.7355 17.1947 7.62939e-07
      vertex 38.9907 15.9118 2
      vertex 38.9907 15.9118 7.62939e-07
    endloop
  endfacet
  facet normal -0.831438 0.555617 0
    outer loop
      vertex 56.5835 12.4124 7.62939e-07
      vertex 57.3103 13.5 2
      vertex 57.3103 13.5 7.62939e-07
    endloop
  endfacet
  facet normal -0.831438 0.555617 0
    outer loop
      vertex 57.3103 13.5 2
      vertex 56.5835 12.4124 7.62939e-07
      vertex 56.5835 12.4124 2
    endloop
  endfacet
  facet normal -0.321475 -0.946918 0
    outer loop
      vertex 51.2382 28.1593 7.62939e-07
      vertex 52.4768 27.7388 2
      vertex 51.2382 28.1593 2
    endloop
  endfacet
  facet normal -0.321475 -0.946918 -0
    outer loop
      vertex 52.4768 27.7388 2
      vertex 51.2382 28.1593 7.62939e-07
      vertex 52.4768 27.7388 7.62939e-07
    endloop
  endfacet
  facet normal -0.6593 -0.75188 0
    outer loop
      vertex 54.7376 26.4335 7.62939e-07
      vertex 55.7211 25.5711 2
      vertex 54.7376 26.4335 2
    endloop
  endfacet
  facet normal -0.6593 -0.75188 -0
    outer loop
      vertex 55.7211 25.5711 2
      vertex 54.7376 26.4335 7.62939e-07
      vertex 55.7211 25.5711 7.62939e-07
    endloop
  endfacet
  facet normal 0.442284 0.896875 -0
    outer loop
      vertex 44.8232 9.2612 7.62939e-07
      vertex 43.65 9.83975 2
      vertex 44.8232 9.2612 2
    endloop
  endfacet
  facet normal 0.442284 0.896875 0
    outer loop
      vertex 43.65 9.83975 2
      vertex 44.8232 9.2612 7.62939e-07
      vertex 43.65 9.83975 7.62939e-07
    endloop
  endfacet
  facet normal -0.0654002 0.997859 0
    outer loop
      vertex 49.9553 8.58555 7.62939e-07
      vertex 48.65 8.5 2
      vertex 49.9553 8.58555 2
    endloop
  endfacet
  facet normal -0.0654002 0.997859 0
    outer loop
      vertex 48.65 8.5 2
      vertex 49.9553 8.58555 7.62939e-07
      vertex 48.65 8.5 7.62939e-07
    endloop
  endfacet
  facet normal 0.89689 0.442253 0
    outer loop
      vertex 39.9897 13.5 2
      vertex 39.4112 14.6732 7.62939e-07
      vertex 39.4112 14.6732 2
    endloop
  endfacet
  facet normal 0.89689 0.442253 0
    outer loop
      vertex 39.4112 14.6732 7.62939e-07
      vertex 39.9897 13.5 2
      vertex 39.9897 13.5 7.62939e-07
    endloop
  endfacet
  facet normal 0.6593 0.75188 -0
    outer loop
      vertex 42.5624 10.5665 7.62939e-07
      vertex 41.5789 11.4289 2
      vertex 42.5624 10.5665 2
    endloop
  endfacet
  facet normal 0.6593 0.75188 0
    outer loop
      vertex 41.5789 11.4289 2
      vertex 42.5624 10.5665 7.62939e-07
      vertex 41.5789 11.4289 7.62939e-07
    endloop
  endfacet
  facet normal 0.75188 -0.6593 0
    outer loop
      vertex 40.7165 24.5876 2
      vertex 41.5789 25.5711 7.62939e-07
      vertex 41.5789 25.5711 2
    endloop
  endfacet
  facet normal 0.75188 -0.6593 0
    outer loop
      vertex 41.5789 25.5711 7.62939e-07
      vertex 40.7165 24.5876 2
      vertex 40.7165 24.5876 7.62939e-07
    endloop
  endfacet
  facet normal 0.555617 -0.831438 0
    outer loop
      vertex 42.5624 26.4335 7.62939e-07
      vertex 43.65 27.1603 2
      vertex 42.5624 26.4335 2
    endloop
  endfacet
  facet normal 0.555617 -0.831438 0
    outer loop
      vertex 43.65 27.1603 2
      vertex 42.5624 26.4335 7.62939e-07
      vertex 43.65 27.1603 7.62939e-07
    endloop
  endfacet
  facet normal 0.442253 -0.89689 0
    outer loop
      vertex 43.65 27.1603 7.62939e-07
      vertex 44.8232 27.7388 2
      vertex 43.65 27.1603 2
    endloop
  endfacet
  facet normal 0.442253 -0.89689 0
    outer loop
      vertex 44.8232 27.7388 2
      vertex 43.65 27.1603 7.62939e-07
      vertex 44.8232 27.7388 7.62939e-07
    endloop
  endfacet
  facet normal 0.946918 0.321475 0
    outer loop
      vertex 39.4112 14.6732 2
      vertex 38.9907 15.9118 7.62939e-07
      vertex 38.9907 15.9118 2
    endloop
  endfacet
  facet normal 0.946918 0.321475 0
    outer loop
      vertex 38.9907 15.9118 7.62939e-07
      vertex 39.4112 14.6732 2
      vertex 39.4112 14.6732 7.62939e-07
    endloop
  endfacet
  facet normal 0.997862 -0.0653621 0
    outer loop
      vertex 38.65 18.5 2
      vertex 38.7355 19.8053 7.62939e-07
      vertex 38.7355 19.8053 2
    endloop
  endfacet
  facet normal 0.997862 -0.0653621 0
    outer loop
      vertex 38.7355 19.8053 7.62939e-07
      vertex 38.65 18.5 2
      vertex 38.65 18.5 7.62939e-07
    endloop
  endfacet
  facet normal -0.442284 0.896875 0
    outer loop
      vertex 53.65 9.83975 7.62939e-07
      vertex 52.4768 9.2612 2
      vertex 53.65 9.83975 2
    endloop
  endfacet
  facet normal -0.442284 0.896875 0
    outer loop
      vertex 52.4768 9.2612 2
      vertex 53.65 9.83975 7.62939e-07
      vertex 52.4768 9.2612 7.62939e-07
    endloop
  endfacet
  facet normal -0.997857 0.0654382 0
    outer loop
      vertex 58.5644 17.1947 7.62939e-07
      vertex 58.65 18.5 2
      vertex 58.65 18.5 7.62939e-07
    endloop
  endfacet
  facet normal -0.997857 0.0654382 0
    outer loop
      vertex 58.65 18.5 2
      vertex 58.5644 17.1947 7.62939e-07
      vertex 58.5644 17.1947 2
    endloop
  endfacet
  facet normal -0.321448 0.946927 0
    outer loop
      vertex 52.4768 9.2612 7.62939e-07
      vertex 51.2382 8.84074 2
      vertex 52.4768 9.2612 2
    endloop
  endfacet
  facet normal -0.321448 0.946927 0
    outer loop
      vertex 51.2382 8.84074 2
      vertex 52.4768 9.2612 7.62939e-07
      vertex 51.2382 8.84074 7.62939e-07
    endloop
  endfacet
  facet normal -0.555617 -0.831438 0
    outer loop
      vertex 53.65 27.1603 7.62939e-07
      vertex 54.7376 26.4335 2
      vertex 53.65 27.1603 2
    endloop
  endfacet
  facet normal -0.555617 -0.831438 -0
    outer loop
      vertex 54.7376 26.4335 2
      vertex 53.65 27.1603 7.62939e-07
      vertex 54.7376 26.4335 7.62939e-07
    endloop
  endfacet
  facet normal 0.75188 0.6593 0
    outer loop
      vertex 41.5789 11.4289 2
      vertex 40.7165 12.4124 7.62939e-07
      vertex 40.7165 12.4124 2
    endloop
  endfacet
  facet normal 0.75188 0.6593 0
    outer loop
      vertex 40.7165 12.4124 7.62939e-07
      vertex 41.5789 11.4289 2
      vertex 41.5789 11.4289 7.62939e-07
    endloop
  endfacet
  facet normal -0.831438 -0.555617 0
    outer loop
      vertex 57.3103 23.5 7.62939e-07
      vertex 56.5835 24.5876 2
      vertex 56.5835 24.5876 7.62939e-07
    endloop
  endfacet
  facet normal -0.831438 -0.555617 0
    outer loop
      vertex 56.5835 24.5876 2
      vertex 57.3103 23.5 7.62939e-07
      vertex 57.3103 23.5 2
    endloop
  endfacet
  facet normal 0.321475 -0.946918 0
    outer loop
      vertex 44.8232 27.7388 7.62939e-07
      vertex 46.0618 28.1593 2
      vertex 44.8232 27.7388 2
    endloop
  endfacet
  facet normal 0.321475 -0.946918 0
    outer loop
      vertex 46.0618 28.1593 2
      vertex 44.8232 27.7388 7.62939e-07
      vertex 46.0618 28.1593 7.62939e-07
    endloop
  endfacet
  facet normal -0.75188 0.6593 0
    outer loop
      vertex 55.7211 11.4289 7.62939e-07
      vertex 56.5835 12.4124 2
      vertex 56.5835 12.4124 7.62939e-07
    endloop
  endfacet
  facet normal -0.75188 0.6593 0
    outer loop
      vertex 56.5835 12.4124 2
      vertex 55.7211 11.4289 7.62939e-07
      vertex 55.7211 11.4289 2
    endloop
  endfacet
  facet normal 0.0654382 -0.997857 0
    outer loop
      vertex 47.3447 28.4144 7.62939e-07
      vertex 48.65 28.5 2
      vertex 47.3447 28.4144 2
    endloop
  endfacet
  facet normal 0.0654382 -0.997857 0
    outer loop
      vertex 48.65 28.5 2
      vertex 47.3447 28.4144 7.62939e-07
      vertex 48.65 28.5 7.62939e-07
    endloop
  endfacet
  facet normal -0.0654382 -0.997857 0
    outer loop
      vertex 48.65 28.5 7.62939e-07
      vertex 49.9553 28.4144 2
      vertex 48.65 28.5 2
    endloop
  endfacet
  facet normal -0.0654382 -0.997857 -0
    outer loop
      vertex 49.9553 28.4144 2
      vertex 48.65 28.5 7.62939e-07
      vertex 49.9553 28.4144 7.62939e-07
    endloop
  endfacet
  facet normal 0.6593 -0.75188 0
    outer loop
      vertex 41.5789 25.5711 7.62939e-07
      vertex 42.5624 26.4335 2
      vertex 41.5789 25.5711 2
    endloop
  endfacet
  facet normal 0.6593 -0.75188 0
    outer loop
      vertex 42.5624 26.4335 2
      vertex 41.5789 25.5711 7.62939e-07
      vertex 42.5624 26.4335 7.62939e-07
    endloop
  endfacet
  facet normal -0.195028 -0.980798 0
    outer loop
      vertex 49.9553 28.4144 7.62939e-07
      vertex 51.2382 28.1593 2
      vertex 49.9553 28.4144 2
    endloop
  endfacet
  facet normal -0.195028 -0.980798 -0
    outer loop
      vertex 51.2382 28.1593 2
      vertex 49.9553 28.4144 7.62939e-07
      vertex 51.2382 28.1593 7.62939e-07
    endloop
  endfacet
  facet normal 0.555591 0.831456 -0
    outer loop
      vertex 43.65 9.83975 7.62939e-07
      vertex 42.5624 10.5665 2
      vertex 43.65 9.83975 2
    endloop
  endfacet
  facet normal 0.555591 0.831456 0
    outer loop
      vertex 42.5624 10.5665 2
      vertex 43.65 9.83975 7.62939e-07
      vertex 42.5624 10.5665 7.62939e-07
    endloop
  endfacet
  facet normal 0.195028 -0.980798 0
    outer loop
      vertex 46.0618 28.1593 7.62939e-07
      vertex 47.3447 28.4144 2
      vertex 46.0618 28.1593 2
    endloop
  endfacet
  facet normal 0.195028 -0.980798 0
    outer loop
      vertex 47.3447 28.4144 2
      vertex 46.0618 28.1593 7.62939e-07
      vertex 47.3447 28.4144 7.62939e-07
    endloop
  endfacet
  facet normal -0.75188 -0.6593 0
    outer loop
      vertex 56.5835 24.5876 7.62939e-07
      vertex 55.7211 25.5711 2
      vertex 55.7211 25.5711 7.62939e-07
    endloop
  endfacet
  facet normal -0.75188 -0.6593 0
    outer loop
      vertex 55.7211 25.5711 2
      vertex 56.5835 24.5876 7.62939e-07
      vertex 56.5835 24.5876 2
    endloop
  endfacet
  facet normal 0.997862 0.0653621 0
    outer loop
      vertex 38.7355 17.1947 2
      vertex 38.65 18.5 7.62939e-07
      vertex 38.65 18.5 2
    endloop
  endfacet
  facet normal 0.997862 0.0653621 0
    outer loop
      vertex 38.65 18.5 7.62939e-07
      vertex 38.7355 17.1947 2
      vertex 38.7355 17.1947 7.62939e-07
    endloop
  endfacet
  facet normal -0.195094 0.980785 0
    outer loop
      vertex 51.2382 8.84074 7.62939e-07
      vertex 49.9553 8.58555 2
      vertex 51.2382 8.84074 2
    endloop
  endfacet
  facet normal -0.195094 0.980785 0
    outer loop
      vertex 49.9553 8.58555 2
      vertex 51.2382 8.84074 7.62939e-07
      vertex 49.9553 8.58555 7.62939e-07
    endloop
  endfacet
  facet normal -0.442253 -0.89689 0
    outer loop
      vertex 52.4768 27.7388 7.62939e-07
      vertex 53.65 27.1603 2
      vertex 52.4768 27.7388 2
    endloop
  endfacet
  facet normal -0.442253 -0.89689 -0
    outer loop
      vertex 53.65 27.1603 2
      vertex 52.4768 27.7388 7.62939e-07
      vertex 53.65 27.1603 7.62939e-07
    endloop
  endfacet
  facet normal 0.946918 -0.321475 0
    outer loop
      vertex 38.9907 21.0882 2
      vertex 39.4112 22.3268 7.62939e-07
      vertex 39.4112 22.3268 2
    endloop
  endfacet
  facet normal 0.946918 -0.321475 0
    outer loop
      vertex 39.4112 22.3268 7.62939e-07
      vertex 38.9907 21.0882 2
      vertex 38.9907 21.0882 7.62939e-07
    endloop
  endfacet
  facet normal 0.980783 -0.195102 0
    outer loop
      vertex 38.7355 19.8053 2
      vertex 38.9907 21.0882 7.62939e-07
      vertex 38.9907 21.0882 2
    endloop
  endfacet
  facet normal 0.980783 -0.195102 0
    outer loop
      vertex 38.9907 21.0882 7.62939e-07
      vertex 38.7355 19.8053 2
      vertex 38.7355 19.8053 7.62939e-07
    endloop
  endfacet
  facet normal 0.89689 -0.442253 0
    outer loop
      vertex 39.4112 22.3268 2
      vertex 39.9897 23.5 7.62939e-07
      vertex 39.9897 23.5 2
    endloop
  endfacet
  facet normal 0.89689 -0.442253 0
    outer loop
      vertex 39.9897 23.5 7.62939e-07
      vertex 39.4112 22.3268 2
      vertex 39.4112 22.3268 7.62939e-07
    endloop
  endfacet
  facet normal -0.6593 0.75188 0
    outer loop
      vertex 55.7211 11.4289 7.62939e-07
      vertex 54.7376 10.5665 2
      vertex 55.7211 11.4289 2
    endloop
  endfacet
  facet normal -0.6593 0.75188 0
    outer loop
      vertex 54.7376 10.5665 2
      vertex 55.7211 11.4289 7.62939e-07
      vertex 54.7376 10.5665 7.62939e-07
    endloop
  endfacet
  facet normal -0.555591 0.831456 0
    outer loop
      vertex 54.7376 10.5665 7.62939e-07
      vertex 53.65 9.83975 2
      vertex 54.7376 10.5665 2
    endloop
  endfacet
  facet normal -0.555591 0.831456 0
    outer loop
      vertex 53.65 9.83975 2
      vertex 54.7376 10.5665 7.62939e-07
      vertex 53.65 9.83975 7.62939e-07
    endloop
  endfacet
  facet normal 0.831438 -0.555617 0
    outer loop
      vertex 39.9897 23.5 2
      vertex 40.7165 24.5876 7.62939e-07
      vertex 40.7165 24.5876 2
    endloop
  endfacet
  facet normal 0.831438 -0.555617 0
    outer loop
      vertex 40.7165 24.5876 7.62939e-07
      vertex 39.9897 23.5 2
      vertex 39.9897 23.5 7.62939e-07
    endloop
  endfacet
  facet normal 0.195094 0.980785 -0
    outer loop
      vertex 47.3447 8.58555 7.62939e-07
      vertex 46.0618 8.84074 2
      vertex 47.3447 8.58555 2
    endloop
  endfacet
  facet normal 0.195094 0.980785 0
    outer loop
      vertex 46.0618 8.84074 2
      vertex 47.3447 8.58555 7.62939e-07
      vertex 46.0618 8.84074 7.62939e-07
    endloop
  endfacet
  facet normal 0.0654002 0.997859 -0
    outer loop
      vertex 48.65 8.5 7.62939e-07
      vertex 47.3447 8.58555 2
      vertex 48.65 8.5 2
    endloop
  endfacet
  facet normal 0.0654002 0.997859 0
    outer loop
      vertex 47.3447 8.58555 2
      vertex 48.65 8.5 7.62939e-07
      vertex 47.3447 8.58555 7.62939e-07
    endloop
  endfacet
endsolid OpenSCAD_Model
