solid OpenSCAD_Model
  facet normal 0 0 -1
    outer loop
      vertex 0 64 5.72205e-07
      vertex -1.7 70 5.72205e-07
      vertex 0 76 5.72205e-07
    endloop
  endfacet
  facet normal 0 0 -1
    outer loop
      vertex 0 64 5.72205e-07
      vertex -1.70941 69.8564 5.72205e-07
      vertex -1.7 70 5.72205e-07
    endloop
  endfacet
  facet normal 0 0 -1
    outer loop
      vertex 0 64 5.72205e-07
      vertex -1.73748 69.7153 5.72205e-07
      vertex -1.70941 69.8564 5.72205e-07
    endloop
  endfacet
  facet normal 0 0 -1
    outer loop
      vertex 0 64 5.72205e-07
      vertex -1.78373 69.579 5.72205e-07
      vertex -1.73748 69.7153 5.72205e-07
    endloop
  endfacet
  facet normal 0 0 -1
    outer loop
      vertex 0 64 5.72205e-07
      vertex -1.84737 69.45 5.72205e-07
      vertex -1.78373 69.579 5.72205e-07
    endloop
  endfacet
  facet normal 0 0 -1
    outer loop
      vertex 0 64 5.72205e-07
      vertex -1.92731 69.3304 5.72205e-07
      vertex -1.84737 69.45 5.72205e-07
    endloop
  endfacet
  facet normal 0 0 -1
    outer loop
      vertex 0 64 5.72205e-07
      vertex -2.02218 69.2222 5.72205e-07
      vertex -1.92731 69.3304 5.72205e-07
    endloop
  endfacet
  facet normal 0 0 -1
    outer loop
      vertex 0 64 5.72205e-07
      vertex -2.13036 69.1273 5.72205e-07
      vertex -2.02218 69.2222 5.72205e-07
    endloop
  endfacet
  facet normal 0 0 -1
    outer loop
      vertex 0 64 5.72205e-07
      vertex -2.25 69.0474 5.72205e-07
      vertex -2.13036 69.1273 5.72205e-07
    endloop
  endfacet
  facet normal 0 0 -1
    outer loop
      vertex 0 64 5.72205e-07
      vertex -2.37905 68.9837 5.72205e-07
      vertex -2.25 69.0474 5.72205e-07
    endloop
  endfacet
  facet normal 0 0 -1
    outer loop
      vertex 0 64 5.72205e-07
      vertex -2.5153 68.9375 5.72205e-07
      vertex -2.37905 68.9837 5.72205e-07
    endloop
  endfacet
  facet normal 0 0 -1
    outer loop
      vertex 0 64 5.72205e-07
      vertex -2.65642 68.9094 5.72205e-07
      vertex -2.5153 68.9375 5.72205e-07
    endloop
  endfacet
  facet normal 0 0 -1
    outer loop
      vertex 0 64 5.72205e-07
      vertex -2.8 68.9 5.72205e-07
      vertex -2.65642 68.9094 5.72205e-07
    endloop
  endfacet
  facet normal 0 0 -1
    outer loop
      vertex -5 64 5.72205e-07
      vertex -2.8 68.9 5.72205e-07
      vertex 0 64 5.72205e-07
    endloop
  endfacet
  facet normal -0 0 -1
    outer loop
      vertex -2.8 68.9 5.72205e-07
      vertex -5 64 5.72205e-07
      vertex -2.94358 68.9094 5.72205e-07
    endloop
  endfacet
  facet normal -0 0 -1
    outer loop
      vertex -2.94358 68.9094 5.72205e-07
      vertex -5 64 5.72205e-07
      vertex -3.0847 68.9375 5.72205e-07
    endloop
  endfacet
  facet normal 0 0 -1
    outer loop
      vertex -6 65 5.72205e-07
      vertex -3.0847 68.9375 5.72205e-07
      vertex -5 64 5.72205e-07
    endloop
  endfacet
  facet normal -0 0 -1
    outer loop
      vertex -3.0847 68.9375 5.72205e-07
      vertex -6 65 5.72205e-07
      vertex -3.22095 68.9837 5.72205e-07
    endloop
  endfacet
  facet normal -0 0 -1
    outer loop
      vertex -3.22095 68.9837 5.72205e-07
      vertex -6 65 5.72205e-07
      vertex -3.35 69.0474 5.72205e-07
    endloop
  endfacet
  facet normal -0 0 -1
    outer loop
      vertex -3.35 69.0474 5.72205e-07
      vertex -6 65 5.72205e-07
      vertex -3.46964 69.1273 5.72205e-07
    endloop
  endfacet
  facet normal -0 0 -1
    outer loop
      vertex -3.86252 69.7153 5.72205e-07
      vertex -6 65 5.72205e-07
      vertex -3.89059 69.8564 5.72205e-07
    endloop
  endfacet
  facet normal -0 0 -1
    outer loop
      vertex -3.81627 69.579 5.72205e-07
      vertex -6 65 5.72205e-07
      vertex -3.86252 69.7153 5.72205e-07
    endloop
  endfacet
  facet normal -0 0 -1
    outer loop
      vertex -3.75263 69.45 5.72205e-07
      vertex -6 65 5.72205e-07
      vertex -3.81627 69.579 5.72205e-07
    endloop
  endfacet
  facet normal -0 0 -1
    outer loop
      vertex -3.67269 69.3304 5.72205e-07
      vertex -6 65 5.72205e-07
      vertex -3.75263 69.45 5.72205e-07
    endloop
  endfacet
  facet normal -0 0 -1
    outer loop
      vertex -3.57782 69.2222 5.72205e-07
      vertex -6 65 5.72205e-07
      vertex -3.67269 69.3304 5.72205e-07
    endloop
  endfacet
  facet normal -0 0 -1
    outer loop
      vertex -3.46964 69.1273 5.72205e-07
      vertex -6 65 5.72205e-07
      vertex -3.57782 69.2222 5.72205e-07
    endloop
  endfacet
  facet normal 0 0 -1
    outer loop
      vertex 0 16 5.72205e-07
      vertex -1.7 22 5.72205e-07
      vertex 0 28 5.72205e-07
    endloop
  endfacet
  facet normal 0 0 -1
    outer loop
      vertex 0 16 5.72205e-07
      vertex -1.70941 21.8564 5.72205e-07
      vertex -1.7 22 5.72205e-07
    endloop
  endfacet
  facet normal 0 0 -1
    outer loop
      vertex 0 16 5.72205e-07
      vertex -1.73748 21.7153 5.72205e-07
      vertex -1.70941 21.8564 5.72205e-07
    endloop
  endfacet
  facet normal 0 0 -1
    outer loop
      vertex 0 16 5.72205e-07
      vertex -1.78373 21.579 5.72205e-07
      vertex -1.73748 21.7153 5.72205e-07
    endloop
  endfacet
  facet normal 0 0 -1
    outer loop
      vertex 0 16 5.72205e-07
      vertex -1.84737 21.45 5.72205e-07
      vertex -1.78373 21.579 5.72205e-07
    endloop
  endfacet
  facet normal 0 0 -1
    outer loop
      vertex 0 16 5.72205e-07
      vertex -1.92731 21.3304 5.72205e-07
      vertex -1.84737 21.45 5.72205e-07
    endloop
  endfacet
  facet normal 0 0 -1
    outer loop
      vertex 0 16 5.72205e-07
      vertex -2.02218 21.2222 5.72205e-07
      vertex -1.92731 21.3304 5.72205e-07
    endloop
  endfacet
  facet normal 0 0 -1
    outer loop
      vertex 0 16 5.72205e-07
      vertex -2.13036 21.1273 5.72205e-07
      vertex -2.02218 21.2222 5.72205e-07
    endloop
  endfacet
  facet normal 0 0 -1
    outer loop
      vertex 0 16 5.72205e-07
      vertex -2.25 21.0474 5.72205e-07
      vertex -2.13036 21.1273 5.72205e-07
    endloop
  endfacet
  facet normal 0 0 -1
    outer loop
      vertex 0 16 5.72205e-07
      vertex -2.37905 20.9837 5.72205e-07
      vertex -2.25 21.0474 5.72205e-07
    endloop
  endfacet
  facet normal 0 0 -1
    outer loop
      vertex 0 16 5.72205e-07
      vertex -2.5153 20.9375 5.72205e-07
      vertex -2.37905 20.9837 5.72205e-07
    endloop
  endfacet
  facet normal 0 0 -1
    outer loop
      vertex 0 16 5.72205e-07
      vertex -2.65642 20.9094 5.72205e-07
      vertex -2.5153 20.9375 5.72205e-07
    endloop
  endfacet
  facet normal 0 0 -1
    outer loop
      vertex 0 16 5.72205e-07
      vertex -2.8 20.9 5.72205e-07
      vertex -2.65642 20.9094 5.72205e-07
    endloop
  endfacet
  facet normal 0 0 -1
    outer loop
      vertex -5 16 5.72205e-07
      vertex -2.8 20.9 5.72205e-07
      vertex 0 16 5.72205e-07
    endloop
  endfacet
  facet normal -0 0 -1
    outer loop
      vertex -2.8 20.9 5.72205e-07
      vertex -5 16 5.72205e-07
      vertex -2.94358 20.9094 5.72205e-07
    endloop
  endfacet
  facet normal -0 0 -1
    outer loop
      vertex -2.94358 20.9094 5.72205e-07
      vertex -5 16 5.72205e-07
      vertex -3.0847 20.9375 5.72205e-07
    endloop
  endfacet
  facet normal 0 0 -1
    outer loop
      vertex -6 17 5.72205e-07
      vertex -3.0847 20.9375 5.72205e-07
      vertex -5 16 5.72205e-07
    endloop
  endfacet
  facet normal -0 0 -1
    outer loop
      vertex -3.0847 20.9375 5.72205e-07
      vertex -6 17 5.72205e-07
      vertex -3.22095 20.9837 5.72205e-07
    endloop
  endfacet
  facet normal -0 0 -1
    outer loop
      vertex -3.22095 20.9837 5.72205e-07
      vertex -6 17 5.72205e-07
      vertex -3.35 21.0474 5.72205e-07
    endloop
  endfacet
  facet normal -0 0 -1
    outer loop
      vertex -3.35 21.0474 5.72205e-07
      vertex -6 17 5.72205e-07
      vertex -3.46964 21.1273 5.72205e-07
    endloop
  endfacet
  facet normal -0 0 -1
    outer loop
      vertex -3.86252 21.7153 5.72205e-07
      vertex -6 17 5.72205e-07
      vertex -3.89059 21.8564 5.72205e-07
    endloop
  endfacet
  facet normal -0 0 -1
    outer loop
      vertex -3.81627 21.579 5.72205e-07
      vertex -6 17 5.72205e-07
      vertex -3.86252 21.7153 5.72205e-07
    endloop
  endfacet
  facet normal -0 0 -1
    outer loop
      vertex -3.75263 21.45 5.72205e-07
      vertex -6 17 5.72205e-07
      vertex -3.81627 21.579 5.72205e-07
    endloop
  endfacet
  facet normal -0 0 -1
    outer loop
      vertex -3.67269 21.3304 5.72205e-07
      vertex -6 17 5.72205e-07
      vertex -3.75263 21.45 5.72205e-07
    endloop
  endfacet
  facet normal -0 0 -1
    outer loop
      vertex -3.57782 21.2222 5.72205e-07
      vertex -6 17 5.72205e-07
      vertex -3.67269 21.3304 5.72205e-07
    endloop
  endfacet
  facet normal -0 0 -1
    outer loop
      vertex -3.46964 21.1273 5.72205e-07
      vertex -6 17 5.72205e-07
      vertex -3.57782 21.2222 5.72205e-07
    endloop
  endfacet
  facet normal 0 0 -1
    outer loop
      vertex -1.70941 22.1436 5.72205e-07
      vertex 0 28 5.72205e-07
      vertex -1.7 22 5.72205e-07
    endloop
  endfacet
  facet normal 0 0 -1
    outer loop
      vertex -1.73748 22.2847 5.72205e-07
      vertex 0 28 5.72205e-07
      vertex -1.70941 22.1436 5.72205e-07
    endloop
  endfacet
  facet normal 0 0 -1
    outer loop
      vertex -1.78373 22.421 5.72205e-07
      vertex 0 28 5.72205e-07
      vertex -1.73748 22.2847 5.72205e-07
    endloop
  endfacet
  facet normal 0 0 -1
    outer loop
      vertex -1.84737 22.55 5.72205e-07
      vertex 0 28 5.72205e-07
      vertex -1.78373 22.421 5.72205e-07
    endloop
  endfacet
  facet normal 0 0 -1
    outer loop
      vertex -1.92731 22.6696 5.72205e-07
      vertex 0 28 5.72205e-07
      vertex -1.84737 22.55 5.72205e-07
    endloop
  endfacet
  facet normal 0 0 -1
    outer loop
      vertex -2.02218 22.7778 5.72205e-07
      vertex 0 28 5.72205e-07
      vertex -1.92731 22.6696 5.72205e-07
    endloop
  endfacet
  facet normal 0 0 -1
    outer loop
      vertex -2.13036 22.8727 5.72205e-07
      vertex 0 28 5.72205e-07
      vertex -2.02218 22.7778 5.72205e-07
    endloop
  endfacet
  facet normal 0 0 -1
    outer loop
      vertex -2.25 22.9526 5.72205e-07
      vertex 0 28 5.72205e-07
      vertex -2.13036 22.8727 5.72205e-07
    endloop
  endfacet
  facet normal 0 0 -1
    outer loop
      vertex -2.37905 23.0163 5.72205e-07
      vertex 0 28 5.72205e-07
      vertex -2.25 22.9526 5.72205e-07
    endloop
  endfacet
  facet normal 0 0 -1
    outer loop
      vertex -2.5153 23.0625 5.72205e-07
      vertex 0 28 5.72205e-07
      vertex -2.37905 23.0163 5.72205e-07
    endloop
  endfacet
  facet normal 0 0 -1
    outer loop
      vertex -2.65642 23.0906 5.72205e-07
      vertex 0 28 5.72205e-07
      vertex -2.5153 23.0625 5.72205e-07
    endloop
  endfacet
  facet normal 0 0 -1
    outer loop
      vertex -2.8 23.1 5.72205e-07
      vertex 0 28 5.72205e-07
      vertex -2.65642 23.0906 5.72205e-07
    endloop
  endfacet
  facet normal 0 0 -1
    outer loop
      vertex -5 28 5.72205e-07
      vertex -2.8 23.1 5.72205e-07
      vertex -2.94358 23.0906 5.72205e-07
    endloop
  endfacet
  facet normal 0 0 -1
    outer loop
      vertex -5 28 5.72205e-07
      vertex -2.94358 23.0906 5.72205e-07
      vertex -3.0847 23.0625 5.72205e-07
    endloop
  endfacet
  facet normal 0 0 -1
    outer loop
      vertex -6 27 5.72205e-07
      vertex -3.0847 23.0625 5.72205e-07
      vertex -3.22095 23.0163 5.72205e-07
    endloop
  endfacet
  facet normal 0 0 -1
    outer loop
      vertex -6 27 5.72205e-07
      vertex -3.22095 23.0163 5.72205e-07
      vertex -3.35 22.9526 5.72205e-07
    endloop
  endfacet
  facet normal 0 0 -1
    outer loop
      vertex -6 27 5.72205e-07
      vertex -3.35 22.9526 5.72205e-07
      vertex -3.46964 22.8727 5.72205e-07
    endloop
  endfacet
  facet normal 0 0 -1
    outer loop
      vertex -6 27 5.72205e-07
      vertex -3.46964 22.8727 5.72205e-07
      vertex -3.57782 22.7778 5.72205e-07
    endloop
  endfacet
  facet normal 0 0 -1
    outer loop
      vertex -6 27 5.72205e-07
      vertex -3.57782 22.7778 5.72205e-07
      vertex -3.67269 22.6696 5.72205e-07
    endloop
  endfacet
  facet normal -0 0 -1
    outer loop
      vertex -3.89059 21.8564 5.72205e-07
      vertex -6 17 5.72205e-07
      vertex -3.9 22 5.72205e-07
    endloop
  endfacet
  facet normal 0 0 -1
    outer loop
      vertex -2.8 23.1 5.72205e-07
      vertex -5 28 5.72205e-07
      vertex 0 28 5.72205e-07
    endloop
  endfacet
  facet normal 0 0 -1
    outer loop
      vertex -6 27 5.72205e-07
      vertex -3.67269 22.6696 5.72205e-07
      vertex -3.75263 22.55 5.72205e-07
    endloop
  endfacet
  facet normal 0 0 -1
    outer loop
      vertex -6 27 5.72205e-07
      vertex -3.75263 22.55 5.72205e-07
      vertex -3.81627 22.421 5.72205e-07
    endloop
  endfacet
  facet normal 0 0 -1
    outer loop
      vertex -6 27 5.72205e-07
      vertex -3.81627 22.421 5.72205e-07
      vertex -3.86252 22.2847 5.72205e-07
    endloop
  endfacet
  facet normal 0 0 -1
    outer loop
      vertex -6 27 5.72205e-07
      vertex -3.86252 22.2847 5.72205e-07
      vertex -3.89059 22.1436 5.72205e-07
    endloop
  endfacet
  facet normal 0 0 -1
    outer loop
      vertex -6 27 5.72205e-07
      vertex -3.9 22 5.72205e-07
      vertex -6 17 5.72205e-07
    endloop
  endfacet
  facet normal 0 0 -1
    outer loop
      vertex -6 17 5.72205e-07
      vertex -5 16 5.72205e-07
      vertex -5.13052 16.0086 5.72205e-07
    endloop
  endfacet
  facet normal 0 0 -1
    outer loop
      vertex -3.9 22 5.72205e-07
      vertex -6 27 5.72205e-07
      vertex -3.89059 22.1436 5.72205e-07
    endloop
  endfacet
  facet normal 0 0 -1
    outer loop
      vertex -6 17 5.72205e-07
      vertex -5.13052 16.0086 5.72205e-07
      vertex -5.25882 16.0341 5.72205e-07
    endloop
  endfacet
  facet normal 0 0 -1
    outer loop
      vertex -3.0847 23.0625 5.72205e-07
      vertex -6 27 5.72205e-07
      vertex -5 28 5.72205e-07
    endloop
  endfacet
  facet normal 0 0 -1
    outer loop
      vertex -6 17 5.72205e-07
      vertex -5.25882 16.0341 5.72205e-07
      vertex -5.38269 16.0761 5.72205e-07
    endloop
  endfacet
  facet normal 0 0 -1
    outer loop
      vertex -5 28 5.72205e-07
      vertex -6 27 5.72205e-07
      vertex -5.13052 27.9914 5.72205e-07
    endloop
  endfacet
  facet normal 0 0 -1
    outer loop
      vertex -6 17 5.72205e-07
      vertex -5.38269 16.0761 5.72205e-07
      vertex -5.5 16.134 5.72205e-07
    endloop
  endfacet
  facet normal 0 0 -1
    outer loop
      vertex -5.13052 27.9914 5.72205e-07
      vertex -6 27 5.72205e-07
      vertex -5.25882 27.9659 5.72205e-07
    endloop
  endfacet
  facet normal 0 0 -1
    outer loop
      vertex -6 17 5.72205e-07
      vertex -5.5 16.134 5.72205e-07
      vertex -5.60876 16.2066 5.72205e-07
    endloop
  endfacet
  facet normal 0 0 -1
    outer loop
      vertex -5.25882 27.9659 5.72205e-07
      vertex -6 27 5.72205e-07
      vertex -5.38269 27.9239 5.72205e-07
    endloop
  endfacet
  facet normal 0 0 -1
    outer loop
      vertex -6 17 5.72205e-07
      vertex -5.60876 16.2066 5.72205e-07
      vertex -5.70711 16.2929 5.72205e-07
    endloop
  endfacet
  facet normal 0 0 -1
    outer loop
      vertex -5.38269 27.9239 5.72205e-07
      vertex -6 27 5.72205e-07
      vertex -5.5 27.866 5.72205e-07
    endloop
  endfacet
  facet normal 0 0 -1
    outer loop
      vertex -6 17 5.72205e-07
      vertex -5.70711 16.2929 5.72205e-07
      vertex -5.79335 16.3912 5.72205e-07
    endloop
  endfacet
  facet normal 0 0 -1
    outer loop
      vertex -5.5 27.866 5.72205e-07
      vertex -6 27 5.72205e-07
      vertex -5.60876 27.7934 5.72205e-07
    endloop
  endfacet
  facet normal 0 0 -1
    outer loop
      vertex -6 17 5.72205e-07
      vertex -5.79335 16.3912 5.72205e-07
      vertex -5.86603 16.5 5.72205e-07
    endloop
  endfacet
  facet normal 0 0 -1
    outer loop
      vertex -5.60876 27.7934 5.72205e-07
      vertex -6 27 5.72205e-07
      vertex -5.70711 27.7071 5.72205e-07
    endloop
  endfacet
  facet normal 0 0 -1
    outer loop
      vertex -6 17 5.72205e-07
      vertex -5.86603 16.5 5.72205e-07
      vertex -5.92387 16.6173 5.72205e-07
    endloop
  endfacet
  facet normal 0 0 -1
    outer loop
      vertex -5.70711 27.7071 5.72205e-07
      vertex -6 27 5.72205e-07
      vertex -5.79335 27.6088 5.72205e-07
    endloop
  endfacet
  facet normal 0 0 -1
    outer loop
      vertex -6 17 5.72205e-07
      vertex -5.92387 16.6173 5.72205e-07
      vertex -5.96593 16.7412 5.72205e-07
    endloop
  endfacet
  facet normal 0 0 -1
    outer loop
      vertex -5.79335 27.6088 5.72205e-07
      vertex -6 27 5.72205e-07
      vertex -5.86603 27.5 5.72205e-07
    endloop
  endfacet
  facet normal 0 0 -1
    outer loop
      vertex -6 17 5.72205e-07
      vertex -5.96593 16.7412 5.72205e-07
      vertex -5.99144 16.8695 5.72205e-07
    endloop
  endfacet
  facet normal 0 0 -1
    outer loop
      vertex -5.86603 27.5 5.72205e-07
      vertex -6 27 5.72205e-07
      vertex -5.92387 27.3827 5.72205e-07
    endloop
  endfacet
  facet normal 0 0 -1
    outer loop
      vertex -5.92387 27.3827 5.72205e-07
      vertex -6 27 5.72205e-07
      vertex -5.96593 27.2588 5.72205e-07
    endloop
  endfacet
  facet normal 0 0 -1
    outer loop
      vertex -5.96593 27.2588 5.72205e-07
      vertex -6 27 5.72205e-07
      vertex -5.99144 27.1305 5.72205e-07
    endloop
  endfacet
  facet normal 0 0 -1
    outer loop
      vertex -1.70941 70.1436 5.72205e-07
      vertex 0 76 5.72205e-07
      vertex -1.7 70 5.72205e-07
    endloop
  endfacet
  facet normal 0 0 -1
    outer loop
      vertex -1.73748 70.2847 5.72205e-07
      vertex 0 76 5.72205e-07
      vertex -1.70941 70.1436 5.72205e-07
    endloop
  endfacet
  facet normal 0 0 -1
    outer loop
      vertex -1.78373 70.421 5.72205e-07
      vertex 0 76 5.72205e-07
      vertex -1.73748 70.2847 5.72205e-07
    endloop
  endfacet
  facet normal 0 0 -1
    outer loop
      vertex -1.84737 70.55 5.72205e-07
      vertex 0 76 5.72205e-07
      vertex -1.78373 70.421 5.72205e-07
    endloop
  endfacet
  facet normal 0 0 -1
    outer loop
      vertex -1.92731 70.6696 5.72205e-07
      vertex 0 76 5.72205e-07
      vertex -1.84737 70.55 5.72205e-07
    endloop
  endfacet
  facet normal 0 0 -1
    outer loop
      vertex -2.02218 70.7778 5.72205e-07
      vertex 0 76 5.72205e-07
      vertex -1.92731 70.6696 5.72205e-07
    endloop
  endfacet
  facet normal 0 0 -1
    outer loop
      vertex -2.13036 70.8727 5.72205e-07
      vertex 0 76 5.72205e-07
      vertex -2.02218 70.7778 5.72205e-07
    endloop
  endfacet
  facet normal 0 0 -1
    outer loop
      vertex -2.25 70.9526 5.72205e-07
      vertex 0 76 5.72205e-07
      vertex -2.13036 70.8727 5.72205e-07
    endloop
  endfacet
  facet normal 0 0 -1
    outer loop
      vertex -2.37905 71.0163 5.72205e-07
      vertex 0 76 5.72205e-07
      vertex -2.25 70.9526 5.72205e-07
    endloop
  endfacet
  facet normal 0 0 -1
    outer loop
      vertex -2.5153 71.0625 5.72205e-07
      vertex 0 76 5.72205e-07
      vertex -2.37905 71.0163 5.72205e-07
    endloop
  endfacet
  facet normal 0 0 -1
    outer loop
      vertex -2.65642 71.0906 5.72205e-07
      vertex 0 76 5.72205e-07
      vertex -2.5153 71.0625 5.72205e-07
    endloop
  endfacet
  facet normal 0 0 -1
    outer loop
      vertex -2.8 71.1 5.72205e-07
      vertex 0 76 5.72205e-07
      vertex -2.65642 71.0906 5.72205e-07
    endloop
  endfacet
  facet normal 0 0 -1
    outer loop
      vertex -5 76 5.72205e-07
      vertex -2.8 71.1 5.72205e-07
      vertex -2.94358 71.0906 5.72205e-07
    endloop
  endfacet
  facet normal 0 0 -1
    outer loop
      vertex -5 76 5.72205e-07
      vertex -2.94358 71.0906 5.72205e-07
      vertex -3.0847 71.0625 5.72205e-07
    endloop
  endfacet
  facet normal 0 0 -1
    outer loop
      vertex -6 75 5.72205e-07
      vertex -3.0847 71.0625 5.72205e-07
      vertex -3.22095 71.0163 5.72205e-07
    endloop
  endfacet
  facet normal 0 0 -1
    outer loop
      vertex -6 75 5.72205e-07
      vertex -3.22095 71.0163 5.72205e-07
      vertex -3.35 70.9526 5.72205e-07
    endloop
  endfacet
  facet normal 0 0 -1
    outer loop
      vertex -6 75 5.72205e-07
      vertex -3.35 70.9526 5.72205e-07
      vertex -3.46964 70.8727 5.72205e-07
    endloop
  endfacet
  facet normal 0 0 -1
    outer loop
      vertex -6 75 5.72205e-07
      vertex -3.46964 70.8727 5.72205e-07
      vertex -3.57782 70.7778 5.72205e-07
    endloop
  endfacet
  facet normal 0 0 -1
    outer loop
      vertex -6 75 5.72205e-07
      vertex -3.57782 70.7778 5.72205e-07
      vertex -3.67269 70.6696 5.72205e-07
    endloop
  endfacet
  facet normal -0 0 -1
    outer loop
      vertex -3.89059 69.8564 5.72205e-07
      vertex -6 65 5.72205e-07
      vertex -3.9 70 5.72205e-07
    endloop
  endfacet
  facet normal 0 0 -1
    outer loop
      vertex -2.8 71.1 5.72205e-07
      vertex -5 76 5.72205e-07
      vertex 0 76 5.72205e-07
    endloop
  endfacet
  facet normal 0 0 -1
    outer loop
      vertex -6 75 5.72205e-07
      vertex -3.67269 70.6696 5.72205e-07
      vertex -3.75263 70.55 5.72205e-07
    endloop
  endfacet
  facet normal 0 0 -1
    outer loop
      vertex -6 75 5.72205e-07
      vertex -3.75263 70.55 5.72205e-07
      vertex -3.81627 70.421 5.72205e-07
    endloop
  endfacet
  facet normal 0 0 -1
    outer loop
      vertex -6 75 5.72205e-07
      vertex -3.81627 70.421 5.72205e-07
      vertex -3.86252 70.2847 5.72205e-07
    endloop
  endfacet
  facet normal 0 0 -1
    outer loop
      vertex -6 75 5.72205e-07
      vertex -3.86252 70.2847 5.72205e-07
      vertex -3.89059 70.1436 5.72205e-07
    endloop
  endfacet
  facet normal 0 0 -1
    outer loop
      vertex -6 75 5.72205e-07
      vertex -3.9 70 5.72205e-07
      vertex -6 65 5.72205e-07
    endloop
  endfacet
  facet normal 0 0 -1
    outer loop
      vertex -6 65 5.72205e-07
      vertex -5 64 5.72205e-07
      vertex -5.13052 64.0086 5.72205e-07
    endloop
  endfacet
  facet normal 0 0 -1
    outer loop
      vertex -3.9 70 5.72205e-07
      vertex -6 75 5.72205e-07
      vertex -3.89059 70.1436 5.72205e-07
    endloop
  endfacet
  facet normal 0 0 -1
    outer loop
      vertex -6 65 5.72205e-07
      vertex -5.13052 64.0086 5.72205e-07
      vertex -5.25882 64.0341 5.72205e-07
    endloop
  endfacet
  facet normal 0 0 -1
    outer loop
      vertex -3.0847 71.0625 5.72205e-07
      vertex -6 75 5.72205e-07
      vertex -5 76 5.72205e-07
    endloop
  endfacet
  facet normal 0 0 -1
    outer loop
      vertex -6 65 5.72205e-07
      vertex -5.25882 64.0341 5.72205e-07
      vertex -5.38269 64.0761 5.72205e-07
    endloop
  endfacet
  facet normal 0 0 -1
    outer loop
      vertex -5 76 5.72205e-07
      vertex -6 75 5.72205e-07
      vertex -5.13052 75.9914 5.72205e-07
    endloop
  endfacet
  facet normal 0 0 -1
    outer loop
      vertex -6 65 5.72205e-07
      vertex -5.38269 64.0761 5.72205e-07
      vertex -5.5 64.134 5.72205e-07
    endloop
  endfacet
  facet normal 0 0 -1
    outer loop
      vertex -5.13052 75.9914 5.72205e-07
      vertex -6 75 5.72205e-07
      vertex -5.25882 75.9659 5.72205e-07
    endloop
  endfacet
  facet normal 0 0 -1
    outer loop
      vertex -6 65 5.72205e-07
      vertex -5.5 64.134 5.72205e-07
      vertex -5.60876 64.2066 5.72205e-07
    endloop
  endfacet
  facet normal 0 0 -1
    outer loop
      vertex -5.25882 75.9659 5.72205e-07
      vertex -6 75 5.72205e-07
      vertex -5.38269 75.9239 5.72205e-07
    endloop
  endfacet
  facet normal 0 0 -1
    outer loop
      vertex -6 65 5.72205e-07
      vertex -5.60876 64.2066 5.72205e-07
      vertex -5.70711 64.2929 5.72205e-07
    endloop
  endfacet
  facet normal 0 0 -1
    outer loop
      vertex -5.38269 75.9239 5.72205e-07
      vertex -6 75 5.72205e-07
      vertex -5.5 75.866 5.72205e-07
    endloop
  endfacet
  facet normal 0 0 -1
    outer loop
      vertex -6 65 5.72205e-07
      vertex -5.70711 64.2929 5.72205e-07
      vertex -5.79335 64.3912 5.72205e-07
    endloop
  endfacet
  facet normal 0 0 -1
    outer loop
      vertex -5.5 75.866 5.72205e-07
      vertex -6 75 5.72205e-07
      vertex -5.60876 75.7934 5.72205e-07
    endloop
  endfacet
  facet normal 0 0 -1
    outer loop
      vertex -6 65 5.72205e-07
      vertex -5.79335 64.3912 5.72205e-07
      vertex -5.86603 64.5 5.72205e-07
    endloop
  endfacet
  facet normal 0 0 -1
    outer loop
      vertex -5.60876 75.7934 5.72205e-07
      vertex -6 75 5.72205e-07
      vertex -5.70711 75.7071 5.72205e-07
    endloop
  endfacet
  facet normal 0 0 -1
    outer loop
      vertex -6 65 5.72205e-07
      vertex -5.86603 64.5 5.72205e-07
      vertex -5.92387 64.6173 5.72205e-07
    endloop
  endfacet
  facet normal 0 0 -1
    outer loop
      vertex -5.70711 75.7071 5.72205e-07
      vertex -6 75 5.72205e-07
      vertex -5.79335 75.6088 5.72205e-07
    endloop
  endfacet
  facet normal 0 0 -1
    outer loop
      vertex -6 65 5.72205e-07
      vertex -5.92387 64.6173 5.72205e-07
      vertex -5.96593 64.7412 5.72205e-07
    endloop
  endfacet
  facet normal 0 0 -1
    outer loop
      vertex -5.79335 75.6088 5.72205e-07
      vertex -6 75 5.72205e-07
      vertex -5.86603 75.5 5.72205e-07
    endloop
  endfacet
  facet normal 0 0 -1
    outer loop
      vertex -6 65 5.72205e-07
      vertex -5.96593 64.7412 5.72205e-07
      vertex -5.99144 64.8695 5.72205e-07
    endloop
  endfacet
  facet normal 0 0 -1
    outer loop
      vertex -5.86603 75.5 5.72205e-07
      vertex -6 75 5.72205e-07
      vertex -5.92387 75.3827 5.72205e-07
    endloop
  endfacet
  facet normal 0 0 -1
    outer loop
      vertex -5.92387 75.3827 5.72205e-07
      vertex -6 75 5.72205e-07
      vertex -5.96593 75.2588 5.72205e-07
    endloop
  endfacet
  facet normal 0 0 -1
    outer loop
      vertex -5.96593 75.2588 5.72205e-07
      vertex -6 75 5.72205e-07
      vertex -5.99144 75.1305 5.72205e-07
    endloop
  endfacet
  facet normal 0 0 -1
    outer loop
      vertex 155.25 92.5 5.72205e-07
      vertex 102.45 93.9 5.72205e-07
      vertex 110.45 93.9 5.72205e-07
    endloop
  endfacet
  facet normal 0 0 -1
    outer loop
      vertex 9.24998 92.5 5.72205e-07
      vertex 102.45 93.9 5.72205e-07
      vertex 155.25 92.5 5.72205e-07
    endloop
  endfacet
  facet normal 0 0 -1
    outer loop
      vertex 9.24998 92.5 5.72205e-07
      vertex 102.45 98 5.72205e-07
      vertex 102.45 93.9 5.72205e-07
    endloop
  endfacet
  facet normal 0 0 -1
    outer loop
      vertex 9.24998 92.5 5.72205e-07
      vertex 2 98 5.72205e-07
      vertex 102.45 98 5.72205e-07
    endloop
  endfacet
  facet normal 0 0 -1
    outer loop
      vertex 8.98894 92.4829 5.72205e-07
      vertex 2 98 5.72205e-07
      vertex 9.24998 92.5 5.72205e-07
    endloop
  endfacet
  facet normal 0 0 -1
    outer loop
      vertex 8.73235 92.4319 5.72205e-07
      vertex 2 98 5.72205e-07
      vertex 8.98894 92.4829 5.72205e-07
    endloop
  endfacet
  facet normal 0 0 -1
    outer loop
      vertex 8.48462 92.3478 5.72205e-07
      vertex 2 98 5.72205e-07
      vertex 8.73235 92.4319 5.72205e-07
    endloop
  endfacet
  facet normal 0 0 -1
    outer loop
      vertex 8.24998 92.2321 5.72205e-07
      vertex 2 98 5.72205e-07
      vertex 8.48462 92.3478 5.72205e-07
    endloop
  endfacet
  facet normal 0 0 -1
    outer loop
      vertex 8.03246 92.0867 5.72205e-07
      vertex 2 98 5.72205e-07
      vertex 8.24998 92.2321 5.72205e-07
    endloop
  endfacet
  facet normal 0 0 -1
    outer loop
      vertex 7.83577 91.9142 5.72205e-07
      vertex 2 98 5.72205e-07
      vertex 8.03246 92.0867 5.72205e-07
    endloop
  endfacet
  facet normal 0 0 -1
    outer loop
      vertex 7.66328 91.7175 5.72205e-07
      vertex 2 98 5.72205e-07
      vertex 7.83577 91.9142 5.72205e-07
    endloop
  endfacet
  facet normal 0 0 -1
    outer loop
      vertex 7.51793 91.5 5.72205e-07
      vertex 2 98 5.72205e-07
      vertex 7.66328 91.7175 5.72205e-07
    endloop
  endfacet
  facet normal 0 0 -1
    outer loop
      vertex 0 96 5.72205e-07
      vertex 7.51793 91.5 5.72205e-07
      vertex 7.40222 91.2654 5.72205e-07
    endloop
  endfacet
  facet normal 0 0 -1
    outer loop
      vertex 0 96 5.72205e-07
      vertex 7.40222 91.2654 5.72205e-07
      vertex 7.31813 91.0176 5.72205e-07
    endloop
  endfacet
  facet normal 0 0 -1
    outer loop
      vertex 0 96 5.72205e-07
      vertex 7.31813 91.0176 5.72205e-07
      vertex 7.26709 90.761 5.72205e-07
    endloop
  endfacet
  facet normal 0 0 -1
    outer loop
      vertex 0 96 5.72205e-07
      vertex 7.26709 90.761 5.72205e-07
      vertex 7.24998 90.5 5.72205e-07
    endloop
  endfacet
  facet normal 0 0 -1
    outer loop
      vertex 0 64 5.72205e-07
      vertex 7.24998 10.5 5.72205e-07
      vertex 0 28 5.72205e-07
    endloop
  endfacet
  facet normal 0 0 -1
    outer loop
      vertex 0 8 5.72205e-07
      vertex 2 6 5.72205e-07
      vertex 1.73895 6.01711 5.72205e-07
    endloop
  endfacet
  facet normal 0 0 -1
    outer loop
      vertex 0 76 5.72205e-07
      vertex 7.24998 90.5 5.72205e-07
      vertex 0 64 5.72205e-07
    endloop
  endfacet
  facet normal 0 0 -1
    outer loop
      vertex 0 8 5.72205e-07
      vertex 1.73895 6.01711 5.72205e-07
      vertex 1.48236 6.06815 5.72205e-07
    endloop
  endfacet
  facet normal 0 0 -1
    outer loop
      vertex 0 96 5.72205e-07
      vertex 7.24998 90.5 5.72205e-07
      vertex 0 76 5.72205e-07
    endloop
  endfacet
  facet normal 0 0 -1
    outer loop
      vertex 0 8 5.72205e-07
      vertex 1.48236 6.06815 5.72205e-07
      vertex 1.23463 6.15224 5.72205e-07
    endloop
  endfacet
  facet normal 0 0 -1
    outer loop
      vertex 7.51793 91.5 5.72205e-07
      vertex 0 96 5.72205e-07
      vertex 2 98 5.72205e-07
    endloop
  endfacet
  facet normal 0 0 -1
    outer loop
      vertex 0 8 5.72205e-07
      vertex 1.23463 6.15224 5.72205e-07
      vertex 1 6.26794 5.72205e-07
    endloop
  endfacet
  facet normal 0 0 -1
    outer loop
      vertex 2 98 5.72205e-07
      vertex 0 96 5.72205e-07
      vertex 1.73895 97.9829 5.72205e-07
    endloop
  endfacet
  facet normal 0 0 -1
    outer loop
      vertex 0 8 5.72205e-07
      vertex 1 6.26794 5.72205e-07
      vertex 0.782471 6.4133 5.72205e-07
    endloop
  endfacet
  facet normal 0 0 -1
    outer loop
      vertex 1.73895 97.9829 5.72205e-07
      vertex 0 96 5.72205e-07
      vertex 1.48236 97.9319 5.72205e-07
    endloop
  endfacet
  facet normal 0 0 -1
    outer loop
      vertex 0 8 5.72205e-07
      vertex 0.782471 6.4133 5.72205e-07
      vertex 0.585785 6.58578 5.72205e-07
    endloop
  endfacet
  facet normal 0 0 -1
    outer loop
      vertex 7.24998 10.5 5.72205e-07
      vertex 0 64 5.72205e-07
      vertex 7.24998 90.5 5.72205e-07
    endloop
  endfacet
  facet normal 0 0 -1
    outer loop
      vertex 0 8 5.72205e-07
      vertex 0.585785 6.58578 5.72205e-07
      vertex 0.4133 6.78247 5.72205e-07
    endloop
  endfacet
  facet normal 0 0 -1
    outer loop
      vertex 1.48236 97.9319 5.72205e-07
      vertex 0 96 5.72205e-07
      vertex 1.23463 97.8478 5.72205e-07
    endloop
  endfacet
  facet normal 0 0 -1
    outer loop
      vertex 0 8 5.72205e-07
      vertex 0.4133 6.78247 5.72205e-07
      vertex 0.267944 7 5.72205e-07
    endloop
  endfacet
  facet normal 0 0 -1
    outer loop
      vertex 1.23463 97.8478 5.72205e-07
      vertex 0 96 5.72205e-07
      vertex 1 97.7321 5.72205e-07
    endloop
  endfacet
  facet normal 0 0 -1
    outer loop
      vertex 0 8 5.72205e-07
      vertex 0.267944 7 5.72205e-07
      vertex 0.152237 7.23463 5.72205e-07
    endloop
  endfacet
  facet normal 0 0 -1
    outer loop
      vertex 1 97.7321 5.72205e-07
      vertex 0 96 5.72205e-07
      vertex 0.782471 97.5867 5.72205e-07
    endloop
  endfacet
  facet normal 0 0 -1
    outer loop
      vertex 0 8 5.72205e-07
      vertex 0.152237 7.23463 5.72205e-07
      vertex 0.0681458 7.48236 5.72205e-07
    endloop
  endfacet
  facet normal 0 0 -1
    outer loop
      vertex 2 6 5.72205e-07
      vertex 0 16 5.72205e-07
      vertex 0 28 5.72205e-07
    endloop
  endfacet
  facet normal 0 0 -1
    outer loop
      vertex 0 8 5.72205e-07
      vertex 0.0681458 7.48236 5.72205e-07
      vertex 0.0171051 7.73895 5.72205e-07
    endloop
  endfacet
  facet normal 0 0 -1
    outer loop
      vertex 0.782471 97.5867 5.72205e-07
      vertex 0 96 5.72205e-07
      vertex 0.585785 97.4142 5.72205e-07
    endloop
  endfacet
  facet normal 0 0 -1
    outer loop
      vertex 2 6 5.72205e-07
      vertex 0 8 5.72205e-07
      vertex 0 16 5.72205e-07
    endloop
  endfacet
  facet normal 0 0 -1
    outer loop
      vertex 0.585785 97.4142 5.72205e-07
      vertex 0 96 5.72205e-07
      vertex 0.4133 97.2175 5.72205e-07
    endloop
  endfacet
  facet normal 0 0 -1
    outer loop
      vertex 0.4133 97.2175 5.72205e-07
      vertex 0 96 5.72205e-07
      vertex 0.267944 97 5.72205e-07
    endloop
  endfacet
  facet normal 0 0 -1
    outer loop
      vertex 0.267944 97 5.72205e-07
      vertex 0 96 5.72205e-07
      vertex 0.152237 96.7654 5.72205e-07
    endloop
  endfacet
  facet normal 0 0 -1
    outer loop
      vertex 0.152237 96.7654 5.72205e-07
      vertex 0 96 5.72205e-07
      vertex 0.0681458 96.5176 5.72205e-07
    endloop
  endfacet
  facet normal 0 0 -1
    outer loop
      vertex 0.0681458 96.5176 5.72205e-07
      vertex 0 96 5.72205e-07
      vertex 0.0171051 96.261 5.72205e-07
    endloop
  endfacet
  facet normal 0 0 -1
    outer loop
      vertex 157.25 10.5 5.72205e-07
      vertex 164.5 16 5.72205e-07
      vertex 164.5 8 5.72205e-07
    endloop
  endfacet
  facet normal -0 0 -1
    outer loop
      vertex 164.5 16 5.72205e-07
      vertex 157.25 10.5 5.72205e-07
      vertex 164.5 28 5.72205e-07
    endloop
  endfacet
  facet normal -0 0 -1
    outer loop
      vertex 164.5 28 5.72205e-07
      vertex 157.25 10.5 5.72205e-07
      vertex 164.5 64 5.72205e-07
    endloop
  endfacet
  facet normal 0 0 -1
    outer loop
      vertex 157.25 90.5 5.72205e-07
      vertex 164.5 64 5.72205e-07
      vertex 157.25 10.5 5.72205e-07
    endloop
  endfacet
  facet normal 0 0 -1
    outer loop
      vertex 162.5 6 5.72205e-07
      vertex 164.5 8 5.72205e-07
      vertex 164.483 7.73895 5.72205e-07
    endloop
  endfacet
  facet normal 0 0 -1
    outer loop
      vertex 164.5 76 5.72205e-07
      vertex 157.25 90.5 5.72205e-07
      vertex 164.5 96 5.72205e-07
    endloop
  endfacet
  facet normal 0 0 -1
    outer loop
      vertex 162.5 6 5.72205e-07
      vertex 164.483 7.73895 5.72205e-07
      vertex 164.432 7.48236 5.72205e-07
    endloop
  endfacet
  facet normal 0 0 -1
    outer loop
      vertex 157.233 90.761 5.72205e-07
      vertex 164.5 96 5.72205e-07
      vertex 157.25 90.5 5.72205e-07
    endloop
  endfacet
  facet normal 0 0 -1
    outer loop
      vertex 162.5 6 5.72205e-07
      vertex 164.432 7.48236 5.72205e-07
      vertex 164.348 7.23463 5.72205e-07
    endloop
  endfacet
  facet normal 0 0 -1
    outer loop
      vertex 157.182 91.0176 5.72205e-07
      vertex 164.5 96 5.72205e-07
      vertex 157.233 90.761 5.72205e-07
    endloop
  endfacet
  facet normal 0 0 -1
    outer loop
      vertex 162.5 6 5.72205e-07
      vertex 164.348 7.23463 5.72205e-07
      vertex 164.232 7 5.72205e-07
    endloop
  endfacet
  facet normal 0 0 -1
    outer loop
      vertex 157.098 91.2654 5.72205e-07
      vertex 164.5 96 5.72205e-07
      vertex 157.182 91.0176 5.72205e-07
    endloop
  endfacet
  facet normal 0 0 -1
    outer loop
      vertex 162.5 6 5.72205e-07
      vertex 164.232 7 5.72205e-07
      vertex 164.087 6.78247 5.72205e-07
    endloop
  endfacet
  facet normal 0 0 -1
    outer loop
      vertex 156.982 91.5 5.72205e-07
      vertex 164.5 96 5.72205e-07
      vertex 157.098 91.2654 5.72205e-07
    endloop
  endfacet
  facet normal 0 0 -1
    outer loop
      vertex 162.5 6 5.72205e-07
      vertex 164.087 6.78247 5.72205e-07
      vertex 163.914 6.58578 5.72205e-07
    endloop
  endfacet
  facet normal 0 -0 -1
    outer loop
      vertex 162.5 98 5.72205e-07
      vertex 164.5 96 5.72205e-07
      vertex 156.982 91.5 5.72205e-07
    endloop
  endfacet
  facet normal 0 0 -1
    outer loop
      vertex 162.5 6 5.72205e-07
      vertex 163.914 6.58578 5.72205e-07
      vertex 163.718 6.4133 5.72205e-07
    endloop
  endfacet
  facet normal 0 0 -1
    outer loop
      vertex 164.5 96 5.72205e-07
      vertex 162.5 98 5.72205e-07
      vertex 164.483 96.261 5.72205e-07
    endloop
  endfacet
  facet normal 0 0 -1
    outer loop
      vertex 162.5 6 5.72205e-07
      vertex 163.718 6.4133 5.72205e-07
      vertex 163.5 6.26794 5.72205e-07
    endloop
  endfacet
  facet normal 0 0 -1
    outer loop
      vertex 164.483 96.261 5.72205e-07
      vertex 162.5 98 5.72205e-07
      vertex 164.432 96.5176 5.72205e-07
    endloop
  endfacet
  facet normal 0 0 -1
    outer loop
      vertex 162.5 6 5.72205e-07
      vertex 163.5 6.26794 5.72205e-07
      vertex 163.265 6.15224 5.72205e-07
    endloop
  endfacet
  facet normal 0 0 -1
    outer loop
      vertex 164.432 96.5176 5.72205e-07
      vertex 162.5 98 5.72205e-07
      vertex 164.348 96.7654 5.72205e-07
    endloop
  endfacet
  facet normal 0 0 -1
    outer loop
      vertex 162.5 6 5.72205e-07
      vertex 163.265 6.15224 5.72205e-07
      vertex 163.018 6.06815 5.72205e-07
    endloop
  endfacet
  facet normal 0 0 -1
    outer loop
      vertex 164.232 97 5.72205e-07
      vertex 162.5 98 5.72205e-07
      vertex 164.087 97.2175 5.72205e-07
    endloop
  endfacet
  facet normal 0 0 -1
    outer loop
      vertex 162.5 6 5.72205e-07
      vertex 163.018 6.06815 5.72205e-07
      vertex 162.761 6.01711 5.72205e-07
    endloop
  endfacet
  facet normal 0 0 -1
    outer loop
      vertex 164.087 97.2175 5.72205e-07
      vertex 162.5 98 5.72205e-07
      vertex 163.914 97.4142 5.72205e-07
    endloop
  endfacet
  facet normal -0 0 -1
    outer loop
      vertex 164.5 8 5.72205e-07
      vertex 162.5 6 5.72205e-07
      vertex 157.233 10.239 5.72205e-07
    endloop
  endfacet
  facet normal 0 0 -1
    outer loop
      vertex 163.914 97.4142 5.72205e-07
      vertex 162.5 98 5.72205e-07
      vertex 163.718 97.5867 5.72205e-07
    endloop
  endfacet
  facet normal 0 0 -1
    outer loop
      vertex 164.5 64 5.72205e-07
      vertex 157.25 90.5 5.72205e-07
      vertex 164.5 76 5.72205e-07
    endloop
  endfacet
  facet normal 0 0 -1
    outer loop
      vertex 164.5 8 5.72205e-07
      vertex 157.233 10.239 5.72205e-07
      vertex 157.25 10.5 5.72205e-07
    endloop
  endfacet
  facet normal 0 0 -1
    outer loop
      vertex 162.5 6 5.72205e-07
      vertex 157.182 9.98236 5.72205e-07
      vertex 157.233 10.239 5.72205e-07
    endloop
  endfacet
  facet normal 0 0 -1
    outer loop
      vertex 162.5 6 5.72205e-07
      vertex 157.098 9.73463 5.72205e-07
      vertex 157.182 9.98236 5.72205e-07
    endloop
  endfacet
  facet normal 0 0 -1
    outer loop
      vertex 162.5 6 5.72205e-07
      vertex 156.982 9.5 5.72205e-07
      vertex 157.098 9.73463 5.72205e-07
    endloop
  endfacet
  facet normal 0 0 -1
    outer loop
      vertex 162.5 6 5.72205e-07
      vertex 156.837 9.28247 5.72205e-07
      vertex 156.982 9.5 5.72205e-07
    endloop
  endfacet
  facet normal 0 0 -1
    outer loop
      vertex 162.5 6 5.72205e-07
      vertex 156.664 9.08578 5.72205e-07
      vertex 156.837 9.28247 5.72205e-07
    endloop
  endfacet
  facet normal 0 0 -1
    outer loop
      vertex 162.5 6 5.72205e-07
      vertex 156.468 8.9133 5.72205e-07
      vertex 156.664 9.08578 5.72205e-07
    endloop
  endfacet
  facet normal 0 0 -1
    outer loop
      vertex 162.5 6 5.72205e-07
      vertex 156.25 8.76794 5.72205e-07
      vertex 156.468 8.9133 5.72205e-07
    endloop
  endfacet
  facet normal 0 0 -1
    outer loop
      vertex 162.5 6 5.72205e-07
      vertex 156.015 8.65224 5.72205e-07
      vertex 156.25 8.76794 5.72205e-07
    endloop
  endfacet
  facet normal 0 0 -1
    outer loop
      vertex 162.5 6 5.72205e-07
      vertex 155.768 8.56815 5.72205e-07
      vertex 156.015 8.65224 5.72205e-07
    endloop
  endfacet
  facet normal 0 0 -1
    outer loop
      vertex 162.5 6 5.72205e-07
      vertex 155.511 8.51711 5.72205e-07
      vertex 155.768 8.56815 5.72205e-07
    endloop
  endfacet
  facet normal 0 0 -1
    outer loop
      vertex 162.5 6 5.72205e-07
      vertex 155.25 8.5 5.72205e-07
      vertex 155.511 8.51711 5.72205e-07
    endloop
  endfacet
  facet normal 0 0 -1
    outer loop
      vertex 162.5 6 5.72205e-07
      vertex 9.24998 8.5 5.72205e-07
      vertex 155.25 8.5 5.72205e-07
    endloop
  endfacet
  facet normal 0 0 -1
    outer loop
      vertex 0 28 5.72205e-07
      vertex 7.24998 10.5 5.72205e-07
      vertex 2 6 5.72205e-07
    endloop
  endfacet
  facet normal -0 0 -1
    outer loop
      vertex 7.26709 10.239 5.72205e-07
      vertex 2 6 5.72205e-07
      vertex 7.24998 10.5 5.72205e-07
    endloop
  endfacet
  facet normal -0 0 -1
    outer loop
      vertex 7.31813 9.98236 5.72205e-07
      vertex 2 6 5.72205e-07
      vertex 7.26709 10.239 5.72205e-07
    endloop
  endfacet
  facet normal -0 0 -1
    outer loop
      vertex 7.40222 9.73463 5.72205e-07
      vertex 2 6 5.72205e-07
      vertex 7.31813 9.98236 5.72205e-07
    endloop
  endfacet
  facet normal -0 0 -1
    outer loop
      vertex 7.51793 9.5 5.72205e-07
      vertex 2 6 5.72205e-07
      vertex 7.40222 9.73463 5.72205e-07
    endloop
  endfacet
  facet normal -0 0 -1
    outer loop
      vertex 7.66328 9.28247 5.72205e-07
      vertex 2 6 5.72205e-07
      vertex 7.51793 9.5 5.72205e-07
    endloop
  endfacet
  facet normal -0 0 -1
    outer loop
      vertex 7.83577 9.08578 5.72205e-07
      vertex 2 6 5.72205e-07
      vertex 7.66328 9.28247 5.72205e-07
    endloop
  endfacet
  facet normal -0 0 -1
    outer loop
      vertex 8.03246 8.9133 5.72205e-07
      vertex 2 6 5.72205e-07
      vertex 7.83577 9.08578 5.72205e-07
    endloop
  endfacet
  facet normal -0 0 -1
    outer loop
      vertex 8.24998 8.76794 5.72205e-07
      vertex 2 6 5.72205e-07
      vertex 8.03246 8.9133 5.72205e-07
    endloop
  endfacet
  facet normal -0 0 -1
    outer loop
      vertex 8.48462 8.65224 5.72205e-07
      vertex 2 6 5.72205e-07
      vertex 8.24998 8.76794 5.72205e-07
    endloop
  endfacet
  facet normal -0 0 -1
    outer loop
      vertex 8.73235 8.56815 5.72205e-07
      vertex 2 6 5.72205e-07
      vertex 8.48462 8.65224 5.72205e-07
    endloop
  endfacet
  facet normal -0 0 -1
    outer loop
      vertex 8.98894 8.51711 5.72205e-07
      vertex 2 6 5.72205e-07
      vertex 8.73235 8.56815 5.72205e-07
    endloop
  endfacet
  facet normal -0 0 -1
    outer loop
      vertex 9.24998 8.5 5.72205e-07
      vertex 2 6 5.72205e-07
      vertex 8.98894 8.51711 5.72205e-07
    endloop
  endfacet
  facet normal 0 0 -1
    outer loop
      vertex 2 6 5.72205e-07
      vertex 9.24998 8.5 5.72205e-07
      vertex 162.5 6 5.72205e-07
    endloop
  endfacet
  facet normal 0 0 -1
    outer loop
      vertex 163.718 97.5867 5.72205e-07
      vertex 162.5 98 5.72205e-07
      vertex 163.5 97.7321 5.72205e-07
    endloop
  endfacet
  facet normal 0 0 -1
    outer loop
      vertex 163.265 97.8478 5.72205e-07
      vertex 162.5 98 5.72205e-07
      vertex 163.018 97.9319 5.72205e-07
    endloop
  endfacet
  facet normal 0 0 -1
    outer loop
      vertex 163.018 97.9319 5.72205e-07
      vertex 162.5 98 5.72205e-07
      vertex 162.761 97.9829 5.72205e-07
    endloop
  endfacet
  facet normal 0 0 -1
    outer loop
      vertex 163.5 97.7321 5.72205e-07
      vertex 162.5 98 5.72205e-07
      vertex 163.265 97.8478 5.72205e-07
    endloop
  endfacet
  facet normal 0 0 -1
    outer loop
      vertex 164.348 96.7654 5.72205e-07
      vertex 162.5 98 5.72205e-07
      vertex 164.232 97 5.72205e-07
    endloop
  endfacet
  facet normal 0 0 -1
    outer loop
      vertex 156.837 91.7175 5.72205e-07
      vertex 162.5 98 5.72205e-07
      vertex 156.982 91.5 5.72205e-07
    endloop
  endfacet
  facet normal 0 0 -1
    outer loop
      vertex 156.664 91.9142 5.72205e-07
      vertex 162.5 98 5.72205e-07
      vertex 156.837 91.7175 5.72205e-07
    endloop
  endfacet
  facet normal 0 0 -1
    outer loop
      vertex 156.468 92.0867 5.72205e-07
      vertex 162.5 98 5.72205e-07
      vertex 156.664 91.9142 5.72205e-07
    endloop
  endfacet
  facet normal 0 0 -1
    outer loop
      vertex 156.25 92.2321 5.72205e-07
      vertex 162.5 98 5.72205e-07
      vertex 156.468 92.0867 5.72205e-07
    endloop
  endfacet
  facet normal 0 0 -1
    outer loop
      vertex 156.015 92.3478 5.72205e-07
      vertex 162.5 98 5.72205e-07
      vertex 156.25 92.2321 5.72205e-07
    endloop
  endfacet
  facet normal 0 0 -1
    outer loop
      vertex 155.768 92.4319 5.72205e-07
      vertex 162.5 98 5.72205e-07
      vertex 156.015 92.3478 5.72205e-07
    endloop
  endfacet
  facet normal 0 0 -1
    outer loop
      vertex 155.511 92.4829 5.72205e-07
      vertex 162.5 98 5.72205e-07
      vertex 155.768 92.4319 5.72205e-07
    endloop
  endfacet
  facet normal 0 0 -1
    outer loop
      vertex 155.25 92.5 5.72205e-07
      vertex 162.5 98 5.72205e-07
      vertex 155.511 92.4829 5.72205e-07
    endloop
  endfacet
  facet normal 0 0 -1
    outer loop
      vertex 110.45 98 5.72205e-07
      vertex 155.25 92.5 5.72205e-07
      vertex 110.45 93.9 5.72205e-07
    endloop
  endfacet
  facet normal 0 0 -1
    outer loop
      vertex 155.25 92.5 5.72205e-07
      vertex 110.45 98 5.72205e-07
      vertex 162.5 98 5.72205e-07
    endloop
  endfacet
  facet normal 0 0 -1
    outer loop
      vertex 169.5 16 5.72205e-07
      vertex 170.5 17 5.72205e-07
      vertex 170.491 16.8695 5.72205e-07
    endloop
  endfacet
  facet normal 0 0 -1
    outer loop
      vertex 170.5 17 5.72205e-07
      vertex 168.4 22 5.72205e-07
      vertex 170.5 27 5.72205e-07
    endloop
  endfacet
  facet normal 0 0 -1
    outer loop
      vertex 169.5 16 5.72205e-07
      vertex 170.491 16.8695 5.72205e-07
      vertex 170.466 16.7412 5.72205e-07
    endloop
  endfacet
  facet normal 0 0 -1
    outer loop
      vertex 168.391 22.1436 5.72205e-07
      vertex 170.5 27 5.72205e-07
      vertex 168.4 22 5.72205e-07
    endloop
  endfacet
  facet normal 0 0 -1
    outer loop
      vertex 169.5 16 5.72205e-07
      vertex 170.466 16.7412 5.72205e-07
      vertex 170.424 16.6173 5.72205e-07
    endloop
  endfacet
  facet normal 0 0 -1
    outer loop
      vertex 168.363 22.2847 5.72205e-07
      vertex 170.5 27 5.72205e-07
      vertex 168.391 22.1436 5.72205e-07
    endloop
  endfacet
  facet normal 0 0 -1
    outer loop
      vertex 169.5 16 5.72205e-07
      vertex 170.424 16.6173 5.72205e-07
      vertex 170.366 16.5 5.72205e-07
    endloop
  endfacet
  facet normal 0 0 -1
    outer loop
      vertex 168.316 22.421 5.72205e-07
      vertex 170.5 27 5.72205e-07
      vertex 168.363 22.2847 5.72205e-07
    endloop
  endfacet
  facet normal 0 0 -1
    outer loop
      vertex 169.5 16 5.72205e-07
      vertex 170.366 16.5 5.72205e-07
      vertex 170.293 16.3912 5.72205e-07
    endloop
  endfacet
  facet normal 0 0 -1
    outer loop
      vertex 168.253 22.55 5.72205e-07
      vertex 170.5 27 5.72205e-07
      vertex 168.316 22.421 5.72205e-07
    endloop
  endfacet
  facet normal 0 0 -1
    outer loop
      vertex 169.5 16 5.72205e-07
      vertex 170.293 16.3912 5.72205e-07
      vertex 170.207 16.2929 5.72205e-07
    endloop
  endfacet
  facet normal 0 0 -1
    outer loop
      vertex 168.173 22.6696 5.72205e-07
      vertex 170.5 27 5.72205e-07
      vertex 168.253 22.55 5.72205e-07
    endloop
  endfacet
  facet normal 0 0 -1
    outer loop
      vertex 169.5 16 5.72205e-07
      vertex 170.207 16.2929 5.72205e-07
      vertex 170.109 16.2066 5.72205e-07
    endloop
  endfacet
  facet normal 0 0 -1
    outer loop
      vertex 168.078 22.7778 5.72205e-07
      vertex 170.5 27 5.72205e-07
      vertex 168.173 22.6696 5.72205e-07
    endloop
  endfacet
  facet normal 0 0 -1
    outer loop
      vertex 169.5 16 5.72205e-07
      vertex 170.109 16.2066 5.72205e-07
      vertex 170 16.134 5.72205e-07
    endloop
  endfacet
  facet normal 0 0 -1
    outer loop
      vertex 167.97 22.8727 5.72205e-07
      vertex 170.5 27 5.72205e-07
      vertex 168.078 22.7778 5.72205e-07
    endloop
  endfacet
  facet normal 0 0 -1
    outer loop
      vertex 169.5 16 5.72205e-07
      vertex 170 16.134 5.72205e-07
      vertex 169.883 16.0761 5.72205e-07
    endloop
  endfacet
  facet normal 0 0 -1
    outer loop
      vertex 167.85 22.9526 5.72205e-07
      vertex 170.5 27 5.72205e-07
      vertex 167.97 22.8727 5.72205e-07
    endloop
  endfacet
  facet normal 0 0 -1
    outer loop
      vertex 169.5 16 5.72205e-07
      vertex 169.883 16.0761 5.72205e-07
      vertex 169.759 16.0341 5.72205e-07
    endloop
  endfacet
  facet normal 0 0 -1
    outer loop
      vertex 167.721 23.0163 5.72205e-07
      vertex 170.5 27 5.72205e-07
      vertex 167.85 22.9526 5.72205e-07
    endloop
  endfacet
  facet normal 0 0 -1
    outer loop
      vertex 169.5 16 5.72205e-07
      vertex 169.759 16.0341 5.72205e-07
      vertex 169.631 16.0086 5.72205e-07
    endloop
  endfacet
  facet normal 0 0 -1
    outer loop
      vertex 167.585 23.0625 5.72205e-07
      vertex 170.5 27 5.72205e-07
      vertex 167.721 23.0163 5.72205e-07
    endloop
  endfacet
  facet normal -0 0 -1
    outer loop
      vertex 170.5 17 5.72205e-07
      vertex 169.5 16 5.72205e-07
      vertex 167.585 20.9375 5.72205e-07
    endloop
  endfacet
  facet normal 0 -0 -1
    outer loop
      vertex 169.5 28 5.72205e-07
      vertex 170.5 27 5.72205e-07
      vertex 167.585 23.0625 5.72205e-07
    endloop
  endfacet
  facet normal 0 0 -1
    outer loop
      vertex 170.5 27 5.72205e-07
      vertex 169.5 28 5.72205e-07
      vertex 170.491 27.1305 5.72205e-07
    endloop
  endfacet
  facet normal 0 0 -1
    outer loop
      vertex 170.5 17 5.72205e-07
      vertex 168.391 21.8564 5.72205e-07
      vertex 168.4 22 5.72205e-07
    endloop
  endfacet
  facet normal 0 0 -1
    outer loop
      vertex 170.5 17 5.72205e-07
      vertex 168.363 21.7153 5.72205e-07
      vertex 168.391 21.8564 5.72205e-07
    endloop
  endfacet
  facet normal 0 0 -1
    outer loop
      vertex 170.5 17 5.72205e-07
      vertex 168.316 21.579 5.72205e-07
      vertex 168.363 21.7153 5.72205e-07
    endloop
  endfacet
  facet normal 0 0 -1
    outer loop
      vertex 170.5 17 5.72205e-07
      vertex 168.253 21.45 5.72205e-07
      vertex 168.316 21.579 5.72205e-07
    endloop
  endfacet
  facet normal 0 0 -1
    outer loop
      vertex 170.5 17 5.72205e-07
      vertex 168.173 21.3304 5.72205e-07
      vertex 168.253 21.45 5.72205e-07
    endloop
  endfacet
  facet normal 0 0 -1
    outer loop
      vertex 170.5 17 5.72205e-07
      vertex 168.078 21.2222 5.72205e-07
      vertex 168.173 21.3304 5.72205e-07
    endloop
  endfacet
  facet normal 0 0 -1
    outer loop
      vertex 170.5 17 5.72205e-07
      vertex 167.97 21.1273 5.72205e-07
      vertex 168.078 21.2222 5.72205e-07
    endloop
  endfacet
  facet normal 0 0 -1
    outer loop
      vertex 170.5 17 5.72205e-07
      vertex 167.85 21.0474 5.72205e-07
      vertex 167.97 21.1273 5.72205e-07
    endloop
  endfacet
  facet normal 0 0 -1
    outer loop
      vertex 170.5 17 5.72205e-07
      vertex 167.721 20.9837 5.72205e-07
      vertex 167.85 21.0474 5.72205e-07
    endloop
  endfacet
  facet normal 0 0 -1
    outer loop
      vertex 170.5 17 5.72205e-07
      vertex 167.585 20.9375 5.72205e-07
      vertex 167.721 20.9837 5.72205e-07
    endloop
  endfacet
  facet normal 0 0 -1
    outer loop
      vertex 169.5 16 5.72205e-07
      vertex 167.444 20.9094 5.72205e-07
      vertex 167.585 20.9375 5.72205e-07
    endloop
  endfacet
  facet normal 0 0 -1
    outer loop
      vertex 169.5 16 5.72205e-07
      vertex 167.3 20.9 5.72205e-07
      vertex 167.444 20.9094 5.72205e-07
    endloop
  endfacet
  facet normal 0 0 -1
    outer loop
      vertex 169.5 16 5.72205e-07
      vertex 167.156 20.9094 5.72205e-07
      vertex 167.3 20.9 5.72205e-07
    endloop
  endfacet
  facet normal 0 0 -1
    outer loop
      vertex 164.5 16 5.72205e-07
      vertex 167.156 20.9094 5.72205e-07
      vertex 169.5 16 5.72205e-07
    endloop
  endfacet
  facet normal -0 0 -1
    outer loop
      vertex 167.156 20.9094 5.72205e-07
      vertex 164.5 16 5.72205e-07
      vertex 167.015 20.9375 5.72205e-07
    endloop
  endfacet
  facet normal -0 0 -1
    outer loop
      vertex 167.015 20.9375 5.72205e-07
      vertex 164.5 16 5.72205e-07
      vertex 166.879 20.9837 5.72205e-07
    endloop
  endfacet
  facet normal -0 0 -1
    outer loop
      vertex 166.879 20.9837 5.72205e-07
      vertex 164.5 16 5.72205e-07
      vertex 166.75 21.0474 5.72205e-07
    endloop
  endfacet
  facet normal -0 0 -1
    outer loop
      vertex 166.75 21.0474 5.72205e-07
      vertex 164.5 16 5.72205e-07
      vertex 166.63 21.1273 5.72205e-07
    endloop
  endfacet
  facet normal -0 0 -1
    outer loop
      vertex 166.63 21.1273 5.72205e-07
      vertex 164.5 16 5.72205e-07
      vertex 166.522 21.2222 5.72205e-07
    endloop
  endfacet
  facet normal -0 0 -1
    outer loop
      vertex 166.522 21.2222 5.72205e-07
      vertex 164.5 16 5.72205e-07
      vertex 166.427 21.3304 5.72205e-07
    endloop
  endfacet
  facet normal -0 0 -1
    outer loop
      vertex 166.209 21.8564 5.72205e-07
      vertex 164.5 16 5.72205e-07
      vertex 166.2 22 5.72205e-07
    endloop
  endfacet
  facet normal -0 0 -1
    outer loop
      vertex 166.237 21.7153 5.72205e-07
      vertex 164.5 16 5.72205e-07
      vertex 166.209 21.8564 5.72205e-07
    endloop
  endfacet
  facet normal -0 0 -1
    outer loop
      vertex 166.284 21.579 5.72205e-07
      vertex 164.5 16 5.72205e-07
      vertex 166.237 21.7153 5.72205e-07
    endloop
  endfacet
  facet normal -0 0 -1
    outer loop
      vertex 166.347 21.45 5.72205e-07
      vertex 164.5 16 5.72205e-07
      vertex 166.284 21.579 5.72205e-07
    endloop
  endfacet
  facet normal -0 0 -1
    outer loop
      vertex 166.427 21.3304 5.72205e-07
      vertex 164.5 16 5.72205e-07
      vertex 166.347 21.45 5.72205e-07
    endloop
  endfacet
  facet normal 0 0 -1
    outer loop
      vertex 170.466 27.2588 5.72205e-07
      vertex 169.5 28 5.72205e-07
      vertex 170.424 27.3827 5.72205e-07
    endloop
  endfacet
  facet normal 0 0 -1
    outer loop
      vertex 170.424 27.3827 5.72205e-07
      vertex 169.5 28 5.72205e-07
      vertex 170.366 27.5 5.72205e-07
    endloop
  endfacet
  facet normal 0 0 -1
    outer loop
      vertex 170.366 27.5 5.72205e-07
      vertex 169.5 28 5.72205e-07
      vertex 170.293 27.6088 5.72205e-07
    endloop
  endfacet
  facet normal 0 0 -1
    outer loop
      vertex 170.207 27.7071 5.72205e-07
      vertex 169.5 28 5.72205e-07
      vertex 170.109 27.7934 5.72205e-07
    endloop
  endfacet
  facet normal 0 0 -1
    outer loop
      vertex 170.109 27.7934 5.72205e-07
      vertex 169.5 28 5.72205e-07
      vertex 170 27.866 5.72205e-07
    endloop
  endfacet
  facet normal 0 0 -1
    outer loop
      vertex 170 27.866 5.72205e-07
      vertex 169.5 28 5.72205e-07
      vertex 169.883 27.9239 5.72205e-07
    endloop
  endfacet
  facet normal 0 0 -1
    outer loop
      vertex 169.883 27.9239 5.72205e-07
      vertex 169.5 28 5.72205e-07
      vertex 169.759 27.9659 5.72205e-07
    endloop
  endfacet
  facet normal 0 0 -1
    outer loop
      vertex 169.759 27.9659 5.72205e-07
      vertex 169.5 28 5.72205e-07
      vertex 169.631 27.9914 5.72205e-07
    endloop
  endfacet
  facet normal 0 0 -1
    outer loop
      vertex 170.293 27.6088 5.72205e-07
      vertex 169.5 28 5.72205e-07
      vertex 170.207 27.7071 5.72205e-07
    endloop
  endfacet
  facet normal 0 0 -1
    outer loop
      vertex 170.491 27.1305 5.72205e-07
      vertex 169.5 28 5.72205e-07
      vertex 170.466 27.2588 5.72205e-07
    endloop
  endfacet
  facet normal 0 0 -1
    outer loop
      vertex 167.444 23.0906 5.72205e-07
      vertex 169.5 28 5.72205e-07
      vertex 167.585 23.0625 5.72205e-07
    endloop
  endfacet
  facet normal 0 0 -1
    outer loop
      vertex 167.3 23.1 5.72205e-07
      vertex 169.5 28 5.72205e-07
      vertex 167.444 23.0906 5.72205e-07
    endloop
  endfacet
  facet normal 0 0 -1
    outer loop
      vertex 167.156 23.0906 5.72205e-07
      vertex 169.5 28 5.72205e-07
      vertex 167.3 23.1 5.72205e-07
    endloop
  endfacet
  facet normal 0 0 -1
    outer loop
      vertex 164.5 28 5.72205e-07
      vertex 167.156 23.0906 5.72205e-07
      vertex 167.015 23.0625 5.72205e-07
    endloop
  endfacet
  facet normal 0 0 -1
    outer loop
      vertex 164.5 28 5.72205e-07
      vertex 167.015 23.0625 5.72205e-07
      vertex 166.879 23.0163 5.72205e-07
    endloop
  endfacet
  facet normal 0 0 -1
    outer loop
      vertex 164.5 28 5.72205e-07
      vertex 166.879 23.0163 5.72205e-07
      vertex 166.75 22.9526 5.72205e-07
    endloop
  endfacet
  facet normal 0 0 -1
    outer loop
      vertex 164.5 28 5.72205e-07
      vertex 166.75 22.9526 5.72205e-07
      vertex 166.63 22.8727 5.72205e-07
    endloop
  endfacet
  facet normal 0 0 -1
    outer loop
      vertex 164.5 28 5.72205e-07
      vertex 166.63 22.8727 5.72205e-07
      vertex 166.522 22.7778 5.72205e-07
    endloop
  endfacet
  facet normal 0 0 -1
    outer loop
      vertex 164.5 28 5.72205e-07
      vertex 166.522 22.7778 5.72205e-07
      vertex 166.427 22.6696 5.72205e-07
    endloop
  endfacet
  facet normal 0 0 -1
    outer loop
      vertex 164.5 28 5.72205e-07
      vertex 166.427 22.6696 5.72205e-07
      vertex 166.347 22.55 5.72205e-07
    endloop
  endfacet
  facet normal 0 0 -1
    outer loop
      vertex 164.5 28 5.72205e-07
      vertex 166.2 22 5.72205e-07
      vertex 164.5 16 5.72205e-07
    endloop
  endfacet
  facet normal 0 0 -1
    outer loop
      vertex 166.2 22 5.72205e-07
      vertex 164.5 28 5.72205e-07
      vertex 166.209 22.1436 5.72205e-07
    endloop
  endfacet
  facet normal 0 0 -1
    outer loop
      vertex 167.156 23.0906 5.72205e-07
      vertex 164.5 28 5.72205e-07
      vertex 169.5 28 5.72205e-07
    endloop
  endfacet
  facet normal 0 0 -1
    outer loop
      vertex 166.284 22.421 5.72205e-07
      vertex 164.5 28 5.72205e-07
      vertex 166.347 22.55 5.72205e-07
    endloop
  endfacet
  facet normal 0 0 -1
    outer loop
      vertex 166.237 22.2847 5.72205e-07
      vertex 164.5 28 5.72205e-07
      vertex 166.284 22.421 5.72205e-07
    endloop
  endfacet
  facet normal 0 0 -1
    outer loop
      vertex 166.209 22.1436 5.72205e-07
      vertex 164.5 28 5.72205e-07
      vertex 166.237 22.2847 5.72205e-07
    endloop
  endfacet
  facet normal 0 0 -1
    outer loop
      vertex 169.5 64 5.72205e-07
      vertex 170.5 65 5.72205e-07
      vertex 170.491 64.8695 5.72205e-07
    endloop
  endfacet
  facet normal 0 0 -1
    outer loop
      vertex 170.5 65 5.72205e-07
      vertex 168.4 70 5.72205e-07
      vertex 170.5 75 5.72205e-07
    endloop
  endfacet
  facet normal 0 0 -1
    outer loop
      vertex 169.5 64 5.72205e-07
      vertex 170.491 64.8695 5.72205e-07
      vertex 170.466 64.7412 5.72205e-07
    endloop
  endfacet
  facet normal 0 0 -1
    outer loop
      vertex 168.391 70.1436 5.72205e-07
      vertex 170.5 75 5.72205e-07
      vertex 168.4 70 5.72205e-07
    endloop
  endfacet
  facet normal 0 0 -1
    outer loop
      vertex 169.5 64 5.72205e-07
      vertex 170.466 64.7412 5.72205e-07
      vertex 170.424 64.6173 5.72205e-07
    endloop
  endfacet
  facet normal 0 0 -1
    outer loop
      vertex 168.363 70.2847 5.72205e-07
      vertex 170.5 75 5.72205e-07
      vertex 168.391 70.1436 5.72205e-07
    endloop
  endfacet
  facet normal 0 0 -1
    outer loop
      vertex 169.5 64 5.72205e-07
      vertex 170.424 64.6173 5.72205e-07
      vertex 170.366 64.5 5.72205e-07
    endloop
  endfacet
  facet normal 0 0 -1
    outer loop
      vertex 168.316 70.421 5.72205e-07
      vertex 170.5 75 5.72205e-07
      vertex 168.363 70.2847 5.72205e-07
    endloop
  endfacet
  facet normal 0 0 -1
    outer loop
      vertex 169.5 64 5.72205e-07
      vertex 170.366 64.5 5.72205e-07
      vertex 170.293 64.3912 5.72205e-07
    endloop
  endfacet
  facet normal 0 0 -1
    outer loop
      vertex 168.253 70.55 5.72205e-07
      vertex 170.5 75 5.72205e-07
      vertex 168.316 70.421 5.72205e-07
    endloop
  endfacet
  facet normal 0 0 -1
    outer loop
      vertex 169.5 64 5.72205e-07
      vertex 170.293 64.3912 5.72205e-07
      vertex 170.207 64.2929 5.72205e-07
    endloop
  endfacet
  facet normal 0 0 -1
    outer loop
      vertex 168.173 70.6696 5.72205e-07
      vertex 170.5 75 5.72205e-07
      vertex 168.253 70.55 5.72205e-07
    endloop
  endfacet
  facet normal 0 0 -1
    outer loop
      vertex 169.5 64 5.72205e-07
      vertex 170.207 64.2929 5.72205e-07
      vertex 170.109 64.2066 5.72205e-07
    endloop
  endfacet
  facet normal 0 0 -1
    outer loop
      vertex 168.078 70.7778 5.72205e-07
      vertex 170.5 75 5.72205e-07
      vertex 168.173 70.6696 5.72205e-07
    endloop
  endfacet
  facet normal 0 0 -1
    outer loop
      vertex 169.5 64 5.72205e-07
      vertex 170.109 64.2066 5.72205e-07
      vertex 170 64.134 5.72205e-07
    endloop
  endfacet
  facet normal 0 0 -1
    outer loop
      vertex 167.97 70.8727 5.72205e-07
      vertex 170.5 75 5.72205e-07
      vertex 168.078 70.7778 5.72205e-07
    endloop
  endfacet
  facet normal 0 0 -1
    outer loop
      vertex 169.5 64 5.72205e-07
      vertex 170 64.134 5.72205e-07
      vertex 169.883 64.0761 5.72205e-07
    endloop
  endfacet
  facet normal 0 0 -1
    outer loop
      vertex 167.85 70.9526 5.72205e-07
      vertex 170.5 75 5.72205e-07
      vertex 167.97 70.8727 5.72205e-07
    endloop
  endfacet
  facet normal 0 0 -1
    outer loop
      vertex 169.5 64 5.72205e-07
      vertex 169.883 64.0761 5.72205e-07
      vertex 169.759 64.0341 5.72205e-07
    endloop
  endfacet
  facet normal 0 0 -1
    outer loop
      vertex 167.721 71.0163 5.72205e-07
      vertex 170.5 75 5.72205e-07
      vertex 167.85 70.9526 5.72205e-07
    endloop
  endfacet
  facet normal 0 0 -1
    outer loop
      vertex 169.5 64 5.72205e-07
      vertex 169.759 64.0341 5.72205e-07
      vertex 169.631 64.0086 5.72205e-07
    endloop
  endfacet
  facet normal 0 0 -1
    outer loop
      vertex 167.585 71.0625 5.72205e-07
      vertex 170.5 75 5.72205e-07
      vertex 167.721 71.0163 5.72205e-07
    endloop
  endfacet
  facet normal -0 0 -1
    outer loop
      vertex 170.5 65 5.72205e-07
      vertex 169.5 64 5.72205e-07
      vertex 167.585 68.9375 5.72205e-07
    endloop
  endfacet
  facet normal 0 -0 -1
    outer loop
      vertex 169.5 76 5.72205e-07
      vertex 170.5 75 5.72205e-07
      vertex 167.585 71.0625 5.72205e-07
    endloop
  endfacet
  facet normal 0 0 -1
    outer loop
      vertex 170.5 75 5.72205e-07
      vertex 169.5 76 5.72205e-07
      vertex 170.491 75.1305 5.72205e-07
    endloop
  endfacet
  facet normal 0 0 -1
    outer loop
      vertex 170.5 65 5.72205e-07
      vertex 168.391 69.8564 5.72205e-07
      vertex 168.4 70 5.72205e-07
    endloop
  endfacet
  facet normal 0 0 -1
    outer loop
      vertex 170.5 65 5.72205e-07
      vertex 168.363 69.7153 5.72205e-07
      vertex 168.391 69.8564 5.72205e-07
    endloop
  endfacet
  facet normal 0 0 -1
    outer loop
      vertex 170.5 65 5.72205e-07
      vertex 168.316 69.579 5.72205e-07
      vertex 168.363 69.7153 5.72205e-07
    endloop
  endfacet
  facet normal 0 0 -1
    outer loop
      vertex 170.5 65 5.72205e-07
      vertex 168.253 69.45 5.72205e-07
      vertex 168.316 69.579 5.72205e-07
    endloop
  endfacet
  facet normal 0 0 -1
    outer loop
      vertex 170.5 65 5.72205e-07
      vertex 168.173 69.3304 5.72205e-07
      vertex 168.253 69.45 5.72205e-07
    endloop
  endfacet
  facet normal 0 0 -1
    outer loop
      vertex 170.5 65 5.72205e-07
      vertex 168.078 69.2222 5.72205e-07
      vertex 168.173 69.3304 5.72205e-07
    endloop
  endfacet
  facet normal 0 0 -1
    outer loop
      vertex 170.5 65 5.72205e-07
      vertex 167.97 69.1273 5.72205e-07
      vertex 168.078 69.2222 5.72205e-07
    endloop
  endfacet
  facet normal 0 0 -1
    outer loop
      vertex 170.5 65 5.72205e-07
      vertex 167.85 69.0474 5.72205e-07
      vertex 167.97 69.1273 5.72205e-07
    endloop
  endfacet
  facet normal 0 0 -1
    outer loop
      vertex 170.5 65 5.72205e-07
      vertex 167.721 68.9837 5.72205e-07
      vertex 167.85 69.0474 5.72205e-07
    endloop
  endfacet
  facet normal 0 0 -1
    outer loop
      vertex 170.5 65 5.72205e-07
      vertex 167.585 68.9375 5.72205e-07
      vertex 167.721 68.9837 5.72205e-07
    endloop
  endfacet
  facet normal 0 0 -1
    outer loop
      vertex 169.5 64 5.72205e-07
      vertex 167.444 68.9094 5.72205e-07
      vertex 167.585 68.9375 5.72205e-07
    endloop
  endfacet
  facet normal 0 0 -1
    outer loop
      vertex 169.5 64 5.72205e-07
      vertex 167.3 68.9 5.72205e-07
      vertex 167.444 68.9094 5.72205e-07
    endloop
  endfacet
  facet normal 0 0 -1
    outer loop
      vertex 169.5 64 5.72205e-07
      vertex 167.156 68.9094 5.72205e-07
      vertex 167.3 68.9 5.72205e-07
    endloop
  endfacet
  facet normal 0 0 -1
    outer loop
      vertex 164.5 64 5.72205e-07
      vertex 167.156 68.9094 5.72205e-07
      vertex 169.5 64 5.72205e-07
    endloop
  endfacet
  facet normal -0 0 -1
    outer loop
      vertex 167.156 68.9094 5.72205e-07
      vertex 164.5 64 5.72205e-07
      vertex 167.015 68.9375 5.72205e-07
    endloop
  endfacet
  facet normal -0 0 -1
    outer loop
      vertex 167.015 68.9375 5.72205e-07
      vertex 164.5 64 5.72205e-07
      vertex 166.879 68.9837 5.72205e-07
    endloop
  endfacet
  facet normal -0 0 -1
    outer loop
      vertex 166.879 68.9837 5.72205e-07
      vertex 164.5 64 5.72205e-07
      vertex 166.75 69.0474 5.72205e-07
    endloop
  endfacet
  facet normal -0 0 -1
    outer loop
      vertex 166.75 69.0474 5.72205e-07
      vertex 164.5 64 5.72205e-07
      vertex 166.63 69.1273 5.72205e-07
    endloop
  endfacet
  facet normal -0 0 -1
    outer loop
      vertex 166.63 69.1273 5.72205e-07
      vertex 164.5 64 5.72205e-07
      vertex 166.522 69.2222 5.72205e-07
    endloop
  endfacet
  facet normal -0 0 -1
    outer loop
      vertex 166.522 69.2222 5.72205e-07
      vertex 164.5 64 5.72205e-07
      vertex 166.427 69.3304 5.72205e-07
    endloop
  endfacet
  facet normal -0 0 -1
    outer loop
      vertex 166.209 69.8564 5.72205e-07
      vertex 164.5 64 5.72205e-07
      vertex 166.2 70 5.72205e-07
    endloop
  endfacet
  facet normal -0 0 -1
    outer loop
      vertex 166.237 69.7153 5.72205e-07
      vertex 164.5 64 5.72205e-07
      vertex 166.209 69.8564 5.72205e-07
    endloop
  endfacet
  facet normal -0 0 -1
    outer loop
      vertex 166.284 69.579 5.72205e-07
      vertex 164.5 64 5.72205e-07
      vertex 166.237 69.7153 5.72205e-07
    endloop
  endfacet
  facet normal -0 0 -1
    outer loop
      vertex 166.347 69.45 5.72205e-07
      vertex 164.5 64 5.72205e-07
      vertex 166.284 69.579 5.72205e-07
    endloop
  endfacet
  facet normal -0 0 -1
    outer loop
      vertex 166.427 69.3304 5.72205e-07
      vertex 164.5 64 5.72205e-07
      vertex 166.347 69.45 5.72205e-07
    endloop
  endfacet
  facet normal 0 0 -1
    outer loop
      vertex 170.466 75.2588 5.72205e-07
      vertex 169.5 76 5.72205e-07
      vertex 170.424 75.3827 5.72205e-07
    endloop
  endfacet
  facet normal 0 0 -1
    outer loop
      vertex 170.424 75.3827 5.72205e-07
      vertex 169.5 76 5.72205e-07
      vertex 170.366 75.5 5.72205e-07
    endloop
  endfacet
  facet normal 0 0 -1
    outer loop
      vertex 170.366 75.5 5.72205e-07
      vertex 169.5 76 5.72205e-07
      vertex 170.293 75.6088 5.72205e-07
    endloop
  endfacet
  facet normal 0 0 -1
    outer loop
      vertex 170.207 75.7071 5.72205e-07
      vertex 169.5 76 5.72205e-07
      vertex 170.109 75.7934 5.72205e-07
    endloop
  endfacet
  facet normal 0 0 -1
    outer loop
      vertex 170.109 75.7934 5.72205e-07
      vertex 169.5 76 5.72205e-07
      vertex 170 75.866 5.72205e-07
    endloop
  endfacet
  facet normal 0 0 -1
    outer loop
      vertex 170 75.866 5.72205e-07
      vertex 169.5 76 5.72205e-07
      vertex 169.883 75.9239 5.72205e-07
    endloop
  endfacet
  facet normal 0 0 -1
    outer loop
      vertex 169.883 75.9239 5.72205e-07
      vertex 169.5 76 5.72205e-07
      vertex 169.759 75.9659 5.72205e-07
    endloop
  endfacet
  facet normal 0 0 -1
    outer loop
      vertex 169.759 75.9659 5.72205e-07
      vertex 169.5 76 5.72205e-07
      vertex 169.631 75.9914 5.72205e-07
    endloop
  endfacet
  facet normal 0 0 -1
    outer loop
      vertex 170.293 75.6088 5.72205e-07
      vertex 169.5 76 5.72205e-07
      vertex 170.207 75.7071 5.72205e-07
    endloop
  endfacet
  facet normal 0 0 -1
    outer loop
      vertex 170.491 75.1305 5.72205e-07
      vertex 169.5 76 5.72205e-07
      vertex 170.466 75.2588 5.72205e-07
    endloop
  endfacet
  facet normal 0 0 -1
    outer loop
      vertex 167.444 71.0906 5.72205e-07
      vertex 169.5 76 5.72205e-07
      vertex 167.585 71.0625 5.72205e-07
    endloop
  endfacet
  facet normal 0 0 -1
    outer loop
      vertex 167.3 71.1 5.72205e-07
      vertex 169.5 76 5.72205e-07
      vertex 167.444 71.0906 5.72205e-07
    endloop
  endfacet
  facet normal 0 0 -1
    outer loop
      vertex 167.156 71.0906 5.72205e-07
      vertex 169.5 76 5.72205e-07
      vertex 167.3 71.1 5.72205e-07
    endloop
  endfacet
  facet normal 0 0 -1
    outer loop
      vertex 164.5 76 5.72205e-07
      vertex 167.156 71.0906 5.72205e-07
      vertex 167.015 71.0625 5.72205e-07
    endloop
  endfacet
  facet normal 0 0 -1
    outer loop
      vertex 164.5 76 5.72205e-07
      vertex 167.015 71.0625 5.72205e-07
      vertex 166.879 71.0163 5.72205e-07
    endloop
  endfacet
  facet normal 0 0 -1
    outer loop
      vertex 164.5 76 5.72205e-07
      vertex 166.879 71.0163 5.72205e-07
      vertex 166.75 70.9526 5.72205e-07
    endloop
  endfacet
  facet normal 0 0 -1
    outer loop
      vertex 164.5 76 5.72205e-07
      vertex 166.75 70.9526 5.72205e-07
      vertex 166.63 70.8727 5.72205e-07
    endloop
  endfacet
  facet normal 0 0 -1
    outer loop
      vertex 164.5 76 5.72205e-07
      vertex 166.63 70.8727 5.72205e-07
      vertex 166.522 70.7778 5.72205e-07
    endloop
  endfacet
  facet normal 0 0 -1
    outer loop
      vertex 164.5 76 5.72205e-07
      vertex 166.522 70.7778 5.72205e-07
      vertex 166.427 70.6696 5.72205e-07
    endloop
  endfacet
  facet normal 0 0 -1
    outer loop
      vertex 164.5 76 5.72205e-07
      vertex 166.427 70.6696 5.72205e-07
      vertex 166.347 70.55 5.72205e-07
    endloop
  endfacet
  facet normal 0 0 -1
    outer loop
      vertex 164.5 76 5.72205e-07
      vertex 166.2 70 5.72205e-07
      vertex 164.5 64 5.72205e-07
    endloop
  endfacet
  facet normal 0 0 -1
    outer loop
      vertex 166.2 70 5.72205e-07
      vertex 164.5 76 5.72205e-07
      vertex 166.209 70.1436 5.72205e-07
    endloop
  endfacet
  facet normal 0 0 -1
    outer loop
      vertex 167.156 71.0906 5.72205e-07
      vertex 164.5 76 5.72205e-07
      vertex 169.5 76 5.72205e-07
    endloop
  endfacet
  facet normal 0 0 -1
    outer loop
      vertex 166.284 70.421 5.72205e-07
      vertex 164.5 76 5.72205e-07
      vertex 166.347 70.55 5.72205e-07
    endloop
  endfacet
  facet normal 0 0 -1
    outer loop
      vertex 166.237 70.2847 5.72205e-07
      vertex 164.5 76 5.72205e-07
      vertex 166.284 70.421 5.72205e-07
    endloop
  endfacet
  facet normal 0 0 -1
    outer loop
      vertex 166.209 70.1436 5.72205e-07
      vertex 164.5 76 5.72205e-07
      vertex 166.237 70.2847 5.72205e-07
    endloop
  endfacet
  facet normal -0 0 1
    outer loop
      vertex 159.7 28.2 2.4
      vertex 164.5 28 2.4
      vertex 164.5 28.2 2.4
    endloop
  endfacet
  facet normal 0 0 1
    outer loop
      vertex 164.5 28 2.4
      vertex 159.5 28 2.4
      vertex 164.5 16 2.4
    endloop
  endfacet
  facet normal 0 0 1
    outer loop
      vertex 164.5 28 2.4
      vertex 159.7 28.2 2.4
      vertex 159.5 28 2.4
    endloop
  endfacet
  facet normal 0 0 1
    outer loop
      vertex 159.5 16 2.4
      vertex 164.5 16 2.4
      vertex 159.5 28 2.4
    endloop
  endfacet
  facet normal 0 0 1
    outer loop
      vertex 159.5 28 2.4
      vertex 159.7 28.2 2.4
      vertex 159.674 28.1983 2.4
    endloop
  endfacet
  facet normal 0 -0 1
    outer loop
      vertex 159.7 15.8 2.4
      vertex 164.5 16 2.4
      vertex 159.5 16 2.4
    endloop
  endfacet
  facet normal 0 0 1
    outer loop
      vertex 159.5 28 2.4
      vertex 159.674 28.1983 2.4
      vertex 159.648 28.1932 2.4
    endloop
  endfacet
  facet normal 0 0 1
    outer loop
      vertex 164.5 16 2.4
      vertex 159.7 15.8 2.4
      vertex 164.5 15.8 2.4
    endloop
  endfacet
  facet normal 0 0 1
    outer loop
      vertex 159.5 28 2.4
      vertex 159.648 28.1932 2.4
      vertex 159.623 28.1848 2.4
    endloop
  endfacet
  facet normal 0 0 1
    outer loop
      vertex 159.7 15.8 2.4
      vertex 159.5 16 2.4
      vertex 159.674 15.8017 2.4
    endloop
  endfacet
  facet normal 0 0 1
    outer loop
      vertex 159.5 28 2.4
      vertex 159.623 28.1848 2.4
      vertex 159.6 28.1732 2.4
    endloop
  endfacet
  facet normal 0 0 1
    outer loop
      vertex 159.674 15.8017 2.4
      vertex 159.5 16 2.4
      vertex 159.648 15.8068 2.4
    endloop
  endfacet
  facet normal 0 0 1
    outer loop
      vertex 159.5 28 2.4
      vertex 159.6 28.1732 2.4
      vertex 159.578 28.1587 2.4
    endloop
  endfacet
  facet normal 0 0 1
    outer loop
      vertex 159.648 15.8068 2.4
      vertex 159.5 16 2.4
      vertex 159.623 15.8152 2.4
    endloop
  endfacet
  facet normal 0 0 1
    outer loop
      vertex 159.5 28 2.4
      vertex 159.578 28.1587 2.4
      vertex 159.559 28.1414 2.4
    endloop
  endfacet
  facet normal 0 0 1
    outer loop
      vertex 159.623 15.8152 2.4
      vertex 159.5 16 2.4
      vertex 159.6 15.8268 2.4
    endloop
  endfacet
  facet normal 0 0 1
    outer loop
      vertex 159.5 28 2.4
      vertex 159.559 28.1414 2.4
      vertex 159.541 28.1217 2.4
    endloop
  endfacet
  facet normal 0 0 1
    outer loop
      vertex 159.6 15.8268 2.4
      vertex 159.5 16 2.4
      vertex 159.578 15.8413 2.4
    endloop
  endfacet
  facet normal 0 0 1
    outer loop
      vertex 159.5 28 2.4
      vertex 159.541 28.1217 2.4
      vertex 159.527 28.1 2.4
    endloop
  endfacet
  facet normal 0 0 1
    outer loop
      vertex 159.578 15.8413 2.4
      vertex 159.5 16 2.4
      vertex 159.559 15.8586 2.4
    endloop
  endfacet
  facet normal 0 0 1
    outer loop
      vertex 159.5 28 2.4
      vertex 159.527 28.1 2.4
      vertex 159.515 28.0765 2.4
    endloop
  endfacet
  facet normal 0 0 1
    outer loop
      vertex 159.559 15.8586 2.4
      vertex 159.5 16 2.4
      vertex 159.541 15.8783 2.4
    endloop
  endfacet
  facet normal 0 0 1
    outer loop
      vertex 159.5 28 2.4
      vertex 159.515 28.0765 2.4
      vertex 159.507 28.0518 2.4
    endloop
  endfacet
  facet normal 0 0 1
    outer loop
      vertex 159.541 15.8783 2.4
      vertex 159.5 16 2.4
      vertex 159.527 15.9 2.4
    endloop
  endfacet
  facet normal 0 0 1
    outer loop
      vertex 159.5 28 2.4
      vertex 159.507 28.0518 2.4
      vertex 159.502 28.0261 2.4
    endloop
  endfacet
  facet normal 0 0 1
    outer loop
      vertex 159.527 15.9 2.4
      vertex 159.5 16 2.4
      vertex 159.515 15.9235 2.4
    endloop
  endfacet
  facet normal 0 0 1
    outer loop
      vertex 159.515 15.9235 2.4
      vertex 159.5 16 2.4
      vertex 159.507 15.9482 2.4
    endloop
  endfacet
  facet normal 0 0 1
    outer loop
      vertex 159.507 15.9482 2.4
      vertex 159.5 16 2.4
      vertex 159.502 15.9739 2.4
    endloop
  endfacet
  facet normal 0 0 1
    outer loop
      vertex 169.5 28 2.4
      vertex 170.5 27 2.4
      vertex 170.491 27.1305 2.4
    endloop
  endfacet
  facet normal 0 0 1
    outer loop
      vertex 170.5 27 2.4
      vertex 168.4 22 2.4
      vertex 170.5 17 2.4
    endloop
  endfacet
  facet normal 0 0 1
    outer loop
      vertex 169.5 28 2.4
      vertex 170.491 27.1305 2.4
      vertex 170.466 27.2588 2.4
    endloop
  endfacet
  facet normal -0 0 1
    outer loop
      vertex 168.391 21.8564 2.4
      vertex 170.5 17 2.4
      vertex 168.4 22 2.4
    endloop
  endfacet
  facet normal 0 0 1
    outer loop
      vertex 169.5 28 2.4
      vertex 170.466 27.2588 2.4
      vertex 170.424 27.3827 2.4
    endloop
  endfacet
  facet normal -0 0 1
    outer loop
      vertex 168.363 21.7153 2.4
      vertex 170.5 17 2.4
      vertex 168.391 21.8564 2.4
    endloop
  endfacet
  facet normal 0 0 1
    outer loop
      vertex 169.5 28 2.4
      vertex 170.424 27.3827 2.4
      vertex 170.366 27.5 2.4
    endloop
  endfacet
  facet normal -0 0 1
    outer loop
      vertex 168.316 21.579 2.4
      vertex 170.5 17 2.4
      vertex 168.363 21.7153 2.4
    endloop
  endfacet
  facet normal 0 0 1
    outer loop
      vertex 169.5 28 2.4
      vertex 170.366 27.5 2.4
      vertex 170.293 27.6088 2.4
    endloop
  endfacet
  facet normal -0 0 1
    outer loop
      vertex 168.253 21.45 2.4
      vertex 170.5 17 2.4
      vertex 168.316 21.579 2.4
    endloop
  endfacet
  facet normal 0 0 1
    outer loop
      vertex 169.5 28 2.4
      vertex 170.293 27.6088 2.4
      vertex 170.207 27.7071 2.4
    endloop
  endfacet
  facet normal -0 0 1
    outer loop
      vertex 168.173 21.3304 2.4
      vertex 170.5 17 2.4
      vertex 168.253 21.45 2.4
    endloop
  endfacet
  facet normal 0 0 1
    outer loop
      vertex 169.5 28 2.4
      vertex 170.207 27.7071 2.4
      vertex 170.109 27.7934 2.4
    endloop
  endfacet
  facet normal -0 0 1
    outer loop
      vertex 168.078 21.2222 2.4
      vertex 170.5 17 2.4
      vertex 168.173 21.3304 2.4
    endloop
  endfacet
  facet normal 0 0 1
    outer loop
      vertex 169.5 28 2.4
      vertex 170.109 27.7934 2.4
      vertex 170 27.866 2.4
    endloop
  endfacet
  facet normal -0 0 1
    outer loop
      vertex 167.97 21.1273 2.4
      vertex 170.5 17 2.4
      vertex 168.078 21.2222 2.4
    endloop
  endfacet
  facet normal 0 0 1
    outer loop
      vertex 169.5 28 2.4
      vertex 170 27.866 2.4
      vertex 169.883 27.9239 2.4
    endloop
  endfacet
  facet normal -0 0 1
    outer loop
      vertex 167.85 21.0474 2.4
      vertex 170.5 17 2.4
      vertex 167.97 21.1273 2.4
    endloop
  endfacet
  facet normal 0 0 1
    outer loop
      vertex 169.5 28 2.4
      vertex 169.883 27.9239 2.4
      vertex 169.759 27.9659 2.4
    endloop
  endfacet
  facet normal -0 0 1
    outer loop
      vertex 167.721 20.9837 2.4
      vertex 170.5 17 2.4
      vertex 167.85 21.0474 2.4
    endloop
  endfacet
  facet normal 0 0 1
    outer loop
      vertex 169.5 28 2.4
      vertex 169.759 27.9659 2.4
      vertex 169.631 27.9914 2.4
    endloop
  endfacet
  facet normal -0 0 1
    outer loop
      vertex 167.585 20.9375 2.4
      vertex 170.5 17 2.4
      vertex 167.721 20.9837 2.4
    endloop
  endfacet
  facet normal 0 0 1
    outer loop
      vertex 170.5 27 2.4
      vertex 169.5 28 2.4
      vertex 167.585 23.0625 2.4
    endloop
  endfacet
  facet normal 0 -0 1
    outer loop
      vertex 169.5 16 2.4
      vertex 170.5 17 2.4
      vertex 167.585 20.9375 2.4
    endloop
  endfacet
  facet normal 0 0 1
    outer loop
      vertex 170.5 17 2.4
      vertex 169.5 16 2.4
      vertex 170.491 16.8695 2.4
    endloop
  endfacet
  facet normal 0 0 1
    outer loop
      vertex 170.5 27 2.4
      vertex 168.391 22.1436 2.4
      vertex 168.4 22 2.4
    endloop
  endfacet
  facet normal 0 0 1
    outer loop
      vertex 170.5 27 2.4
      vertex 168.363 22.2847 2.4
      vertex 168.391 22.1436 2.4
    endloop
  endfacet
  facet normal 0 0 1
    outer loop
      vertex 170.5 27 2.4
      vertex 168.316 22.421 2.4
      vertex 168.363 22.2847 2.4
    endloop
  endfacet
  facet normal 0 0 1
    outer loop
      vertex 170.5 27 2.4
      vertex 168.253 22.55 2.4
      vertex 168.316 22.421 2.4
    endloop
  endfacet
  facet normal 0 0 1
    outer loop
      vertex 170.5 27 2.4
      vertex 168.173 22.6696 2.4
      vertex 168.253 22.55 2.4
    endloop
  endfacet
  facet normal 0 0 1
    outer loop
      vertex 170.5 27 2.4
      vertex 168.078 22.7778 2.4
      vertex 168.173 22.6696 2.4
    endloop
  endfacet
  facet normal 0 0 1
    outer loop
      vertex 170.5 27 2.4
      vertex 167.97 22.8727 2.4
      vertex 168.078 22.7778 2.4
    endloop
  endfacet
  facet normal 0 0 1
    outer loop
      vertex 170.5 27 2.4
      vertex 167.85 22.9526 2.4
      vertex 167.97 22.8727 2.4
    endloop
  endfacet
  facet normal 0 0 1
    outer loop
      vertex 170.5 27 2.4
      vertex 167.721 23.0163 2.4
      vertex 167.85 22.9526 2.4
    endloop
  endfacet
  facet normal 0 0 1
    outer loop
      vertex 170.5 27 2.4
      vertex 167.585 23.0625 2.4
      vertex 167.721 23.0163 2.4
    endloop
  endfacet
  facet normal 0 0 1
    outer loop
      vertex 169.5 28 2.4
      vertex 167.444 23.0906 2.4
      vertex 167.585 23.0625 2.4
    endloop
  endfacet
  facet normal 0 0 1
    outer loop
      vertex 169.5 28 2.4
      vertex 167.3 23.1 2.4
      vertex 167.444 23.0906 2.4
    endloop
  endfacet
  facet normal 0 0 1
    outer loop
      vertex 169.5 28 2.4
      vertex 167.156 23.0906 2.4
      vertex 167.3 23.1 2.4
    endloop
  endfacet
  facet normal -0 0 1
    outer loop
      vertex 164.5 28 2.4
      vertex 167.156 23.0906 2.4
      vertex 169.5 28 2.4
    endloop
  endfacet
  facet normal 0 0 1
    outer loop
      vertex 167.156 23.0906 2.4
      vertex 164.5 28 2.4
      vertex 167.015 23.0625 2.4
    endloop
  endfacet
  facet normal 0 0 1
    outer loop
      vertex 167.015 23.0625 2.4
      vertex 164.5 28 2.4
      vertex 166.879 23.0163 2.4
    endloop
  endfacet
  facet normal 0 0 1
    outer loop
      vertex 166.879 23.0163 2.4
      vertex 164.5 28 2.4
      vertex 166.75 22.9526 2.4
    endloop
  endfacet
  facet normal 0 0 1
    outer loop
      vertex 166.75 22.9526 2.4
      vertex 164.5 28 2.4
      vertex 166.63 22.8727 2.4
    endloop
  endfacet
  facet normal 0 0 1
    outer loop
      vertex 166.63 22.8727 2.4
      vertex 164.5 28 2.4
      vertex 166.522 22.7778 2.4
    endloop
  endfacet
  facet normal 0 0 1
    outer loop
      vertex 166.522 22.7778 2.4
      vertex 164.5 28 2.4
      vertex 166.427 22.6696 2.4
    endloop
  endfacet
  facet normal 0 0 1
    outer loop
      vertex 166.209 22.1436 2.4
      vertex 164.5 28 2.4
      vertex 166.2 22 2.4
    endloop
  endfacet
  facet normal 0 0 1
    outer loop
      vertex 166.237 22.2847 2.4
      vertex 164.5 28 2.4
      vertex 166.209 22.1436 2.4
    endloop
  endfacet
  facet normal 0 0 1
    outer loop
      vertex 166.284 22.421 2.4
      vertex 164.5 28 2.4
      vertex 166.237 22.2847 2.4
    endloop
  endfacet
  facet normal 0 0 1
    outer loop
      vertex 166.347 22.55 2.4
      vertex 164.5 28 2.4
      vertex 166.284 22.421 2.4
    endloop
  endfacet
  facet normal 0 0 1
    outer loop
      vertex 166.427 22.6696 2.4
      vertex 164.5 28 2.4
      vertex 166.347 22.55 2.4
    endloop
  endfacet
  facet normal 0 0 1
    outer loop
      vertex 170.466 16.7412 2.4
      vertex 169.5 16 2.4
      vertex 170.424 16.6173 2.4
    endloop
  endfacet
  facet normal 0 0 1
    outer loop
      vertex 170.424 16.6173 2.4
      vertex 169.5 16 2.4
      vertex 170.366 16.5 2.4
    endloop
  endfacet
  facet normal 0 0 1
    outer loop
      vertex 170.366 16.5 2.4
      vertex 169.5 16 2.4
      vertex 170.293 16.3912 2.4
    endloop
  endfacet
  facet normal 0 0 1
    outer loop
      vertex 170.207 16.2929 2.4
      vertex 169.5 16 2.4
      vertex 170.109 16.2066 2.4
    endloop
  endfacet
  facet normal 0 0 1
    outer loop
      vertex 170.109 16.2066 2.4
      vertex 169.5 16 2.4
      vertex 170 16.134 2.4
    endloop
  endfacet
  facet normal 0 0 1
    outer loop
      vertex 170 16.134 2.4
      vertex 169.5 16 2.4
      vertex 169.883 16.0761 2.4
    endloop
  endfacet
  facet normal 0 0 1
    outer loop
      vertex 169.883 16.0761 2.4
      vertex 169.5 16 2.4
      vertex 169.759 16.0341 2.4
    endloop
  endfacet
  facet normal 0 0 1
    outer loop
      vertex 169.759 16.0341 2.4
      vertex 169.5 16 2.4
      vertex 169.631 16.0086 2.4
    endloop
  endfacet
  facet normal 0 0 1
    outer loop
      vertex 170.293 16.3912 2.4
      vertex 169.5 16 2.4
      vertex 170.207 16.2929 2.4
    endloop
  endfacet
  facet normal 0 0 1
    outer loop
      vertex 170.491 16.8695 2.4
      vertex 169.5 16 2.4
      vertex 170.466 16.7412 2.4
    endloop
  endfacet
  facet normal -0 0 1
    outer loop
      vertex 167.444 20.9094 2.4
      vertex 169.5 16 2.4
      vertex 167.585 20.9375 2.4
    endloop
  endfacet
  facet normal -0 0 1
    outer loop
      vertex 167.3 20.9 2.4
      vertex 169.5 16 2.4
      vertex 167.444 20.9094 2.4
    endloop
  endfacet
  facet normal 0 0 1
    outer loop
      vertex 167.156 20.9094 2.4
      vertex 169.5 16 2.4
      vertex 167.3 20.9 2.4
    endloop
  endfacet
  facet normal 0 0 1
    outer loop
      vertex 164.5 16 2.4
      vertex 167.156 20.9094 2.4
      vertex 167.015 20.9375 2.4
    endloop
  endfacet
  facet normal 0 0 1
    outer loop
      vertex 164.5 16 2.4
      vertex 167.015 20.9375 2.4
      vertex 166.879 20.9837 2.4
    endloop
  endfacet
  facet normal 0 0 1
    outer loop
      vertex 164.5 16 2.4
      vertex 166.879 20.9837 2.4
      vertex 166.75 21.0474 2.4
    endloop
  endfacet
  facet normal 0 0 1
    outer loop
      vertex 164.5 16 2.4
      vertex 166.75 21.0474 2.4
      vertex 166.63 21.1273 2.4
    endloop
  endfacet
  facet normal 0 0 1
    outer loop
      vertex 164.5 16 2.4
      vertex 166.63 21.1273 2.4
      vertex 166.522 21.2222 2.4
    endloop
  endfacet
  facet normal 0 0 1
    outer loop
      vertex 164.5 16 2.4
      vertex 166.522 21.2222 2.4
      vertex 166.427 21.3304 2.4
    endloop
  endfacet
  facet normal 0 0 1
    outer loop
      vertex 164.5 16 2.4
      vertex 166.427 21.3304 2.4
      vertex 166.347 21.45 2.4
    endloop
  endfacet
  facet normal 0 0 1
    outer loop
      vertex 164.5 16 2.4
      vertex 166.2 22 2.4
      vertex 164.5 28 2.4
    endloop
  endfacet
  facet normal 0 0 1
    outer loop
      vertex 166.2 22 2.4
      vertex 164.5 16 2.4
      vertex 166.209 21.8564 2.4
    endloop
  endfacet
  facet normal 0 0 1
    outer loop
      vertex 167.156 20.9094 2.4
      vertex 164.5 16 2.4
      vertex 169.5 16 2.4
    endloop
  endfacet
  facet normal 0 0 1
    outer loop
      vertex 166.284 21.579 2.4
      vertex 164.5 16 2.4
      vertex 166.347 21.45 2.4
    endloop
  endfacet
  facet normal 0 0 1
    outer loop
      vertex 166.237 21.7153 2.4
      vertex 164.5 16 2.4
      vertex 166.284 21.579 2.4
    endloop
  endfacet
  facet normal 0 0 1
    outer loop
      vertex 166.209 21.8564 2.4
      vertex 164.5 16 2.4
      vertex 166.237 21.7153 2.4
    endloop
  endfacet
  facet normal -0 0 1
    outer loop
      vertex 159.7 76.2 2.4
      vertex 164.5 76 2.4
      vertex 164.5 76.2 2.4
    endloop
  endfacet
  facet normal 0 0 1
    outer loop
      vertex 164.5 76 2.4
      vertex 159.5 76 2.4
      vertex 164.5 64 2.4
    endloop
  endfacet
  facet normal 0 0 1
    outer loop
      vertex 164.5 76 2.4
      vertex 159.7 76.2 2.4
      vertex 159.5 76 2.4
    endloop
  endfacet
  facet normal 0 0 1
    outer loop
      vertex 159.5 64 2.4
      vertex 164.5 64 2.4
      vertex 159.5 76 2.4
    endloop
  endfacet
  facet normal 0 0 1
    outer loop
      vertex 159.5 76 2.4
      vertex 159.7 76.2 2.4
      vertex 159.674 76.1983 2.4
    endloop
  endfacet
  facet normal 0 -0 1
    outer loop
      vertex 159.7 63.8 2.4
      vertex 164.5 64 2.4
      vertex 159.5 64 2.4
    endloop
  endfacet
  facet normal 0 0 1
    outer loop
      vertex 159.5 76 2.4
      vertex 159.674 76.1983 2.4
      vertex 159.648 76.1932 2.4
    endloop
  endfacet
  facet normal 0 0 1
    outer loop
      vertex 164.5 64 2.4
      vertex 159.7 63.8 2.4
      vertex 164.5 63.8 2.4
    endloop
  endfacet
  facet normal 0 0 1
    outer loop
      vertex 159.5 76 2.4
      vertex 159.648 76.1932 2.4
      vertex 159.623 76.1848 2.4
    endloop
  endfacet
  facet normal 0 0 1
    outer loop
      vertex 159.7 63.8 2.4
      vertex 159.5 64 2.4
      vertex 159.674 63.8017 2.4
    endloop
  endfacet
  facet normal 0 0 1
    outer loop
      vertex 159.5 76 2.4
      vertex 159.623 76.1848 2.4
      vertex 159.6 76.1732 2.4
    endloop
  endfacet
  facet normal 0 0 1
    outer loop
      vertex 159.674 63.8017 2.4
      vertex 159.5 64 2.4
      vertex 159.648 63.8068 2.4
    endloop
  endfacet
  facet normal 0 0 1
    outer loop
      vertex 159.5 76 2.4
      vertex 159.6 76.1732 2.4
      vertex 159.578 76.1587 2.4
    endloop
  endfacet
  facet normal 0 0 1
    outer loop
      vertex 159.648 63.8068 2.4
      vertex 159.5 64 2.4
      vertex 159.623 63.8152 2.4
    endloop
  endfacet
  facet normal 0 0 1
    outer loop
      vertex 159.5 76 2.4
      vertex 159.578 76.1587 2.4
      vertex 159.559 76.1414 2.4
    endloop
  endfacet
  facet normal 0 0 1
    outer loop
      vertex 159.623 63.8152 2.4
      vertex 159.5 64 2.4
      vertex 159.6 63.8268 2.4
    endloop
  endfacet
  facet normal 0 0 1
    outer loop
      vertex 159.5 76 2.4
      vertex 159.559 76.1414 2.4
      vertex 159.541 76.1217 2.4
    endloop
  endfacet
  facet normal 0 0 1
    outer loop
      vertex 159.6 63.8268 2.4
      vertex 159.5 64 2.4
      vertex 159.578 63.8413 2.4
    endloop
  endfacet
  facet normal 0 0 1
    outer loop
      vertex 159.5 76 2.4
      vertex 159.541 76.1217 2.4
      vertex 159.527 76.1 2.4
    endloop
  endfacet
  facet normal 0 0 1
    outer loop
      vertex 159.578 63.8413 2.4
      vertex 159.5 64 2.4
      vertex 159.559 63.8586 2.4
    endloop
  endfacet
  facet normal 0 0 1
    outer loop
      vertex 159.5 76 2.4
      vertex 159.527 76.1 2.4
      vertex 159.515 76.0765 2.4
    endloop
  endfacet
  facet normal 0 0 1
    outer loop
      vertex 159.559 63.8586 2.4
      vertex 159.5 64 2.4
      vertex 159.541 63.8783 2.4
    endloop
  endfacet
  facet normal 0 0 1
    outer loop
      vertex 159.5 76 2.4
      vertex 159.515 76.0765 2.4
      vertex 159.507 76.0518 2.4
    endloop
  endfacet
  facet normal 0 0 1
    outer loop
      vertex 159.541 63.8783 2.4
      vertex 159.5 64 2.4
      vertex 159.527 63.9 2.4
    endloop
  endfacet
  facet normal 0 0 1
    outer loop
      vertex 159.5 76 2.4
      vertex 159.507 76.0518 2.4
      vertex 159.502 76.0261 2.4
    endloop
  endfacet
  facet normal 0 0 1
    outer loop
      vertex 159.527 63.9 2.4
      vertex 159.5 64 2.4
      vertex 159.515 63.9235 2.4
    endloop
  endfacet
  facet normal 0 0 1
    outer loop
      vertex 159.515 63.9235 2.4
      vertex 159.5 64 2.4
      vertex 159.507 63.9482 2.4
    endloop
  endfacet
  facet normal 0 0 1
    outer loop
      vertex 159.507 63.9482 2.4
      vertex 159.5 64 2.4
      vertex 159.502 63.9739 2.4
    endloop
  endfacet
  facet normal 0 0 1
    outer loop
      vertex 169.5 76 2.4
      vertex 170.5 75 2.4
      vertex 170.491 75.1305 2.4
    endloop
  endfacet
  facet normal 0 0 1
    outer loop
      vertex 170.5 75 2.4
      vertex 168.4 70 2.4
      vertex 170.5 65 2.4
    endloop
  endfacet
  facet normal 0 0 1
    outer loop
      vertex 169.5 76 2.4
      vertex 170.491 75.1305 2.4
      vertex 170.466 75.2588 2.4
    endloop
  endfacet
  facet normal -0 0 1
    outer loop
      vertex 168.391 69.8564 2.4
      vertex 170.5 65 2.4
      vertex 168.4 70 2.4
    endloop
  endfacet
  facet normal 0 0 1
    outer loop
      vertex 169.5 76 2.4
      vertex 170.466 75.2588 2.4
      vertex 170.424 75.3827 2.4
    endloop
  endfacet
  facet normal -0 0 1
    outer loop
      vertex 168.363 69.7153 2.4
      vertex 170.5 65 2.4
      vertex 168.391 69.8564 2.4
    endloop
  endfacet
  facet normal 0 0 1
    outer loop
      vertex 169.5 76 2.4
      vertex 170.424 75.3827 2.4
      vertex 170.366 75.5 2.4
    endloop
  endfacet
  facet normal -0 0 1
    outer loop
      vertex 168.316 69.579 2.4
      vertex 170.5 65 2.4
      vertex 168.363 69.7153 2.4
    endloop
  endfacet
  facet normal 0 0 1
    outer loop
      vertex 169.5 76 2.4
      vertex 170.366 75.5 2.4
      vertex 170.293 75.6088 2.4
    endloop
  endfacet
  facet normal -0 0 1
    outer loop
      vertex 168.253 69.45 2.4
      vertex 170.5 65 2.4
      vertex 168.316 69.579 2.4
    endloop
  endfacet
  facet normal 0 0 1
    outer loop
      vertex 169.5 76 2.4
      vertex 170.293 75.6088 2.4
      vertex 170.207 75.7071 2.4
    endloop
  endfacet
  facet normal -0 0 1
    outer loop
      vertex 168.173 69.3304 2.4
      vertex 170.5 65 2.4
      vertex 168.253 69.45 2.4
    endloop
  endfacet
  facet normal 0 0 1
    outer loop
      vertex 169.5 76 2.4
      vertex 170.207 75.7071 2.4
      vertex 170.109 75.7934 2.4
    endloop
  endfacet
  facet normal -0 0 1
    outer loop
      vertex 168.078 69.2222 2.4
      vertex 170.5 65 2.4
      vertex 168.173 69.3304 2.4
    endloop
  endfacet
  facet normal 0 0 1
    outer loop
      vertex 169.5 76 2.4
      vertex 170.109 75.7934 2.4
      vertex 170 75.866 2.4
    endloop
  endfacet
  facet normal -0 0 1
    outer loop
      vertex 167.97 69.1273 2.4
      vertex 170.5 65 2.4
      vertex 168.078 69.2222 2.4
    endloop
  endfacet
  facet normal 0 0 1
    outer loop
      vertex 169.5 76 2.4
      vertex 170 75.866 2.4
      vertex 169.883 75.9239 2.4
    endloop
  endfacet
  facet normal -0 0 1
    outer loop
      vertex 167.85 69.0474 2.4
      vertex 170.5 65 2.4
      vertex 167.97 69.1273 2.4
    endloop
  endfacet
  facet normal 0 0 1
    outer loop
      vertex 169.5 76 2.4
      vertex 169.883 75.9239 2.4
      vertex 169.759 75.9659 2.4
    endloop
  endfacet
  facet normal -0 0 1
    outer loop
      vertex 167.721 68.9837 2.4
      vertex 170.5 65 2.4
      vertex 167.85 69.0474 2.4
    endloop
  endfacet
  facet normal 0 0 1
    outer loop
      vertex 169.5 76 2.4
      vertex 169.759 75.9659 2.4
      vertex 169.631 75.9914 2.4
    endloop
  endfacet
  facet normal -0 0 1
    outer loop
      vertex 167.585 68.9375 2.4
      vertex 170.5 65 2.4
      vertex 167.721 68.9837 2.4
    endloop
  endfacet
  facet normal 0 0 1
    outer loop
      vertex 170.5 75 2.4
      vertex 169.5 76 2.4
      vertex 167.585 71.0625 2.4
    endloop
  endfacet
  facet normal 0 -0 1
    outer loop
      vertex 169.5 64 2.4
      vertex 170.5 65 2.4
      vertex 167.585 68.9375 2.4
    endloop
  endfacet
  facet normal 0 0 1
    outer loop
      vertex 170.5 65 2.4
      vertex 169.5 64 2.4
      vertex 170.491 64.8695 2.4
    endloop
  endfacet
  facet normal 0 0 1
    outer loop
      vertex 170.5 75 2.4
      vertex 168.391 70.1436 2.4
      vertex 168.4 70 2.4
    endloop
  endfacet
  facet normal 0 0 1
    outer loop
      vertex 170.5 75 2.4
      vertex 168.363 70.2847 2.4
      vertex 168.391 70.1436 2.4
    endloop
  endfacet
  facet normal 0 0 1
    outer loop
      vertex 170.5 75 2.4
      vertex 168.316 70.421 2.4
      vertex 168.363 70.2847 2.4
    endloop
  endfacet
  facet normal 0 0 1
    outer loop
      vertex 170.5 75 2.4
      vertex 168.253 70.55 2.4
      vertex 168.316 70.421 2.4
    endloop
  endfacet
  facet normal 0 0 1
    outer loop
      vertex 170.5 75 2.4
      vertex 168.173 70.6696 2.4
      vertex 168.253 70.55 2.4
    endloop
  endfacet
  facet normal 0 0 1
    outer loop
      vertex 170.5 75 2.4
      vertex 168.078 70.7778 2.4
      vertex 168.173 70.6696 2.4
    endloop
  endfacet
  facet normal 0 0 1
    outer loop
      vertex 170.5 75 2.4
      vertex 167.97 70.8727 2.4
      vertex 168.078 70.7778 2.4
    endloop
  endfacet
  facet normal 0 0 1
    outer loop
      vertex 170.5 75 2.4
      vertex 167.85 70.9526 2.4
      vertex 167.97 70.8727 2.4
    endloop
  endfacet
  facet normal 0 0 1
    outer loop
      vertex 170.5 75 2.4
      vertex 167.721 71.0163 2.4
      vertex 167.85 70.9526 2.4
    endloop
  endfacet
  facet normal 0 0 1
    outer loop
      vertex 170.5 75 2.4
      vertex 167.585 71.0625 2.4
      vertex 167.721 71.0163 2.4
    endloop
  endfacet
  facet normal 0 0 1
    outer loop
      vertex 169.5 76 2.4
      vertex 167.444 71.0906 2.4
      vertex 167.585 71.0625 2.4
    endloop
  endfacet
  facet normal 0 0 1
    outer loop
      vertex 169.5 76 2.4
      vertex 167.3 71.1 2.4
      vertex 167.444 71.0906 2.4
    endloop
  endfacet
  facet normal 0 0 1
    outer loop
      vertex 169.5 76 2.4
      vertex 167.156 71.0906 2.4
      vertex 167.3 71.1 2.4
    endloop
  endfacet
  facet normal -0 0 1
    outer loop
      vertex 164.5 76 2.4
      vertex 167.156 71.0906 2.4
      vertex 169.5 76 2.4
    endloop
  endfacet
  facet normal 0 0 1
    outer loop
      vertex 167.156 71.0906 2.4
      vertex 164.5 76 2.4
      vertex 167.015 71.0625 2.4
    endloop
  endfacet
  facet normal 0 0 1
    outer loop
      vertex 167.015 71.0625 2.4
      vertex 164.5 76 2.4
      vertex 166.879 71.0163 2.4
    endloop
  endfacet
  facet normal 0 0 1
    outer loop
      vertex 166.879 71.0163 2.4
      vertex 164.5 76 2.4
      vertex 166.75 70.9526 2.4
    endloop
  endfacet
  facet normal 0 0 1
    outer loop
      vertex 166.75 70.9526 2.4
      vertex 164.5 76 2.4
      vertex 166.63 70.8727 2.4
    endloop
  endfacet
  facet normal 0 0 1
    outer loop
      vertex 166.63 70.8727 2.4
      vertex 164.5 76 2.4
      vertex 166.522 70.7778 2.4
    endloop
  endfacet
  facet normal 0 0 1
    outer loop
      vertex 166.522 70.7778 2.4
      vertex 164.5 76 2.4
      vertex 166.427 70.6696 2.4
    endloop
  endfacet
  facet normal 0 0 1
    outer loop
      vertex 166.209 70.1436 2.4
      vertex 164.5 76 2.4
      vertex 166.2 70 2.4
    endloop
  endfacet
  facet normal 0 0 1
    outer loop
      vertex 166.237 70.2847 2.4
      vertex 164.5 76 2.4
      vertex 166.209 70.1436 2.4
    endloop
  endfacet
  facet normal 0 0 1
    outer loop
      vertex 166.284 70.421 2.4
      vertex 164.5 76 2.4
      vertex 166.237 70.2847 2.4
    endloop
  endfacet
  facet normal 0 0 1
    outer loop
      vertex 166.347 70.55 2.4
      vertex 164.5 76 2.4
      vertex 166.284 70.421 2.4
    endloop
  endfacet
  facet normal 0 0 1
    outer loop
      vertex 166.427 70.6696 2.4
      vertex 164.5 76 2.4
      vertex 166.347 70.55 2.4
    endloop
  endfacet
  facet normal 0 0 1
    outer loop
      vertex 170.466 64.7412 2.4
      vertex 169.5 64 2.4
      vertex 170.424 64.6173 2.4
    endloop
  endfacet
  facet normal 0 0 1
    outer loop
      vertex 170.424 64.6173 2.4
      vertex 169.5 64 2.4
      vertex 170.366 64.5 2.4
    endloop
  endfacet
  facet normal 0 0 1
    outer loop
      vertex 170.366 64.5 2.4
      vertex 169.5 64 2.4
      vertex 170.293 64.3912 2.4
    endloop
  endfacet
  facet normal 0 0 1
    outer loop
      vertex 170.207 64.2929 2.4
      vertex 169.5 64 2.4
      vertex 170.109 64.2066 2.4
    endloop
  endfacet
  facet normal 0 0 1
    outer loop
      vertex 170.109 64.2066 2.4
      vertex 169.5 64 2.4
      vertex 170 64.134 2.4
    endloop
  endfacet
  facet normal 0 0 1
    outer loop
      vertex 170 64.134 2.4
      vertex 169.5 64 2.4
      vertex 169.883 64.0761 2.4
    endloop
  endfacet
  facet normal 0 0 1
    outer loop
      vertex 169.883 64.0761 2.4
      vertex 169.5 64 2.4
      vertex 169.759 64.0341 2.4
    endloop
  endfacet
  facet normal 0 0 1
    outer loop
      vertex 169.759 64.0341 2.4
      vertex 169.5 64 2.4
      vertex 169.631 64.0086 2.4
    endloop
  endfacet
  facet normal 0 0 1
    outer loop
      vertex 170.293 64.3912 2.4
      vertex 169.5 64 2.4
      vertex 170.207 64.2929 2.4
    endloop
  endfacet
  facet normal 0 0 1
    outer loop
      vertex 170.491 64.8695 2.4
      vertex 169.5 64 2.4
      vertex 170.466 64.7412 2.4
    endloop
  endfacet
  facet normal -0 0 1
    outer loop
      vertex 167.444 68.9094 2.4
      vertex 169.5 64 2.4
      vertex 167.585 68.9375 2.4
    endloop
  endfacet
  facet normal -0 0 1
    outer loop
      vertex 167.3 68.9 2.4
      vertex 169.5 64 2.4
      vertex 167.444 68.9094 2.4
    endloop
  endfacet
  facet normal 0 0 1
    outer loop
      vertex 167.156 68.9094 2.4
      vertex 169.5 64 2.4
      vertex 167.3 68.9 2.4
    endloop
  endfacet
  facet normal 0 0 1
    outer loop
      vertex 164.5 64 2.4
      vertex 167.156 68.9094 2.4
      vertex 167.015 68.9375 2.4
    endloop
  endfacet
  facet normal 0 0 1
    outer loop
      vertex 164.5 64 2.4
      vertex 167.015 68.9375 2.4
      vertex 166.879 68.9837 2.4
    endloop
  endfacet
  facet normal 0 0 1
    outer loop
      vertex 164.5 64 2.4
      vertex 166.879 68.9837 2.4
      vertex 166.75 69.0474 2.4
    endloop
  endfacet
  facet normal 0 0 1
    outer loop
      vertex 164.5 64 2.4
      vertex 166.75 69.0474 2.4
      vertex 166.63 69.1273 2.4
    endloop
  endfacet
  facet normal 0 0 1
    outer loop
      vertex 164.5 64 2.4
      vertex 166.63 69.1273 2.4
      vertex 166.522 69.2222 2.4
    endloop
  endfacet
  facet normal 0 0 1
    outer loop
      vertex 164.5 64 2.4
      vertex 166.522 69.2222 2.4
      vertex 166.427 69.3304 2.4
    endloop
  endfacet
  facet normal 0 0 1
    outer loop
      vertex 164.5 64 2.4
      vertex 166.427 69.3304 2.4
      vertex 166.347 69.45 2.4
    endloop
  endfacet
  facet normal 0 0 1
    outer loop
      vertex 164.5 64 2.4
      vertex 166.2 70 2.4
      vertex 164.5 76 2.4
    endloop
  endfacet
  facet normal 0 0 1
    outer loop
      vertex 166.2 70 2.4
      vertex 164.5 64 2.4
      vertex 166.209 69.8564 2.4
    endloop
  endfacet
  facet normal 0 0 1
    outer loop
      vertex 167.156 68.9094 2.4
      vertex 164.5 64 2.4
      vertex 169.5 64 2.4
    endloop
  endfacet
  facet normal 0 0 1
    outer loop
      vertex 166.284 69.579 2.4
      vertex 164.5 64 2.4
      vertex 166.347 69.45 2.4
    endloop
  endfacet
  facet normal 0 0 1
    outer loop
      vertex 166.237 69.7153 2.4
      vertex 164.5 64 2.4
      vertex 166.284 69.579 2.4
    endloop
  endfacet
  facet normal 0 0 1
    outer loop
      vertex 166.209 69.8564 2.4
      vertex 164.5 64 2.4
      vertex 166.237 69.7153 2.4
    endloop
  endfacet
  facet normal -0 0 1
    outer loop
      vertex -1.70941 69.8564 2.4
      vertex 4.99998 64 2.4
      vertex -1.7 70 2.4
    endloop
  endfacet
  facet normal 0 0 1
    outer loop
      vertex 4.99998 76 2.4
      vertex -1.70941 70.1436 2.4
      vertex -1.7 70 2.4
    endloop
  endfacet
  facet normal 0 0 1
    outer loop
      vertex 4.99998 76 2.4
      vertex -1.73748 70.2847 2.4
      vertex -1.70941 70.1436 2.4
    endloop
  endfacet
  facet normal 0 0 1
    outer loop
      vertex 4.99998 76 2.4
      vertex -1.78373 70.421 2.4
      vertex -1.73748 70.2847 2.4
    endloop
  endfacet
  facet normal 0 0 1
    outer loop
      vertex 0 76 2.4
      vertex -1.84737 70.55 2.4
      vertex -1.78373 70.421 2.4
    endloop
  endfacet
  facet normal 0 0 1
    outer loop
      vertex 0 76 2.4
      vertex -1.92731 70.6696 2.4
      vertex -1.84737 70.55 2.4
    endloop
  endfacet
  facet normal 0 0 1
    outer loop
      vertex 0 76 2.4
      vertex -2.02218 70.7778 2.4
      vertex -1.92731 70.6696 2.4
    endloop
  endfacet
  facet normal 0 0 1
    outer loop
      vertex 0 76 2.4
      vertex -2.13036 70.8727 2.4
      vertex -2.02218 70.7778 2.4
    endloop
  endfacet
  facet normal 0 0 1
    outer loop
      vertex 0 76 2.4
      vertex -2.25 70.9526 2.4
      vertex -2.13036 70.8727 2.4
    endloop
  endfacet
  facet normal 0 0 1
    outer loop
      vertex 0 76 2.4
      vertex -2.37905 71.0163 2.4
      vertex -2.25 70.9526 2.4
    endloop
  endfacet
  facet normal 0 0 1
    outer loop
      vertex 0 76 2.4
      vertex -2.5153 71.0625 2.4
      vertex -2.37905 71.0163 2.4
    endloop
  endfacet
  facet normal 0 0 1
    outer loop
      vertex 0 76 2.4
      vertex -2.65642 71.0906 2.4
      vertex -2.5153 71.0625 2.4
    endloop
  endfacet
  facet normal 0 0 1
    outer loop
      vertex 0 76 2.4
      vertex -2.8 71.1 2.4
      vertex -2.65642 71.0906 2.4
    endloop
  endfacet
  facet normal -0 0 1
    outer loop
      vertex -5 76 2.4
      vertex -2.8 71.1 2.4
      vertex 0 76 2.4
    endloop
  endfacet
  facet normal 0 0 1
    outer loop
      vertex -2.8 71.1 2.4
      vertex -5 76 2.4
      vertex -2.94358 71.0906 2.4
    endloop
  endfacet
  facet normal 0 0 1
    outer loop
      vertex -2.94358 71.0906 2.4
      vertex -5 76 2.4
      vertex -3.0847 71.0625 2.4
    endloop
  endfacet
  facet normal -0 0 1
    outer loop
      vertex -6 75 2.4
      vertex -3.0847 71.0625 2.4
      vertex -5 76 2.4
    endloop
  endfacet
  facet normal 0 0 1
    outer loop
      vertex -3.0847 71.0625 2.4
      vertex -6 75 2.4
      vertex -3.22095 71.0163 2.4
    endloop
  endfacet
  facet normal 0 0 1
    outer loop
      vertex -3.22095 71.0163 2.4
      vertex -6 75 2.4
      vertex -3.35 70.9526 2.4
    endloop
  endfacet
  facet normal 0 0 1
    outer loop
      vertex -3.35 70.9526 2.4
      vertex -6 75 2.4
      vertex -3.46964 70.8727 2.4
    endloop
  endfacet
  facet normal 0 0 1
    outer loop
      vertex -3.86252 70.2847 2.4
      vertex -6 75 2.4
      vertex -3.89059 70.1436 2.4
    endloop
  endfacet
  facet normal 0 0 1
    outer loop
      vertex -3.81627 70.421 2.4
      vertex -6 75 2.4
      vertex -3.86252 70.2847 2.4
    endloop
  endfacet
  facet normal 0 0 1
    outer loop
      vertex -3.75263 70.55 2.4
      vertex -6 75 2.4
      vertex -3.81627 70.421 2.4
    endloop
  endfacet
  facet normal 0 0 1
    outer loop
      vertex -3.67269 70.6696 2.4
      vertex -6 75 2.4
      vertex -3.75263 70.55 2.4
    endloop
  endfacet
  facet normal 0 0 1
    outer loop
      vertex -3.57782 70.7778 2.4
      vertex -6 75 2.4
      vertex -3.67269 70.6696 2.4
    endloop
  endfacet
  facet normal 0 0 1
    outer loop
      vertex -3.46964 70.8727 2.4
      vertex -6 75 2.4
      vertex -3.57782 70.7778 2.4
    endloop
  endfacet
  facet normal 0 0 1
    outer loop
      vertex 4.79999 76.2 2.4
      vertex 4.99998 76 2.4
      vertex 4.99828 76.0261 2.4
    endloop
  endfacet
  facet normal 0 0 1
    outer loop
      vertex -1.78373 70.421 2.4
      vertex 4.99998 76 2.4
      vertex 0 76 2.4
    endloop
  endfacet
  facet normal 0 0 1
    outer loop
      vertex 4.79999 76.2 2.4
      vertex 4.99828 76.0261 2.4
      vertex 4.99318 76.0518 2.4
    endloop
  endfacet
  facet normal 0 0 1
    outer loop
      vertex 4.99998 76 2.4
      vertex -1.7 70 2.4
      vertex 4.99998 64 2.4
    endloop
  endfacet
  facet normal 0 0 1
    outer loop
      vertex 4.79999 76.2 2.4
      vertex 4.99318 76.0518 2.4
      vertex 4.98476 76.0765 2.4
    endloop
  endfacet
  facet normal 0 -0 1
    outer loop
      vertex 4.79999 63.8 2.4
      vertex 4.99998 64 2.4
      vertex 0 64 2.4
    endloop
  endfacet
  facet normal 0 0 1
    outer loop
      vertex 4.79999 76.2 2.4
      vertex 4.98476 76.0765 2.4
      vertex 4.97319 76.1 2.4
    endloop
  endfacet
  facet normal 0 0 1
    outer loop
      vertex 4.99998 64 2.4
      vertex 4.79999 63.8 2.4
      vertex 4.99828 63.9739 2.4
    endloop
  endfacet
  facet normal 0 0 1
    outer loop
      vertex 4.79999 76.2 2.4
      vertex 4.97319 76.1 2.4
      vertex 4.95866 76.1217 2.4
    endloop
  endfacet
  facet normal 0 0 1
    outer loop
      vertex 4.99828 63.9739 2.4
      vertex 4.79999 63.8 2.4
      vertex 4.99318 63.9482 2.4
    endloop
  endfacet
  facet normal 0 0 1
    outer loop
      vertex 4.79999 76.2 2.4
      vertex 4.95866 76.1217 2.4
      vertex 4.94141 76.1414 2.4
    endloop
  endfacet
  facet normal 0 0 1
    outer loop
      vertex 4.99318 63.9482 2.4
      vertex 4.79999 63.8 2.4
      vertex 4.98476 63.9235 2.4
    endloop
  endfacet
  facet normal 0 0 1
    outer loop
      vertex 4.79999 76.2 2.4
      vertex 4.94141 76.1414 2.4
      vertex 4.92174 76.1587 2.4
    endloop
  endfacet
  facet normal 0 0 1
    outer loop
      vertex 4.99998 76 2.4
      vertex 4.79999 76.2 2.4
      vertex 0 76 2.4
    endloop
  endfacet
  facet normal 0 0 1
    outer loop
      vertex 4.79999 76.2 2.4
      vertex 4.92174 76.1587 2.4
      vertex 4.89999 76.1732 2.4
    endloop
  endfacet
  facet normal 0 0 1
    outer loop
      vertex 4.98476 63.9235 2.4
      vertex 4.79999 63.8 2.4
      vertex 4.97319 63.9 2.4
    endloop
  endfacet
  facet normal 0 0 1
    outer loop
      vertex 4.79999 76.2 2.4
      vertex 4.89999 76.1732 2.4
      vertex 4.87653 76.1848 2.4
    endloop
  endfacet
  facet normal 0 0 1
    outer loop
      vertex 4.94141 63.8586 2.4
      vertex 4.79999 63.8 2.4
      vertex 4.92174 63.8413 2.4
    endloop
  endfacet
  facet normal 0 0 1
    outer loop
      vertex 4.79999 76.2 2.4
      vertex 4.87653 76.1848 2.4
      vertex 4.85175 76.1932 2.4
    endloop
  endfacet
  facet normal 0 0 1
    outer loop
      vertex 4.92174 63.8413 2.4
      vertex 4.79999 63.8 2.4
      vertex 4.89999 63.8268 2.4
    endloop
  endfacet
  facet normal 0 0 1
    outer loop
      vertex 4.79999 76.2 2.4
      vertex 4.85175 76.1932 2.4
      vertex 4.8261 76.1983 2.4
    endloop
  endfacet
  facet normal 0 0 1
    outer loop
      vertex 4.89999 63.8268 2.4
      vertex 4.79999 63.8 2.4
      vertex 4.87653 63.8152 2.4
    endloop
  endfacet
  facet normal 0 0 1
    outer loop
      vertex 4.87653 63.8152 2.4
      vertex 4.79999 63.8 2.4
      vertex 4.85175 63.8068 2.4
    endloop
  endfacet
  facet normal 0 0 1
    outer loop
      vertex 4.85175 63.8068 2.4
      vertex 4.79999 63.8 2.4
      vertex 4.8261 63.8017 2.4
    endloop
  endfacet
  facet normal 0 0 1
    outer loop
      vertex 0 76 2.4
      vertex 4.79999 76.2 2.4
      vertex 0 76.2 2.4
    endloop
  endfacet
  facet normal 0 0 1
    outer loop
      vertex 4.97319 63.9 2.4
      vertex 4.79999 63.8 2.4
      vertex 4.95866 63.8783 2.4
    endloop
  endfacet
  facet normal 0 0 1
    outer loop
      vertex 4.95866 63.8783 2.4
      vertex 4.79999 63.8 2.4
      vertex 4.94141 63.8586 2.4
    endloop
  endfacet
  facet normal 0 0 1
    outer loop
      vertex 4.79999 63.8 2.4
      vertex 0 64 2.4
      vertex 0 63.8 2.4
    endloop
  endfacet
  facet normal -0 0 1
    outer loop
      vertex -1.73748 69.7153 2.4
      vertex 4.99998 64 2.4
      vertex -1.70941 69.8564 2.4
    endloop
  endfacet
  facet normal -0 0 1
    outer loop
      vertex -1.78373 69.579 2.4
      vertex 4.99998 64 2.4
      vertex -1.73748 69.7153 2.4
    endloop
  endfacet
  facet normal 0 0 1
    outer loop
      vertex 4.99998 64 2.4
      vertex -1.78373 69.579 2.4
      vertex 0 64 2.4
    endloop
  endfacet
  facet normal -0 0 1
    outer loop
      vertex -1.84737 69.45 2.4
      vertex 0 64 2.4
      vertex -1.78373 69.579 2.4
    endloop
  endfacet
  facet normal -0 0 1
    outer loop
      vertex -1.92731 69.3304 2.4
      vertex 0 64 2.4
      vertex -1.84737 69.45 2.4
    endloop
  endfacet
  facet normal -0 0 1
    outer loop
      vertex -2.02218 69.2222 2.4
      vertex 0 64 2.4
      vertex -1.92731 69.3304 2.4
    endloop
  endfacet
  facet normal -0 0 1
    outer loop
      vertex -2.13036 69.1273 2.4
      vertex 0 64 2.4
      vertex -2.02218 69.2222 2.4
    endloop
  endfacet
  facet normal -0 0 1
    outer loop
      vertex -2.25 69.0474 2.4
      vertex 0 64 2.4
      vertex -2.13036 69.1273 2.4
    endloop
  endfacet
  facet normal -0 0 1
    outer loop
      vertex -2.37905 68.9837 2.4
      vertex 0 64 2.4
      vertex -2.25 69.0474 2.4
    endloop
  endfacet
  facet normal -0 0 1
    outer loop
      vertex -2.5153 68.9375 2.4
      vertex 0 64 2.4
      vertex -2.37905 68.9837 2.4
    endloop
  endfacet
  facet normal -0 0 1
    outer loop
      vertex -2.65642 68.9094 2.4
      vertex 0 64 2.4
      vertex -2.5153 68.9375 2.4
    endloop
  endfacet
  facet normal -0 0 1
    outer loop
      vertex -2.8 68.9 2.4
      vertex 0 64 2.4
      vertex -2.65642 68.9094 2.4
    endloop
  endfacet
  facet normal 0 0 1
    outer loop
      vertex -5 64 2.4
      vertex -2.8 68.9 2.4
      vertex -2.94358 68.9094 2.4
    endloop
  endfacet
  facet normal 0 0 1
    outer loop
      vertex -5 64 2.4
      vertex -2.94358 68.9094 2.4
      vertex -3.0847 68.9375 2.4
    endloop
  endfacet
  facet normal 0 0 1
    outer loop
      vertex -6 65 2.4
      vertex -3.0847 68.9375 2.4
      vertex -3.22095 68.9837 2.4
    endloop
  endfacet
  facet normal 0 0 1
    outer loop
      vertex -6 65 2.4
      vertex -3.22095 68.9837 2.4
      vertex -3.35 69.0474 2.4
    endloop
  endfacet
  facet normal 0 0 1
    outer loop
      vertex -6 65 2.4
      vertex -3.35 69.0474 2.4
      vertex -3.46964 69.1273 2.4
    endloop
  endfacet
  facet normal 0 0 1
    outer loop
      vertex -6 65 2.4
      vertex -3.46964 69.1273 2.4
      vertex -3.57782 69.2222 2.4
    endloop
  endfacet
  facet normal 0 0 1
    outer loop
      vertex -6 65 2.4
      vertex -3.57782 69.2222 2.4
      vertex -3.67269 69.3304 2.4
    endloop
  endfacet
  facet normal 0 0 1
    outer loop
      vertex -3.89059 70.1436 2.4
      vertex -6 75 2.4
      vertex -3.9 70 2.4
    endloop
  endfacet
  facet normal 0 0 1
    outer loop
      vertex -2.8 68.9 2.4
      vertex -5 64 2.4
      vertex 0 64 2.4
    endloop
  endfacet
  facet normal 0 0 1
    outer loop
      vertex -6 65 2.4
      vertex -3.67269 69.3304 2.4
      vertex -3.75263 69.45 2.4
    endloop
  endfacet
  facet normal 0 0 1
    outer loop
      vertex -6 65 2.4
      vertex -3.75263 69.45 2.4
      vertex -3.81627 69.579 2.4
    endloop
  endfacet
  facet normal 0 0 1
    outer loop
      vertex -6 65 2.4
      vertex -3.81627 69.579 2.4
      vertex -3.86252 69.7153 2.4
    endloop
  endfacet
  facet normal 0 0 1
    outer loop
      vertex -6 65 2.4
      vertex -3.86252 69.7153 2.4
      vertex -3.89059 69.8564 2.4
    endloop
  endfacet
  facet normal 0 0 1
    outer loop
      vertex -6 65 2.4
      vertex -3.9 70 2.4
      vertex -6 75 2.4
    endloop
  endfacet
  facet normal 0 0 1
    outer loop
      vertex -6 75 2.4
      vertex -5 76 2.4
      vertex -5.13052 75.9914 2.4
    endloop
  endfacet
  facet normal 0 0 1
    outer loop
      vertex -3.9 70 2.4
      vertex -6 65 2.4
      vertex -3.89059 69.8564 2.4
    endloop
  endfacet
  facet normal 0 0 1
    outer loop
      vertex -6 75 2.4
      vertex -5.13052 75.9914 2.4
      vertex -5.25882 75.9659 2.4
    endloop
  endfacet
  facet normal 0 0 1
    outer loop
      vertex -3.0847 68.9375 2.4
      vertex -6 65 2.4
      vertex -5 64 2.4
    endloop
  endfacet
  facet normal 0 0 1
    outer loop
      vertex -6 75 2.4
      vertex -5.25882 75.9659 2.4
      vertex -5.38269 75.9239 2.4
    endloop
  endfacet
  facet normal 0 0 1
    outer loop
      vertex -5 64 2.4
      vertex -6 65 2.4
      vertex -5.13052 64.0086 2.4
    endloop
  endfacet
  facet normal 0 0 1
    outer loop
      vertex -6 75 2.4
      vertex -5.38269 75.9239 2.4
      vertex -5.5 75.866 2.4
    endloop
  endfacet
  facet normal 0 0 1
    outer loop
      vertex -5.13052 64.0086 2.4
      vertex -6 65 2.4
      vertex -5.25882 64.0341 2.4
    endloop
  endfacet
  facet normal 0 0 1
    outer loop
      vertex -6 75 2.4
      vertex -5.5 75.866 2.4
      vertex -5.60876 75.7934 2.4
    endloop
  endfacet
  facet normal 0 0 1
    outer loop
      vertex -5.25882 64.0341 2.4
      vertex -6 65 2.4
      vertex -5.38269 64.0761 2.4
    endloop
  endfacet
  facet normal 0 0 1
    outer loop
      vertex -6 75 2.4
      vertex -5.60876 75.7934 2.4
      vertex -5.70711 75.7071 2.4
    endloop
  endfacet
  facet normal 0 0 1
    outer loop
      vertex -5.38269 64.0761 2.4
      vertex -6 65 2.4
      vertex -5.5 64.134 2.4
    endloop
  endfacet
  facet normal 0 0 1
    outer loop
      vertex -6 75 2.4
      vertex -5.70711 75.7071 2.4
      vertex -5.79335 75.6088 2.4
    endloop
  endfacet
  facet normal 0 0 1
    outer loop
      vertex -5.5 64.134 2.4
      vertex -6 65 2.4
      vertex -5.60876 64.2066 2.4
    endloop
  endfacet
  facet normal 0 0 1
    outer loop
      vertex -6 75 2.4
      vertex -5.79335 75.6088 2.4
      vertex -5.86603 75.5 2.4
    endloop
  endfacet
  facet normal 0 0 1
    outer loop
      vertex -5.60876 64.2066 2.4
      vertex -6 65 2.4
      vertex -5.70711 64.2929 2.4
    endloop
  endfacet
  facet normal 0 0 1
    outer loop
      vertex -6 75 2.4
      vertex -5.86603 75.5 2.4
      vertex -5.92387 75.3827 2.4
    endloop
  endfacet
  facet normal 0 0 1
    outer loop
      vertex -5.70711 64.2929 2.4
      vertex -6 65 2.4
      vertex -5.79335 64.3912 2.4
    endloop
  endfacet
  facet normal 0 0 1
    outer loop
      vertex -6 75 2.4
      vertex -5.92387 75.3827 2.4
      vertex -5.96593 75.2588 2.4
    endloop
  endfacet
  facet normal 0 0 1
    outer loop
      vertex -5.79335 64.3912 2.4
      vertex -6 65 2.4
      vertex -5.86603 64.5 2.4
    endloop
  endfacet
  facet normal 0 0 1
    outer loop
      vertex -6 75 2.4
      vertex -5.96593 75.2588 2.4
      vertex -5.99144 75.1305 2.4
    endloop
  endfacet
  facet normal 0 0 1
    outer loop
      vertex -5.86603 64.5 2.4
      vertex -6 65 2.4
      vertex -5.92387 64.6173 2.4
    endloop
  endfacet
  facet normal 0 0 1
    outer loop
      vertex -5.92387 64.6173 2.4
      vertex -6 65 2.4
      vertex -5.96593 64.7412 2.4
    endloop
  endfacet
  facet normal 0 0 1
    outer loop
      vertex -5.96593 64.7412 2.4
      vertex -6 65 2.4
      vertex -5.99144 64.8695 2.4
    endloop
  endfacet
  facet normal -0 0 1
    outer loop
      vertex -1.70941 21.8564 2.4
      vertex 4.99998 16 2.4
      vertex -1.7 22 2.4
    endloop
  endfacet
  facet normal 0 0 1
    outer loop
      vertex 4.99998 28 2.4
      vertex -1.70941 22.1436 2.4
      vertex -1.7 22 2.4
    endloop
  endfacet
  facet normal 0 0 1
    outer loop
      vertex 4.99998 28 2.4
      vertex -1.73748 22.2847 2.4
      vertex -1.70941 22.1436 2.4
    endloop
  endfacet
  facet normal 0 0 1
    outer loop
      vertex 4.99998 28 2.4
      vertex -1.78373 22.421 2.4
      vertex -1.73748 22.2847 2.4
    endloop
  endfacet
  facet normal 0 0 1
    outer loop
      vertex 0 28 2.4
      vertex -1.84737 22.55 2.4
      vertex -1.78373 22.421 2.4
    endloop
  endfacet
  facet normal 0 0 1
    outer loop
      vertex 0 28 2.4
      vertex -1.92731 22.6696 2.4
      vertex -1.84737 22.55 2.4
    endloop
  endfacet
  facet normal 0 0 1
    outer loop
      vertex 0 28 2.4
      vertex -2.02218 22.7778 2.4
      vertex -1.92731 22.6696 2.4
    endloop
  endfacet
  facet normal 0 0 1
    outer loop
      vertex 0 28 2.4
      vertex -2.13036 22.8727 2.4
      vertex -2.02218 22.7778 2.4
    endloop
  endfacet
  facet normal 0 0 1
    outer loop
      vertex 0 28 2.4
      vertex -2.25 22.9526 2.4
      vertex -2.13036 22.8727 2.4
    endloop
  endfacet
  facet normal 0 0 1
    outer loop
      vertex 0 28 2.4
      vertex -2.37905 23.0163 2.4
      vertex -2.25 22.9526 2.4
    endloop
  endfacet
  facet normal 0 0 1
    outer loop
      vertex 0 28 2.4
      vertex -2.5153 23.0625 2.4
      vertex -2.37905 23.0163 2.4
    endloop
  endfacet
  facet normal 0 0 1
    outer loop
      vertex 0 28 2.4
      vertex -2.65642 23.0906 2.4
      vertex -2.5153 23.0625 2.4
    endloop
  endfacet
  facet normal 0 0 1
    outer loop
      vertex 0 28 2.4
      vertex -2.8 23.1 2.4
      vertex -2.65642 23.0906 2.4
    endloop
  endfacet
  facet normal -0 0 1
    outer loop
      vertex -5 28 2.4
      vertex -2.8 23.1 2.4
      vertex 0 28 2.4
    endloop
  endfacet
  facet normal 0 0 1
    outer loop
      vertex -2.8 23.1 2.4
      vertex -5 28 2.4
      vertex -2.94358 23.0906 2.4
    endloop
  endfacet
  facet normal 0 0 1
    outer loop
      vertex -2.94358 23.0906 2.4
      vertex -5 28 2.4
      vertex -3.0847 23.0625 2.4
    endloop
  endfacet
  facet normal -0 0 1
    outer loop
      vertex -6 27 2.4
      vertex -3.0847 23.0625 2.4
      vertex -5 28 2.4
    endloop
  endfacet
  facet normal 0 0 1
    outer loop
      vertex -3.0847 23.0625 2.4
      vertex -6 27 2.4
      vertex -3.22095 23.0163 2.4
    endloop
  endfacet
  facet normal 0 0 1
    outer loop
      vertex -3.22095 23.0163 2.4
      vertex -6 27 2.4
      vertex -3.35 22.9526 2.4
    endloop
  endfacet
  facet normal 0 0 1
    outer loop
      vertex -3.35 22.9526 2.4
      vertex -6 27 2.4
      vertex -3.46964 22.8727 2.4
    endloop
  endfacet
  facet normal 0 0 1
    outer loop
      vertex -3.86252 22.2847 2.4
      vertex -6 27 2.4
      vertex -3.89059 22.1436 2.4
    endloop
  endfacet
  facet normal 0 0 1
    outer loop
      vertex -3.81627 22.421 2.4
      vertex -6 27 2.4
      vertex -3.86252 22.2847 2.4
    endloop
  endfacet
  facet normal 0 0 1
    outer loop
      vertex -3.75263 22.55 2.4
      vertex -6 27 2.4
      vertex -3.81627 22.421 2.4
    endloop
  endfacet
  facet normal 0 0 1
    outer loop
      vertex -3.67269 22.6696 2.4
      vertex -6 27 2.4
      vertex -3.75263 22.55 2.4
    endloop
  endfacet
  facet normal 0 0 1
    outer loop
      vertex -3.57782 22.7778 2.4
      vertex -6 27 2.4
      vertex -3.67269 22.6696 2.4
    endloop
  endfacet
  facet normal 0 0 1
    outer loop
      vertex -3.46964 22.8727 2.4
      vertex -6 27 2.4
      vertex -3.57782 22.7778 2.4
    endloop
  endfacet
  facet normal 0 0 1
    outer loop
      vertex 4.79999 28.2 2.4
      vertex 4.99998 28 2.4
      vertex 4.99828 28.0261 2.4
    endloop
  endfacet
  facet normal 0 0 1
    outer loop
      vertex -1.78373 22.421 2.4
      vertex 4.99998 28 2.4
      vertex 0 28 2.4
    endloop
  endfacet
  facet normal 0 0 1
    outer loop
      vertex 4.79999 28.2 2.4
      vertex 4.99828 28.0261 2.4
      vertex 4.99318 28.0518 2.4
    endloop
  endfacet
  facet normal 0 0 1
    outer loop
      vertex 4.99998 28 2.4
      vertex -1.7 22 2.4
      vertex 4.99998 16 2.4
    endloop
  endfacet
  facet normal 0 0 1
    outer loop
      vertex 4.79999 28.2 2.4
      vertex 4.99318 28.0518 2.4
      vertex 4.98476 28.0765 2.4
    endloop
  endfacet
  facet normal 0 -0 1
    outer loop
      vertex 4.79999 15.8 2.4
      vertex 4.99998 16 2.4
      vertex 0 16 2.4
    endloop
  endfacet
  facet normal 0 0 1
    outer loop
      vertex 4.79999 28.2 2.4
      vertex 4.98476 28.0765 2.4
      vertex 4.97319 28.1 2.4
    endloop
  endfacet
  facet normal 0 0 1
    outer loop
      vertex 4.99998 16 2.4
      vertex 4.79999 15.8 2.4
      vertex 4.99828 15.9739 2.4
    endloop
  endfacet
  facet normal 0 0 1
    outer loop
      vertex 4.79999 28.2 2.4
      vertex 4.97319 28.1 2.4
      vertex 4.95866 28.1217 2.4
    endloop
  endfacet
  facet normal 0 0 1
    outer loop
      vertex 4.99828 15.9739 2.4
      vertex 4.79999 15.8 2.4
      vertex 4.99318 15.9482 2.4
    endloop
  endfacet
  facet normal 0 0 1
    outer loop
      vertex 4.79999 28.2 2.4
      vertex 4.95866 28.1217 2.4
      vertex 4.94141 28.1414 2.4
    endloop
  endfacet
  facet normal 0 0 1
    outer loop
      vertex 4.99318 15.9482 2.4
      vertex 4.79999 15.8 2.4
      vertex 4.98476 15.9235 2.4
    endloop
  endfacet
  facet normal 0 0 1
    outer loop
      vertex 4.79999 28.2 2.4
      vertex 4.94141 28.1414 2.4
      vertex 4.92174 28.1587 2.4
    endloop
  endfacet
  facet normal 0 0 1
    outer loop
      vertex 4.99998 28 2.4
      vertex 4.79999 28.2 2.4
      vertex 0 28 2.4
    endloop
  endfacet
  facet normal 0 0 1
    outer loop
      vertex 4.79999 28.2 2.4
      vertex 4.92174 28.1587 2.4
      vertex 4.89999 28.1732 2.4
    endloop
  endfacet
  facet normal 0 0 1
    outer loop
      vertex 4.98476 15.9235 2.4
      vertex 4.79999 15.8 2.4
      vertex 4.97319 15.9 2.4
    endloop
  endfacet
  facet normal 0 0 1
    outer loop
      vertex 4.79999 28.2 2.4
      vertex 4.89999 28.1732 2.4
      vertex 4.87653 28.1848 2.4
    endloop
  endfacet
  facet normal 0 0 1
    outer loop
      vertex 4.94141 15.8586 2.4
      vertex 4.79999 15.8 2.4
      vertex 4.92174 15.8413 2.4
    endloop
  endfacet
  facet normal 0 0 1
    outer loop
      vertex 4.79999 28.2 2.4
      vertex 4.87653 28.1848 2.4
      vertex 4.85175 28.1932 2.4
    endloop
  endfacet
  facet normal 0 0 1
    outer loop
      vertex 4.92174 15.8413 2.4
      vertex 4.79999 15.8 2.4
      vertex 4.89999 15.8268 2.4
    endloop
  endfacet
  facet normal 0 0 1
    outer loop
      vertex 4.79999 28.2 2.4
      vertex 4.85175 28.1932 2.4
      vertex 4.8261 28.1983 2.4
    endloop
  endfacet
  facet normal 0 0 1
    outer loop
      vertex 4.89999 15.8268 2.4
      vertex 4.79999 15.8 2.4
      vertex 4.87653 15.8152 2.4
    endloop
  endfacet
  facet normal 0 0 1
    outer loop
      vertex 4.87653 15.8152 2.4
      vertex 4.79999 15.8 2.4
      vertex 4.85175 15.8068 2.4
    endloop
  endfacet
  facet normal 0 0 1
    outer loop
      vertex 4.85175 15.8068 2.4
      vertex 4.79999 15.8 2.4
      vertex 4.8261 15.8017 2.4
    endloop
  endfacet
  facet normal 0 0 1
    outer loop
      vertex 0 28 2.4
      vertex 4.79999 28.2 2.4
      vertex 0 28.2 2.4
    endloop
  endfacet
  facet normal 0 0 1
    outer loop
      vertex 4.97319 15.9 2.4
      vertex 4.79999 15.8 2.4
      vertex 4.95866 15.8783 2.4
    endloop
  endfacet
  facet normal 0 0 1
    outer loop
      vertex 4.95866 15.8783 2.4
      vertex 4.79999 15.8 2.4
      vertex 4.94141 15.8586 2.4
    endloop
  endfacet
  facet normal 0 0 1
    outer loop
      vertex 4.79999 15.8 2.4
      vertex 0 16 2.4
      vertex 0 15.8 2.4
    endloop
  endfacet
  facet normal -0 0 1
    outer loop
      vertex -1.73748 21.7153 2.4
      vertex 4.99998 16 2.4
      vertex -1.70941 21.8564 2.4
    endloop
  endfacet
  facet normal -0 0 1
    outer loop
      vertex -1.78373 21.579 2.4
      vertex 4.99998 16 2.4
      vertex -1.73748 21.7153 2.4
    endloop
  endfacet
  facet normal 0 0 1
    outer loop
      vertex 4.99998 16 2.4
      vertex -1.78373 21.579 2.4
      vertex 0 16 2.4
    endloop
  endfacet
  facet normal -0 0 1
    outer loop
      vertex -1.84737 21.45 2.4
      vertex 0 16 2.4
      vertex -1.78373 21.579 2.4
    endloop
  endfacet
  facet normal -0 0 1
    outer loop
      vertex -1.92731 21.3304 2.4
      vertex 0 16 2.4
      vertex -1.84737 21.45 2.4
    endloop
  endfacet
  facet normal -0 0 1
    outer loop
      vertex -2.02218 21.2222 2.4
      vertex 0 16 2.4
      vertex -1.92731 21.3304 2.4
    endloop
  endfacet
  facet normal -0 0 1
    outer loop
      vertex -2.13036 21.1273 2.4
      vertex 0 16 2.4
      vertex -2.02218 21.2222 2.4
    endloop
  endfacet
  facet normal -0 0 1
    outer loop
      vertex -2.25 21.0474 2.4
      vertex 0 16 2.4
      vertex -2.13036 21.1273 2.4
    endloop
  endfacet
  facet normal -0 0 1
    outer loop
      vertex -2.37905 20.9837 2.4
      vertex 0 16 2.4
      vertex -2.25 21.0474 2.4
    endloop
  endfacet
  facet normal -0 0 1
    outer loop
      vertex -2.5153 20.9375 2.4
      vertex 0 16 2.4
      vertex -2.37905 20.9837 2.4
    endloop
  endfacet
  facet normal -0 0 1
    outer loop
      vertex -2.65642 20.9094 2.4
      vertex 0 16 2.4
      vertex -2.5153 20.9375 2.4
    endloop
  endfacet
  facet normal -0 0 1
    outer loop
      vertex -2.8 20.9 2.4
      vertex 0 16 2.4
      vertex -2.65642 20.9094 2.4
    endloop
  endfacet
  facet normal 0 0 1
    outer loop
      vertex -5 16 2.4
      vertex -2.8 20.9 2.4
      vertex -2.94358 20.9094 2.4
    endloop
  endfacet
  facet normal 0 0 1
    outer loop
      vertex -5 16 2.4
      vertex -2.94358 20.9094 2.4
      vertex -3.0847 20.9375 2.4
    endloop
  endfacet
  facet normal 0 0 1
    outer loop
      vertex -6 17 2.4
      vertex -3.0847 20.9375 2.4
      vertex -3.22095 20.9837 2.4
    endloop
  endfacet
  facet normal 0 0 1
    outer loop
      vertex -6 17 2.4
      vertex -3.22095 20.9837 2.4
      vertex -3.35 21.0474 2.4
    endloop
  endfacet
  facet normal 0 0 1
    outer loop
      vertex -6 17 2.4
      vertex -3.35 21.0474 2.4
      vertex -3.46964 21.1273 2.4
    endloop
  endfacet
  facet normal 0 0 1
    outer loop
      vertex -6 17 2.4
      vertex -3.46964 21.1273 2.4
      vertex -3.57782 21.2222 2.4
    endloop
  endfacet
  facet normal 0 0 1
    outer loop
      vertex -6 17 2.4
      vertex -3.57782 21.2222 2.4
      vertex -3.67269 21.3304 2.4
    endloop
  endfacet
  facet normal 0 0 1
    outer loop
      vertex -3.89059 22.1436 2.4
      vertex -6 27 2.4
      vertex -3.9 22 2.4
    endloop
  endfacet
  facet normal 0 0 1
    outer loop
      vertex -2.8 20.9 2.4
      vertex -5 16 2.4
      vertex 0 16 2.4
    endloop
  endfacet
  facet normal 0 0 1
    outer loop
      vertex -6 17 2.4
      vertex -3.67269 21.3304 2.4
      vertex -3.75263 21.45 2.4
    endloop
  endfacet
  facet normal 0 0 1
    outer loop
      vertex -6 17 2.4
      vertex -3.75263 21.45 2.4
      vertex -3.81627 21.579 2.4
    endloop
  endfacet
  facet normal 0 0 1
    outer loop
      vertex -6 17 2.4
      vertex -3.81627 21.579 2.4
      vertex -3.86252 21.7153 2.4
    endloop
  endfacet
  facet normal 0 0 1
    outer loop
      vertex -6 17 2.4
      vertex -3.86252 21.7153 2.4
      vertex -3.89059 21.8564 2.4
    endloop
  endfacet
  facet normal 0 0 1
    outer loop
      vertex -6 17 2.4
      vertex -3.9 22 2.4
      vertex -6 27 2.4
    endloop
  endfacet
  facet normal 0 0 1
    outer loop
      vertex -6 27 2.4
      vertex -5 28 2.4
      vertex -5.13052 27.9914 2.4
    endloop
  endfacet
  facet normal 0 0 1
    outer loop
      vertex -3.9 22 2.4
      vertex -6 17 2.4
      vertex -3.89059 21.8564 2.4
    endloop
  endfacet
  facet normal 0 0 1
    outer loop
      vertex -6 27 2.4
      vertex -5.13052 27.9914 2.4
      vertex -5.25882 27.9659 2.4
    endloop
  endfacet
  facet normal 0 0 1
    outer loop
      vertex -3.0847 20.9375 2.4
      vertex -6 17 2.4
      vertex -5 16 2.4
    endloop
  endfacet
  facet normal 0 0 1
    outer loop
      vertex -6 27 2.4
      vertex -5.25882 27.9659 2.4
      vertex -5.38269 27.9239 2.4
    endloop
  endfacet
  facet normal 0 0 1
    outer loop
      vertex -5 16 2.4
      vertex -6 17 2.4
      vertex -5.13052 16.0086 2.4
    endloop
  endfacet
  facet normal 0 0 1
    outer loop
      vertex -6 27 2.4
      vertex -5.38269 27.9239 2.4
      vertex -5.5 27.866 2.4
    endloop
  endfacet
  facet normal 0 0 1
    outer loop
      vertex -5.13052 16.0086 2.4
      vertex -6 17 2.4
      vertex -5.25882 16.0341 2.4
    endloop
  endfacet
  facet normal 0 0 1
    outer loop
      vertex -6 27 2.4
      vertex -5.5 27.866 2.4
      vertex -5.60876 27.7934 2.4
    endloop
  endfacet
  facet normal 0 0 1
    outer loop
      vertex -5.25882 16.0341 2.4
      vertex -6 17 2.4
      vertex -5.38269 16.0761 2.4
    endloop
  endfacet
  facet normal 0 0 1
    outer loop
      vertex -6 27 2.4
      vertex -5.60876 27.7934 2.4
      vertex -5.70711 27.7071 2.4
    endloop
  endfacet
  facet normal 0 0 1
    outer loop
      vertex -5.38269 16.0761 2.4
      vertex -6 17 2.4
      vertex -5.5 16.134 2.4
    endloop
  endfacet
  facet normal 0 0 1
    outer loop
      vertex -6 27 2.4
      vertex -5.70711 27.7071 2.4
      vertex -5.79335 27.6088 2.4
    endloop
  endfacet
  facet normal 0 0 1
    outer loop
      vertex -5.5 16.134 2.4
      vertex -6 17 2.4
      vertex -5.60876 16.2066 2.4
    endloop
  endfacet
  facet normal 0 0 1
    outer loop
      vertex -6 27 2.4
      vertex -5.79335 27.6088 2.4
      vertex -5.86603 27.5 2.4
    endloop
  endfacet
  facet normal 0 0 1
    outer loop
      vertex -5.60876 16.2066 2.4
      vertex -6 17 2.4
      vertex -5.70711 16.2929 2.4
    endloop
  endfacet
  facet normal 0 0 1
    outer loop
      vertex -6 27 2.4
      vertex -5.86603 27.5 2.4
      vertex -5.92387 27.3827 2.4
    endloop
  endfacet
  facet normal 0 0 1
    outer loop
      vertex -5.70711 16.2929 2.4
      vertex -6 17 2.4
      vertex -5.79335 16.3912 2.4
    endloop
  endfacet
  facet normal 0 0 1
    outer loop
      vertex -6 27 2.4
      vertex -5.92387 27.3827 2.4
      vertex -5.96593 27.2588 2.4
    endloop
  endfacet
  facet normal 0 0 1
    outer loop
      vertex -5.79335 16.3912 2.4
      vertex -6 17 2.4
      vertex -5.86603 16.5 2.4
    endloop
  endfacet
  facet normal 0 0 1
    outer loop
      vertex -6 27 2.4
      vertex -5.96593 27.2588 2.4
      vertex -5.99144 27.1305 2.4
    endloop
  endfacet
  facet normal 0 0 1
    outer loop
      vertex -5.86603 16.5 2.4
      vertex -6 17 2.4
      vertex -5.92387 16.6173 2.4
    endloop
  endfacet
  facet normal 0 0 1
    outer loop
      vertex -5.92387 16.6173 2.4
      vertex -6 17 2.4
      vertex -5.96593 16.7412 2.4
    endloop
  endfacet
  facet normal 0 0 1
    outer loop
      vertex -5.96593 16.7412 2.4
      vertex -6 17 2.4
      vertex -5.99144 16.8695 2.4
    endloop
  endfacet
  facet normal 0.194795 -0.980844 0
    outer loop
      vertex 162.761 6.01711 5.72205e-07
      vertex 163.018 6.06815 6.3
      vertex 162.761 6.01711 6.3
    endloop
  endfacet
  facet normal 0.194795 -0.980844 0
    outer loop
      vertex 163.018 6.06815 6.3
      vertex 162.761 6.01711 5.72205e-07
      vertex 163.018 6.06815 5.72205e-07
    endloop
  endfacet
  facet normal 0.322281 -0.946644 0
    outer loop
      vertex 163.018 6.06815 5.72205e-07
      vertex 163.265 6.15224 6.3
      vertex 163.018 6.06815 6.3
    endloop
  endfacet
  facet normal 0.322281 -0.946644 0
    outer loop
      vertex 163.265 6.15224 6.3
      vertex 163.018 6.06815 5.72205e-07
      vertex 163.265 6.15224 5.72205e-07
    endloop
  endfacet
  facet normal 0.441708 -0.897159 0
    outer loop
      vertex 163.265 6.15224 5.72205e-07
      vertex 163.5 6.26794 6.3
      vertex 163.265 6.15224 6.3
    endloop
  endfacet
  facet normal 0.441708 -0.897159 0
    outer loop
      vertex 163.5 6.26794 6.3
      vertex 163.265 6.15224 5.72205e-07
      vertex 163.5 6.26794 5.72205e-07
    endloop
  endfacet
  facet normal 0.554771 -0.832003 0
    outer loop
      vertex 163.5 6.26794 5.72205e-07
      vertex 163.718 6.4133 6.3
      vertex 163.5 6.26794 6.3
    endloop
  endfacet
  facet normal 0.554771 -0.832003 0
    outer loop
      vertex 163.718 6.4133 6.3
      vertex 163.5 6.26794 5.72205e-07
      vertex 163.718 6.4133 5.72205e-07
    endloop
  endfacet
  facet normal 0.660628 -0.750714 0
    outer loop
      vertex 163.718 6.4133 5.72205e-07
      vertex 163.914 6.58578 6.3
      vertex 163.718 6.4133 6.3
    endloop
  endfacet
  facet normal 0.660628 -0.750714 0
    outer loop
      vertex 163.914 6.58578 6.3
      vertex 163.718 6.4133 5.72205e-07
      vertex 163.914 6.58578 5.72205e-07
    endloop
  endfacet
  facet normal 0.750879 -0.66044 0
    outer loop
      vertex 163.914 6.58578 6.3
      vertex 164.087 6.78247 5.72205e-07
      vertex 164.087 6.78247 6.3
    endloop
  endfacet
  facet normal 0.750879 -0.66044 0
    outer loop
      vertex 164.087 6.78247 5.72205e-07
      vertex 163.914 6.58578 6.3
      vertex 163.914 6.58578 5.72205e-07
    endloop
  endfacet
  facet normal 0.832086 -0.554647 0
    outer loop
      vertex 164.087 6.78247 6.3
      vertex 164.232 7 5.72205e-07
      vertex 164.232 7 6.3
    endloop
  endfacet
  facet normal 0.832086 -0.554647 0
    outer loop
      vertex 164.232 7 5.72205e-07
      vertex 164.087 6.78247 6.3
      vertex 164.087 6.78247 5.72205e-07
    endloop
  endfacet
  facet normal 0.896428 -0.44319 0
    outer loop
      vertex 164.232 7 6.3
      vertex 164.348 7.23463 5.72205e-07
      vertex 164.348 7.23463 6.3
    endloop
  endfacet
  facet normal 0.896428 -0.44319 0
    outer loop
      vertex 164.348 7.23463 5.72205e-07
      vertex 164.232 7 6.3
      vertex 164.232 7 5.72205e-07
    endloop
  endfacet
  facet normal 0.947038 -0.321121 0
    outer loop
      vertex 164.348 7.23463 6.3
      vertex 164.432 7.48236 5.72205e-07
      vertex 164.432 7.48236 6.3
    endloop
  endfacet
  facet normal 0.947038 -0.321121 0
    outer loop
      vertex 164.432 7.48236 5.72205e-07
      vertex 164.348 7.23463 6.3
      vertex 164.348 7.23463 5.72205e-07
    endloop
  endfacet
  facet normal 0.980814 -0.194947 0
    outer loop
      vertex 164.432 7.48236 6.3
      vertex 164.483 7.73895 5.72205e-07
      vertex 164.483 7.73895 6.3
    endloop
  endfacet
  facet normal 0.980814 -0.194947 0
    outer loop
      vertex 164.483 7.73895 5.72205e-07
      vertex 164.432 7.48236 6.3
      vertex 164.432 7.48236 5.72205e-07
    endloop
  endfacet
  facet normal 0.997886 -0.064984 0
    outer loop
      vertex 164.483 7.73895 6.3
      vertex 164.5 8 5.72205e-07
      vertex 164.5 8 6.3
    endloop
  endfacet
  facet normal 0.997886 -0.064984 0
    outer loop
      vertex 164.5 8 5.72205e-07
      vertex 164.483 7.73895 6.3
      vertex 164.483 7.73895 5.72205e-07
    endloop
  endfacet
  facet normal 1 0 0
    outer loop
      vertex 164.5 15.8 6.3
      vertex 164.5 8 6.3
      vertex 164.5 15.8 2.4
    endloop
  endfacet
  facet normal 1 -0 0
    outer loop
      vertex 164.5 15.8 2.4
      vertex 164.5 16 5.72205e-07
      vertex 164.5 16 2.4
    endloop
  endfacet
  facet normal 1 0 0
    outer loop
      vertex 164.5 8 5.72205e-07
      vertex 164.5 15.8 2.4
      vertex 164.5 8 6.3
    endloop
  endfacet
  facet normal 1 0 0
    outer loop
      vertex 164.5 15.8 2.4
      vertex 164.5 8 5.72205e-07
      vertex 164.5 16 5.72205e-07
    endloop
  endfacet
  facet normal 0 -1 0
    outer loop
      vertex 164.5 16 5.72205e-07
      vertex 169.5 16 2.4
      vertex 164.5 16 2.4
    endloop
  endfacet
  facet normal 0 -1 -0
    outer loop
      vertex 169.5 16 2.4
      vertex 164.5 16 5.72205e-07
      vertex 169.5 16 5.72205e-07
    endloop
  endfacet
  facet normal 0.0655078 -0.997852 0
    outer loop
      vertex 169.5 16 5.72205e-07
      vertex 169.631 16.0086 2.4
      vertex 169.5 16 2.4
    endloop
  endfacet
  facet normal 0.0655078 -0.997852 0
    outer loop
      vertex 169.631 16.0086 2.4
      vertex 169.5 16 5.72205e-07
      vertex 169.631 16.0086 5.72205e-07
    endloop
  endfacet
  facet normal 0.195379 -0.980728 0
    outer loop
      vertex 169.631 16.0086 5.72205e-07
      vertex 169.759 16.0341 2.4
      vertex 169.631 16.0086 2.4
    endloop
  endfacet
  facet normal 0.195379 -0.980728 0
    outer loop
      vertex 169.759 16.0341 2.4
      vertex 169.631 16.0086 5.72205e-07
      vertex 169.759 16.0341 5.72205e-07
    endloop
  endfacet
  facet normal 0.320807 -0.947145 0
    outer loop
      vertex 169.759 16.0341 5.72205e-07
      vertex 169.883 16.0761 2.4
      vertex 169.759 16.0341 2.4
    endloop
  endfacet
  facet normal 0.320807 -0.947145 0
    outer loop
      vertex 169.883 16.0761 2.4
      vertex 169.759 16.0341 5.72205e-07
      vertex 169.883 16.0761 5.72205e-07
    endloop
  endfacet
  facet normal 0.443533 -0.896258 0
    outer loop
      vertex 169.883 16.0761 5.72205e-07
      vertex 170 16.134 2.4
      vertex 169.883 16.0761 2.4
    endloop
  endfacet
  facet normal 0.443533 -0.896258 0
    outer loop
      vertex 170 16.134 2.4
      vertex 169.883 16.0761 5.72205e-07
      vertex 170 16.134 5.72205e-07
    endloop
  endfacet
  facet normal 0.554348 -0.832285 0
    outer loop
      vertex 170 16.134 5.72205e-07
      vertex 170.109 16.2066 2.4
      vertex 170 16.134 2.4
    endloop
  endfacet
  facet normal 0.554348 -0.832285 0
    outer loop
      vertex 170.109 16.2066 2.4
      vertex 170 16.134 5.72205e-07
      vertex 170.109 16.2066 5.72205e-07
    endloop
  endfacet
  facet normal 0.660887 -0.750486 0
    outer loop
      vertex 170.109 16.2066 5.72205e-07
      vertex 170.207 16.2929 2.4
      vertex 170.109 16.2066 2.4
    endloop
  endfacet
  facet normal 0.660887 -0.750486 0
    outer loop
      vertex 170.207 16.2929 2.4
      vertex 170.109 16.2066 5.72205e-07
      vertex 170.207 16.2929 5.72205e-07
    endloop
  endfacet
  facet normal 0.752624 -0.65845 0
    outer loop
      vertex 170.207 16.2929 2.4
      vertex 170.293 16.3912 5.72205e-07
      vertex 170.293 16.3912 2.4
    endloop
  endfacet
  facet normal 0.752624 -0.65845 0
    outer loop
      vertex 170.293 16.3912 5.72205e-07
      vertex 170.207 16.2929 2.4
      vertex 170.207 16.2929 5.72205e-07
    endloop
  endfacet
  facet normal 0.830403 -0.557164 0
    outer loop
      vertex 170.293 16.3912 2.4
      vertex 170.366 16.5 5.72205e-07
      vertex 170.366 16.5 2.4
    endloop
  endfacet
  facet normal 0.830403 -0.557164 0
    outer loop
      vertex 170.366 16.5 5.72205e-07
      vertex 170.293 16.3912 2.4
      vertex 170.293 16.3912 5.72205e-07
    endloop
  endfacet
  facet normal 0.896405 -0.443235 0
    outer loop
      vertex 170.366 16.5 2.4
      vertex 170.424 16.6173 5.72205e-07
      vertex 170.424 16.6173 2.4
    endloop
  endfacet
  facet normal 0.896405 -0.443235 0
    outer loop
      vertex 170.424 16.6173 5.72205e-07
      vertex 170.366 16.5 2.4
      vertex 170.366 16.5 5.72205e-07
    endloop
  endfacet
  facet normal 0.947066 -0.321039 0
    outer loop
      vertex 170.424 16.6173 2.4
      vertex 170.466 16.7412 5.72205e-07
      vertex 170.466 16.7412 2.4
    endloop
  endfacet
  facet normal 0.947066 -0.321039 0
    outer loop
      vertex 170.466 16.7412 5.72205e-07
      vertex 170.424 16.6173 2.4
      vertex 170.424 16.6173 5.72205e-07
    endloop
  endfacet
  facet normal 0.98154 -0.191259 0
    outer loop
      vertex 170.466 16.7412 2.4
      vertex 170.491 16.8695 5.72205e-07
      vertex 170.491 16.8695 2.4
    endloop
  endfacet
  facet normal 0.98154 -0.191259 0
    outer loop
      vertex 170.491 16.8695 5.72205e-07
      vertex 170.466 16.7412 2.4
      vertex 170.466 16.7412 5.72205e-07
    endloop
  endfacet
  facet normal 0.99763 -0.0688021 0
    outer loop
      vertex 170.491 16.8695 2.4
      vertex 170.5 17 5.72205e-07
      vertex 170.5 17 2.4
    endloop
  endfacet
  facet normal 0.99763 -0.0688021 0
    outer loop
      vertex 170.5 17 5.72205e-07
      vertex 170.491 16.8695 2.4
      vertex 170.491 16.8695 5.72205e-07
    endloop
  endfacet
  facet normal 1 -0 0
    outer loop
      vertex 170.5 17 2.4
      vertex 170.5 27 5.72205e-07
      vertex 170.5 27 2.4
    endloop
  endfacet
  facet normal 1 0 0
    outer loop
      vertex 170.5 27 5.72205e-07
      vertex 170.5 17 2.4
      vertex 170.5 17 5.72205e-07
    endloop
  endfacet
  facet normal 0.99763 0.0688021 0
    outer loop
      vertex 170.5 27 2.4
      vertex 170.491 27.1305 5.72205e-07
      vertex 170.491 27.1305 2.4
    endloop
  endfacet
  facet normal 0.99763 0.0688021 0
    outer loop
      vertex 170.491 27.1305 5.72205e-07
      vertex 170.5 27 2.4
      vertex 170.5 27 5.72205e-07
    endloop
  endfacet
  facet normal 0.98154 0.191259 0
    outer loop
      vertex 170.491 27.1305 2.4
      vertex 170.466 27.2588 5.72205e-07
      vertex 170.466 27.2588 2.4
    endloop
  endfacet
  facet normal 0.98154 0.191259 0
    outer loop
      vertex 170.466 27.2588 5.72205e-07
      vertex 170.491 27.1305 2.4
      vertex 170.491 27.1305 5.72205e-07
    endloop
  endfacet
  facet normal 0.947066 0.321039 0
    outer loop
      vertex 170.466 27.2588 2.4
      vertex 170.424 27.3827 5.72205e-07
      vertex 170.424 27.3827 2.4
    endloop
  endfacet
  facet normal 0.947066 0.321039 0
    outer loop
      vertex 170.424 27.3827 5.72205e-07
      vertex 170.466 27.2588 2.4
      vertex 170.466 27.2588 5.72205e-07
    endloop
  endfacet
  facet normal 0.896405 0.443235 0
    outer loop
      vertex 170.424 27.3827 2.4
      vertex 170.366 27.5 5.72205e-07
      vertex 170.366 27.5 2.4
    endloop
  endfacet
  facet normal 0.896405 0.443235 0
    outer loop
      vertex 170.366 27.5 5.72205e-07
      vertex 170.424 27.3827 2.4
      vertex 170.424 27.3827 5.72205e-07
    endloop
  endfacet
  facet normal 0.830403 0.557164 0
    outer loop
      vertex 170.366 27.5 2.4
      vertex 170.293 27.6088 5.72205e-07
      vertex 170.293 27.6088 2.4
    endloop
  endfacet
  facet normal 0.830403 0.557164 0
    outer loop
      vertex 170.293 27.6088 5.72205e-07
      vertex 170.366 27.5 2.4
      vertex 170.366 27.5 5.72205e-07
    endloop
  endfacet
  facet normal 0.752624 0.65845 0
    outer loop
      vertex 170.293 27.6088 2.4
      vertex 170.207 27.7071 5.72205e-07
      vertex 170.207 27.7071 2.4
    endloop
  endfacet
  facet normal 0.752624 0.65845 0
    outer loop
      vertex 170.207 27.7071 5.72205e-07
      vertex 170.293 27.6088 2.4
      vertex 170.293 27.6088 5.72205e-07
    endloop
  endfacet
  facet normal 0.660887 0.750486 -0
    outer loop
      vertex 170.207 27.7071 5.72205e-07
      vertex 170.109 27.7934 2.4
      vertex 170.207 27.7071 2.4
    endloop
  endfacet
  facet normal 0.660887 0.750486 0
    outer loop
      vertex 170.109 27.7934 2.4
      vertex 170.207 27.7071 5.72205e-07
      vertex 170.109 27.7934 5.72205e-07
    endloop
  endfacet
  facet normal 0.554348 0.832285 -0
    outer loop
      vertex 170.109 27.7934 5.72205e-07
      vertex 170 27.866 2.4
      vertex 170.109 27.7934 2.4
    endloop
  endfacet
  facet normal 0.554348 0.832285 0
    outer loop
      vertex 170 27.866 2.4
      vertex 170.109 27.7934 5.72205e-07
      vertex 170 27.866 5.72205e-07
    endloop
  endfacet
  facet normal 0.443533 0.896258 -0
    outer loop
      vertex 170 27.866 5.72205e-07
      vertex 169.883 27.9239 2.4
      vertex 170 27.866 2.4
    endloop
  endfacet
  facet normal 0.443533 0.896258 0
    outer loop
      vertex 169.883 27.9239 2.4
      vertex 170 27.866 5.72205e-07
      vertex 169.883 27.9239 5.72205e-07
    endloop
  endfacet
  facet normal 0.320807 0.947145 -0
    outer loop
      vertex 169.883 27.9239 5.72205e-07
      vertex 169.759 27.9659 2.4
      vertex 169.883 27.9239 2.4
    endloop
  endfacet
  facet normal 0.320807 0.947145 0
    outer loop
      vertex 169.759 27.9659 2.4
      vertex 169.883 27.9239 5.72205e-07
      vertex 169.759 27.9659 5.72205e-07
    endloop
  endfacet
  facet normal 0.195379 0.980728 -0
    outer loop
      vertex 169.759 27.9659 5.72205e-07
      vertex 169.631 27.9914 2.4
      vertex 169.759 27.9659 2.4
    endloop
  endfacet
  facet normal 0.195379 0.980728 0
    outer loop
      vertex 169.631 27.9914 2.4
      vertex 169.759 27.9659 5.72205e-07
      vertex 169.631 27.9914 5.72205e-07
    endloop
  endfacet
  facet normal 0.0655078 0.997852 -0
    outer loop
      vertex 169.631 27.9914 5.72205e-07
      vertex 169.5 28 2.4
      vertex 169.631 27.9914 2.4
    endloop
  endfacet
  facet normal 0.0655078 0.997852 0
    outer loop
      vertex 169.5 28 2.4
      vertex 169.631 27.9914 5.72205e-07
      vertex 169.5 28 5.72205e-07
    endloop
  endfacet
  facet normal 0 1 -0
    outer loop
      vertex 169.5 28 5.72205e-07
      vertex 164.5 28 2.4
      vertex 169.5 28 2.4
    endloop
  endfacet
  facet normal 0 1 0
    outer loop
      vertex 164.5 28 2.4
      vertex 169.5 28 5.72205e-07
      vertex 164.5 28 5.72205e-07
    endloop
  endfacet
  facet normal 1 0 0
    outer loop
      vertex 164.5 63.8 6.3
      vertex 164.5 28.2 6.3
      vertex 164.5 63.8 2.4
    endloop
  endfacet
  facet normal 1 -0 0
    outer loop
      vertex 164.5 63.8 2.4
      vertex 164.5 64 5.72205e-07
      vertex 164.5 64 2.4
    endloop
  endfacet
  facet normal 1 0 0
    outer loop
      vertex 164.5 28.2 2.4
      vertex 164.5 63.8 2.4
      vertex 164.5 28.2 6.3
    endloop
  endfacet
  facet normal 1 0 0
    outer loop
      vertex 164.5 63.8 2.4
      vertex 164.5 28.2 2.4
      vertex 164.5 64 5.72205e-07
    endloop
  endfacet
  facet normal 1 0 0
    outer loop
      vertex 164.5 28 5.72205e-07
      vertex 164.5 28.2 2.4
      vertex 164.5 28 2.4
    endloop
  endfacet
  facet normal 1 0 0
    outer loop
      vertex 164.5 28.2 2.4
      vertex 164.5 28 5.72205e-07
      vertex 164.5 64 5.72205e-07
    endloop
  endfacet
  facet normal 0 -1 0
    outer loop
      vertex 164.5 64 5.72205e-07
      vertex 169.5 64 2.4
      vertex 164.5 64 2.4
    endloop
  endfacet
  facet normal 0 -1 -0
    outer loop
      vertex 169.5 64 2.4
      vertex 164.5 64 5.72205e-07
      vertex 169.5 64 5.72205e-07
    endloop
  endfacet
  facet normal 0.0655078 -0.997852 0
    outer loop
      vertex 169.5 64 5.72205e-07
      vertex 169.631 64.0086 2.4
      vertex 169.5 64 2.4
    endloop
  endfacet
  facet normal 0.0655078 -0.997852 0
    outer loop
      vertex 169.631 64.0086 2.4
      vertex 169.5 64 5.72205e-07
      vertex 169.631 64.0086 5.72205e-07
    endloop
  endfacet
  facet normal 0.195379 -0.980728 0
    outer loop
      vertex 169.631 64.0086 5.72205e-07
      vertex 169.759 64.0341 2.4
      vertex 169.631 64.0086 2.4
    endloop
  endfacet
  facet normal 0.195379 -0.980728 0
    outer loop
      vertex 169.759 64.0341 2.4
      vertex 169.631 64.0086 5.72205e-07
      vertex 169.759 64.0341 5.72205e-07
    endloop
  endfacet
  facet normal 0.320807 -0.947145 0
    outer loop
      vertex 169.759 64.0341 5.72205e-07
      vertex 169.883 64.0761 2.4
      vertex 169.759 64.0341 2.4
    endloop
  endfacet
  facet normal 0.320807 -0.947145 0
    outer loop
      vertex 169.883 64.0761 2.4
      vertex 169.759 64.0341 5.72205e-07
      vertex 169.883 64.0761 5.72205e-07
    endloop
  endfacet
  facet normal 0.443533 -0.896258 0
    outer loop
      vertex 169.883 64.0761 5.72205e-07
      vertex 170 64.134 2.4
      vertex 169.883 64.0761 2.4
    endloop
  endfacet
  facet normal 0.443533 -0.896258 0
    outer loop
      vertex 170 64.134 2.4
      vertex 169.883 64.0761 5.72205e-07
      vertex 170 64.134 5.72205e-07
    endloop
  endfacet
  facet normal 0.554348 -0.832285 0
    outer loop
      vertex 170 64.134 5.72205e-07
      vertex 170.109 64.2066 2.4
      vertex 170 64.134 2.4
    endloop
  endfacet
  facet normal 0.554348 -0.832285 0
    outer loop
      vertex 170.109 64.2066 2.4
      vertex 170 64.134 5.72205e-07
      vertex 170.109 64.2066 5.72205e-07
    endloop
  endfacet
  facet normal 0.660887 -0.750486 0
    outer loop
      vertex 170.109 64.2066 5.72205e-07
      vertex 170.207 64.2929 2.4
      vertex 170.109 64.2066 2.4
    endloop
  endfacet
  facet normal 0.660887 -0.750486 0
    outer loop
      vertex 170.207 64.2929 2.4
      vertex 170.109 64.2066 5.72205e-07
      vertex 170.207 64.2929 5.72205e-07
    endloop
  endfacet
  facet normal 0.752624 -0.65845 0
    outer loop
      vertex 170.207 64.2929 2.4
      vertex 170.293 64.3912 5.72205e-07
      vertex 170.293 64.3912 2.4
    endloop
  endfacet
  facet normal 0.752624 -0.65845 0
    outer loop
      vertex 170.293 64.3912 5.72205e-07
      vertex 170.207 64.2929 2.4
      vertex 170.207 64.2929 5.72205e-07
    endloop
  endfacet
  facet normal 0.830403 -0.557164 0
    outer loop
      vertex 170.293 64.3912 2.4
      vertex 170.366 64.5 5.72205e-07
      vertex 170.366 64.5 2.4
    endloop
  endfacet
  facet normal 0.830403 -0.557164 0
    outer loop
      vertex 170.366 64.5 5.72205e-07
      vertex 170.293 64.3912 2.4
      vertex 170.293 64.3912 5.72205e-07
    endloop
  endfacet
  facet normal 0.896405 -0.443235 0
    outer loop
      vertex 170.366 64.5 2.4
      vertex 170.424 64.6173 5.72205e-07
      vertex 170.424 64.6173 2.4
    endloop
  endfacet
  facet normal 0.896405 -0.443235 0
    outer loop
      vertex 170.424 64.6173 5.72205e-07
      vertex 170.366 64.5 2.4
      vertex 170.366 64.5 5.72205e-07
    endloop
  endfacet
  facet normal 0.947066 -0.321039 0
    outer loop
      vertex 170.424 64.6173 2.4
      vertex 170.466 64.7412 5.72205e-07
      vertex 170.466 64.7412 2.4
    endloop
  endfacet
  facet normal 0.947066 -0.321039 0
    outer loop
      vertex 170.466 64.7412 5.72205e-07
      vertex 170.424 64.6173 2.4
      vertex 170.424 64.6173 5.72205e-07
    endloop
  endfacet
  facet normal 0.98154 -0.191259 0
    outer loop
      vertex 170.466 64.7412 2.4
      vertex 170.491 64.8695 5.72205e-07
      vertex 170.491 64.8695 2.4
    endloop
  endfacet
  facet normal 0.98154 -0.191259 0
    outer loop
      vertex 170.491 64.8695 5.72205e-07
      vertex 170.466 64.7412 2.4
      vertex 170.466 64.7412 5.72205e-07
    endloop
  endfacet
  facet normal 0.99763 -0.0688021 0
    outer loop
      vertex 170.491 64.8695 2.4
      vertex 170.5 65 5.72205e-07
      vertex 170.5 65 2.4
    endloop
  endfacet
  facet normal 0.99763 -0.0688021 0
    outer loop
      vertex 170.5 65 5.72205e-07
      vertex 170.491 64.8695 2.4
      vertex 170.491 64.8695 5.72205e-07
    endloop
  endfacet
  facet normal 1 -0 0
    outer loop
      vertex 170.5 65 2.4
      vertex 170.5 75 5.72205e-07
      vertex 170.5 75 2.4
    endloop
  endfacet
  facet normal 1 0 0
    outer loop
      vertex 170.5 75 5.72205e-07
      vertex 170.5 65 2.4
      vertex 170.5 65 5.72205e-07
    endloop
  endfacet
  facet normal 0.99763 0.0688021 0
    outer loop
      vertex 170.5 75 2.4
      vertex 170.491 75.1305 5.72205e-07
      vertex 170.491 75.1305 2.4
    endloop
  endfacet
  facet normal 0.99763 0.0688021 0
    outer loop
      vertex 170.491 75.1305 5.72205e-07
      vertex 170.5 75 2.4
      vertex 170.5 75 5.72205e-07
    endloop
  endfacet
  facet normal 0.98154 0.191259 0
    outer loop
      vertex 170.491 75.1305 2.4
      vertex 170.466 75.2588 5.72205e-07
      vertex 170.466 75.2588 2.4
    endloop
  endfacet
  facet normal 0.98154 0.191259 0
    outer loop
      vertex 170.466 75.2588 5.72205e-07
      vertex 170.491 75.1305 2.4
      vertex 170.491 75.1305 5.72205e-07
    endloop
  endfacet
  facet normal 0.947066 0.321039 0
    outer loop
      vertex 170.466 75.2588 2.4
      vertex 170.424 75.3827 5.72205e-07
      vertex 170.424 75.3827 2.4
    endloop
  endfacet
  facet normal 0.947066 0.321039 0
    outer loop
      vertex 170.424 75.3827 5.72205e-07
      vertex 170.466 75.2588 2.4
      vertex 170.466 75.2588 5.72205e-07
    endloop
  endfacet
  facet normal 0.896405 0.443235 0
    outer loop
      vertex 170.424 75.3827 2.4
      vertex 170.366 75.5 5.72205e-07
      vertex 170.366 75.5 2.4
    endloop
  endfacet
  facet normal 0.896405 0.443235 0
    outer loop
      vertex 170.366 75.5 5.72205e-07
      vertex 170.424 75.3827 2.4
      vertex 170.424 75.3827 5.72205e-07
    endloop
  endfacet
  facet normal 0.830403 0.557164 0
    outer loop
      vertex 170.366 75.5 2.4
      vertex 170.293 75.6088 5.72205e-07
      vertex 170.293 75.6088 2.4
    endloop
  endfacet
  facet normal 0.830403 0.557164 0
    outer loop
      vertex 170.293 75.6088 5.72205e-07
      vertex 170.366 75.5 2.4
      vertex 170.366 75.5 5.72205e-07
    endloop
  endfacet
  facet normal 0.752624 0.65845 0
    outer loop
      vertex 170.293 75.6088 2.4
      vertex 170.207 75.7071 5.72205e-07
      vertex 170.207 75.7071 2.4
    endloop
  endfacet
  facet normal 0.752624 0.65845 0
    outer loop
      vertex 170.207 75.7071 5.72205e-07
      vertex 170.293 75.6088 2.4
      vertex 170.293 75.6088 5.72205e-07
    endloop
  endfacet
  facet normal 0.660887 0.750486 -0
    outer loop
      vertex 170.207 75.7071 5.72205e-07
      vertex 170.109 75.7934 2.4
      vertex 170.207 75.7071 2.4
    endloop
  endfacet
  facet normal 0.660887 0.750486 0
    outer loop
      vertex 170.109 75.7934 2.4
      vertex 170.207 75.7071 5.72205e-07
      vertex 170.109 75.7934 5.72205e-07
    endloop
  endfacet
  facet normal 0.554348 0.832285 -0
    outer loop
      vertex 170.109 75.7934 5.72205e-07
      vertex 170 75.866 2.4
      vertex 170.109 75.7934 2.4
    endloop
  endfacet
  facet normal 0.554348 0.832285 0
    outer loop
      vertex 170 75.866 2.4
      vertex 170.109 75.7934 5.72205e-07
      vertex 170 75.866 5.72205e-07
    endloop
  endfacet
  facet normal 0.443533 0.896258 -0
    outer loop
      vertex 170 75.866 5.72205e-07
      vertex 169.883 75.9239 2.4
      vertex 170 75.866 2.4
    endloop
  endfacet
  facet normal 0.443533 0.896258 0
    outer loop
      vertex 169.883 75.9239 2.4
      vertex 170 75.866 5.72205e-07
      vertex 169.883 75.9239 5.72205e-07
    endloop
  endfacet
  facet normal 0.320807 0.947145 -0
    outer loop
      vertex 169.883 75.9239 5.72205e-07
      vertex 169.759 75.9659 2.4
      vertex 169.883 75.9239 2.4
    endloop
  endfacet
  facet normal 0.320807 0.947145 0
    outer loop
      vertex 169.759 75.9659 2.4
      vertex 169.883 75.9239 5.72205e-07
      vertex 169.759 75.9659 5.72205e-07
    endloop
  endfacet
  facet normal 0.195379 0.980728 -0
    outer loop
      vertex 169.759 75.9659 5.72205e-07
      vertex 169.631 75.9914 2.4
      vertex 169.759 75.9659 2.4
    endloop
  endfacet
  facet normal 0.195379 0.980728 0
    outer loop
      vertex 169.631 75.9914 2.4
      vertex 169.759 75.9659 5.72205e-07
      vertex 169.631 75.9914 5.72205e-07
    endloop
  endfacet
  facet normal 0.0655078 0.997852 -0
    outer loop
      vertex 169.631 75.9914 5.72205e-07
      vertex 169.5 76 2.4
      vertex 169.631 75.9914 2.4
    endloop
  endfacet
  facet normal 0.0655078 0.997852 0
    outer loop
      vertex 169.5 76 2.4
      vertex 169.631 75.9914 5.72205e-07
      vertex 169.5 76 5.72205e-07
    endloop
  endfacet
  facet normal 0 1 -0
    outer loop
      vertex 169.5 76 5.72205e-07
      vertex 164.5 76 2.4
      vertex 169.5 76 2.4
    endloop
  endfacet
  facet normal 0 1 0
    outer loop
      vertex 164.5 76 2.4
      vertex 169.5 76 5.72205e-07
      vertex 164.5 76 5.72205e-07
    endloop
  endfacet
  facet normal 1 0 0
    outer loop
      vertex 164.5 76.2 2.4
      vertex 164.5 96 6.3
      vertex 164.5 76.2 6.3
    endloop
  endfacet
  facet normal 1 0 0
    outer loop
      vertex 164.5 96 6.3
      vertex 164.5 76.2 2.4
      vertex 164.5 96 5.72205e-07
    endloop
  endfacet
  facet normal 1 0 0
    outer loop
      vertex 164.5 76 5.72205e-07
      vertex 164.5 76.2 2.4
      vertex 164.5 76 2.4
    endloop
  endfacet
  facet normal 1 0 0
    outer loop
      vertex 164.5 76.2 2.4
      vertex 164.5 76 5.72205e-07
      vertex 164.5 96 5.72205e-07
    endloop
  endfacet
  facet normal 0.997886 0.0649964 0
    outer loop
      vertex 164.5 96 6.3
      vertex 164.483 96.261 5.72205e-07
      vertex 164.483 96.261 6.3
    endloop
  endfacet
  facet normal 0.997886 0.0649964 0
    outer loop
      vertex 164.483 96.261 5.72205e-07
      vertex 164.5 96 6.3
      vertex 164.5 96 5.72205e-07
    endloop
  endfacet
  facet normal 0.980815 0.19494 0
    outer loop
      vertex 164.483 96.261 6.3
      vertex 164.432 96.5176 5.72205e-07
      vertex 164.432 96.5176 6.3
    endloop
  endfacet
  facet normal 0.980815 0.19494 0
    outer loop
      vertex 164.432 96.5176 5.72205e-07
      vertex 164.483 96.261 6.3
      vertex 164.483 96.261 5.72205e-07
    endloop
  endfacet
  facet normal 0.947066 0.321039 0
    outer loop
      vertex 164.432 96.5176 6.3
      vertex 164.348 96.7654 5.72205e-07
      vertex 164.348 96.7654 6.3
    endloop
  endfacet
  facet normal 0.947066 0.321039 0
    outer loop
      vertex 164.348 96.7654 5.72205e-07
      vertex 164.432 96.5176 6.3
      vertex 164.432 96.5176 5.72205e-07
    endloop
  endfacet
  facet normal 0.896405 0.443235 0
    outer loop
      vertex 164.348 96.7654 6.3
      vertex 164.232 97 5.72205e-07
      vertex 164.232 97 6.3
    endloop
  endfacet
  facet normal 0.896405 0.443235 0
    outer loop
      vertex 164.232 97 5.72205e-07
      vertex 164.348 96.7654 6.3
      vertex 164.348 96.7654 5.72205e-07
    endloop
  endfacet
  facet normal 0.83205 0.5547 0
    outer loop
      vertex 164.232 97 6.3
      vertex 164.087 97.2175 5.72205e-07
      vertex 164.087 97.2175 6.3
    endloop
  endfacet
  facet normal 0.83205 0.5547 0
    outer loop
      vertex 164.087 97.2175 5.72205e-07
      vertex 164.232 97 6.3
      vertex 164.232 97 5.72205e-07
    endloop
  endfacet
  facet normal 0.750895 0.660421 0
    outer loop
      vertex 164.087 97.2175 6.3
      vertex 163.914 97.4142 5.72205e-07
      vertex 163.914 97.4142 6.3
    endloop
  endfacet
  facet normal 0.750895 0.660421 0
    outer loop
      vertex 163.914 97.4142 5.72205e-07
      vertex 164.087 97.2175 6.3
      vertex 164.087 97.2175 5.72205e-07
    endloop
  endfacet
  facet normal 0.660671 0.750676 -0
    outer loop
      vertex 163.914 97.4142 5.72205e-07
      vertex 163.718 97.5867 6.3
      vertex 163.914 97.4142 6.3
    endloop
  endfacet
  facet normal 0.660671 0.750676 0
    outer loop
      vertex 163.718 97.5867 6.3
      vertex 163.914 97.4142 5.72205e-07
      vertex 163.718 97.5867 5.72205e-07
    endloop
  endfacet
  facet normal 0.554876 0.831933 -0
    outer loop
      vertex 163.718 97.5867 5.72205e-07
      vertex 163.5 97.7321 6.3
      vertex 163.718 97.5867 6.3
    endloop
  endfacet
  facet normal 0.554876 0.831933 0
    outer loop
      vertex 163.5 97.7321 6.3
      vertex 163.718 97.5867 5.72205e-07
      vertex 163.5 97.7321 5.72205e-07
    endloop
  endfacet
  facet normal 0.441708 0.897159 -0
    outer loop
      vertex 163.5 97.7321 5.72205e-07
      vertex 163.265 97.8478 6.3
      vertex 163.5 97.7321 6.3
    endloop
  endfacet
  facet normal 0.441708 0.897159 0
    outer loop
      vertex 163.265 97.8478 6.3
      vertex 163.5 97.7321 5.72205e-07
      vertex 163.265 97.8478 5.72205e-07
    endloop
  endfacet
  facet normal 0.322315 0.946632 -0
    outer loop
      vertex 163.265 97.8478 5.72205e-07
      vertex 163.018 97.9319 6.3
      vertex 163.265 97.8478 6.3
    endloop
  endfacet
  facet normal 0.322315 0.946632 0
    outer loop
      vertex 163.018 97.9319 6.3
      vertex 163.265 97.8478 5.72205e-07
      vertex 163.018 97.9319 5.72205e-07
    endloop
  endfacet
  facet normal 0.194648 0.980873 -0
    outer loop
      vertex 163.018 97.9319 5.72205e-07
      vertex 162.761 97.9829 6.3
      vertex 163.018 97.9319 6.3
    endloop
  endfacet
  facet normal 0.194648 0.980873 0
    outer loop
      vertex 162.761 97.9829 6.3
      vertex 163.018 97.9319 5.72205e-07
      vertex 162.761 97.9829 5.72205e-07
    endloop
  endfacet
  facet normal 0.0653771 0.997861 -0
    outer loop
      vertex 162.761 97.9829 5.72205e-07
      vertex 162.5 98 6.3
      vertex 162.761 97.9829 6.3
    endloop
  endfacet
  facet normal 0.0653771 0.997861 0
    outer loop
      vertex 162.5 98 6.3
      vertex 162.761 97.9829 5.72205e-07
      vertex 162.5 98 5.72205e-07
    endloop
  endfacet
  facet normal 0 1 -0
    outer loop
      vertex 162.5 98 5.72205e-07
      vertex 110.45 98 6.3
      vertex 162.5 98 6.3
    endloop
  endfacet
  facet normal 0 1 0
    outer loop
      vertex 110.45 98 6.3
      vertex 162.5 98 5.72205e-07
      vertex 110.45 98 5.72205e-07
    endloop
  endfacet
  facet normal 0 1 -0
    outer loop
      vertex 102.45 98 5.72205e-07
      vertex 2 98 6.3
      vertex 102.45 98 6.3
    endloop
  endfacet
  facet normal 0 1 0
    outer loop
      vertex 2 98 6.3
      vertex 102.45 98 5.72205e-07
      vertex 2 98 5.72205e-07
    endloop
  endfacet
  facet normal -0.0653646 0.997861 0
    outer loop
      vertex 2 98 5.72205e-07
      vertex 1.73895 97.9829 6.3
      vertex 2 98 6.3
    endloop
  endfacet
  facet normal -0.0653646 0.997861 0
    outer loop
      vertex 1.73895 97.9829 6.3
      vertex 2 98 5.72205e-07
      vertex 1.73895 97.9829 5.72205e-07
    endloop
  endfacet
  facet normal -0.194947 0.980814 0
    outer loop
      vertex 1.73895 97.9829 5.72205e-07
      vertex 1.48236 97.9319 6.3
      vertex 1.73895 97.9829 6.3
    endloop
  endfacet
  facet normal -0.194947 0.980814 0
    outer loop
      vertex 1.48236 97.9319 6.3
      vertex 1.73895 97.9829 5.72205e-07
      vertex 1.48236 97.9319 5.72205e-07
    endloop
  endfacet
  facet normal -0.321463 0.946922 0
    outer loop
      vertex 1.48236 97.9319 5.72205e-07
      vertex 1.23463 97.8478 6.3
      vertex 1.48236 97.9319 6.3
    endloop
  endfacet
  facet normal -0.321463 0.946922 0
    outer loop
      vertex 1.23463 97.8478 6.3
      vertex 1.48236 97.9319 5.72205e-07
      vertex 1.23463 97.8478 5.72205e-07
    endloop
  endfacet
  facet normal -0.442268 0.896883 0
    outer loop
      vertex 1.23463 97.8478 5.72205e-07
      vertex 1 97.7321 6.3
      vertex 1.23463 97.8478 6.3
    endloop
  endfacet
  facet normal -0.442268 0.896883 0
    outer loop
      vertex 1 97.7321 6.3
      vertex 1.23463 97.8478 5.72205e-07
      vertex 1 97.7321 5.72205e-07
    endloop
  endfacet
  facet normal -0.555707 0.831378 0
    outer loop
      vertex 1 97.7321 5.72205e-07
      vertex 0.782471 97.5867 6.3
      vertex 1 97.7321 6.3
    endloop
  endfacet
  facet normal -0.555707 0.831378 0
    outer loop
      vertex 0.782471 97.5867 6.3
      vertex 1 97.7321 5.72205e-07
      vertex 0.782471 97.5867 5.72205e-07
    endloop
  endfacet
  facet normal -0.65937 0.751819 0
    outer loop
      vertex 0.782471 97.5867 5.72205e-07
      vertex 0.585785 97.4142 6.3
      vertex 0.782471 97.5867 6.3
    endloop
  endfacet
  facet normal -0.65937 0.751819 0
    outer loop
      vertex 0.585785 97.4142 6.3
      vertex 0.782471 97.5867 5.72205e-07
      vertex 0.585785 97.4142 5.72205e-07
    endloop
  endfacet
  facet normal -0.751871 0.659311 0
    outer loop
      vertex 0.4133 97.2175 5.72205e-07
      vertex 0.585785 97.4142 6.3
      vertex 0.585785 97.4142 5.72205e-07
    endloop
  endfacet
  facet normal -0.751871 0.659311 0
    outer loop
      vertex 0.585785 97.4142 6.3
      vertex 0.4133 97.2175 5.72205e-07
      vertex 0.4133 97.2175 6.3
    endloop
  endfacet
  facet normal -0.831422 0.555642 0
    outer loop
      vertex 0.267944 97 5.72205e-07
      vertex 0.4133 97.2175 6.3
      vertex 0.4133 97.2175 5.72205e-07
    endloop
  endfacet
  facet normal -0.831422 0.555642 0
    outer loop
      vertex 0.4133 97.2175 6.3
      vertex 0.267944 97 5.72205e-07
      vertex 0.267944 97 6.3
    endloop
  endfacet
  facet normal -0.89685 0.442335 0
    outer loop
      vertex 0.152237 96.7654 5.72205e-07
      vertex 0.267944 97 6.3
      vertex 0.267944 97 5.72205e-07
    endloop
  endfacet
  facet normal -0.89685 0.442335 0
    outer loop
      vertex 0.267944 97 6.3
      vertex 0.152237 96.7654 5.72205e-07
      vertex 0.152237 96.7654 6.3
    endloop
  endfacet
  facet normal -0.94696 0.321352 0
    outer loop
      vertex 0.0681458 96.5176 5.72205e-07
      vertex 0.152237 96.7654 6.3
      vertex 0.152237 96.7654 5.72205e-07
    endloop
  endfacet
  facet normal -0.94696 0.321352 0
    outer loop
      vertex 0.152237 96.7654 6.3
      vertex 0.0681458 96.5176 5.72205e-07
      vertex 0.0681458 96.5176 6.3
    endloop
  endfacet
  facet normal -0.980785 0.19509 0
    outer loop
      vertex 0.0171051 96.261 5.72205e-07
      vertex 0.0681458 96.5176 6.3
      vertex 0.0681458 96.5176 5.72205e-07
    endloop
  endfacet
  facet normal -0.980785 0.19509 0
    outer loop
      vertex 0.0681458 96.5176 6.3
      vertex 0.0171051 96.261 5.72205e-07
      vertex 0.0171051 96.261 6.3
    endloop
  endfacet
  facet normal -0.997859 0.0653965 0
    outer loop
      vertex 0 96 5.72205e-07
      vertex 0.0171051 96.261 6.3
      vertex 0.0171051 96.261 5.72205e-07
    endloop
  endfacet
  facet normal -0.997859 0.0653965 0
    outer loop
      vertex 0.0171051 96.261 6.3
      vertex 0 96 5.72205e-07
      vertex 0 96 6.3
    endloop
  endfacet
  facet normal -1 0 0
    outer loop
      vertex 0 96 5.72205e-07
      vertex 0 76.2 2.4
      vertex 0 96 6.3
    endloop
  endfacet
  facet normal -1 0 0
    outer loop
      vertex 0 76 5.72205e-07
      vertex 0 76.2 2.4
      vertex 0 96 5.72205e-07
    endloop
  endfacet
  facet normal -1 -0 0
    outer loop
      vertex 0 76.2 2.4
      vertex 0 76 5.72205e-07
      vertex 0 76 2.4
    endloop
  endfacet
  facet normal -1 -0 0
    outer loop
      vertex 0 96 6.3
      vertex 0 76.2 2.4
      vertex 0 76.2 6.3
    endloop
  endfacet
  facet normal 0 1 -0
    outer loop
      vertex 0 76 5.72205e-07
      vertex -5 76 2.4
      vertex 0 76 2.4
    endloop
  endfacet
  facet normal 0 1 0
    outer loop
      vertex -5 76 2.4
      vertex 0 76 5.72205e-07
      vertex -5 76 5.72205e-07
    endloop
  endfacet
  facet normal -0.0657477 0.997836 0
    outer loop
      vertex -5 76 5.72205e-07
      vertex -5.13052 75.9914 2.4
      vertex -5 76 2.4
    endloop
  endfacet
  facet normal -0.0657477 0.997836 0
    outer loop
      vertex -5.13052 75.9914 2.4
      vertex -5 76 5.72205e-07
      vertex -5.13052 75.9914 5.72205e-07
    endloop
  endfacet
  facet normal -0.19494 0.980815 0
    outer loop
      vertex -5.13052 75.9914 5.72205e-07
      vertex -5.25882 75.9659 2.4
      vertex -5.13052 75.9914 2.4
    endloop
  endfacet
  facet normal -0.19494 0.980815 0
    outer loop
      vertex -5.25882 75.9659 2.4
      vertex -5.13052 75.9914 5.72205e-07
      vertex -5.25882 75.9659 5.72205e-07
    endloop
  endfacet
  facet normal -0.321109 0.947042 0
    outer loop
      vertex -5.25882 75.9659 5.72205e-07
      vertex -5.38269 75.9239 2.4
      vertex -5.25882 75.9659 2.4
    endloop
  endfacet
  facet normal -0.321109 0.947042 0
    outer loop
      vertex -5.38269 75.9239 2.4
      vertex -5.25882 75.9659 5.72205e-07
      vertex -5.38269 75.9239 5.72205e-07
    endloop
  endfacet
  facet normal -0.442591 0.896724 0
    outer loop
      vertex -5.38269 75.9239 5.72205e-07
      vertex -5.5 75.866 2.4
      vertex -5.38269 75.9239 2.4
    endloop
  endfacet
  facet normal -0.442591 0.896724 0
    outer loop
      vertex -5.5 75.866 2.4
      vertex -5.38269 75.9239 5.72205e-07
      vertex -5.5 75.866 5.72205e-07
    endloop
  endfacet
  facet normal -0.555194 0.831721 0
    outer loop
      vertex -5.5 75.866 5.72205e-07
      vertex -5.60876 75.7934 2.4
      vertex -5.5 75.866 2.4
    endloop
  endfacet
  facet normal -0.555194 0.831721 0
    outer loop
      vertex -5.60876 75.7934 2.4
      vertex -5.5 75.866 5.72205e-07
      vertex -5.60876 75.7934 5.72205e-07
    endloop
  endfacet
  facet normal -0.659559 0.751653 0
    outer loop
      vertex -5.60876 75.7934 5.72205e-07
      vertex -5.70711 75.7071 2.4
      vertex -5.60876 75.7934 2.4
    endloop
  endfacet
  facet normal -0.659559 0.751653 0
    outer loop
      vertex -5.70711 75.7071 2.4
      vertex -5.60876 75.7934 5.72205e-07
      vertex -5.70711 75.7071 5.72205e-07
    endloop
  endfacet
  facet normal -0.751714 0.659489 0
    outer loop
      vertex -5.79335 75.6088 5.72205e-07
      vertex -5.70711 75.7071 2.4
      vertex -5.70711 75.7071 5.72205e-07
    endloop
  endfacet
  facet normal -0.751714 0.659489 0
    outer loop
      vertex -5.70711 75.7071 2.4
      vertex -5.79335 75.6088 5.72205e-07
      vertex -5.79335 75.6088 2.4
    endloop
  endfacet
  facet normal -0.831533 0.555476 0
    outer loop
      vertex -5.86603 75.5 5.72205e-07
      vertex -5.79335 75.6088 2.4
      vertex -5.79335 75.6088 5.72205e-07
    endloop
  endfacet
  facet normal -0.831533 0.555476 0
    outer loop
      vertex -5.79335 75.6088 2.4
      vertex -5.86603 75.5 5.72205e-07
      vertex -5.86603 75.5 2.4
    endloop
  endfacet
  facet normal -0.896891 0.442252 0
    outer loop
      vertex -5.92387 75.3827 5.72205e-07
      vertex -5.86603 75.5 2.4
      vertex -5.86603 75.5 5.72205e-07
    endloop
  endfacet
  facet normal -0.896891 0.442252 0
    outer loop
      vertex -5.86603 75.5 2.4
      vertex -5.92387 75.3827 5.72205e-07
      vertex -5.92387 75.3827 2.4
    endloop
  endfacet
  facet normal -0.946926 0.321451 0
    outer loop
      vertex -5.96593 75.2588 5.72205e-07
      vertex -5.92387 75.3827 2.4
      vertex -5.92387 75.3827 5.72205e-07
    endloop
  endfacet
  facet normal -0.946926 0.321451 0
    outer loop
      vertex -5.92387 75.3827 2.4
      vertex -5.96593 75.2588 5.72205e-07
      vertex -5.96593 75.2588 2.4
    endloop
  endfacet
  facet normal -0.980801 0.195013 0
    outer loop
      vertex -5.99144 75.1305 5.72205e-07
      vertex -5.96593 75.2588 2.4
      vertex -5.96593 75.2588 5.72205e-07
    endloop
  endfacet
  facet normal -0.980801 0.195013 0
    outer loop
      vertex -5.96593 75.2588 2.4
      vertex -5.99144 75.1305 5.72205e-07
      vertex -5.99144 75.1305 2.4
    endloop
  endfacet
  facet normal -0.997856 0.0654532 0
    outer loop
      vertex -6 75 5.72205e-07
      vertex -5.99144 75.1305 2.4
      vertex -5.99144 75.1305 5.72205e-07
    endloop
  endfacet
  facet normal -0.997856 0.0654532 0
    outer loop
      vertex -5.99144 75.1305 2.4
      vertex -6 75 5.72205e-07
      vertex -6 75 2.4
    endloop
  endfacet
  facet normal -1 0 0
    outer loop
      vertex -6 65 5.72205e-07
      vertex -6 75 2.4
      vertex -6 75 5.72205e-07
    endloop
  endfacet
  facet normal -1 -0 0
    outer loop
      vertex -6 75 2.4
      vertex -6 65 5.72205e-07
      vertex -6 65 2.4
    endloop
  endfacet
  facet normal -0.997856 -0.0654532 0
    outer loop
      vertex -5.99144 64.8695 5.72205e-07
      vertex -6 65 2.4
      vertex -6 65 5.72205e-07
    endloop
  endfacet
  facet normal -0.997856 -0.0654532 0
    outer loop
      vertex -6 65 2.4
      vertex -5.99144 64.8695 5.72205e-07
      vertex -5.99144 64.8695 2.4
    endloop
  endfacet
  facet normal -0.980801 -0.195013 0
    outer loop
      vertex -5.96593 64.7412 5.72205e-07
      vertex -5.99144 64.8695 2.4
      vertex -5.99144 64.8695 5.72205e-07
    endloop
  endfacet
  facet normal -0.980801 -0.195013 0
    outer loop
      vertex -5.99144 64.8695 2.4
      vertex -5.96593 64.7412 5.72205e-07
      vertex -5.96593 64.7412 2.4
    endloop
  endfacet
  facet normal -0.946926 -0.321451 0
    outer loop
      vertex -5.92387 64.6173 5.72205e-07
      vertex -5.96593 64.7412 2.4
      vertex -5.96593 64.7412 5.72205e-07
    endloop
  endfacet
  facet normal -0.946926 -0.321451 0
    outer loop
      vertex -5.96593 64.7412 2.4
      vertex -5.92387 64.6173 5.72205e-07
      vertex -5.92387 64.6173 2.4
    endloop
  endfacet
  facet normal -0.896891 -0.442252 0
    outer loop
      vertex -5.86603 64.5 5.72205e-07
      vertex -5.92387 64.6173 2.4
      vertex -5.92387 64.6173 5.72205e-07
    endloop
  endfacet
  facet normal -0.896891 -0.442252 0
    outer loop
      vertex -5.92387 64.6173 2.4
      vertex -5.86603 64.5 5.72205e-07
      vertex -5.86603 64.5 2.4
    endloop
  endfacet
  facet normal -0.831533 -0.555476 0
    outer loop
      vertex -5.79335 64.3912 5.72205e-07
      vertex -5.86603 64.5 2.4
      vertex -5.86603 64.5 5.72205e-07
    endloop
  endfacet
  facet normal -0.831533 -0.555476 0
    outer loop
      vertex -5.86603 64.5 2.4
      vertex -5.79335 64.3912 5.72205e-07
      vertex -5.79335 64.3912 2.4
    endloop
  endfacet
  facet normal -0.751714 -0.659489 0
    outer loop
      vertex -5.70711 64.2929 5.72205e-07
      vertex -5.79335 64.3912 2.4
      vertex -5.79335 64.3912 5.72205e-07
    endloop
  endfacet
  facet normal -0.751714 -0.659489 0
    outer loop
      vertex -5.79335 64.3912 2.4
      vertex -5.70711 64.2929 5.72205e-07
      vertex -5.70711 64.2929 2.4
    endloop
  endfacet
  facet normal -0.659559 -0.751653 0
    outer loop
      vertex -5.70711 64.2929 5.72205e-07
      vertex -5.60876 64.2066 2.4
      vertex -5.70711 64.2929 2.4
    endloop
  endfacet
  facet normal -0.659559 -0.751653 -0
    outer loop
      vertex -5.60876 64.2066 2.4
      vertex -5.70711 64.2929 5.72205e-07
      vertex -5.60876 64.2066 5.72205e-07
    endloop
  endfacet
  facet normal -0.555194 -0.831721 0
    outer loop
      vertex -5.60876 64.2066 5.72205e-07
      vertex -5.5 64.134 2.4
      vertex -5.60876 64.2066 2.4
    endloop
  endfacet
  facet normal -0.555194 -0.831721 -0
    outer loop
      vertex -5.5 64.134 2.4
      vertex -5.60876 64.2066 5.72205e-07
      vertex -5.5 64.134 5.72205e-07
    endloop
  endfacet
  facet normal -0.442591 -0.896724 0
    outer loop
      vertex -5.5 64.134 5.72205e-07
      vertex -5.38269 64.0761 2.4
      vertex -5.5 64.134 2.4
    endloop
  endfacet
  facet normal -0.442591 -0.896724 -0
    outer loop
      vertex -5.38269 64.0761 2.4
      vertex -5.5 64.134 5.72205e-07
      vertex -5.38269 64.0761 5.72205e-07
    endloop
  endfacet
  facet normal -0.321109 -0.947042 0
    outer loop
      vertex -5.38269 64.0761 5.72205e-07
      vertex -5.25882 64.0341 2.4
      vertex -5.38269 64.0761 2.4
    endloop
  endfacet
  facet normal -0.321109 -0.947042 -0
    outer loop
      vertex -5.25882 64.0341 2.4
      vertex -5.38269 64.0761 5.72205e-07
      vertex -5.25882 64.0341 5.72205e-07
    endloop
  endfacet
  facet normal -0.19494 -0.980815 0
    outer loop
      vertex -5.25882 64.0341 5.72205e-07
      vertex -5.13052 64.0086 2.4
      vertex -5.25882 64.0341 2.4
    endloop
  endfacet
  facet normal -0.19494 -0.980815 -0
    outer loop
      vertex -5.13052 64.0086 2.4
      vertex -5.25882 64.0341 5.72205e-07
      vertex -5.13052 64.0086 5.72205e-07
    endloop
  endfacet
  facet normal -0.0657477 -0.997836 0
    outer loop
      vertex -5.13052 64.0086 5.72205e-07
      vertex -5 64 2.4
      vertex -5.13052 64.0086 2.4
    endloop
  endfacet
  facet normal -0.0657477 -0.997836 -0
    outer loop
      vertex -5 64 2.4
      vertex -5.13052 64.0086 5.72205e-07
      vertex -5 64 5.72205e-07
    endloop
  endfacet
  facet normal 0 -1 0
    outer loop
      vertex -5 64 5.72205e-07
      vertex 0 64 2.4
      vertex -5 64 2.4
    endloop
  endfacet
  facet normal 0 -1 -0
    outer loop
      vertex 0 64 2.4
      vertex -5 64 5.72205e-07
      vertex 0 64 5.72205e-07
    endloop
  endfacet
  facet normal -1 0 0
    outer loop
      vertex 0 64 5.72205e-07
      vertex 0 63.8 2.4
      vertex 0 64 2.4
    endloop
  endfacet
  facet normal -1 0 0
    outer loop
      vertex 0 63.8 2.4
      vertex 0 28.2 2.4
      vertex 0 63.8 6.3
    endloop
  endfacet
  facet normal -1 0 0
    outer loop
      vertex 0 64 5.72205e-07
      vertex 0 28.2 2.4
      vertex 0 63.8 2.4
    endloop
  endfacet
  facet normal -1 0 0
    outer loop
      vertex 0 28 5.72205e-07
      vertex 0 28.2 2.4
      vertex 0 64 5.72205e-07
    endloop
  endfacet
  facet normal -1 -0 0
    outer loop
      vertex 0 28.2 2.4
      vertex 0 28 5.72205e-07
      vertex 0 28 2.4
    endloop
  endfacet
  facet normal -1 -0 0
    outer loop
      vertex 0 63.8 6.3
      vertex 0 28.2 2.4
      vertex 0 28.2 6.3
    endloop
  endfacet
  facet normal 0 1 -0
    outer loop
      vertex 0 28 5.72205e-07
      vertex -5 28 2.4
      vertex 0 28 2.4
    endloop
  endfacet
  facet normal 0 1 0
    outer loop
      vertex -5 28 2.4
      vertex 0 28 5.72205e-07
      vertex -5 28 5.72205e-07
    endloop
  endfacet
  facet normal -0.0657477 0.997836 0
    outer loop
      vertex -5 28 5.72205e-07
      vertex -5.13052 27.9914 2.4
      vertex -5 28 2.4
    endloop
  endfacet
  facet normal -0.0657477 0.997836 0
    outer loop
      vertex -5.13052 27.9914 2.4
      vertex -5 28 5.72205e-07
      vertex -5.13052 27.9914 5.72205e-07
    endloop
  endfacet
  facet normal -0.19494 0.980815 0
    outer loop
      vertex -5.13052 27.9914 5.72205e-07
      vertex -5.25882 27.9659 2.4
      vertex -5.13052 27.9914 2.4
    endloop
  endfacet
  facet normal -0.19494 0.980815 0
    outer loop
      vertex -5.25882 27.9659 2.4
      vertex -5.13052 27.9914 5.72205e-07
      vertex -5.25882 27.9659 5.72205e-07
    endloop
  endfacet
  facet normal -0.321109 0.947042 0
    outer loop
      vertex -5.25882 27.9659 5.72205e-07
      vertex -5.38269 27.9239 2.4
      vertex -5.25882 27.9659 2.4
    endloop
  endfacet
  facet normal -0.321109 0.947042 0
    outer loop
      vertex -5.38269 27.9239 2.4
      vertex -5.25882 27.9659 5.72205e-07
      vertex -5.38269 27.9239 5.72205e-07
    endloop
  endfacet
  facet normal -0.442591 0.896724 0
    outer loop
      vertex -5.38269 27.9239 5.72205e-07
      vertex -5.5 27.866 2.4
      vertex -5.38269 27.9239 2.4
    endloop
  endfacet
  facet normal -0.442591 0.896724 0
    outer loop
      vertex -5.5 27.866 2.4
      vertex -5.38269 27.9239 5.72205e-07
      vertex -5.5 27.866 5.72205e-07
    endloop
  endfacet
  facet normal -0.555194 0.831721 0
    outer loop
      vertex -5.5 27.866 5.72205e-07
      vertex -5.60876 27.7934 2.4
      vertex -5.5 27.866 2.4
    endloop
  endfacet
  facet normal -0.555194 0.831721 0
    outer loop
      vertex -5.60876 27.7934 2.4
      vertex -5.5 27.866 5.72205e-07
      vertex -5.60876 27.7934 5.72205e-07
    endloop
  endfacet
  facet normal -0.659559 0.751653 0
    outer loop
      vertex -5.60876 27.7934 5.72205e-07
      vertex -5.70711 27.7071 2.4
      vertex -5.60876 27.7934 2.4
    endloop
  endfacet
  facet normal -0.659559 0.751653 0
    outer loop
      vertex -5.70711 27.7071 2.4
      vertex -5.60876 27.7934 5.72205e-07
      vertex -5.70711 27.7071 5.72205e-07
    endloop
  endfacet
  facet normal -0.751714 0.659489 0
    outer loop
      vertex -5.79335 27.6088 5.72205e-07
      vertex -5.70711 27.7071 2.4
      vertex -5.70711 27.7071 5.72205e-07
    endloop
  endfacet
  facet normal -0.751714 0.659489 0
    outer loop
      vertex -5.70711 27.7071 2.4
      vertex -5.79335 27.6088 5.72205e-07
      vertex -5.79335 27.6088 2.4
    endloop
  endfacet
  facet normal -0.831533 0.555476 0
    outer loop
      vertex -5.86603 27.5 5.72205e-07
      vertex -5.79335 27.6088 2.4
      vertex -5.79335 27.6088 5.72205e-07
    endloop
  endfacet
  facet normal -0.831533 0.555476 0
    outer loop
      vertex -5.79335 27.6088 2.4
      vertex -5.86603 27.5 5.72205e-07
      vertex -5.86603 27.5 2.4
    endloop
  endfacet
  facet normal -0.896891 0.442252 0
    outer loop
      vertex -5.92387 27.3827 5.72205e-07
      vertex -5.86603 27.5 2.4
      vertex -5.86603 27.5 5.72205e-07
    endloop
  endfacet
  facet normal -0.896891 0.442252 0
    outer loop
      vertex -5.86603 27.5 2.4
      vertex -5.92387 27.3827 5.72205e-07
      vertex -5.92387 27.3827 2.4
    endloop
  endfacet
  facet normal -0.946926 0.321451 0
    outer loop
      vertex -5.96593 27.2588 5.72205e-07
      vertex -5.92387 27.3827 2.4
      vertex -5.92387 27.3827 5.72205e-07
    endloop
  endfacet
  facet normal -0.946926 0.321451 0
    outer loop
      vertex -5.92387 27.3827 2.4
      vertex -5.96593 27.2588 5.72205e-07
      vertex -5.96593 27.2588 2.4
    endloop
  endfacet
  facet normal -0.980801 0.195013 0
    outer loop
      vertex -5.99144 27.1305 5.72205e-07
      vertex -5.96593 27.2588 2.4
      vertex -5.96593 27.2588 5.72205e-07
    endloop
  endfacet
  facet normal -0.980801 0.195013 0
    outer loop
      vertex -5.96593 27.2588 2.4
      vertex -5.99144 27.1305 5.72205e-07
      vertex -5.99144 27.1305 2.4
    endloop
  endfacet
  facet normal -0.997856 0.0654532 0
    outer loop
      vertex -6 27 5.72205e-07
      vertex -5.99144 27.1305 2.4
      vertex -5.99144 27.1305 5.72205e-07
    endloop
  endfacet
  facet normal -0.997856 0.0654532 0
    outer loop
      vertex -5.99144 27.1305 2.4
      vertex -6 27 5.72205e-07
      vertex -6 27 2.4
    endloop
  endfacet
  facet normal -1 0 0
    outer loop
      vertex -6 17 5.72205e-07
      vertex -6 27 2.4
      vertex -6 27 5.72205e-07
    endloop
  endfacet
  facet normal -1 -0 0
    outer loop
      vertex -6 27 2.4
      vertex -6 17 5.72205e-07
      vertex -6 17 2.4
    endloop
  endfacet
  facet normal -0.997856 -0.0654532 0
    outer loop
      vertex -5.99144 16.8695 5.72205e-07
      vertex -6 17 2.4
      vertex -6 17 5.72205e-07
    endloop
  endfacet
  facet normal -0.997856 -0.0654532 0
    outer loop
      vertex -6 17 2.4
      vertex -5.99144 16.8695 5.72205e-07
      vertex -5.99144 16.8695 2.4
    endloop
  endfacet
  facet normal -0.980801 -0.195013 0
    outer loop
      vertex -5.96593 16.7412 5.72205e-07
      vertex -5.99144 16.8695 2.4
      vertex -5.99144 16.8695 5.72205e-07
    endloop
  endfacet
  facet normal -0.980801 -0.195013 0
    outer loop
      vertex -5.99144 16.8695 2.4
      vertex -5.96593 16.7412 5.72205e-07
      vertex -5.96593 16.7412 2.4
    endloop
  endfacet
  facet normal -0.946926 -0.321451 0
    outer loop
      vertex -5.92387 16.6173 5.72205e-07
      vertex -5.96593 16.7412 2.4
      vertex -5.96593 16.7412 5.72205e-07
    endloop
  endfacet
  facet normal -0.946926 -0.321451 0
    outer loop
      vertex -5.96593 16.7412 2.4
      vertex -5.92387 16.6173 5.72205e-07
      vertex -5.92387 16.6173 2.4
    endloop
  endfacet
  facet normal -0.896891 -0.442252 0
    outer loop
      vertex -5.86603 16.5 5.72205e-07
      vertex -5.92387 16.6173 2.4
      vertex -5.92387 16.6173 5.72205e-07
    endloop
  endfacet
  facet normal -0.896891 -0.442252 0
    outer loop
      vertex -5.92387 16.6173 2.4
      vertex -5.86603 16.5 5.72205e-07
      vertex -5.86603 16.5 2.4
    endloop
  endfacet
  facet normal -0.831533 -0.555476 0
    outer loop
      vertex -5.79335 16.3912 5.72205e-07
      vertex -5.86603 16.5 2.4
      vertex -5.86603 16.5 5.72205e-07
    endloop
  endfacet
  facet normal -0.831533 -0.555476 0
    outer loop
      vertex -5.86603 16.5 2.4
      vertex -5.79335 16.3912 5.72205e-07
      vertex -5.79335 16.3912 2.4
    endloop
  endfacet
  facet normal -0.751714 -0.659489 0
    outer loop
      vertex -5.70711 16.2929 5.72205e-07
      vertex -5.79335 16.3912 2.4
      vertex -5.79335 16.3912 5.72205e-07
    endloop
  endfacet
  facet normal -0.751714 -0.659489 0
    outer loop
      vertex -5.79335 16.3912 2.4
      vertex -5.70711 16.2929 5.72205e-07
      vertex -5.70711 16.2929 2.4
    endloop
  endfacet
  facet normal -0.659559 -0.751653 0
    outer loop
      vertex -5.70711 16.2929 5.72205e-07
      vertex -5.60876 16.2066 2.4
      vertex -5.70711 16.2929 2.4
    endloop
  endfacet
  facet normal -0.659559 -0.751653 -0
    outer loop
      vertex -5.60876 16.2066 2.4
      vertex -5.70711 16.2929 5.72205e-07
      vertex -5.60876 16.2066 5.72205e-07
    endloop
  endfacet
  facet normal -0.555194 -0.831721 0
    outer loop
      vertex -5.60876 16.2066 5.72205e-07
      vertex -5.5 16.134 2.4
      vertex -5.60876 16.2066 2.4
    endloop
  endfacet
  facet normal -0.555194 -0.831721 -0
    outer loop
      vertex -5.5 16.134 2.4
      vertex -5.60876 16.2066 5.72205e-07
      vertex -5.5 16.134 5.72205e-07
    endloop
  endfacet
  facet normal -0.442591 -0.896724 0
    outer loop
      vertex -5.5 16.134 5.72205e-07
      vertex -5.38269 16.0761 2.4
      vertex -5.5 16.134 2.4
    endloop
  endfacet
  facet normal -0.442591 -0.896724 -0
    outer loop
      vertex -5.38269 16.0761 2.4
      vertex -5.5 16.134 5.72205e-07
      vertex -5.38269 16.0761 5.72205e-07
    endloop
  endfacet
  facet normal -0.321109 -0.947042 0
    outer loop
      vertex -5.38269 16.0761 5.72205e-07
      vertex -5.25882 16.0341 2.4
      vertex -5.38269 16.0761 2.4
    endloop
  endfacet
  facet normal -0.321109 -0.947042 -0
    outer loop
      vertex -5.25882 16.0341 2.4
      vertex -5.38269 16.0761 5.72205e-07
      vertex -5.25882 16.0341 5.72205e-07
    endloop
  endfacet
  facet normal -0.19494 -0.980815 0
    outer loop
      vertex -5.25882 16.0341 5.72205e-07
      vertex -5.13052 16.0086 2.4
      vertex -5.25882 16.0341 2.4
    endloop
  endfacet
  facet normal -0.19494 -0.980815 -0
    outer loop
      vertex -5.13052 16.0086 2.4
      vertex -5.25882 16.0341 5.72205e-07
      vertex -5.13052 16.0086 5.72205e-07
    endloop
  endfacet
  facet normal -0.0657477 -0.997836 0
    outer loop
      vertex -5.13052 16.0086 5.72205e-07
      vertex -5 16 2.4
      vertex -5.13052 16.0086 2.4
    endloop
  endfacet
  facet normal -0.0657477 -0.997836 -0
    outer loop
      vertex -5 16 2.4
      vertex -5.13052 16.0086 5.72205e-07
      vertex -5 16 5.72205e-07
    endloop
  endfacet
  facet normal 0 -1 0
    outer loop
      vertex -5 16 5.72205e-07
      vertex 0 16 2.4
      vertex -5 16 2.4
    endloop
  endfacet
  facet normal 0 -1 -0
    outer loop
      vertex 0 16 2.4
      vertex -5 16 5.72205e-07
      vertex 0 16 5.72205e-07
    endloop
  endfacet
  facet normal -1 0 0
    outer loop
      vertex 0 16 5.72205e-07
      vertex 0 15.8 2.4
      vertex 0 16 2.4
    endloop
  endfacet
  facet normal -1 0 0
    outer loop
      vertex 0 8 5.72205e-07
      vertex 0 15.8 2.4
      vertex 0 16 5.72205e-07
    endloop
  endfacet
  facet normal -1 0 0
    outer loop
      vertex 0 8 6.3
      vertex 0 15.8 2.4
      vertex 0 8 5.72205e-07
    endloop
  endfacet
  facet normal -1 0 0
    outer loop
      vertex 0 15.8 2.4
      vertex 0 8 6.3
      vertex 0 15.8 6.3
    endloop
  endfacet
  facet normal -0.99786 -0.065384 0
    outer loop
      vertex 0.0171051 7.73895 5.72205e-07
      vertex 0 8 6.3
      vertex 0 8 5.72205e-07
    endloop
  endfacet
  facet normal -0.99786 -0.065384 0
    outer loop
      vertex 0 8 6.3
      vertex 0.0171051 7.73895 5.72205e-07
      vertex 0.0171051 7.73895 6.3
    endloop
  endfacet
  facet normal -0.980784 -0.195097 0
    outer loop
      vertex 0.0681458 7.48236 5.72205e-07
      vertex 0.0171051 7.73895 6.3
      vertex 0.0171051 7.73895 5.72205e-07
    endloop
  endfacet
  facet normal -0.980784 -0.195097 0
    outer loop
      vertex 0.0171051 7.73895 6.3
      vertex 0.0681458 7.48236 5.72205e-07
      vertex 0.0681458 7.48236 6.3
    endloop
  endfacet
  facet normal -0.946932 -0.321433 0
    outer loop
      vertex 0.152237 7.23463 5.72205e-07
      vertex 0.0681458 7.48236 6.3
      vertex 0.0681458 7.48236 5.72205e-07
    endloop
  endfacet
  facet normal -0.946932 -0.321433 0
    outer loop
      vertex 0.0681458 7.48236 6.3
      vertex 0.152237 7.23463 5.72205e-07
      vertex 0.152237 7.23463 6.3
    endloop
  endfacet
  facet normal -0.896872 -0.44229 0
    outer loop
      vertex 0.267944 7 5.72205e-07
      vertex 0.152237 7.23463 6.3
      vertex 0.152237 7.23463 5.72205e-07
    endloop
  endfacet
  facet normal -0.896872 -0.44229 0
    outer loop
      vertex 0.152237 7.23463 6.3
      vertex 0.267944 7 5.72205e-07
      vertex 0.267944 7 6.3
    endloop
  endfacet
  facet normal -0.831457 -0.555589 0
    outer loop
      vertex 0.4133 6.78247 5.72205e-07
      vertex 0.267944 7 6.3
      vertex 0.267944 7 5.72205e-07
    endloop
  endfacet
  facet normal -0.831457 -0.555589 0
    outer loop
      vertex 0.267944 7 6.3
      vertex 0.4133 6.78247 5.72205e-07
      vertex 0.4133 6.78247 6.3
    endloop
  endfacet
  facet normal -0.751854 -0.65933 0
    outer loop
      vertex 0.585785 6.58578 5.72205e-07
      vertex 0.4133 6.78247 6.3
      vertex 0.4133 6.78247 5.72205e-07
    endloop
  endfacet
  facet normal -0.751854 -0.65933 0
    outer loop
      vertex 0.4133 6.78247 6.3
      vertex 0.585785 6.58578 5.72205e-07
      vertex 0.585785 6.58578 6.3
    endloop
  endfacet
  facet normal -0.659326 -0.751857 0
    outer loop
      vertex 0.585785 6.58578 5.72205e-07
      vertex 0.782471 6.4133 6.3
      vertex 0.585785 6.58578 6.3
    endloop
  endfacet
  facet normal -0.659326 -0.751857 -0
    outer loop
      vertex 0.782471 6.4133 6.3
      vertex 0.585785 6.58578 5.72205e-07
      vertex 0.782471 6.4133 5.72205e-07
    endloop
  endfacet
  facet normal -0.555601 -0.831449 0
    outer loop
      vertex 0.782471 6.4133 5.72205e-07
      vertex 1 6.26794 6.3
      vertex 0.782471 6.4133 6.3
    endloop
  endfacet
  facet normal -0.555601 -0.831449 -0
    outer loop
      vertex 1 6.26794 6.3
      vertex 0.782471 6.4133 5.72205e-07
      vertex 1 6.26794 5.72205e-07
    endloop
  endfacet
  facet normal -0.442268 -0.896883 0
    outer loop
      vertex 1 6.26794 5.72205e-07
      vertex 1.23463 6.15224 6.3
      vertex 1 6.26794 6.3
    endloop
  endfacet
  facet normal -0.442268 -0.896883 -0
    outer loop
      vertex 1.23463 6.15224 6.3
      vertex 1 6.26794 5.72205e-07
      vertex 1.23463 6.15224 5.72205e-07
    endloop
  endfacet
  facet normal -0.321429 -0.946934 0
    outer loop
      vertex 1.23463 6.15224 5.72205e-07
      vertex 1.48236 6.06815 6.3
      vertex 1.23463 6.15224 6.3
    endloop
  endfacet
  facet normal -0.321429 -0.946934 -0
    outer loop
      vertex 1.48236 6.06815 6.3
      vertex 1.23463 6.15224 5.72205e-07
      vertex 1.48236 6.06815 5.72205e-07
    endloop
  endfacet
  facet normal -0.195094 -0.980784 0
    outer loop
      vertex 1.48236 6.06815 5.72205e-07
      vertex 1.73895 6.01711 6.3
      vertex 1.48236 6.06815 6.3
    endloop
  endfacet
  facet normal -0.195094 -0.980784 -0
    outer loop
      vertex 1.73895 6.01711 6.3
      vertex 1.48236 6.06815 5.72205e-07
      vertex 1.73895 6.01711 5.72205e-07
    endloop
  endfacet
  facet normal -0.0654027 -0.997859 0
    outer loop
      vertex 1.73895 6.01711 5.72205e-07
      vertex 2 6 6.3
      vertex 1.73895 6.01711 6.3
    endloop
  endfacet
  facet normal -0.0654027 -0.997859 -0
    outer loop
      vertex 2 6 6.3
      vertex 1.73895 6.01711 5.72205e-07
      vertex 2 6 5.72205e-07
    endloop
  endfacet
  facet normal 0 -1 0
    outer loop
      vertex 2 6 5.72205e-07
      vertex 162.5 6 6.3
      vertex 2 6 6.3
    endloop
  endfacet
  facet normal 0 -1 -0
    outer loop
      vertex 162.5 6 6.3
      vertex 2 6 5.72205e-07
      vertex 162.5 6 5.72205e-07
    endloop
  endfacet
  facet normal 0.0654151 -0.997858 0
    outer loop
      vertex 162.5 6 5.72205e-07
      vertex 162.761 6.01711 6.3
      vertex 162.5 6 6.3
    endloop
  endfacet
  facet normal 0.0654151 -0.997858 0
    outer loop
      vertex 162.761 6.01711 6.3
      vertex 162.5 6 5.72205e-07
      vertex 162.761 6.01711 5.72205e-07
    endloop
  endfacet
  facet normal 0.0654052 0.997859 -0
    outer loop
      vertex 9.24998 8.5 5.72205e-07
      vertex 8.98894 8.51711 6.3
      vertex 9.24998 8.5 6.3
    endloop
  endfacet
  facet normal 0.0654052 0.997859 0
    outer loop
      vertex 8.98894 8.51711 6.3
      vertex 9.24998 8.5 5.72205e-07
      vertex 8.98894 8.51711 5.72205e-07
    endloop
  endfacet
  facet normal 0.195094 0.980784 -0
    outer loop
      vertex 8.98894 8.51711 5.72205e-07
      vertex 8.73235 8.56815 6.3
      vertex 8.98894 8.51711 6.3
    endloop
  endfacet
  facet normal 0.195094 0.980784 0
    outer loop
      vertex 8.73235 8.56815 6.3
      vertex 8.98894 8.51711 5.72205e-07
      vertex 8.73235 8.56815 5.72205e-07
    endloop
  endfacet
  facet normal 0.321429 0.946934 -0
    outer loop
      vertex 8.73235 8.56815 5.72205e-07
      vertex 8.48462 8.65224 6.3
      vertex 8.73235 8.56815 6.3
    endloop
  endfacet
  facet normal 0.321429 0.946934 0
    outer loop
      vertex 8.48462 8.65224 6.3
      vertex 8.73235 8.56815 5.72205e-07
      vertex 8.48462 8.65224 5.72205e-07
    endloop
  endfacet
  facet normal 0.442253 0.89689 -0
    outer loop
      vertex 8.48462 8.65224 5.72205e-07
      vertex 8.24998 8.76794 6.3
      vertex 8.48462 8.65224 6.3
    endloop
  endfacet
  facet normal 0.442253 0.89689 0
    outer loop
      vertex 8.24998 8.76794 6.3
      vertex 8.48462 8.65224 5.72205e-07
      vertex 8.24998 8.76794 5.72205e-07
    endloop
  endfacet
  facet normal 0.555617 0.831438 -0
    outer loop
      vertex 8.24998 8.76794 5.72205e-07
      vertex 8.03246 8.9133 6.3
      vertex 8.24998 8.76794 6.3
    endloop
  endfacet
  facet normal 0.555617 0.831438 0
    outer loop
      vertex 8.03246 8.9133 6.3
      vertex 8.24998 8.76794 5.72205e-07
      vertex 8.03246 8.9133 5.72205e-07
    endloop
  endfacet
  facet normal 0.659319 0.751863 -0
    outer loop
      vertex 8.03246 8.9133 5.72205e-07
      vertex 7.83577 9.08578 6.3
      vertex 8.03246 8.9133 6.3
    endloop
  endfacet
  facet normal 0.659319 0.751863 0
    outer loop
      vertex 7.83577 9.08578 6.3
      vertex 8.03246 8.9133 5.72205e-07
      vertex 7.83577 9.08578 5.72205e-07
    endloop
  endfacet
  facet normal 0.751845 0.65934 0
    outer loop
      vertex 7.83577 9.08578 6.3
      vertex 7.66328 9.28247 5.72205e-07
      vertex 7.66328 9.28247 6.3
    endloop
  endfacet
  facet normal 0.751845 0.65934 0
    outer loop
      vertex 7.66328 9.28247 5.72205e-07
      vertex 7.83577 9.08578 6.3
      vertex 7.83577 9.08578 5.72205e-07
    endloop
  endfacet
  facet normal 0.831468 0.555573 0
    outer loop
      vertex 7.66328 9.28247 6.3
      vertex 7.51793 9.5 5.72205e-07
      vertex 7.51793 9.5 6.3
    endloop
  endfacet
  facet normal 0.831468 0.555573 0
    outer loop
      vertex 7.51793 9.5 5.72205e-07
      vertex 7.66328 9.28247 6.3
      vertex 7.66328 9.28247 5.72205e-07
    endloop
  endfacet
  facet normal 0.896868 0.442299 0
    outer loop
      vertex 7.51793 9.5 6.3
      vertex 7.40222 9.73463 5.72205e-07
      vertex 7.40222 9.73463 6.3
    endloop
  endfacet
  facet normal 0.896868 0.442299 0
    outer loop
      vertex 7.40222 9.73463 5.72205e-07
      vertex 7.51793 9.5 6.3
      vertex 7.51793 9.5 5.72205e-07
    endloop
  endfacet
  facet normal 0.946934 0.321429 0
    outer loop
      vertex 7.40222 9.73463 6.3
      vertex 7.31813 9.98236 5.72205e-07
      vertex 7.31813 9.98236 6.3
    endloop
  endfacet
  facet normal 0.946934 0.321429 0
    outer loop
      vertex 7.31813 9.98236 5.72205e-07
      vertex 7.40222 9.73463 6.3
      vertex 7.40222 9.73463 5.72205e-07
    endloop
  endfacet
  facet normal 0.980792 0.195058 0
    outer loop
      vertex 7.31813 9.98236 6.3
      vertex 7.26709 10.239 5.72205e-07
      vertex 7.26709 10.239 6.3
    endloop
  endfacet
  facet normal 0.980792 0.195058 0
    outer loop
      vertex 7.26709 10.239 5.72205e-07
      vertex 7.31813 9.98236 6.3
      vertex 7.31813 9.98236 5.72205e-07
    endloop
  endfacet
  facet normal 0.997858 0.0654151 0
    outer loop
      vertex 7.26709 10.239 6.3
      vertex 7.24998 10.5 5.72205e-07
      vertex 7.24998 10.5 6.3
    endloop
  endfacet
  facet normal 0.997858 0.0654151 0
    outer loop
      vertex 7.24998 10.5 5.72205e-07
      vertex 7.26709 10.239 6.3
      vertex 7.26709 10.239 5.72205e-07
    endloop
  endfacet
  facet normal 1 -0 0
    outer loop
      vertex 7.24998 10.5 6.3
      vertex 7.24998 90.5 5.72205e-07
      vertex 7.24998 90.5 6.3
    endloop
  endfacet
  facet normal 1 0 0
    outer loop
      vertex 7.24998 90.5 5.72205e-07
      vertex 7.24998 10.5 6.3
      vertex 7.24998 10.5 5.72205e-07
    endloop
  endfacet
  facet normal 0.997858 -0.0654151 0
    outer loop
      vertex 7.24998 90.5 6.3
      vertex 7.26709 90.761 5.72205e-07
      vertex 7.26709 90.761 6.3
    endloop
  endfacet
  facet normal 0.997858 -0.0654151 0
    outer loop
      vertex 7.26709 90.761 5.72205e-07
      vertex 7.24998 90.5 6.3
      vertex 7.24998 90.5 5.72205e-07
    endloop
  endfacet
  facet normal 0.980786 -0.195087 0
    outer loop
      vertex 7.26709 90.761 6.3
      vertex 7.31813 91.0176 5.72205e-07
      vertex 7.31813 91.0176 6.3
    endloop
  endfacet
  facet normal 0.980786 -0.195087 0
    outer loop
      vertex 7.31813 91.0176 5.72205e-07
      vertex 7.26709 90.761 6.3
      vertex 7.26709 90.761 5.72205e-07
    endloop
  endfacet
  facet normal 0.946961 -0.321348 0
    outer loop
      vertex 7.31813 91.0176 6.3
      vertex 7.40222 91.2654 5.72205e-07
      vertex 7.40222 91.2654 6.3
    endloop
  endfacet
  facet normal 0.946961 -0.321348 0
    outer loop
      vertex 7.40222 91.2654 5.72205e-07
      vertex 7.31813 91.0176 6.3
      vertex 7.31813 91.0176 5.72205e-07
    endloop
  endfacet
  facet normal 0.896845 -0.442344 0
    outer loop
      vertex 7.40222 91.2654 6.3
      vertex 7.51793 91.5 5.72205e-07
      vertex 7.51793 91.5 6.3
    endloop
  endfacet
  facet normal 0.896845 -0.442344 0
    outer loop
      vertex 7.51793 91.5 5.72205e-07
      vertex 7.40222 91.2654 6.3
      vertex 7.40222 91.2654 5.72205e-07
    endloop
  endfacet
  facet normal 0.831432 -0.555626 0
    outer loop
      vertex 7.51793 91.5 6.3
      vertex 7.66328 91.7175 5.72205e-07
      vertex 7.66328 91.7175 6.3
    endloop
  endfacet
  facet normal 0.831432 -0.555626 0
    outer loop
      vertex 7.66328 91.7175 5.72205e-07
      vertex 7.51793 91.5 6.3
      vertex 7.51793 91.5 5.72205e-07
    endloop
  endfacet
  facet normal 0.751861 -0.659321 0
    outer loop
      vertex 7.66328 91.7175 6.3
      vertex 7.83577 91.9142 5.72205e-07
      vertex 7.83577 91.9142 6.3
    endloop
  endfacet
  facet normal 0.751861 -0.659321 0
    outer loop
      vertex 7.83577 91.9142 5.72205e-07
      vertex 7.66328 91.7175 6.3
      vertex 7.66328 91.7175 5.72205e-07
    endloop
  endfacet
  facet normal 0.659362 -0.751826 0
    outer loop
      vertex 7.83577 91.9142 5.72205e-07
      vertex 8.03246 92.0867 6.3
      vertex 7.83577 91.9142 6.3
    endloop
  endfacet
  facet normal 0.659362 -0.751826 0
    outer loop
      vertex 8.03246 92.0867 6.3
      vertex 7.83577 91.9142 5.72205e-07
      vertex 8.03246 92.0867 5.72205e-07
    endloop
  endfacet
  facet normal 0.555723 -0.831368 0
    outer loop
      vertex 8.03246 92.0867 5.72205e-07
      vertex 8.24998 92.2321 6.3
      vertex 8.03246 92.0867 6.3
    endloop
  endfacet
  facet normal 0.555723 -0.831368 0
    outer loop
      vertex 8.24998 92.2321 6.3
      vertex 8.03246 92.0867 5.72205e-07
      vertex 8.24998 92.2321 5.72205e-07
    endloop
  endfacet
  facet normal 0.442253 -0.89689 0
    outer loop
      vertex 8.24998 92.2321 5.72205e-07
      vertex 8.48462 92.3478 6.3
      vertex 8.24998 92.2321 6.3
    endloop
  endfacet
  facet normal 0.442253 -0.89689 0
    outer loop
      vertex 8.48462 92.3478 6.3
      vertex 8.24998 92.2321 5.72205e-07
      vertex 8.48462 92.3478 5.72205e-07
    endloop
  endfacet
  facet normal 0.321463 -0.946922 0
    outer loop
      vertex 8.48462 92.3478 5.72205e-07
      vertex 8.73235 92.4319 6.3
      vertex 8.48462 92.3478 6.3
    endloop
  endfacet
  facet normal 0.321463 -0.946922 0
    outer loop
      vertex 8.73235 92.4319 6.3
      vertex 8.48462 92.3478 5.72205e-07
      vertex 8.73235 92.4319 5.72205e-07
    endloop
  endfacet
  facet normal 0.194947 -0.980814 0
    outer loop
      vertex 8.73235 92.4319 5.72205e-07
      vertex 8.98894 92.4829 6.3
      vertex 8.73235 92.4319 6.3
    endloop
  endfacet
  facet normal 0.194947 -0.980814 0
    outer loop
      vertex 8.98894 92.4829 6.3
      vertex 8.73235 92.4319 5.72205e-07
      vertex 8.98894 92.4829 5.72205e-07
    endloop
  endfacet
  facet normal 0.0653671 -0.997861 0
    outer loop
      vertex 8.98894 92.4829 5.72205e-07
      vertex 9.24998 92.5 6.3
      vertex 8.98894 92.4829 6.3
    endloop
  endfacet
  facet normal 0.0653671 -0.997861 0
    outer loop
      vertex 9.24998 92.5 6.3
      vertex 8.98894 92.4829 5.72205e-07
      vertex 9.24998 92.5 5.72205e-07
    endloop
  endfacet
  facet normal 0 -1 0
    outer loop
      vertex 9.24998 92.5 5.72205e-07
      vertex 155.25 92.5 6.3
      vertex 9.24998 92.5 6.3
    endloop
  endfacet
  facet normal 0 -1 -0
    outer loop
      vertex 155.25 92.5 6.3
      vertex 9.24998 92.5 5.72205e-07
      vertex 155.25 92.5 5.72205e-07
    endloop
  endfacet
  facet normal -0.0653771 -0.997861 0
    outer loop
      vertex 155.25 92.5 5.72205e-07
      vertex 155.511 92.4829 6.3
      vertex 155.25 92.5 6.3
    endloop
  endfacet
  facet normal -0.0653771 -0.997861 -0
    outer loop
      vertex 155.511 92.4829 6.3
      vertex 155.25 92.5 5.72205e-07
      vertex 155.511 92.4829 5.72205e-07
    endloop
  endfacet
  facet normal -0.194648 -0.980873 0
    outer loop
      vertex 155.511 92.4829 5.72205e-07
      vertex 155.768 92.4319 6.3
      vertex 155.511 92.4829 6.3
    endloop
  endfacet
  facet normal -0.194648 -0.980873 -0
    outer loop
      vertex 155.768 92.4319 6.3
      vertex 155.511 92.4829 5.72205e-07
      vertex 155.768 92.4319 5.72205e-07
    endloop
  endfacet
  facet normal -0.322315 -0.946632 0
    outer loop
      vertex 155.768 92.4319 5.72205e-07
      vertex 156.015 92.3478 6.3
      vertex 155.768 92.4319 6.3
    endloop
  endfacet
  facet normal -0.322315 -0.946632 -0
    outer loop
      vertex 156.015 92.3478 6.3
      vertex 155.768 92.4319 5.72205e-07
      vertex 156.015 92.3478 5.72205e-07
    endloop
  endfacet
  facet normal -0.441708 -0.897159 0
    outer loop
      vertex 156.015 92.3478 5.72205e-07
      vertex 156.25 92.2321 6.3
      vertex 156.015 92.3478 6.3
    endloop
  endfacet
  facet normal -0.441708 -0.897159 -0
    outer loop
      vertex 156.25 92.2321 6.3
      vertex 156.015 92.3478 5.72205e-07
      vertex 156.25 92.2321 5.72205e-07
    endloop
  endfacet
  facet normal -0.554876 -0.831933 0
    outer loop
      vertex 156.25 92.2321 5.72205e-07
      vertex 156.468 92.0867 6.3
      vertex 156.25 92.2321 6.3
    endloop
  endfacet
  facet normal -0.554876 -0.831933 -0
    outer loop
      vertex 156.468 92.0867 6.3
      vertex 156.25 92.2321 5.72205e-07
      vertex 156.468 92.0867 5.72205e-07
    endloop
  endfacet
  facet normal -0.660671 -0.750676 0
    outer loop
      vertex 156.468 92.0867 5.72205e-07
      vertex 156.664 91.9142 6.3
      vertex 156.468 92.0867 6.3
    endloop
  endfacet
  facet normal -0.660671 -0.750676 -0
    outer loop
      vertex 156.664 91.9142 6.3
      vertex 156.468 92.0867 5.72205e-07
      vertex 156.664 91.9142 5.72205e-07
    endloop
  endfacet
  facet normal -0.750895 -0.660421 0
    outer loop
      vertex 156.837 91.7175 5.72205e-07
      vertex 156.664 91.9142 6.3
      vertex 156.664 91.9142 5.72205e-07
    endloop
  endfacet
  facet normal -0.750895 -0.660421 0
    outer loop
      vertex 156.664 91.9142 6.3
      vertex 156.837 91.7175 5.72205e-07
      vertex 156.837 91.7175 6.3
    endloop
  endfacet
  facet normal -0.83205 -0.5547 0
    outer loop
      vertex 156.982 91.5 5.72205e-07
      vertex 156.837 91.7175 6.3
      vertex 156.837 91.7175 5.72205e-07
    endloop
  endfacet
  facet normal -0.83205 -0.5547 0
    outer loop
      vertex 156.837 91.7175 6.3
      vertex 156.982 91.5 5.72205e-07
      vertex 156.982 91.5 6.3
    endloop
  endfacet
  facet normal -0.896405 -0.443235 0
    outer loop
      vertex 157.098 91.2654 5.72205e-07
      vertex 156.982 91.5 6.3
      vertex 156.982 91.5 5.72205e-07
    endloop
  endfacet
  facet normal -0.896405 -0.443235 0
    outer loop
      vertex 156.982 91.5 6.3
      vertex 157.098 91.2654 5.72205e-07
      vertex 157.098 91.2654 6.3
    endloop
  endfacet
  facet normal -0.947066 -0.321039 0
    outer loop
      vertex 157.182 91.0176 5.72205e-07
      vertex 157.098 91.2654 6.3
      vertex 157.098 91.2654 5.72205e-07
    endloop
  endfacet
  facet normal -0.947066 -0.321039 0
    outer loop
      vertex 157.098 91.2654 6.3
      vertex 157.182 91.0176 5.72205e-07
      vertex 157.182 91.0176 6.3
    endloop
  endfacet
  facet normal -0.980815 -0.19494 0
    outer loop
      vertex 157.233 90.761 5.72205e-07
      vertex 157.182 91.0176 6.3
      vertex 157.182 91.0176 5.72205e-07
    endloop
  endfacet
  facet normal -0.980815 -0.19494 0
    outer loop
      vertex 157.182 91.0176 6.3
      vertex 157.233 90.761 5.72205e-07
      vertex 157.233 90.761 6.3
    endloop
  endfacet
  facet normal -0.997886 -0.0649964 0
    outer loop
      vertex 157.25 90.5 5.72205e-07
      vertex 157.233 90.761 6.3
      vertex 157.233 90.761 5.72205e-07
    endloop
  endfacet
  facet normal -0.997886 -0.0649964 0
    outer loop
      vertex 157.233 90.761 6.3
      vertex 157.25 90.5 5.72205e-07
      vertex 157.25 90.5 6.3
    endloop
  endfacet
  facet normal -1 0 0
    outer loop
      vertex 157.25 10.5 5.72205e-07
      vertex 157.25 90.5 6.3
      vertex 157.25 90.5 5.72205e-07
    endloop
  endfacet
  facet normal -1 -0 0
    outer loop
      vertex 157.25 90.5 6.3
      vertex 157.25 10.5 5.72205e-07
      vertex 157.25 10.5 6.3
    endloop
  endfacet
  facet normal -0.997886 0.0649964 0
    outer loop
      vertex 157.233 10.239 5.72205e-07
      vertex 157.25 10.5 6.3
      vertex 157.25 10.5 5.72205e-07
    endloop
  endfacet
  facet normal -0.997886 0.0649964 0
    outer loop
      vertex 157.25 10.5 6.3
      vertex 157.233 10.239 5.72205e-07
      vertex 157.233 10.239 6.3
    endloop
  endfacet
  facet normal -0.980821 0.194911 0
    outer loop
      vertex 157.182 9.98236 5.72205e-07
      vertex 157.233 10.239 6.3
      vertex 157.233 10.239 5.72205e-07
    endloop
  endfacet
  facet normal -0.980821 0.194911 0
    outer loop
      vertex 157.233 10.239 6.3
      vertex 157.182 9.98236 5.72205e-07
      vertex 157.182 9.98236 6.3
    endloop
  endfacet
  facet normal -0.947038 0.321121 0
    outer loop
      vertex 157.098 9.73463 5.72205e-07
      vertex 157.182 9.98236 6.3
      vertex 157.182 9.98236 5.72205e-07
    endloop
  endfacet
  facet normal -0.947038 0.321121 0
    outer loop
      vertex 157.182 9.98236 6.3
      vertex 157.098 9.73463 5.72205e-07
      vertex 157.098 9.73463 6.3
    endloop
  endfacet
  facet normal -0.896428 0.44319 0
    outer loop
      vertex 156.982 9.5 5.72205e-07
      vertex 157.098 9.73463 6.3
      vertex 157.098 9.73463 5.72205e-07
    endloop
  endfacet
  facet normal -0.896428 0.44319 0
    outer loop
      vertex 157.098 9.73463 6.3
      vertex 156.982 9.5 5.72205e-07
      vertex 156.982 9.5 6.3
    endloop
  endfacet
  facet normal -0.832086 0.554647 0
    outer loop
      vertex 156.837 9.28247 5.72205e-07
      vertex 156.982 9.5 6.3
      vertex 156.982 9.5 5.72205e-07
    endloop
  endfacet
  facet normal -0.832086 0.554647 0
    outer loop
      vertex 156.982 9.5 6.3
      vertex 156.837 9.28247 5.72205e-07
      vertex 156.837 9.28247 6.3
    endloop
  endfacet
  facet normal -0.750879 0.66044 0
    outer loop
      vertex 156.664 9.08578 5.72205e-07
      vertex 156.837 9.28247 6.3
      vertex 156.837 9.28247 5.72205e-07
    endloop
  endfacet
  facet normal -0.750879 0.66044 0
    outer loop
      vertex 156.837 9.28247 6.3
      vertex 156.664 9.08578 5.72205e-07
      vertex 156.664 9.08578 6.3
    endloop
  endfacet
  facet normal -0.660628 0.750714 0
    outer loop
      vertex 156.664 9.08578 5.72205e-07
      vertex 156.468 8.9133 6.3
      vertex 156.664 9.08578 6.3
    endloop
  endfacet
  facet normal -0.660628 0.750714 0
    outer loop
      vertex 156.468 8.9133 6.3
      vertex 156.664 9.08578 5.72205e-07
      vertex 156.468 8.9133 5.72205e-07
    endloop
  endfacet
  facet normal -0.554771 0.832003 0
    outer loop
      vertex 156.468 8.9133 5.72205e-07
      vertex 156.25 8.76794 6.3
      vertex 156.468 8.9133 6.3
    endloop
  endfacet
  facet normal -0.554771 0.832003 0
    outer loop
      vertex 156.25 8.76794 6.3
      vertex 156.468 8.9133 5.72205e-07
      vertex 156.25 8.76794 5.72205e-07
    endloop
  endfacet
  facet normal -0.441708 0.897159 0
    outer loop
      vertex 156.25 8.76794 5.72205e-07
      vertex 156.015 8.65224 6.3
      vertex 156.25 8.76794 6.3
    endloop
  endfacet
  facet normal -0.441708 0.897159 0
    outer loop
      vertex 156.015 8.65224 6.3
      vertex 156.25 8.76794 5.72205e-07
      vertex 156.015 8.65224 5.72205e-07
    endloop
  endfacet
  facet normal -0.322281 0.946644 0
    outer loop
      vertex 156.015 8.65224 5.72205e-07
      vertex 155.768 8.56815 6.3
      vertex 156.015 8.65224 6.3
    endloop
  endfacet
  facet normal -0.322281 0.946644 0
    outer loop
      vertex 155.768 8.56815 6.3
      vertex 156.015 8.65224 5.72205e-07
      vertex 155.768 8.56815 5.72205e-07
    endloop
  endfacet
  facet normal -0.194795 0.980844 0
    outer loop
      vertex 155.768 8.56815 5.72205e-07
      vertex 155.511 8.51711 6.3
      vertex 155.768 8.56815 6.3
    endloop
  endfacet
  facet normal -0.194795 0.980844 0
    outer loop
      vertex 155.511 8.51711 6.3
      vertex 155.768 8.56815 5.72205e-07
      vertex 155.511 8.51711 5.72205e-07
    endloop
  endfacet
  facet normal -0.0654151 0.997858 0
    outer loop
      vertex 155.511 8.51711 5.72205e-07
      vertex 155.25 8.5 6.3
      vertex 155.511 8.51711 6.3
    endloop
  endfacet
  facet normal -0.0654151 0.997858 0
    outer loop
      vertex 155.25 8.5 6.3
      vertex 155.511 8.51711 5.72205e-07
      vertex 155.25 8.5 5.72205e-07
    endloop
  endfacet
  facet normal 0 1 -0
    outer loop
      vertex 155.25 8.5 5.72205e-07
      vertex 9.24998 8.5 6.3
      vertex 155.25 8.5 6.3
    endloop
  endfacet
  facet normal 0 1 0
    outer loop
      vertex 9.24998 8.5 6.3
      vertex 155.25 8.5 5.72205e-07
      vertex 9.24998 8.5 5.72205e-07
    endloop
  endfacet
  facet normal -0 0 1
    outer loop
      vertex 4.99828 63.9739 6.3
      vertex 4.99998 28 6.3
      vertex 4.99998 64 6.3
    endloop
  endfacet
  facet normal 0 0 1
    outer loop
      vertex 4.99828 63.9739 6.3
      vertex 4.99828 28.0261 6.3
      vertex 4.99998 28 6.3
    endloop
  endfacet
  facet normal -0 0 1
    outer loop
      vertex 4.99318 63.9482 6.3
      vertex 4.99828 28.0261 6.3
      vertex 4.99828 63.9739 6.3
    endloop
  endfacet
  facet normal 0 0 1
    outer loop
      vertex 4.99318 63.9482 6.3
      vertex 4.99318 28.0518 6.3
      vertex 4.99828 28.0261 6.3
    endloop
  endfacet
  facet normal -0 0 1
    outer loop
      vertex 4.98476 63.9235 6.3
      vertex 4.99318 28.0518 6.3
      vertex 4.99318 63.9482 6.3
    endloop
  endfacet
  facet normal 0 0 1
    outer loop
      vertex 4.98476 63.9235 6.3
      vertex 4.98476 28.0765 6.3
      vertex 4.99318 28.0518 6.3
    endloop
  endfacet
  facet normal -0 0 1
    outer loop
      vertex 4.97319 63.9 6.3
      vertex 4.98476 28.0765 6.3
      vertex 4.98476 63.9235 6.3
    endloop
  endfacet
  facet normal 0 0 1
    outer loop
      vertex 4.97319 63.9 6.3
      vertex 4.97319 28.1 6.3
      vertex 4.98476 28.0765 6.3
    endloop
  endfacet
  facet normal -0 0 1
    outer loop
      vertex 4.95866 63.8783 6.3
      vertex 4.97319 28.1 6.3
      vertex 4.97319 63.9 6.3
    endloop
  endfacet
  facet normal 0 0 1
    outer loop
      vertex 4.95866 63.8783 6.3
      vertex 4.95866 28.1217 6.3
      vertex 4.97319 28.1 6.3
    endloop
  endfacet
  facet normal -0 0 1
    outer loop
      vertex 4.94141 63.8586 6.3
      vertex 4.95866 28.1217 6.3
      vertex 4.95866 63.8783 6.3
    endloop
  endfacet
  facet normal 0 0 1
    outer loop
      vertex 4.94141 63.8586 6.3
      vertex 4.94141 28.1414 6.3
      vertex 4.95866 28.1217 6.3
    endloop
  endfacet
  facet normal -0 0 1
    outer loop
      vertex 4.92174 63.8413 6.3
      vertex 4.94141 28.1414 6.3
      vertex 4.94141 63.8586 6.3
    endloop
  endfacet
  facet normal 0 0 1
    outer loop
      vertex 4.92174 63.8413 6.3
      vertex 4.92174 28.1587 6.3
      vertex 4.94141 28.1414 6.3
    endloop
  endfacet
  facet normal -0 0 1
    outer loop
      vertex 4.89999 63.8268 6.3
      vertex 4.92174 28.1587 6.3
      vertex 4.92174 63.8413 6.3
    endloop
  endfacet
  facet normal 0 0 1
    outer loop
      vertex 4.89999 63.8268 6.3
      vertex 4.89999 28.1732 6.3
      vertex 4.92174 28.1587 6.3
    endloop
  endfacet
  facet normal -0 0 1
    outer loop
      vertex 4.87653 63.8152 6.3
      vertex 4.89999 28.1732 6.3
      vertex 4.89999 63.8268 6.3
    endloop
  endfacet
  facet normal 0 0 1
    outer loop
      vertex 4.87653 63.8152 6.3
      vertex 4.87653 28.1848 6.3
      vertex 4.89999 28.1732 6.3
    endloop
  endfacet
  facet normal -0 0 1
    outer loop
      vertex 4.85175 63.8068 6.3
      vertex 4.87653 28.1848 6.3
      vertex 4.87653 63.8152 6.3
    endloop
  endfacet
  facet normal 0 0 1
    outer loop
      vertex 4.85175 63.8068 6.3
      vertex 4.85175 28.1932 6.3
      vertex 4.87653 28.1848 6.3
    endloop
  endfacet
  facet normal -0 0 1
    outer loop
      vertex 4.8261 63.8017 6.3
      vertex 4.85175 28.1932 6.3
      vertex 4.85175 63.8068 6.3
    endloop
  endfacet
  facet normal 0 0 1
    outer loop
      vertex 4.8261 63.8017 6.3
      vertex 4.8261 28.1983 6.3
      vertex 4.85175 28.1932 6.3
    endloop
  endfacet
  facet normal -0 0 1
    outer loop
      vertex 4.79999 63.8 6.3
      vertex 4.8261 28.1983 6.3
      vertex 4.8261 63.8017 6.3
    endloop
  endfacet
  facet normal 0 0 1
    outer loop
      vertex 4.79999 63.8 6.3
      vertex 4.79999 28.2 6.3
      vertex 4.8261 28.1983 6.3
    endloop
  endfacet
  facet normal -0 0 1
    outer loop
      vertex 0 63.8 6.3
      vertex 4.79999 28.2 6.3
      vertex 4.79999 63.8 6.3
    endloop
  endfacet
  facet normal 0 0 1
    outer loop
      vertex 4.79999 28.2 6.3
      vertex 0 63.8 6.3
      vertex 0 28.2 6.3
    endloop
  endfacet
  facet normal 0 0 1
    outer loop
      vertex 102.45 98 6.3
      vertex 7.74998 94 6.3
      vertex 102.45 94 6.3
    endloop
  endfacet
  facet normal 0 0 1
    outer loop
      vertex 4.99998 64 6.3
      vertex 5.74998 92 6.3
      vertex 4.99998 76 6.3
    endloop
  endfacet
  facet normal 0 0 1
    outer loop
      vertex 5.74998 92 6.3
      vertex 4.99828 76.0261 6.3
      vertex 4.99998 76 6.3
    endloop
  endfacet
  facet normal 0 0 1
    outer loop
      vertex 5.74998 92 6.3
      vertex 4.99318 76.0518 6.3
      vertex 4.99828 76.0261 6.3
    endloop
  endfacet
  facet normal 0 0 1
    outer loop
      vertex 5.74998 92 6.3
      vertex 4.98476 76.0765 6.3
      vertex 4.99318 76.0518 6.3
    endloop
  endfacet
  facet normal 0 0 1
    outer loop
      vertex 5.74998 92 6.3
      vertex 4.97319 76.1 6.3
      vertex 4.98476 76.0765 6.3
    endloop
  endfacet
  facet normal 0 0 1
    outer loop
      vertex 5.74998 92 6.3
      vertex 4.95866 76.1217 6.3
      vertex 4.97319 76.1 6.3
    endloop
  endfacet
  facet normal 0 0 1
    outer loop
      vertex 5.74998 92 6.3
      vertex 4.94141 76.1414 6.3
      vertex 4.95866 76.1217 6.3
    endloop
  endfacet
  facet normal 0 0 1
    outer loop
      vertex 5.74998 92 6.3
      vertex 4.92174 76.1587 6.3
      vertex 4.94141 76.1414 6.3
    endloop
  endfacet
  facet normal 0 0 1
    outer loop
      vertex 5.74998 92 6.3
      vertex 4.89999 76.1732 6.3
      vertex 4.92174 76.1587 6.3
    endloop
  endfacet
  facet normal 0 0 1
    outer loop
      vertex 5.74998 92 6.3
      vertex 4.87653 76.1848 6.3
      vertex 4.89999 76.1732 6.3
    endloop
  endfacet
  facet normal 0 0 1
    outer loop
      vertex 5.74998 92 6.3
      vertex 4.85175 76.1932 6.3
      vertex 4.87653 76.1848 6.3
    endloop
  endfacet
  facet normal 0 0 1
    outer loop
      vertex 5.74998 92 6.3
      vertex 4.8261 76.1983 6.3
      vertex 4.85175 76.1932 6.3
    endloop
  endfacet
  facet normal 0 0 1
    outer loop
      vertex 5.74998 92 6.3
      vertex 4.79999 76.2 6.3
      vertex 4.8261 76.1983 6.3
    endloop
  endfacet
  facet normal -0 0 1
    outer loop
      vertex 2 98 6.3
      vertex 7.74998 94 6.3
      vertex 102.45 98 6.3
    endloop
  endfacet
  facet normal 0 0 1
    outer loop
      vertex 2 98 6.3
      vertex 7.48894 93.9829 6.3
      vertex 7.74998 94 6.3
    endloop
  endfacet
  facet normal 0 0 1
    outer loop
      vertex 2 98 6.3
      vertex 7.23235 93.9319 6.3
      vertex 7.48894 93.9829 6.3
    endloop
  endfacet
  facet normal 0 0 1
    outer loop
      vertex 2 98 6.3
      vertex 6.98462 93.8478 6.3
      vertex 7.23235 93.9319 6.3
    endloop
  endfacet
  facet normal 0 0 1
    outer loop
      vertex 2 98 6.3
      vertex 6.74998 93.7321 6.3
      vertex 6.98462 93.8478 6.3
    endloop
  endfacet
  facet normal 0 0 1
    outer loop
      vertex 2 98 6.3
      vertex 6.53246 93.5867 6.3
      vertex 6.74998 93.7321 6.3
    endloop
  endfacet
  facet normal 0 0 1
    outer loop
      vertex 2 98 6.3
      vertex 6.33577 93.4142 6.3
      vertex 6.53246 93.5867 6.3
    endloop
  endfacet
  facet normal 0 0 1
    outer loop
      vertex 2 98 6.3
      vertex 6.16328 93.2175 6.3
      vertex 6.33577 93.4142 6.3
    endloop
  endfacet
  facet normal 0 0 1
    outer loop
      vertex 2 98 6.3
      vertex 6.01793 93 6.3
      vertex 6.16328 93.2175 6.3
    endloop
  endfacet
  facet normal -0 0 1
    outer loop
      vertex 0 96 6.3
      vertex 6.01793 93 6.3
      vertex 2 98 6.3
    endloop
  endfacet
  facet normal 0 0 1
    outer loop
      vertex 6.01793 93 6.3
      vertex 0 96 6.3
      vertex 5.90222 92.7654 6.3
    endloop
  endfacet
  facet normal 0 0 1
    outer loop
      vertex 5.90222 92.7654 6.3
      vertex 0 96 6.3
      vertex 5.81813 92.5176 6.3
    endloop
  endfacet
  facet normal 0 0 1
    outer loop
      vertex 5.81813 92.5176 6.3
      vertex 0 96 6.3
      vertex 5.76709 92.261 6.3
    endloop
  endfacet
  facet normal 0 0 1
    outer loop
      vertex 5.76709 92.261 6.3
      vertex 0 96 6.3
      vertex 5.74998 92 6.3
    endloop
  endfacet
  facet normal 0 0 1
    outer loop
      vertex 0 96 6.3
      vertex 2 98 6.3
      vertex 1.73895 97.9829 6.3
    endloop
  endfacet
  facet normal 0 0 1
    outer loop
      vertex 0 96 6.3
      vertex 1.73895 97.9829 6.3
      vertex 1.48236 97.9319 6.3
    endloop
  endfacet
  facet normal 0 0 1
    outer loop
      vertex 0 96 6.3
      vertex 1.48236 97.9319 6.3
      vertex 1.23463 97.8478 6.3
    endloop
  endfacet
  facet normal 0 0 1
    outer loop
      vertex 0 96 6.3
      vertex 1.23463 97.8478 6.3
      vertex 1 97.7321 6.3
    endloop
  endfacet
  facet normal 0 0 1
    outer loop
      vertex 0 96 6.3
      vertex 1 97.7321 6.3
      vertex 0.782471 97.5867 6.3
    endloop
  endfacet
  facet normal 0 0 1
    outer loop
      vertex 0 96 6.3
      vertex 0.782471 97.5867 6.3
      vertex 0.585785 97.4142 6.3
    endloop
  endfacet
  facet normal 0 0 1
    outer loop
      vertex 0 96 6.3
      vertex 0.585785 97.4142 6.3
      vertex 0.4133 97.2175 6.3
    endloop
  endfacet
  facet normal 0 0 1
    outer loop
      vertex 0 96 6.3
      vertex 0.4133 97.2175 6.3
      vertex 0.267944 97 6.3
    endloop
  endfacet
  facet normal 0 0 1
    outer loop
      vertex 0 96 6.3
      vertex 0.267944 97 6.3
      vertex 0.152237 96.7654 6.3
    endloop
  endfacet
  facet normal 0 0 1
    outer loop
      vertex 0 96 6.3
      vertex 0.152237 96.7654 6.3
      vertex 0.0681458 96.5176 6.3
    endloop
  endfacet
  facet normal 0 0 1
    outer loop
      vertex 0 96 6.3
      vertex 0.0681458 96.5176 6.3
      vertex 0.0171051 96.261 6.3
    endloop
  endfacet
  facet normal 0 0 1
    outer loop
      vertex 0 76.2 6.3
      vertex 5.74998 92 6.3
      vertex 0 96 6.3
    endloop
  endfacet
  facet normal 0 0 1
    outer loop
      vertex 5.74998 92 6.3
      vertex 0 76.2 6.3
      vertex 4.79999 76.2 6.3
    endloop
  endfacet
  facet normal 0 0 1
    outer loop
      vertex 162.5 98 6.3
      vertex 164.5 96 6.3
      vertex 164.483 96.261 6.3
    endloop
  endfacet
  facet normal 0 0 1
    outer loop
      vertex 162.5 98 6.3
      vertex 164.483 96.261 6.3
      vertex 164.432 96.5176 6.3
    endloop
  endfacet
  facet normal 0 0 1
    outer loop
      vertex 162.5 98 6.3
      vertex 164.432 96.5176 6.3
      vertex 164.348 96.7654 6.3
    endloop
  endfacet
  facet normal 0 0 1
    outer loop
      vertex 162.5 98 6.3
      vertex 164.348 96.7654 6.3
      vertex 164.232 97 6.3
    endloop
  endfacet
  facet normal 0 0 1
    outer loop
      vertex 162.5 98 6.3
      vertex 164.232 97 6.3
      vertex 164.087 97.2175 6.3
    endloop
  endfacet
  facet normal 0 0 1
    outer loop
      vertex 162.5 98 6.3
      vertex 164.087 97.2175 6.3
      vertex 163.914 97.4142 6.3
    endloop
  endfacet
  facet normal 0 0 1
    outer loop
      vertex 162.5 98 6.3
      vertex 163.914 97.4142 6.3
      vertex 163.718 97.5867 6.3
    endloop
  endfacet
  facet normal 0 0 1
    outer loop
      vertex 162.5 98 6.3
      vertex 163.718 97.5867 6.3
      vertex 163.5 97.7321 6.3
    endloop
  endfacet
  facet normal 0 0 1
    outer loop
      vertex 162.5 98 6.3
      vertex 163.5 97.7321 6.3
      vertex 163.265 97.8478 6.3
    endloop
  endfacet
  facet normal 0 0 1
    outer loop
      vertex 162.5 98 6.3
      vertex 163.265 97.8478 6.3
      vertex 163.018 97.9319 6.3
    endloop
  endfacet
  facet normal 0 0 1
    outer loop
      vertex 162.5 98 6.3
      vertex 163.018 97.9319 6.3
      vertex 162.761 97.9829 6.3
    endloop
  endfacet
  facet normal 0 0 1
    outer loop
      vertex 164.5 96 6.3
      vertex 162.5 98 6.3
      vertex 158.482 93 6.3
    endloop
  endfacet
  facet normal 0 0 1
    outer loop
      vertex 164.5 96 6.3
      vertex 158.75 92 6.3
      vertex 164.5 76.2 6.3
    endloop
  endfacet
  facet normal 0 0 1
    outer loop
      vertex 164.5 76.2 6.3
      vertex 158.75 92 6.3
      vertex 159.7 76.2 6.3
    endloop
  endfacet
  facet normal 0 0 1
    outer loop
      vertex 159.7 76.2 6.3
      vertex 158.75 92 6.3
      vertex 159.674 76.1983 6.3
    endloop
  endfacet
  facet normal 0 0 1
    outer loop
      vertex 159.674 76.1983 6.3
      vertex 158.75 92 6.3
      vertex 159.648 76.1932 6.3
    endloop
  endfacet
  facet normal 0 0 1
    outer loop
      vertex 159.648 76.1932 6.3
      vertex 158.75 92 6.3
      vertex 159.623 76.1848 6.3
    endloop
  endfacet
  facet normal 0 0 1
    outer loop
      vertex 159.623 76.1848 6.3
      vertex 158.75 92 6.3
      vertex 159.6 76.1732 6.3
    endloop
  endfacet
  facet normal 0 0 1
    outer loop
      vertex 159.6 76.1732 6.3
      vertex 158.75 92 6.3
      vertex 159.578 76.1587 6.3
    endloop
  endfacet
  facet normal 0 0 1
    outer loop
      vertex 159.578 76.1587 6.3
      vertex 158.75 92 6.3
      vertex 159.559 76.1414 6.3
    endloop
  endfacet
  facet normal 0 0 1
    outer loop
      vertex 159.559 76.1414 6.3
      vertex 158.75 92 6.3
      vertex 159.541 76.1217 6.3
    endloop
  endfacet
  facet normal 0 0 1
    outer loop
      vertex 159.541 76.1217 6.3
      vertex 158.75 92 6.3
      vertex 159.527 76.1 6.3
    endloop
  endfacet
  facet normal 0 0 1
    outer loop
      vertex 159.527 76.1 6.3
      vertex 158.75 92 6.3
      vertex 159.515 76.0765 6.3
    endloop
  endfacet
  facet normal 0 0 1
    outer loop
      vertex 159.515 76.0765 6.3
      vertex 158.75 92 6.3
      vertex 159.507 76.0518 6.3
    endloop
  endfacet
  facet normal 0 0 1
    outer loop
      vertex 158.75 92 6.3
      vertex 159.5 64 6.3
      vertex 159.5 76 6.3
    endloop
  endfacet
  facet normal 0 0 1
    outer loop
      vertex 159.5 64 6.3
      vertex 158.75 9 6.3
      vertex 159.5 28 6.3
    endloop
  endfacet
  facet normal 0 0 1
    outer loop
      vertex 159.5 64 6.3
      vertex 158.75 92 6.3
      vertex 158.75 9 6.3
    endloop
  endfacet
  facet normal 0 0 1
    outer loop
      vertex 159.502 76.0261 6.3
      vertex 158.75 92 6.3
      vertex 159.5 76 6.3
    endloop
  endfacet
  facet normal 0 0 1
    outer loop
      vertex 159.507 76.0518 6.3
      vertex 158.75 92 6.3
      vertex 159.502 76.0261 6.3
    endloop
  endfacet
  facet normal 0 0 1
    outer loop
      vertex 164.5 96 6.3
      vertex 158.733 92.261 6.3
      vertex 158.75 92 6.3
    endloop
  endfacet
  facet normal 0 0 1
    outer loop
      vertex 164.5 96 6.3
      vertex 158.682 92.5176 6.3
      vertex 158.733 92.261 6.3
    endloop
  endfacet
  facet normal 0 0 1
    outer loop
      vertex 164.5 96 6.3
      vertex 158.598 92.7654 6.3
      vertex 158.682 92.5176 6.3
    endloop
  endfacet
  facet normal 0 0 1
    outer loop
      vertex 164.5 96 6.3
      vertex 158.482 93 6.3
      vertex 158.598 92.7654 6.3
    endloop
  endfacet
  facet normal 0 0 1
    outer loop
      vertex 162.5 98 6.3
      vertex 158.337 93.2175 6.3
      vertex 158.482 93 6.3
    endloop
  endfacet
  facet normal 0 0 1
    outer loop
      vertex 162.5 98 6.3
      vertex 158.164 93.4142 6.3
      vertex 158.337 93.2175 6.3
    endloop
  endfacet
  facet normal 0 0 1
    outer loop
      vertex 162.5 98 6.3
      vertex 157.968 93.5867 6.3
      vertex 158.164 93.4142 6.3
    endloop
  endfacet
  facet normal 0 0 1
    outer loop
      vertex 162.5 98 6.3
      vertex 157.75 93.7321 6.3
      vertex 157.968 93.5867 6.3
    endloop
  endfacet
  facet normal 0 0 1
    outer loop
      vertex 162.5 98 6.3
      vertex 157.515 93.8478 6.3
      vertex 157.75 93.7321 6.3
    endloop
  endfacet
  facet normal 0 0 1
    outer loop
      vertex 162.5 98 6.3
      vertex 157.268 93.9319 6.3
      vertex 157.515 93.8478 6.3
    endloop
  endfacet
  facet normal 0 0 1
    outer loop
      vertex 162.5 98 6.3
      vertex 157.011 93.9829 6.3
      vertex 157.268 93.9319 6.3
    endloop
  endfacet
  facet normal 0 0 1
    outer loop
      vertex 162.5 98 6.3
      vertex 156.75 94 6.3
      vertex 157.011 93.9829 6.3
    endloop
  endfacet
  facet normal -0 0 1
    outer loop
      vertex 110.45 98 6.3
      vertex 156.75 94 6.3
      vertex 162.5 98 6.3
    endloop
  endfacet
  facet normal 0 0 1
    outer loop
      vertex 156.75 94 6.3
      vertex 110.45 98 6.3
      vertex 110.45 94 6.3
    endloop
  endfacet
  facet normal -0 0 1
    outer loop
      vertex 159.7 63.8 6.3
      vertex 164.5 28.2 6.3
      vertex 164.5 63.8 6.3
    endloop
  endfacet
  facet normal 0 0 1
    outer loop
      vertex 159.7 63.8 6.3
      vertex 159.7 28.2 6.3
      vertex 164.5 28.2 6.3
    endloop
  endfacet
  facet normal 0 0 1
    outer loop
      vertex 159.674 63.8017 6.3
      vertex 159.7 28.2 6.3
      vertex 159.7 63.8 6.3
    endloop
  endfacet
  facet normal 0 0 1
    outer loop
      vertex 159.674 63.8017 6.3
      vertex 159.674 28.1983 6.3
      vertex 159.7 28.2 6.3
    endloop
  endfacet
  facet normal 0 0 1
    outer loop
      vertex 159.648 63.8068 6.3
      vertex 159.674 28.1983 6.3
      vertex 159.674 63.8017 6.3
    endloop
  endfacet
  facet normal 0 0 1
    outer loop
      vertex 159.648 63.8068 6.3
      vertex 159.648 28.1932 6.3
      vertex 159.674 28.1983 6.3
    endloop
  endfacet
  facet normal 0 0 1
    outer loop
      vertex 159.623 63.8152 6.3
      vertex 159.648 28.1932 6.3
      vertex 159.648 63.8068 6.3
    endloop
  endfacet
  facet normal 0 0 1
    outer loop
      vertex 159.623 63.8152 6.3
      vertex 159.623 28.1848 6.3
      vertex 159.648 28.1932 6.3
    endloop
  endfacet
  facet normal 0 0 1
    outer loop
      vertex 159.6 63.8268 6.3
      vertex 159.623 28.1848 6.3
      vertex 159.623 63.8152 6.3
    endloop
  endfacet
  facet normal 0 0 1
    outer loop
      vertex 159.6 63.8268 6.3
      vertex 159.6 28.1732 6.3
      vertex 159.623 28.1848 6.3
    endloop
  endfacet
  facet normal 0 0 1
    outer loop
      vertex 159.578 63.8413 6.3
      vertex 159.6 28.1732 6.3
      vertex 159.6 63.8268 6.3
    endloop
  endfacet
  facet normal 0 0 1
    outer loop
      vertex 159.578 63.8413 6.3
      vertex 159.578 28.1587 6.3
      vertex 159.6 28.1732 6.3
    endloop
  endfacet
  facet normal 0 0 1
    outer loop
      vertex 159.559 63.8586 6.3
      vertex 159.578 28.1587 6.3
      vertex 159.578 63.8413 6.3
    endloop
  endfacet
  facet normal 0 0 1
    outer loop
      vertex 159.559 63.8586 6.3
      vertex 159.559 28.1414 6.3
      vertex 159.578 28.1587 6.3
    endloop
  endfacet
  facet normal 0 0 1
    outer loop
      vertex 159.541 63.8783 6.3
      vertex 159.559 28.1414 6.3
      vertex 159.559 63.8586 6.3
    endloop
  endfacet
  facet normal 0 0 1
    outer loop
      vertex 159.541 63.8783 6.3
      vertex 159.541 28.1217 6.3
      vertex 159.559 28.1414 6.3
    endloop
  endfacet
  facet normal 0 0 1
    outer loop
      vertex 159.527 63.9 6.3
      vertex 159.541 28.1217 6.3
      vertex 159.541 63.8783 6.3
    endloop
  endfacet
  facet normal 0 0 1
    outer loop
      vertex 159.527 63.9 6.3
      vertex 159.527 28.1 6.3
      vertex 159.541 28.1217 6.3
    endloop
  endfacet
  facet normal 0 0 1
    outer loop
      vertex 159.515 63.9235 6.3
      vertex 159.527 28.1 6.3
      vertex 159.527 63.9 6.3
    endloop
  endfacet
  facet normal 0 0 1
    outer loop
      vertex 159.515 63.9235 6.3
      vertex 159.515 28.0765 6.3
      vertex 159.527 28.1 6.3
    endloop
  endfacet
  facet normal 0 0 1
    outer loop
      vertex 159.507 63.9482 6.3
      vertex 159.515 28.0765 6.3
      vertex 159.515 63.9235 6.3
    endloop
  endfacet
  facet normal 0 0 1
    outer loop
      vertex 159.507 63.9482 6.3
      vertex 159.507 28.0518 6.3
      vertex 159.515 28.0765 6.3
    endloop
  endfacet
  facet normal 0 0 1
    outer loop
      vertex 159.502 63.9739 6.3
      vertex 159.507 28.0518 6.3
      vertex 159.507 63.9482 6.3
    endloop
  endfacet
  facet normal 0 0 1
    outer loop
      vertex 159.502 63.9739 6.3
      vertex 159.502 28.0261 6.3
      vertex 159.507 28.0518 6.3
    endloop
  endfacet
  facet normal 0 0 1
    outer loop
      vertex 159.5 64 6.3
      vertex 159.502 28.0261 6.3
      vertex 159.502 63.9739 6.3
    endloop
  endfacet
  facet normal 0 0 1
    outer loop
      vertex 159.502 28.0261 6.3
      vertex 159.5 64 6.3
      vertex 159.5 28 6.3
    endloop
  endfacet
  facet normal -0 0 1
    outer loop
      vertex 158.75 9 6.3
      vertex 164.5 8 6.3
      vertex 164.5 15.8 6.3
    endloop
  endfacet
  facet normal 0 -0 1
    outer loop
      vertex 162.5 6 6.3
      vertex 164.5 8 6.3
      vertex 158.75 9 6.3
    endloop
  endfacet
  facet normal 0 0 1
    outer loop
      vertex 164.5 8 6.3
      vertex 162.5 6 6.3
      vertex 164.483 7.73895 6.3
    endloop
  endfacet
  facet normal 0 0 1
    outer loop
      vertex 164.483 7.73895 6.3
      vertex 162.5 6 6.3
      vertex 164.432 7.48236 6.3
    endloop
  endfacet
  facet normal 0 0 1
    outer loop
      vertex 164.432 7.48236 6.3
      vertex 162.5 6 6.3
      vertex 164.348 7.23463 6.3
    endloop
  endfacet
  facet normal 0 0 1
    outer loop
      vertex 164.348 7.23463 6.3
      vertex 162.5 6 6.3
      vertex 164.232 7 6.3
    endloop
  endfacet
  facet normal 0 0 1
    outer loop
      vertex 164.232 7 6.3
      vertex 162.5 6 6.3
      vertex 164.087 6.78247 6.3
    endloop
  endfacet
  facet normal 0 0 1
    outer loop
      vertex 164.087 6.78247 6.3
      vertex 162.5 6 6.3
      vertex 163.914 6.58578 6.3
    endloop
  endfacet
  facet normal 0 0 1
    outer loop
      vertex 163.914 6.58578 6.3
      vertex 162.5 6 6.3
      vertex 163.718 6.4133 6.3
    endloop
  endfacet
  facet normal 0 0 1
    outer loop
      vertex 163.718 6.4133 6.3
      vertex 162.5 6 6.3
      vertex 163.5 6.26794 6.3
    endloop
  endfacet
  facet normal 0 0 1
    outer loop
      vertex 163.5 6.26794 6.3
      vertex 162.5 6 6.3
      vertex 163.265 6.15224 6.3
    endloop
  endfacet
  facet normal 0 0 1
    outer loop
      vertex 163.265 6.15224 6.3
      vertex 162.5 6 6.3
      vertex 163.018 6.06815 6.3
    endloop
  endfacet
  facet normal 0 0 1
    outer loop
      vertex 158.75 9 6.3
      vertex 164.5 15.8 6.3
      vertex 159.7 15.8 6.3
    endloop
  endfacet
  facet normal 0 0 1
    outer loop
      vertex 158.75 9 6.3
      vertex 159.7 15.8 6.3
      vertex 159.674 15.8017 6.3
    endloop
  endfacet
  facet normal 0 0 1
    outer loop
      vertex 158.75 9 6.3
      vertex 159.674 15.8017 6.3
      vertex 159.648 15.8068 6.3
    endloop
  endfacet
  facet normal 0 0 1
    outer loop
      vertex 158.75 9 6.3
      vertex 159.648 15.8068 6.3
      vertex 159.623 15.8152 6.3
    endloop
  endfacet
  facet normal 0 0 1
    outer loop
      vertex 158.75 9 6.3
      vertex 159.623 15.8152 6.3
      vertex 159.6 15.8268 6.3
    endloop
  endfacet
  facet normal 0 0 1
    outer loop
      vertex 158.75 9 6.3
      vertex 159.6 15.8268 6.3
      vertex 159.578 15.8413 6.3
    endloop
  endfacet
  facet normal 0 0 1
    outer loop
      vertex 158.75 9 6.3
      vertex 159.578 15.8413 6.3
      vertex 159.559 15.8586 6.3
    endloop
  endfacet
  facet normal 0 0 1
    outer loop
      vertex 158.75 9 6.3
      vertex 159.559 15.8586 6.3
      vertex 159.541 15.8783 6.3
    endloop
  endfacet
  facet normal 0 0 1
    outer loop
      vertex 158.75 9 6.3
      vertex 159.541 15.8783 6.3
      vertex 159.527 15.9 6.3
    endloop
  endfacet
  facet normal 0 0 1
    outer loop
      vertex 158.75 9 6.3
      vertex 159.527 15.9 6.3
      vertex 159.515 15.9235 6.3
    endloop
  endfacet
  facet normal 0 0 1
    outer loop
      vertex 158.75 9 6.3
      vertex 159.515 15.9235 6.3
      vertex 159.507 15.9482 6.3
    endloop
  endfacet
  facet normal 0 0 1
    outer loop
      vertex 159.5 28 6.3
      vertex 158.75 9 6.3
      vertex 159.5 16 6.3
    endloop
  endfacet
  facet normal 0 0 1
    outer loop
      vertex 158.75 9 6.3
      vertex 159.502 15.9739 6.3
      vertex 159.5 16 6.3
    endloop
  endfacet
  facet normal 0 0 1
    outer loop
      vertex 158.75 9 6.3
      vertex 159.507 15.9482 6.3
      vertex 159.502 15.9739 6.3
    endloop
  endfacet
  facet normal 0 0 1
    outer loop
      vertex 163.018 6.06815 6.3
      vertex 162.5 6 6.3
      vertex 162.761 6.01711 6.3
    endloop
  endfacet
  facet normal -0 0 1
    outer loop
      vertex 158.733 8.73895 6.3
      vertex 162.5 6 6.3
      vertex 158.75 9 6.3
    endloop
  endfacet
  facet normal -0 0 1
    outer loop
      vertex 158.682 8.48236 6.3
      vertex 162.5 6 6.3
      vertex 158.733 8.73895 6.3
    endloop
  endfacet
  facet normal -0 0 1
    outer loop
      vertex 158.598 8.23463 6.3
      vertex 162.5 6 6.3
      vertex 158.682 8.48236 6.3
    endloop
  endfacet
  facet normal -0 0 1
    outer loop
      vertex 158.482 8 6.3
      vertex 162.5 6 6.3
      vertex 158.598 8.23463 6.3
    endloop
  endfacet
  facet normal -0 0 1
    outer loop
      vertex 158.337 7.78247 6.3
      vertex 162.5 6 6.3
      vertex 158.482 8 6.3
    endloop
  endfacet
  facet normal -0 0 1
    outer loop
      vertex 158.164 7.58578 6.3
      vertex 162.5 6 6.3
      vertex 158.337 7.78247 6.3
    endloop
  endfacet
  facet normal -0 0 1
    outer loop
      vertex 157.968 7.4133 6.3
      vertex 162.5 6 6.3
      vertex 158.164 7.58578 6.3
    endloop
  endfacet
  facet normal -0 0 1
    outer loop
      vertex 157.75 7.26794 6.3
      vertex 162.5 6 6.3
      vertex 157.968 7.4133 6.3
    endloop
  endfacet
  facet normal -0 0 1
    outer loop
      vertex 157.515 7.15224 6.3
      vertex 162.5 6 6.3
      vertex 157.75 7.26794 6.3
    endloop
  endfacet
  facet normal -0 0 1
    outer loop
      vertex 157.268 7.06815 6.3
      vertex 162.5 6 6.3
      vertex 157.515 7.15224 6.3
    endloop
  endfacet
  facet normal -0 0 1
    outer loop
      vertex 157.011 7.01711 6.3
      vertex 162.5 6 6.3
      vertex 157.268 7.06815 6.3
    endloop
  endfacet
  facet normal -0 0 1
    outer loop
      vertex 156.75 7 6.3
      vertex 162.5 6 6.3
      vertex 157.011 7.01711 6.3
    endloop
  endfacet
  facet normal -0 0 1
    outer loop
      vertex 7.74998 7 6.3
      vertex 162.5 6 6.3
      vertex 156.75 7 6.3
    endloop
  endfacet
  facet normal 0 0 1
    outer loop
      vertex 5.74998 92 6.3
      vertex 4.99998 64 6.3
      vertex 5.74998 9 6.3
    endloop
  endfacet
  facet normal -0 0 1
    outer loop
      vertex 4.99998 28 6.3
      vertex 5.74998 9 6.3
      vertex 4.99998 64 6.3
    endloop
  endfacet
  facet normal -0 0 1
    outer loop
      vertex 4.99998 16 6.3
      vertex 5.74998 9 6.3
      vertex 4.99998 28 6.3
    endloop
  endfacet
  facet normal -0 0 1
    outer loop
      vertex 4.99828 15.9739 6.3
      vertex 5.74998 9 6.3
      vertex 4.99998 16 6.3
    endloop
  endfacet
  facet normal -0 0 1
    outer loop
      vertex 4.99318 15.9482 6.3
      vertex 5.74998 9 6.3
      vertex 4.99828 15.9739 6.3
    endloop
  endfacet
  facet normal -0 0 1
    outer loop
      vertex 4.98476 15.9235 6.3
      vertex 5.74998 9 6.3
      vertex 4.99318 15.9482 6.3
    endloop
  endfacet
  facet normal -0 0 1
    outer loop
      vertex 4.97319 15.9 6.3
      vertex 5.74998 9 6.3
      vertex 4.98476 15.9235 6.3
    endloop
  endfacet
  facet normal -0 0 1
    outer loop
      vertex 4.95866 15.8783 6.3
      vertex 5.74998 9 6.3
      vertex 4.97319 15.9 6.3
    endloop
  endfacet
  facet normal -0 0 1
    outer loop
      vertex 4.94141 15.8586 6.3
      vertex 5.74998 9 6.3
      vertex 4.95866 15.8783 6.3
    endloop
  endfacet
  facet normal -0 0 1
    outer loop
      vertex 4.92174 15.8413 6.3
      vertex 5.74998 9 6.3
      vertex 4.94141 15.8586 6.3
    endloop
  endfacet
  facet normal -0 0 1
    outer loop
      vertex 4.89999 15.8268 6.3
      vertex 5.74998 9 6.3
      vertex 4.92174 15.8413 6.3
    endloop
  endfacet
  facet normal -0 0 1
    outer loop
      vertex 4.87653 15.8152 6.3
      vertex 5.74998 9 6.3
      vertex 4.89999 15.8268 6.3
    endloop
  endfacet
  facet normal -0 0 1
    outer loop
      vertex 4.85175 15.8068 6.3
      vertex 5.74998 9 6.3
      vertex 4.87653 15.8152 6.3
    endloop
  endfacet
  facet normal -0 0 1
    outer loop
      vertex 4.8261 15.8017 6.3
      vertex 5.74998 9 6.3
      vertex 4.85175 15.8068 6.3
    endloop
  endfacet
  facet normal -0 0 1
    outer loop
      vertex 4.79999 15.8 6.3
      vertex 5.74998 9 6.3
      vertex 4.8261 15.8017 6.3
    endloop
  endfacet
  facet normal -0 0 1
    outer loop
      vertex 0 15.8 6.3
      vertex 5.74998 9 6.3
      vertex 4.79999 15.8 6.3
    endloop
  endfacet
  facet normal 0 0 1
    outer loop
      vertex 7.74998 7 6.3
      vertex 2 6 6.3
      vertex 162.5 6 6.3
    endloop
  endfacet
  facet normal 0 0 1
    outer loop
      vertex 7.48894 7.01711 6.3
      vertex 2 6 6.3
      vertex 7.74998 7 6.3
    endloop
  endfacet
  facet normal 0 0 1
    outer loop
      vertex 7.23235 7.06815 6.3
      vertex 2 6 6.3
      vertex 7.48894 7.01711 6.3
    endloop
  endfacet
  facet normal 0 0 1
    outer loop
      vertex 6.98462 7.15224 6.3
      vertex 2 6 6.3
      vertex 7.23235 7.06815 6.3
    endloop
  endfacet
  facet normal 0 0 1
    outer loop
      vertex 6.74998 7.26794 6.3
      vertex 2 6 6.3
      vertex 6.98462 7.15224 6.3
    endloop
  endfacet
  facet normal 0 0 1
    outer loop
      vertex 6.53246 7.4133 6.3
      vertex 2 6 6.3
      vertex 6.74998 7.26794 6.3
    endloop
  endfacet
  facet normal 0 0 1
    outer loop
      vertex 6.33577 7.58578 6.3
      vertex 2 6 6.3
      vertex 6.53246 7.4133 6.3
    endloop
  endfacet
  facet normal 0 0 1
    outer loop
      vertex 6.16328 7.78247 6.3
      vertex 2 6 6.3
      vertex 6.33577 7.58578 6.3
    endloop
  endfacet
  facet normal 0 0 1
    outer loop
      vertex 6.01793 8 6.3
      vertex 2 6 6.3
      vertex 6.16328 7.78247 6.3
    endloop
  endfacet
  facet normal 0 0 1
    outer loop
      vertex 5.90222 8.23463 6.3
      vertex 2 6 6.3
      vertex 6.01793 8 6.3
    endloop
  endfacet
  facet normal 0 0 1
    outer loop
      vertex 5.81813 8.48236 6.3
      vertex 2 6 6.3
      vertex 5.90222 8.23463 6.3
    endloop
  endfacet
  facet normal 0 0 1
    outer loop
      vertex 5.76709 8.73895 6.3
      vertex 2 6 6.3
      vertex 5.81813 8.48236 6.3
    endloop
  endfacet
  facet normal 0 -0 1
    outer loop
      vertex 2 6 6.3
      vertex 5.74998 9 6.3
      vertex 0 8 6.3
    endloop
  endfacet
  facet normal 0 0 1
    outer loop
      vertex 5.74998 9 6.3
      vertex 2 6 6.3
      vertex 5.76709 8.73895 6.3
    endloop
  endfacet
  facet normal 0 0 1
    outer loop
      vertex 2 6 6.3
      vertex 0 8 6.3
      vertex 1.73895 6.01711 6.3
    endloop
  endfacet
  facet normal 0 0 1
    outer loop
      vertex 1.73895 6.01711 6.3
      vertex 0 8 6.3
      vertex 1.48236 6.06815 6.3
    endloop
  endfacet
  facet normal 0 0 1
    outer loop
      vertex 1.48236 6.06815 6.3
      vertex 0 8 6.3
      vertex 1.23463 6.15224 6.3
    endloop
  endfacet
  facet normal 0 0 1
    outer loop
      vertex 1.23463 6.15224 6.3
      vertex 0 8 6.3
      vertex 1 6.26794 6.3
    endloop
  endfacet
  facet normal 0 0 1
    outer loop
      vertex 1 6.26794 6.3
      vertex 0 8 6.3
      vertex 0.782471 6.4133 6.3
    endloop
  endfacet
  facet normal 0 0 1
    outer loop
      vertex 0.782471 6.4133 6.3
      vertex 0 8 6.3
      vertex 0.585785 6.58578 6.3
    endloop
  endfacet
  facet normal 0 0 1
    outer loop
      vertex 0.585785 6.58578 6.3
      vertex 0 8 6.3
      vertex 0.4133 6.78247 6.3
    endloop
  endfacet
  facet normal 0 0 1
    outer loop
      vertex 0.4133 6.78247 6.3
      vertex 0 8 6.3
      vertex 0.267944 7 6.3
    endloop
  endfacet
  facet normal 0 0 1
    outer loop
      vertex 0.267944 7 6.3
      vertex 0 8 6.3
      vertex 0.152237 7.23463 6.3
    endloop
  endfacet
  facet normal 0 0 1
    outer loop
      vertex 0.152237 7.23463 6.3
      vertex 0 8 6.3
      vertex 0.0681458 7.48236 6.3
    endloop
  endfacet
  facet normal 0 0 1
    outer loop
      vertex 5.74998 9 6.3
      vertex 0 15.8 6.3
      vertex 0 8 6.3
    endloop
  endfacet
  facet normal 0 0 1
    outer loop
      vertex 0.0681458 7.48236 6.3
      vertex 0 8 6.3
      vertex 0.0171051 7.73895 6.3
    endloop
  endfacet
  facet normal 0 0 1
    outer loop
      vertex 157.233 90.761 6.3
      vertex 157.55 90.8 6.3
      vertex 157.533 91.061 6.3
    endloop
  endfacet
  facet normal 0 0 1
    outer loop
      vertex 157.55 90.8 6.3
      vertex 157.25 90.5 6.3
      vertex 157.55 10.2 6.3
    endloop
  endfacet
  facet normal 0 0 1
    outer loop
      vertex 157.182 91.0176 6.3
      vertex 157.533 91.061 6.3
      vertex 157.482 91.3176 6.3
    endloop
  endfacet
  facet normal -0 0 1
    outer loop
      vertex 157.25 10.5 6.3
      vertex 157.55 10.2 6.3
      vertex 157.25 90.5 6.3
    endloop
  endfacet
  facet normal 0 0 1
    outer loop
      vertex 157.098 91.2654 6.3
      vertex 157.482 91.3176 6.3
      vertex 157.398 91.5654 6.3
    endloop
  endfacet
  facet normal -0 0 1
    outer loop
      vertex 157.233 10.239 6.3
      vertex 157.55 10.2 6.3
      vertex 157.25 10.5 6.3
    endloop
  endfacet
  facet normal 0 0 1
    outer loop
      vertex 156.982 91.5 6.3
      vertex 157.398 91.5654 6.3
      vertex 157.282 91.8 6.3
    endloop
  endfacet
  facet normal 0 0 1
    outer loop
      vertex 157.55 10.2 6.3
      vertex 157.233 10.239 6.3
      vertex 157.533 9.93895 6.3
    endloop
  endfacet
  facet normal -0 0 1
    outer loop
      vertex 157.182 9.98236 6.3
      vertex 157.533 9.93895 6.3
      vertex 157.233 10.239 6.3
    endloop
  endfacet
  facet normal 0 0 1
    outer loop
      vertex 157.55 90.8 6.3
      vertex 157.233 90.761 6.3
      vertex 157.25 90.5 6.3
    endloop
  endfacet
  facet normal 0 0 1
    outer loop
      vertex 157.533 91.061 6.3
      vertex 157.182 91.0176 6.3
      vertex 157.233 90.761 6.3
    endloop
  endfacet
  facet normal 0 0 1
    outer loop
      vertex 156.837 91.7175 6.3
      vertex 157.282 91.8 6.3
      vertex 157.137 92.0175 6.3
    endloop
  endfacet
  facet normal 0 0 1
    outer loop
      vertex 157.482 91.3176 6.3
      vertex 157.098 91.2654 6.3
      vertex 157.182 91.0176 6.3
    endloop
  endfacet
  facet normal 0 0 1
    outer loop
      vertex 157.398 91.5654 6.3
      vertex 156.982 91.5 6.3
      vertex 157.098 91.2654 6.3
    endloop
  endfacet
  facet normal 0 0 1
    outer loop
      vertex 156.664 91.9142 6.3
      vertex 157.137 92.0175 6.3
      vertex 156.964 92.2142 6.3
    endloop
  endfacet
  facet normal 0 0 1
    outer loop
      vertex 157.282 91.8 6.3
      vertex 156.837 91.7175 6.3
      vertex 156.982 91.5 6.3
    endloop
  endfacet
  facet normal 0 0 1
    outer loop
      vertex 156.664 91.9142 6.3
      vertex 156.964 92.2142 6.3
      vertex 156.768 92.3867 6.3
    endloop
  endfacet
  facet normal 0 0 1
    outer loop
      vertex 157.137 92.0175 6.3
      vertex 156.664 91.9142 6.3
      vertex 156.837 91.7175 6.3
    endloop
  endfacet
  facet normal 0 0 1
    outer loop
      vertex 156.468 92.0867 6.3
      vertex 156.768 92.3867 6.3
      vertex 156.55 92.532 6.3
    endloop
  endfacet
  facet normal 0 0 1
    outer loop
      vertex 156.768 92.3867 6.3
      vertex 156.468 92.0867 6.3
      vertex 156.664 91.9142 6.3
    endloop
  endfacet
  facet normal 0 0 1
    outer loop
      vertex 156.25 92.2321 6.3
      vertex 156.55 92.532 6.3
      vertex 156.315 92.6478 6.3
    endloop
  endfacet
  facet normal 0 0 1
    outer loop
      vertex 156.55 92.532 6.3
      vertex 156.25 92.2321 6.3
      vertex 156.468 92.0867 6.3
    endloop
  endfacet
  facet normal 0 0 1
    outer loop
      vertex 156.015 92.3478 6.3
      vertex 156.315 92.6478 6.3
      vertex 156.068 92.7318 6.3
    endloop
  endfacet
  facet normal 0 0 1
    outer loop
      vertex 156.315 92.6478 6.3
      vertex 156.015 92.3478 6.3
      vertex 156.25 92.2321 6.3
    endloop
  endfacet
  facet normal 0 0 1
    outer loop
      vertex 155.768 92.4319 6.3
      vertex 156.068 92.7318 6.3
      vertex 155.811 92.7829 6.3
    endloop
  endfacet
  facet normal 0 0 1
    outer loop
      vertex 156.068 92.7318 6.3
      vertex 155.768 92.4319 6.3
      vertex 156.015 92.3478 6.3
    endloop
  endfacet
  facet normal 0 0 1
    outer loop
      vertex 155.511 92.4829 6.3
      vertex 155.811 92.7829 6.3
      vertex 155.55 92.8 6.3
    endloop
  endfacet
  facet normal 0 0 1
    outer loop
      vertex 155.811 92.7829 6.3
      vertex 155.511 92.4829 6.3
      vertex 155.768 92.4319 6.3
    endloop
  endfacet
  facet normal 0 0 1
    outer loop
      vertex 155.55 92.8 6.3
      vertex 155.25 92.5 6.3
      vertex 155.511 92.4829 6.3
    endloop
  endfacet
  facet normal 0 0 1
    outer loop
      vertex 155.55 92.8 6.3
      vertex 9.24998 92.5 6.3
      vertex 155.25 92.5 6.3
    endloop
  endfacet
  facet normal -0 0 1
    outer loop
      vertex 8.95 92.8 6.3
      vertex 9.24998 92.5 6.3
      vertex 155.55 92.8 6.3
    endloop
  endfacet
  facet normal 0 0 1
    outer loop
      vertex 8.95 92.8 6.3
      vertex 8.98894 92.4829 6.3
      vertex 9.24998 92.5 6.3
    endloop
  endfacet
  facet normal -0 0 1
    outer loop
      vertex 8.68895 92.7829 6.3
      vertex 8.98894 92.4829 6.3
      vertex 8.95 92.8 6.3
    endloop
  endfacet
  facet normal 0 0 1
    outer loop
      vertex 8.98894 92.4829 6.3
      vertex 8.68895 92.7829 6.3
      vertex 8.73235 92.4319 6.3
    endloop
  endfacet
  facet normal -0 0 1
    outer loop
      vertex 8.43236 92.7318 6.3
      vertex 8.73235 92.4319 6.3
      vertex 8.68895 92.7829 6.3
    endloop
  endfacet
  facet normal 0 0 1
    outer loop
      vertex 8.73235 92.4319 6.3
      vertex 8.43236 92.7318 6.3
      vertex 8.48462 92.3478 6.3
    endloop
  endfacet
  facet normal -0 0 1
    outer loop
      vertex 8.18463 92.6478 6.3
      vertex 8.48462 92.3478 6.3
      vertex 8.43236 92.7318 6.3
    endloop
  endfacet
  facet normal 0 0 1
    outer loop
      vertex 8.48462 92.3478 6.3
      vertex 8.18463 92.6478 6.3
      vertex 8.24998 92.2321 6.3
    endloop
  endfacet
  facet normal -0 0 1
    outer loop
      vertex 7.95 92.532 6.3
      vertex 8.24998 92.2321 6.3
      vertex 8.18463 92.6478 6.3
    endloop
  endfacet
  facet normal 0 0 1
    outer loop
      vertex 8.24998 92.2321 6.3
      vertex 7.95 92.532 6.3
      vertex 8.03246 92.0867 6.3
    endloop
  endfacet
  facet normal -0 0 1
    outer loop
      vertex 7.73247 92.3867 6.3
      vertex 8.03246 92.0867 6.3
      vertex 7.95 92.532 6.3
    endloop
  endfacet
  facet normal 0 0 1
    outer loop
      vertex 8.03246 92.0867 6.3
      vertex 7.73247 92.3867 6.3
      vertex 7.83577 91.9142 6.3
    endloop
  endfacet
  facet normal -0 0 1
    outer loop
      vertex 7.53578 92.2142 6.3
      vertex 7.83577 91.9142 6.3
      vertex 7.73247 92.3867 6.3
    endloop
  endfacet
  facet normal -0 0 1
    outer loop
      vertex 7.3633 92.0175 6.3
      vertex 7.83577 91.9142 6.3
      vertex 7.53578 92.2142 6.3
    endloop
  endfacet
  facet normal 0 0 1
    outer loop
      vertex 7.83577 91.9142 6.3
      vertex 7.3633 92.0175 6.3
      vertex 7.66328 91.7175 6.3
    endloop
  endfacet
  facet normal -0 0 1
    outer loop
      vertex 7.21794 91.8 6.3
      vertex 7.66328 91.7175 6.3
      vertex 7.3633 92.0175 6.3
    endloop
  endfacet
  facet normal 0 0 1
    outer loop
      vertex 7.66328 91.7175 6.3
      vertex 7.21794 91.8 6.3
      vertex 7.51793 91.5 6.3
    endloop
  endfacet
  facet normal -0 0 1
    outer loop
      vertex 7.10223 91.5654 6.3
      vertex 7.51793 91.5 6.3
      vertex 7.21794 91.8 6.3
    endloop
  endfacet
  facet normal 0 0 1
    outer loop
      vertex 7.51793 91.5 6.3
      vertex 7.10223 91.5654 6.3
      vertex 7.40222 91.2654 6.3
    endloop
  endfacet
  facet normal -0 0 1
    outer loop
      vertex 6.9671 91.061 6.3
      vertex 7.31813 91.0176 6.3
      vertex 7.01814 91.3176 6.3
    endloop
  endfacet
  facet normal 0 0 1
    outer loop
      vertex 7.40222 91.2654 6.3
      vertex 7.01814 91.3176 6.3
      vertex 7.31813 91.0176 6.3
    endloop
  endfacet
  facet normal -0 0 1
    outer loop
      vertex 7.01814 91.3176 6.3
      vertex 7.40222 91.2654 6.3
      vertex 7.10223 91.5654 6.3
    endloop
  endfacet
  facet normal 0 0 1
    outer loop
      vertex 157.533 9.93895 6.3
      vertex 157.182 9.98236 6.3
      vertex 157.482 9.68236 6.3
    endloop
  endfacet
  facet normal -0 0 1
    outer loop
      vertex 157.098 9.73463 6.3
      vertex 157.482 9.68236 6.3
      vertex 157.182 9.98236 6.3
    endloop
  endfacet
  facet normal 0 0 1
    outer loop
      vertex 157.482 9.68236 6.3
      vertex 157.098 9.73463 6.3
      vertex 157.398 9.43463 6.3
    endloop
  endfacet
  facet normal -0 0 1
    outer loop
      vertex 156.982 9.5 6.3
      vertex 157.398 9.43463 6.3
      vertex 157.098 9.73463 6.3
    endloop
  endfacet
  facet normal 0 0 1
    outer loop
      vertex 157.398 9.43463 6.3
      vertex 156.982 9.5 6.3
      vertex 157.282 9.2 6.3
    endloop
  endfacet
  facet normal -0 0 1
    outer loop
      vertex 156.837 9.28247 6.3
      vertex 157.282 9.2 6.3
      vertex 156.982 9.5 6.3
    endloop
  endfacet
  facet normal 0 0 1
    outer loop
      vertex 157.282 9.2 6.3
      vertex 156.837 9.28247 6.3
      vertex 157.137 8.98247 6.3
    endloop
  endfacet
  facet normal -0 0 1
    outer loop
      vertex 156.664 9.08578 6.3
      vertex 157.137 8.98247 6.3
      vertex 156.837 9.28247 6.3
    endloop
  endfacet
  facet normal 0 0 1
    outer loop
      vertex 157.137 8.98247 6.3
      vertex 156.664 9.08578 6.3
      vertex 156.964 8.78578 6.3
    endloop
  endfacet
  facet normal 0 0 1
    outer loop
      vertex 156.964 8.78578 6.3
      vertex 156.664 9.08578 6.3
      vertex 156.768 8.6133 6.3
    endloop
  endfacet
  facet normal -0 0 1
    outer loop
      vertex 156.468 8.9133 6.3
      vertex 156.768 8.6133 6.3
      vertex 156.664 9.08578 6.3
    endloop
  endfacet
  facet normal 0 0 1
    outer loop
      vertex 156.768 8.6133 6.3
      vertex 156.468 8.9133 6.3
      vertex 156.55 8.46794 6.3
    endloop
  endfacet
  facet normal -0 0 1
    outer loop
      vertex 156.25 8.76794 6.3
      vertex 156.55 8.46794 6.3
      vertex 156.468 8.9133 6.3
    endloop
  endfacet
  facet normal 0 0 1
    outer loop
      vertex 156.55 8.46794 6.3
      vertex 156.25 8.76794 6.3
      vertex 156.315 8.35223 6.3
    endloop
  endfacet
  facet normal -0 0 1
    outer loop
      vertex 156.015 8.65224 6.3
      vertex 156.315 8.35223 6.3
      vertex 156.25 8.76794 6.3
    endloop
  endfacet
  facet normal 0 0 1
    outer loop
      vertex 156.315 8.35223 6.3
      vertex 156.015 8.65224 6.3
      vertex 156.068 8.26814 6.3
    endloop
  endfacet
  facet normal -0 0 1
    outer loop
      vertex 155.768 8.56815 6.3
      vertex 156.068 8.26814 6.3
      vertex 156.015 8.65224 6.3
    endloop
  endfacet
  facet normal 0 0 1
    outer loop
      vertex 156.068 8.26814 6.3
      vertex 155.768 8.56815 6.3
      vertex 155.811 8.2171 6.3
    endloop
  endfacet
  facet normal -0 0 1
    outer loop
      vertex 155.511 8.51711 6.3
      vertex 155.811 8.2171 6.3
      vertex 155.768 8.56815 6.3
    endloop
  endfacet
  facet normal 0 0 1
    outer loop
      vertex 155.811 8.2171 6.3
      vertex 155.511 8.51711 6.3
      vertex 155.55 8.2 6.3
    endloop
  endfacet
  facet normal -0 0 1
    outer loop
      vertex 155.25 8.5 6.3
      vertex 155.55 8.2 6.3
      vertex 155.511 8.51711 6.3
    endloop
  endfacet
  facet normal -0 0 1
    outer loop
      vertex 9.24998 8.5 6.3
      vertex 155.55 8.2 6.3
      vertex 155.25 8.5 6.3
    endloop
  endfacet
  facet normal 0 0 1
    outer loop
      vertex 9.24998 8.5 6.3
      vertex 8.95 8.2 6.3
      vertex 155.55 8.2 6.3
    endloop
  endfacet
  facet normal 0 0 1
    outer loop
      vertex 8.98894 8.51711 6.3
      vertex 8.95 8.2 6.3
      vertex 9.24998 8.5 6.3
    endloop
  endfacet
  facet normal 0 0 1
    outer loop
      vertex 8.68895 8.2171 6.3
      vertex 8.98894 8.51711 6.3
      vertex 8.73235 8.56815 6.3
    endloop
  endfacet
  facet normal 0 0 1
    outer loop
      vertex 8.98894 8.51711 6.3
      vertex 8.68895 8.2171 6.3
      vertex 8.95 8.2 6.3
    endloop
  endfacet
  facet normal 0 0 1
    outer loop
      vertex 8.43236 8.26814 6.3
      vertex 8.73235 8.56815 6.3
      vertex 8.48462 8.65224 6.3
    endloop
  endfacet
  facet normal 0 0 1
    outer loop
      vertex 8.73235 8.56815 6.3
      vertex 8.43236 8.26814 6.3
      vertex 8.68895 8.2171 6.3
    endloop
  endfacet
  facet normal 0 0 1
    outer loop
      vertex 8.18463 8.35223 6.3
      vertex 8.48462 8.65224 6.3
      vertex 8.24998 8.76794 6.3
    endloop
  endfacet
  facet normal 0 0 1
    outer loop
      vertex 8.48462 8.65224 6.3
      vertex 8.18463 8.35223 6.3
      vertex 8.43236 8.26814 6.3
    endloop
  endfacet
  facet normal 0 0 1
    outer loop
      vertex 7.95 8.46794 6.3
      vertex 8.24998 8.76794 6.3
      vertex 8.03246 8.9133 6.3
    endloop
  endfacet
  facet normal 0 0 1
    outer loop
      vertex 8.24998 8.76794 6.3
      vertex 7.95 8.46794 6.3
      vertex 8.18463 8.35223 6.3
    endloop
  endfacet
  facet normal 0 0 1
    outer loop
      vertex 7.73247 8.6133 6.3
      vertex 8.03246 8.9133 6.3
      vertex 7.83577 9.08578 6.3
    endloop
  endfacet
  facet normal 0 0 1
    outer loop
      vertex 8.03246 8.9133 6.3
      vertex 7.73247 8.6133 6.3
      vertex 7.95 8.46794 6.3
    endloop
  endfacet
  facet normal 0 0 1
    outer loop
      vertex 7.3633 8.98247 6.3
      vertex 7.83577 9.08578 6.3
      vertex 7.66328 9.28247 6.3
    endloop
  endfacet
  facet normal 0 0 1
    outer loop
      vertex 7.83577 9.08578 6.3
      vertex 7.53578 8.78578 6.3
      vertex 7.73247 8.6133 6.3
    endloop
  endfacet
  facet normal 0 0 1
    outer loop
      vertex 7.21794 9.2 6.3
      vertex 7.66328 9.28247 6.3
      vertex 7.51793 9.5 6.3
    endloop
  endfacet
  facet normal 0 0 1
    outer loop
      vertex 7.10223 9.43463 6.3
      vertex 7.51793 9.5 6.3
      vertex 7.40222 9.73463 6.3
    endloop
  endfacet
  facet normal 0 0 1
    outer loop
      vertex 7.83577 9.08578 6.3
      vertex 7.3633 8.98247 6.3
      vertex 7.53578 8.78578 6.3
    endloop
  endfacet
  facet normal 0 0 1
    outer loop
      vertex 7.01814 9.68236 6.3
      vertex 7.40222 9.73463 6.3
      vertex 7.31813 9.98236 6.3
    endloop
  endfacet
  facet normal 0 0 1
    outer loop
      vertex 6.9671 9.93895 6.3
      vertex 7.31813 9.98236 6.3
      vertex 7.26709 10.239 6.3
    endloop
  endfacet
  facet normal 0 0 1
    outer loop
      vertex 7.66328 9.28247 6.3
      vertex 7.21794 9.2 6.3
      vertex 7.3633 8.98247 6.3
    endloop
  endfacet
  facet normal 0 0 1
    outer loop
      vertex 6.95 10.2 6.3
      vertex 7.26709 10.239 6.3
      vertex 7.24998 10.5 6.3
    endloop
  endfacet
  facet normal 0 0 1
    outer loop
      vertex 7.24998 90.5 6.3
      vertex 6.95 90.8 6.3
      vertex 7.24998 10.5 6.3
    endloop
  endfacet
  facet normal 0 0 1
    outer loop
      vertex 7.31813 91.0176 6.3
      vertex 6.9671 91.061 6.3
      vertex 7.26709 90.761 6.3
    endloop
  endfacet
  facet normal 0 0 1
    outer loop
      vertex 6.95 10.2 6.3
      vertex 7.24998 10.5 6.3
      vertex 6.95 90.8 6.3
    endloop
  endfacet
  facet normal -0 0 1
    outer loop
      vertex 6.95 90.8 6.3
      vertex 7.26709 90.761 6.3
      vertex 6.9671 91.061 6.3
    endloop
  endfacet
  facet normal 0 0 1
    outer loop
      vertex 7.26709 10.239 6.3
      vertex 6.95 10.2 6.3
      vertex 6.9671 9.93895 6.3
    endloop
  endfacet
  facet normal 0 0 1
    outer loop
      vertex 7.26709 90.761 6.3
      vertex 6.95 90.8 6.3
      vertex 7.24998 90.5 6.3
    endloop
  endfacet
  facet normal 0 0 1
    outer loop
      vertex 7.51793 9.5 6.3
      vertex 7.10223 9.43463 6.3
      vertex 7.21794 9.2 6.3
    endloop
  endfacet
  facet normal 0 0 1
    outer loop
      vertex 7.40222 9.73463 6.3
      vertex 7.01814 9.68236 6.3
      vertex 7.10223 9.43463 6.3
    endloop
  endfacet
  facet normal 0 0 1
    outer loop
      vertex 7.31813 9.98236 6.3
      vertex 6.9671 9.93895 6.3
      vertex 7.01814 9.68236 6.3
    endloop
  endfacet
  facet normal 0 1 -0
    outer loop
      vertex 164.5 15.8 2.4
      vertex 159.7 15.8 6.3
      vertex 164.5 15.8 6.3
    endloop
  endfacet
  facet normal 0 1 0
    outer loop
      vertex 159.7 15.8 6.3
      vertex 164.5 15.8 2.4
      vertex 159.7 15.8 2.4
    endloop
  endfacet
  facet normal 0.0652453 0.997869 -0
    outer loop
      vertex 159.7 15.8 2.4
      vertex 159.674 15.8017 6.3
      vertex 159.7 15.8 6.3
    endloop
  endfacet
  facet normal 0.0652453 0.997869 0
    outer loop
      vertex 159.674 15.8017 6.3
      vertex 159.7 15.8 2.4
      vertex 159.674 15.8017 2.4
    endloop
  endfacet
  facet normal 0.192486 0.9813 -0
    outer loop
      vertex 159.674 15.8017 2.4
      vertex 159.648 15.8068 6.3
      vertex 159.674 15.8017 6.3
    endloop
  endfacet
  facet normal 0.192486 0.9813 0
    outer loop
      vertex 159.648 15.8068 6.3
      vertex 159.674 15.8017 2.4
      vertex 159.648 15.8068 2.4
    endloop
  endfacet
  facet normal 0.318502 0.947922 -0
    outer loop
      vertex 159.648 15.8068 2.4
      vertex 159.623 15.8152 6.3
      vertex 159.648 15.8068 6.3
    endloop
  endfacet
  facet normal 0.318502 0.947922 0
    outer loop
      vertex 159.623 15.8152 6.3
      vertex 159.648 15.8068 2.4
      vertex 159.623 15.8152 2.4
    endloop
  endfacet
  facet normal 0.450317 0.892869 -0
    outer loop
      vertex 159.623 15.8152 2.4
      vertex 159.6 15.8268 6.3
      vertex 159.623 15.8152 6.3
    endloop
  endfacet
  facet normal 0.450317 0.892869 0
    outer loop
      vertex 159.6 15.8268 6.3
      vertex 159.623 15.8152 2.4
      vertex 159.6 15.8268 2.4
    endloop
  endfacet
  facet normal 0.550313 0.834958 -0
    outer loop
      vertex 159.6 15.8268 2.4
      vertex 159.578 15.8413 6.3
      vertex 159.6 15.8268 6.3
    endloop
  endfacet
  facet normal 0.550313 0.834958 0
    outer loop
      vertex 159.578 15.8413 6.3
      vertex 159.6 15.8268 2.4
      vertex 159.578 15.8413 2.4
    endloop
  endfacet
  facet normal 0.673254 0.739412 -0
    outer loop
      vertex 159.578 15.8413 2.4
      vertex 159.559 15.8586 6.3
      vertex 159.578 15.8413 6.3
    endloop
  endfacet
  facet normal 0.673254 0.739412 0
    outer loop
      vertex 159.559 15.8586 6.3
      vertex 159.578 15.8413 2.4
      vertex 159.559 15.8586 2.4
    endloop
  endfacet
  facet normal 0.738242 0.674536 0
    outer loop
      vertex 159.559 15.8586 6.3
      vertex 159.541 15.8783 2.4
      vertex 159.541 15.8783 6.3
    endloop
  endfacet
  facet normal 0.738242 0.674536 0
    outer loop
      vertex 159.541 15.8783 2.4
      vertex 159.559 15.8586 6.3
      vertex 159.559 15.8586 2.4
    endloop
  endfacet
  facet normal 0.840297 0.542127 0
    outer loop
      vertex 159.541 15.8783 6.3
      vertex 159.527 15.9 2.4
      vertex 159.527 15.9 6.3
    endloop
  endfacet
  facet normal 0.840297 0.542127 0
    outer loop
      vertex 159.527 15.9 2.4
      vertex 159.541 15.8783 6.3
      vertex 159.541 15.8783 2.4
    endloop
  endfacet
  facet normal 0.890605 0.454777 0
    outer loop
      vertex 159.527 15.9 6.3
      vertex 159.515 15.9235 2.4
      vertex 159.515 15.9235 6.3
    endloop
  endfacet
  facet normal 0.890605 0.454777 0
    outer loop
      vertex 159.515 15.9235 2.4
      vertex 159.527 15.9 6.3
      vertex 159.527 15.9 2.4
    endloop
  endfacet
  facet normal 0.951345 0.308128 0
    outer loop
      vertex 159.515 15.9235 6.3
      vertex 159.507 15.9482 2.4
      vertex 159.507 15.9482 6.3
    endloop
  endfacet
  facet normal 0.951345 0.308128 0
    outer loop
      vertex 159.507 15.9482 2.4
      vertex 159.515 15.9235 6.3
      vertex 159.515 15.9235 2.4
    endloop
  endfacet
  facet normal 0.981596 0.190972 0
    outer loop
      vertex 159.507 15.9482 6.3
      vertex 159.502 15.9739 2.4
      vertex 159.502 15.9739 6.3
    endloop
  endfacet
  facet normal 0.981596 0.190972 0
    outer loop
      vertex 159.502 15.9739 2.4
      vertex 159.507 15.9482 6.3
      vertex 159.507 15.9482 2.4
    endloop
  endfacet
  facet normal 0.997077 0.0764044 0
    outer loop
      vertex 159.502 15.9739 6.3
      vertex 159.5 16 2.4
      vertex 159.5 16 6.3
    endloop
  endfacet
  facet normal 0.997077 0.0764044 0
    outer loop
      vertex 159.5 16 2.4
      vertex 159.502 15.9739 6.3
      vertex 159.502 15.9739 2.4
    endloop
  endfacet
  facet normal 1 -0 0
    outer loop
      vertex 159.5 16 6.3
      vertex 159.5 28 2.4
      vertex 159.5 28 6.3
    endloop
  endfacet
  facet normal 1 0 0
    outer loop
      vertex 159.5 28 2.4
      vertex 159.5 16 6.3
      vertex 159.5 16 2.4
    endloop
  endfacet
  facet normal 0.997077 -0.0764044 0
    outer loop
      vertex 159.5 28 6.3
      vertex 159.502 28.0261 2.4
      vertex 159.502 28.0261 6.3
    endloop
  endfacet
  facet normal 0.997077 -0.0764044 0
    outer loop
      vertex 159.502 28.0261 2.4
      vertex 159.5 28 6.3
      vertex 159.5 28 2.4
    endloop
  endfacet
  facet normal 0.981596 -0.190972 0
    outer loop
      vertex 159.502 28.0261 6.3
      vertex 159.507 28.0518 2.4
      vertex 159.507 28.0518 6.3
    endloop
  endfacet
  facet normal 0.981596 -0.190972 0
    outer loop
      vertex 159.507 28.0518 2.4
      vertex 159.502 28.0261 6.3
      vertex 159.502 28.0261 2.4
    endloop
  endfacet
  facet normal 0.951345 -0.308128 0
    outer loop
      vertex 159.507 28.0518 6.3
      vertex 159.515 28.0765 2.4
      vertex 159.515 28.0765 6.3
    endloop
  endfacet
  facet normal 0.951345 -0.308128 0
    outer loop
      vertex 159.515 28.0765 2.4
      vertex 159.507 28.0518 6.3
      vertex 159.507 28.0518 2.4
    endloop
  endfacet
  facet normal 0.890605 -0.454777 0
    outer loop
      vertex 159.515 28.0765 6.3
      vertex 159.527 28.1 2.4
      vertex 159.527 28.1 6.3
    endloop
  endfacet
  facet normal 0.890605 -0.454777 0
    outer loop
      vertex 159.527 28.1 2.4
      vertex 159.515 28.0765 6.3
      vertex 159.515 28.0765 2.4
    endloop
  endfacet
  facet normal 0.840297 -0.542127 0
    outer loop
      vertex 159.527 28.1 6.3
      vertex 159.541 28.1217 2.4
      vertex 159.541 28.1217 6.3
    endloop
  endfacet
  facet normal 0.840297 -0.542127 0
    outer loop
      vertex 159.541 28.1217 2.4
      vertex 159.527 28.1 6.3
      vertex 159.527 28.1 2.4
    endloop
  endfacet
  facet normal 0.738242 -0.674536 0
    outer loop
      vertex 159.541 28.1217 6.3
      vertex 159.559 28.1414 2.4
      vertex 159.559 28.1414 6.3
    endloop
  endfacet
  facet normal 0.738242 -0.674536 0
    outer loop
      vertex 159.559 28.1414 2.4
      vertex 159.541 28.1217 6.3
      vertex 159.541 28.1217 2.4
    endloop
  endfacet
  facet normal 0.673254 -0.739412 0
    outer loop
      vertex 159.559 28.1414 2.4
      vertex 159.578 28.1587 6.3
      vertex 159.559 28.1414 6.3
    endloop
  endfacet
  facet normal 0.673254 -0.739412 0
    outer loop
      vertex 159.578 28.1587 6.3
      vertex 159.559 28.1414 2.4
      vertex 159.578 28.1587 2.4
    endloop
  endfacet
  facet normal 0.550313 -0.834958 0
    outer loop
      vertex 159.578 28.1587 2.4
      vertex 159.6 28.1732 6.3
      vertex 159.578 28.1587 6.3
    endloop
  endfacet
  facet normal 0.550313 -0.834958 0
    outer loop
      vertex 159.6 28.1732 6.3
      vertex 159.578 28.1587 2.4
      vertex 159.6 28.1732 2.4
    endloop
  endfacet
  facet normal 0.450317 -0.892869 0
    outer loop
      vertex 159.6 28.1732 2.4
      vertex 159.623 28.1848 6.3
      vertex 159.6 28.1732 6.3
    endloop
  endfacet
  facet normal 0.450317 -0.892869 0
    outer loop
      vertex 159.623 28.1848 6.3
      vertex 159.6 28.1732 2.4
      vertex 159.623 28.1848 2.4
    endloop
  endfacet
  facet normal 0.318502 -0.947922 0
    outer loop
      vertex 159.623 28.1848 2.4
      vertex 159.648 28.1932 6.3
      vertex 159.623 28.1848 6.3
    endloop
  endfacet
  facet normal 0.318502 -0.947922 0
    outer loop
      vertex 159.648 28.1932 6.3
      vertex 159.623 28.1848 2.4
      vertex 159.648 28.1932 2.4
    endloop
  endfacet
  facet normal 0.192486 -0.9813 0
    outer loop
      vertex 159.648 28.1932 2.4
      vertex 159.674 28.1983 6.3
      vertex 159.648 28.1932 6.3
    endloop
  endfacet
  facet normal 0.192486 -0.9813 0
    outer loop
      vertex 159.674 28.1983 6.3
      vertex 159.648 28.1932 2.4
      vertex 159.674 28.1983 2.4
    endloop
  endfacet
  facet normal 0.0652453 -0.997869 0
    outer loop
      vertex 159.674 28.1983 2.4
      vertex 159.7 28.2 6.3
      vertex 159.674 28.1983 6.3
    endloop
  endfacet
  facet normal 0.0652453 -0.997869 0
    outer loop
      vertex 159.7 28.2 6.3
      vertex 159.674 28.1983 2.4
      vertex 159.7 28.2 2.4
    endloop
  endfacet
  facet normal 0 -1 0
    outer loop
      vertex 159.7 28.2 2.4
      vertex 164.5 28.2 6.3
      vertex 159.7 28.2 6.3
    endloop
  endfacet
  facet normal 0 -1 -0
    outer loop
      vertex 164.5 28.2 6.3
      vertex 159.7 28.2 2.4
      vertex 164.5 28.2 2.4
    endloop
  endfacet
  facet normal 0 1 -0
    outer loop
      vertex 164.5 63.8 2.4
      vertex 159.7 63.8 6.3
      vertex 164.5 63.8 6.3
    endloop
  endfacet
  facet normal 0 1 0
    outer loop
      vertex 159.7 63.8 6.3
      vertex 164.5 63.8 2.4
      vertex 159.7 63.8 2.4
    endloop
  endfacet
  facet normal 0.0652453 0.997869 -0
    outer loop
      vertex 159.7 63.8 2.4
      vertex 159.674 63.8017 6.3
      vertex 159.7 63.8 6.3
    endloop
  endfacet
  facet normal 0.0652453 0.997869 0
    outer loop
      vertex 159.674 63.8017 6.3
      vertex 159.7 63.8 2.4
      vertex 159.674 63.8017 2.4
    endloop
  endfacet
  facet normal 0.192486 0.9813 -0
    outer loop
      vertex 159.674 63.8017 2.4
      vertex 159.648 63.8068 6.3
      vertex 159.674 63.8017 6.3
    endloop
  endfacet
  facet normal 0.192486 0.9813 0
    outer loop
      vertex 159.648 63.8068 6.3
      vertex 159.674 63.8017 2.4
      vertex 159.648 63.8068 2.4
    endloop
  endfacet
  facet normal 0.318502 0.947922 -0
    outer loop
      vertex 159.648 63.8068 2.4
      vertex 159.623 63.8152 6.3
      vertex 159.648 63.8068 6.3
    endloop
  endfacet
  facet normal 0.318502 0.947922 0
    outer loop
      vertex 159.623 63.8152 6.3
      vertex 159.648 63.8068 2.4
      vertex 159.623 63.8152 2.4
    endloop
  endfacet
  facet normal 0.450317 0.892869 -0
    outer loop
      vertex 159.623 63.8152 2.4
      vertex 159.6 63.8268 6.3
      vertex 159.623 63.8152 6.3
    endloop
  endfacet
  facet normal 0.450317 0.892869 0
    outer loop
      vertex 159.6 63.8268 6.3
      vertex 159.623 63.8152 2.4
      vertex 159.6 63.8268 2.4
    endloop
  endfacet
  facet normal 0.550313 0.834958 -0
    outer loop
      vertex 159.6 63.8268 2.4
      vertex 159.578 63.8413 6.3
      vertex 159.6 63.8268 6.3
    endloop
  endfacet
  facet normal 0.550313 0.834958 0
    outer loop
      vertex 159.578 63.8413 6.3
      vertex 159.6 63.8268 2.4
      vertex 159.578 63.8413 2.4
    endloop
  endfacet
  facet normal 0.673254 0.739412 -0
    outer loop
      vertex 159.578 63.8413 2.4
      vertex 159.559 63.8586 6.3
      vertex 159.578 63.8413 6.3
    endloop
  endfacet
  facet normal 0.673254 0.739412 0
    outer loop
      vertex 159.559 63.8586 6.3
      vertex 159.578 63.8413 2.4
      vertex 159.559 63.8586 2.4
    endloop
  endfacet
  facet normal 0.738242 0.674536 0
    outer loop
      vertex 159.559 63.8586 6.3
      vertex 159.541 63.8783 2.4
      vertex 159.541 63.8783 6.3
    endloop
  endfacet
  facet normal 0.738242 0.674536 0
    outer loop
      vertex 159.541 63.8783 2.4
      vertex 159.559 63.8586 6.3
      vertex 159.559 63.8586 2.4
    endloop
  endfacet
  facet normal 0.840297 0.542127 0
    outer loop
      vertex 159.541 63.8783 6.3
      vertex 159.527 63.9 2.4
      vertex 159.527 63.9 6.3
    endloop
  endfacet
  facet normal 0.840297 0.542127 0
    outer loop
      vertex 159.527 63.9 2.4
      vertex 159.541 63.8783 6.3
      vertex 159.541 63.8783 2.4
    endloop
  endfacet
  facet normal 0.890605 0.454777 0
    outer loop
      vertex 159.527 63.9 6.3
      vertex 159.515 63.9235 2.4
      vertex 159.515 63.9235 6.3
    endloop
  endfacet
  facet normal 0.890605 0.454777 0
    outer loop
      vertex 159.515 63.9235 2.4
      vertex 159.527 63.9 6.3
      vertex 159.527 63.9 2.4
    endloop
  endfacet
  facet normal 0.951345 0.308128 0
    outer loop
      vertex 159.515 63.9235 6.3
      vertex 159.507 63.9482 2.4
      vertex 159.507 63.9482 6.3
    endloop
  endfacet
  facet normal 0.951345 0.308128 0
    outer loop
      vertex 159.507 63.9482 2.4
      vertex 159.515 63.9235 6.3
      vertex 159.515 63.9235 2.4
    endloop
  endfacet
  facet normal 0.981596 0.190972 0
    outer loop
      vertex 159.507 63.9482 6.3
      vertex 159.502 63.9739 2.4
      vertex 159.502 63.9739 6.3
    endloop
  endfacet
  facet normal 0.981596 0.190972 0
    outer loop
      vertex 159.502 63.9739 2.4
      vertex 159.507 63.9482 6.3
      vertex 159.507 63.9482 2.4
    endloop
  endfacet
  facet normal 0.997077 0.0764044 0
    outer loop
      vertex 159.502 63.9739 6.3
      vertex 159.5 64 2.4
      vertex 159.5 64 6.3
    endloop
  endfacet
  facet normal 0.997077 0.0764044 0
    outer loop
      vertex 159.5 64 2.4
      vertex 159.502 63.9739 6.3
      vertex 159.502 63.9739 2.4
    endloop
  endfacet
  facet normal 1 -0 0
    outer loop
      vertex 159.5 64 6.3
      vertex 159.5 76 2.4
      vertex 159.5 76 6.3
    endloop
  endfacet
  facet normal 1 0 0
    outer loop
      vertex 159.5 76 2.4
      vertex 159.5 64 6.3
      vertex 159.5 64 2.4
    endloop
  endfacet
  facet normal 0.997077 -0.0764044 0
    outer loop
      vertex 159.5 76 6.3
      vertex 159.502 76.0261 2.4
      vertex 159.502 76.0261 6.3
    endloop
  endfacet
  facet normal 0.997077 -0.0764044 0
    outer loop
      vertex 159.502 76.0261 2.4
      vertex 159.5 76 6.3
      vertex 159.5 76 2.4
    endloop
  endfacet
  facet normal 0.981596 -0.190972 0
    outer loop
      vertex 159.502 76.0261 6.3
      vertex 159.507 76.0518 2.4
      vertex 159.507 76.0518 6.3
    endloop
  endfacet
  facet normal 0.981596 -0.190972 0
    outer loop
      vertex 159.507 76.0518 2.4
      vertex 159.502 76.0261 6.3
      vertex 159.502 76.0261 2.4
    endloop
  endfacet
  facet normal 0.951345 -0.308128 0
    outer loop
      vertex 159.507 76.0518 6.3
      vertex 159.515 76.0765 2.4
      vertex 159.515 76.0765 6.3
    endloop
  endfacet
  facet normal 0.951345 -0.308128 0
    outer loop
      vertex 159.515 76.0765 2.4
      vertex 159.507 76.0518 6.3
      vertex 159.507 76.0518 2.4
    endloop
  endfacet
  facet normal 0.890605 -0.454777 0
    outer loop
      vertex 159.515 76.0765 6.3
      vertex 159.527 76.1 2.4
      vertex 159.527 76.1 6.3
    endloop
  endfacet
  facet normal 0.890605 -0.454777 0
    outer loop
      vertex 159.527 76.1 2.4
      vertex 159.515 76.0765 6.3
      vertex 159.515 76.0765 2.4
    endloop
  endfacet
  facet normal 0.840297 -0.542127 0
    outer loop
      vertex 159.527 76.1 6.3
      vertex 159.541 76.1217 2.4
      vertex 159.541 76.1217 6.3
    endloop
  endfacet
  facet normal 0.840297 -0.542127 0
    outer loop
      vertex 159.541 76.1217 2.4
      vertex 159.527 76.1 6.3
      vertex 159.527 76.1 2.4
    endloop
  endfacet
  facet normal 0.738242 -0.674536 0
    outer loop
      vertex 159.541 76.1217 6.3
      vertex 159.559 76.1414 2.4
      vertex 159.559 76.1414 6.3
    endloop
  endfacet
  facet normal 0.738242 -0.674536 0
    outer loop
      vertex 159.559 76.1414 2.4
      vertex 159.541 76.1217 6.3
      vertex 159.541 76.1217 2.4
    endloop
  endfacet
  facet normal 0.673254 -0.739412 0
    outer loop
      vertex 159.559 76.1414 2.4
      vertex 159.578 76.1587 6.3
      vertex 159.559 76.1414 6.3
    endloop
  endfacet
  facet normal 0.673254 -0.739412 0
    outer loop
      vertex 159.578 76.1587 6.3
      vertex 159.559 76.1414 2.4
      vertex 159.578 76.1587 2.4
    endloop
  endfacet
  facet normal 0.550313 -0.834958 0
    outer loop
      vertex 159.578 76.1587 2.4
      vertex 159.6 76.1732 6.3
      vertex 159.578 76.1587 6.3
    endloop
  endfacet
  facet normal 0.550313 -0.834958 0
    outer loop
      vertex 159.6 76.1732 6.3
      vertex 159.578 76.1587 2.4
      vertex 159.6 76.1732 2.4
    endloop
  endfacet
  facet normal 0.450317 -0.892869 0
    outer loop
      vertex 159.6 76.1732 2.4
      vertex 159.623 76.1848 6.3
      vertex 159.6 76.1732 6.3
    endloop
  endfacet
  facet normal 0.450317 -0.892869 0
    outer loop
      vertex 159.623 76.1848 6.3
      vertex 159.6 76.1732 2.4
      vertex 159.623 76.1848 2.4
    endloop
  endfacet
  facet normal 0.318502 -0.947922 0
    outer loop
      vertex 159.623 76.1848 2.4
      vertex 159.648 76.1932 6.3
      vertex 159.623 76.1848 6.3
    endloop
  endfacet
  facet normal 0.318502 -0.947922 0
    outer loop
      vertex 159.648 76.1932 6.3
      vertex 159.623 76.1848 2.4
      vertex 159.648 76.1932 2.4
    endloop
  endfacet
  facet normal 0.192486 -0.9813 0
    outer loop
      vertex 159.648 76.1932 2.4
      vertex 159.674 76.1983 6.3
      vertex 159.648 76.1932 6.3
    endloop
  endfacet
  facet normal 0.192486 -0.9813 0
    outer loop
      vertex 159.674 76.1983 6.3
      vertex 159.648 76.1932 2.4
      vertex 159.674 76.1983 2.4
    endloop
  endfacet
  facet normal 0.0652453 -0.997869 0
    outer loop
      vertex 159.674 76.1983 2.4
      vertex 159.7 76.2 6.3
      vertex 159.674 76.1983 6.3
    endloop
  endfacet
  facet normal 0.0652453 -0.997869 0
    outer loop
      vertex 159.7 76.2 6.3
      vertex 159.674 76.1983 2.4
      vertex 159.7 76.2 2.4
    endloop
  endfacet
  facet normal 0 -1 0
    outer loop
      vertex 159.7 76.2 2.4
      vertex 164.5 76.2 6.3
      vertex 159.7 76.2 6.3
    endloop
  endfacet
  facet normal 0 -1 -0
    outer loop
      vertex 164.5 76.2 6.3
      vertex 159.7 76.2 2.4
      vertex 164.5 76.2 2.4
    endloop
  endfacet
  facet normal 0 -1 0
    outer loop
      vertex 0 76.2 2.4
      vertex 4.79999 76.2 6.3
      vertex 0 76.2 6.3
    endloop
  endfacet
  facet normal 0 -1 -0
    outer loop
      vertex 4.79999 76.2 6.3
      vertex 0 76.2 2.4
      vertex 4.79999 76.2 2.4
    endloop
  endfacet
  facet normal -0.0649716 -0.997887 0
    outer loop
      vertex 4.79999 76.2 2.4
      vertex 4.8261 76.1983 6.3
      vertex 4.79999 76.2 6.3
    endloop
  endfacet
  facet normal -0.0649716 -0.997887 -0
    outer loop
      vertex 4.8261 76.1983 6.3
      vertex 4.79999 76.2 2.4
      vertex 4.8261 76.1983 2.4
    endloop
  endfacet
  facet normal -0.195013 -0.980801 0
    outer loop
      vertex 4.8261 76.1983 2.4
      vertex 4.85175 76.1932 6.3
      vertex 4.8261 76.1983 6.3
    endloop
  endfacet
  facet normal -0.195013 -0.980801 -0
    outer loop
      vertex 4.85175 76.1932 6.3
      vertex 4.8261 76.1983 2.4
      vertex 4.85175 76.1932 2.4
    endloop
  endfacet
  facet normal -0.321039 -0.947066 0
    outer loop
      vertex 4.85175 76.1932 2.4
      vertex 4.87653 76.1848 6.3
      vertex 4.85175 76.1932 6.3
    endloop
  endfacet
  facet normal -0.321039 -0.947066 -0
    outer loop
      vertex 4.87653 76.1848 6.3
      vertex 4.85175 76.1932 2.4
      vertex 4.87653 76.1848 2.4
    endloop
  endfacet
  facet normal -0.443235 -0.896405 0
    outer loop
      vertex 4.87653 76.1848 2.4
      vertex 4.89999 76.1732 6.3
      vertex 4.87653 76.1848 6.3
    endloop
  endfacet
  facet normal -0.443235 -0.896405 -0
    outer loop
      vertex 4.89999 76.1732 6.3
      vertex 4.87653 76.1848 2.4
      vertex 4.89999 76.1732 2.4
    endloop
  endfacet
  facet normal -0.5547 -0.83205 0
    outer loop
      vertex 4.89999 76.1732 2.4
      vertex 4.92174 76.1587 6.3
      vertex 4.89999 76.1732 6.3
    endloop
  endfacet
  facet normal -0.5547 -0.83205 -0
    outer loop
      vertex 4.92174 76.1587 6.3
      vertex 4.89999 76.1732 2.4
      vertex 4.92174 76.1587 2.4
    endloop
  endfacet
  facet normal -0.660421 -0.750895 0
    outer loop
      vertex 4.92174 76.1587 2.4
      vertex 4.94141 76.1414 6.3
      vertex 4.92174 76.1587 6.3
    endloop
  endfacet
  facet normal -0.660421 -0.750895 -0
    outer loop
      vertex 4.94141 76.1414 6.3
      vertex 4.92174 76.1587 2.4
      vertex 4.94141 76.1414 2.4
    endloop
  endfacet
  facet normal -0.75234 -0.658775 0
    outer loop
      vertex 4.95866 76.1217 2.4
      vertex 4.94141 76.1414 6.3
      vertex 4.94141 76.1414 2.4
    endloop
  endfacet
  facet normal -0.75234 -0.658775 0
    outer loop
      vertex 4.94141 76.1414 6.3
      vertex 4.95866 76.1217 2.4
      vertex 4.95866 76.1217 6.3
    endloop
  endfacet
  facet normal -0.830929 -0.556378 0
    outer loop
      vertex 4.97319 76.1 2.4
      vertex 4.95866 76.1217 6.3
      vertex 4.95866 76.1217 2.4
    endloop
  endfacet
  facet normal -0.830929 -0.556378 0
    outer loop
      vertex 4.95866 76.1217 6.3
      vertex 4.97319 76.1 2.4
      vertex 4.97319 76.1 6.3
    endloop
  endfacet
  facet normal -0.897159 -0.441708 0
    outer loop
      vertex 4.98476 76.0765 2.4
      vertex 4.97319 76.1 6.3
      vertex 4.97319 76.1 2.4
    endloop
  endfacet
  facet normal -0.897159 -0.441708 0
    outer loop
      vertex 4.97319 76.1 6.3
      vertex 4.98476 76.0765 2.4
      vertex 4.98476 76.0765 6.3
    endloop
  endfacet
  facet normal -0.946516 -0.322658 0
    outer loop
      vertex 4.99318 76.0518 2.4
      vertex 4.98476 76.0765 6.3
      vertex 4.98476 76.0765 2.4
    endloop
  endfacet
  facet normal -0.946516 -0.322658 0
    outer loop
      vertex 4.98476 76.0765 6.3
      vertex 4.99318 76.0518 2.4
      vertex 4.99318 76.0518 6.3
    endloop
  endfacet
  facet normal -0.980873 -0.194648 0
    outer loop
      vertex 4.99828 76.0261 2.4
      vertex 4.99318 76.0518 6.3
      vertex 4.99318 76.0518 2.4
    endloop
  endfacet
  facet normal -0.980873 -0.194648 0
    outer loop
      vertex 4.99318 76.0518 6.3
      vertex 4.99828 76.0261 2.4
      vertex 4.99828 76.0261 6.3
    endloop
  endfacet
  facet normal -0.997886 -0.0649964 0
    outer loop
      vertex 4.99998 76 2.4
      vertex 4.99828 76.0261 6.3
      vertex 4.99828 76.0261 2.4
    endloop
  endfacet
  facet normal -0.997886 -0.0649964 0
    outer loop
      vertex 4.99828 76.0261 6.3
      vertex 4.99998 76 2.4
      vertex 4.99998 76 6.3
    endloop
  endfacet
  facet normal -1 0 0
    outer loop
      vertex 4.99998 64 2.4
      vertex 4.99998 76 6.3
      vertex 4.99998 76 2.4
    endloop
  endfacet
  facet normal -1 -0 0
    outer loop
      vertex 4.99998 76 6.3
      vertex 4.99998 64 2.4
      vertex 4.99998 64 6.3
    endloop
  endfacet
  facet normal -0.997886 0.0649964 0
    outer loop
      vertex 4.99828 63.9739 2.4
      vertex 4.99998 64 6.3
      vertex 4.99998 64 2.4
    endloop
  endfacet
  facet normal -0.997886 0.0649964 0
    outer loop
      vertex 4.99998 64 6.3
      vertex 4.99828 63.9739 2.4
      vertex 4.99828 63.9739 6.3
    endloop
  endfacet
  facet normal -0.980873 0.194648 0
    outer loop
      vertex 4.99318 63.9482 2.4
      vertex 4.99828 63.9739 6.3
      vertex 4.99828 63.9739 2.4
    endloop
  endfacet
  facet normal -0.980873 0.194648 0
    outer loop
      vertex 4.99828 63.9739 6.3
      vertex 4.99318 63.9482 2.4
      vertex 4.99318 63.9482 6.3
    endloop
  endfacet
  facet normal -0.946516 0.322658 0
    outer loop
      vertex 4.98476 63.9235 2.4
      vertex 4.99318 63.9482 6.3
      vertex 4.99318 63.9482 2.4
    endloop
  endfacet
  facet normal -0.946516 0.322658 0
    outer loop
      vertex 4.99318 63.9482 6.3
      vertex 4.98476 63.9235 2.4
      vertex 4.98476 63.9235 6.3
    endloop
  endfacet
  facet normal -0.897159 0.441708 0
    outer loop
      vertex 4.97319 63.9 2.4
      vertex 4.98476 63.9235 6.3
      vertex 4.98476 63.9235 2.4
    endloop
  endfacet
  facet normal -0.897159 0.441708 0
    outer loop
      vertex 4.98476 63.9235 6.3
      vertex 4.97319 63.9 2.4
      vertex 4.97319 63.9 6.3
    endloop
  endfacet
  facet normal -0.830929 0.556378 0
    outer loop
      vertex 4.95866 63.8783 2.4
      vertex 4.97319 63.9 6.3
      vertex 4.97319 63.9 2.4
    endloop
  endfacet
  facet normal -0.830929 0.556378 0
    outer loop
      vertex 4.97319 63.9 6.3
      vertex 4.95866 63.8783 2.4
      vertex 4.95866 63.8783 6.3
    endloop
  endfacet
  facet normal -0.75234 0.658775 0
    outer loop
      vertex 4.94141 63.8586 2.4
      vertex 4.95866 63.8783 6.3
      vertex 4.95866 63.8783 2.4
    endloop
  endfacet
  facet normal -0.75234 0.658775 0
    outer loop
      vertex 4.95866 63.8783 6.3
      vertex 4.94141 63.8586 2.4
      vertex 4.94141 63.8586 6.3
    endloop
  endfacet
  facet normal -0.660421 0.750895 0
    outer loop
      vertex 4.94141 63.8586 2.4
      vertex 4.92174 63.8413 6.3
      vertex 4.94141 63.8586 6.3
    endloop
  endfacet
  facet normal -0.660421 0.750895 0
    outer loop
      vertex 4.92174 63.8413 6.3
      vertex 4.94141 63.8586 2.4
      vertex 4.92174 63.8413 2.4
    endloop
  endfacet
  facet normal -0.5547 0.83205 0
    outer loop
      vertex 4.92174 63.8413 2.4
      vertex 4.89999 63.8268 6.3
      vertex 4.92174 63.8413 6.3
    endloop
  endfacet
  facet normal -0.5547 0.83205 0
    outer loop
      vertex 4.89999 63.8268 6.3
      vertex 4.92174 63.8413 2.4
      vertex 4.89999 63.8268 2.4
    endloop
  endfacet
  facet normal -0.443235 0.896405 0
    outer loop
      vertex 4.89999 63.8268 2.4
      vertex 4.87653 63.8152 6.3
      vertex 4.89999 63.8268 6.3
    endloop
  endfacet
  facet normal -0.443235 0.896405 0
    outer loop
      vertex 4.87653 63.8152 6.3
      vertex 4.89999 63.8268 2.4
      vertex 4.87653 63.8152 2.4
    endloop
  endfacet
  facet normal -0.321039 0.947066 0
    outer loop
      vertex 4.87653 63.8152 2.4
      vertex 4.85175 63.8068 6.3
      vertex 4.87653 63.8152 6.3
    endloop
  endfacet
  facet normal -0.321039 0.947066 0
    outer loop
      vertex 4.85175 63.8068 6.3
      vertex 4.87653 63.8152 2.4
      vertex 4.85175 63.8068 2.4
    endloop
  endfacet
  facet normal -0.195013 0.980801 0
    outer loop
      vertex 4.85175 63.8068 2.4
      vertex 4.8261 63.8017 6.3
      vertex 4.85175 63.8068 6.3
    endloop
  endfacet
  facet normal -0.195013 0.980801 0
    outer loop
      vertex 4.8261 63.8017 6.3
      vertex 4.85175 63.8068 2.4
      vertex 4.8261 63.8017 2.4
    endloop
  endfacet
  facet normal -0.0649716 0.997887 0
    outer loop
      vertex 4.8261 63.8017 2.4
      vertex 4.79999 63.8 6.3
      vertex 4.8261 63.8017 6.3
    endloop
  endfacet
  facet normal -0.0649716 0.997887 0
    outer loop
      vertex 4.79999 63.8 6.3
      vertex 4.8261 63.8017 2.4
      vertex 4.79999 63.8 2.4
    endloop
  endfacet
  facet normal 0 1 -0
    outer loop
      vertex 4.79999 63.8 2.4
      vertex 0 63.8 6.3
      vertex 4.79999 63.8 6.3
    endloop
  endfacet
  facet normal 0 1 0
    outer loop
      vertex 0 63.8 6.3
      vertex 4.79999 63.8 2.4
      vertex 0 63.8 2.4
    endloop
  endfacet
  facet normal 0 -1 0
    outer loop
      vertex 0 28.2 2.4
      vertex 4.79999 28.2 6.3
      vertex 0 28.2 6.3
    endloop
  endfacet
  facet normal 0 -1 -0
    outer loop
      vertex 4.79999 28.2 6.3
      vertex 0 28.2 2.4
      vertex 4.79999 28.2 2.4
    endloop
  endfacet
  facet normal -0.0649716 -0.997887 0
    outer loop
      vertex 4.79999 28.2 2.4
      vertex 4.8261 28.1983 6.3
      vertex 4.79999 28.2 6.3
    endloop
  endfacet
  facet normal -0.0649716 -0.997887 -0
    outer loop
      vertex 4.8261 28.1983 6.3
      vertex 4.79999 28.2 2.4
      vertex 4.8261 28.1983 2.4
    endloop
  endfacet
  facet normal -0.195013 -0.980801 0
    outer loop
      vertex 4.8261 28.1983 2.4
      vertex 4.85175 28.1932 6.3
      vertex 4.8261 28.1983 6.3
    endloop
  endfacet
  facet normal -0.195013 -0.980801 -0
    outer loop
      vertex 4.85175 28.1932 6.3
      vertex 4.8261 28.1983 2.4
      vertex 4.85175 28.1932 2.4
    endloop
  endfacet
  facet normal -0.321039 -0.947066 0
    outer loop
      vertex 4.85175 28.1932 2.4
      vertex 4.87653 28.1848 6.3
      vertex 4.85175 28.1932 6.3
    endloop
  endfacet
  facet normal -0.321039 -0.947066 -0
    outer loop
      vertex 4.87653 28.1848 6.3
      vertex 4.85175 28.1932 2.4
      vertex 4.87653 28.1848 2.4
    endloop
  endfacet
  facet normal -0.443235 -0.896405 0
    outer loop
      vertex 4.87653 28.1848 2.4
      vertex 4.89999 28.1732 6.3
      vertex 4.87653 28.1848 6.3
    endloop
  endfacet
  facet normal -0.443235 -0.896405 -0
    outer loop
      vertex 4.89999 28.1732 6.3
      vertex 4.87653 28.1848 2.4
      vertex 4.89999 28.1732 2.4
    endloop
  endfacet
  facet normal -0.5547 -0.83205 0
    outer loop
      vertex 4.89999 28.1732 2.4
      vertex 4.92174 28.1587 6.3
      vertex 4.89999 28.1732 6.3
    endloop
  endfacet
  facet normal -0.5547 -0.83205 -0
    outer loop
      vertex 4.92174 28.1587 6.3
      vertex 4.89999 28.1732 2.4
      vertex 4.92174 28.1587 2.4
    endloop
  endfacet
  facet normal -0.660421 -0.750895 0
    outer loop
      vertex 4.92174 28.1587 2.4
      vertex 4.94141 28.1414 6.3
      vertex 4.92174 28.1587 6.3
    endloop
  endfacet
  facet normal -0.660421 -0.750895 -0
    outer loop
      vertex 4.94141 28.1414 6.3
      vertex 4.92174 28.1587 2.4
      vertex 4.94141 28.1414 2.4
    endloop
  endfacet
  facet normal -0.75234 -0.658775 0
    outer loop
      vertex 4.95866 28.1217 2.4
      vertex 4.94141 28.1414 6.3
      vertex 4.94141 28.1414 2.4
    endloop
  endfacet
  facet normal -0.75234 -0.658775 0
    outer loop
      vertex 4.94141 28.1414 6.3
      vertex 4.95866 28.1217 2.4
      vertex 4.95866 28.1217 6.3
    endloop
  endfacet
  facet normal -0.830929 -0.556378 0
    outer loop
      vertex 4.97319 28.1 2.4
      vertex 4.95866 28.1217 6.3
      vertex 4.95866 28.1217 2.4
    endloop
  endfacet
  facet normal -0.830929 -0.556378 0
    outer loop
      vertex 4.95866 28.1217 6.3
      vertex 4.97319 28.1 2.4
      vertex 4.97319 28.1 6.3
    endloop
  endfacet
  facet normal -0.897159 -0.441708 0
    outer loop
      vertex 4.98476 28.0765 2.4
      vertex 4.97319 28.1 6.3
      vertex 4.97319 28.1 2.4
    endloop
  endfacet
  facet normal -0.897159 -0.441708 0
    outer loop
      vertex 4.97319 28.1 6.3
      vertex 4.98476 28.0765 2.4
      vertex 4.98476 28.0765 6.3
    endloop
  endfacet
  facet normal -0.946516 -0.322658 0
    outer loop
      vertex 4.99318 28.0518 2.4
      vertex 4.98476 28.0765 6.3
      vertex 4.98476 28.0765 2.4
    endloop
  endfacet
  facet normal -0.946516 -0.322658 0
    outer loop
      vertex 4.98476 28.0765 6.3
      vertex 4.99318 28.0518 2.4
      vertex 4.99318 28.0518 6.3
    endloop
  endfacet
  facet normal -0.980873 -0.194648 0
    outer loop
      vertex 4.99828 28.0261 2.4
      vertex 4.99318 28.0518 6.3
      vertex 4.99318 28.0518 2.4
    endloop
  endfacet
  facet normal -0.980873 -0.194648 0
    outer loop
      vertex 4.99318 28.0518 6.3
      vertex 4.99828 28.0261 2.4
      vertex 4.99828 28.0261 6.3
    endloop
  endfacet
  facet normal -0.997886 -0.0649964 0
    outer loop
      vertex 4.99998 28 2.4
      vertex 4.99828 28.0261 6.3
      vertex 4.99828 28.0261 2.4
    endloop
  endfacet
  facet normal -0.997886 -0.0649964 0
    outer loop
      vertex 4.99828 28.0261 6.3
      vertex 4.99998 28 2.4
      vertex 4.99998 28 6.3
    endloop
  endfacet
  facet normal -1 0 0
    outer loop
      vertex 4.99998 16 2.4
      vertex 4.99998 28 6.3
      vertex 4.99998 28 2.4
    endloop
  endfacet
  facet normal -1 -0 0
    outer loop
      vertex 4.99998 28 6.3
      vertex 4.99998 16 2.4
      vertex 4.99998 16 6.3
    endloop
  endfacet
  facet normal -0.997886 0.0649964 0
    outer loop
      vertex 4.99828 15.9739 2.4
      vertex 4.99998 16 6.3
      vertex 4.99998 16 2.4
    endloop
  endfacet
  facet normal -0.997886 0.0649964 0
    outer loop
      vertex 4.99998 16 6.3
      vertex 4.99828 15.9739 2.4
      vertex 4.99828 15.9739 6.3
    endloop
  endfacet
  facet normal -0.980873 0.194648 0
    outer loop
      vertex 4.99318 15.9482 2.4
      vertex 4.99828 15.9739 6.3
      vertex 4.99828 15.9739 2.4
    endloop
  endfacet
  facet normal -0.980873 0.194648 0
    outer loop
      vertex 4.99828 15.9739 6.3
      vertex 4.99318 15.9482 2.4
      vertex 4.99318 15.9482 6.3
    endloop
  endfacet
  facet normal -0.946516 0.322658 0
    outer loop
      vertex 4.98476 15.9235 2.4
      vertex 4.99318 15.9482 6.3
      vertex 4.99318 15.9482 2.4
    endloop
  endfacet
  facet normal -0.946516 0.322658 0
    outer loop
      vertex 4.99318 15.9482 6.3
      vertex 4.98476 15.9235 2.4
      vertex 4.98476 15.9235 6.3
    endloop
  endfacet
  facet normal -0.897159 0.441708 0
    outer loop
      vertex 4.97319 15.9 2.4
      vertex 4.98476 15.9235 6.3
      vertex 4.98476 15.9235 2.4
    endloop
  endfacet
  facet normal -0.897159 0.441708 0
    outer loop
      vertex 4.98476 15.9235 6.3
      vertex 4.97319 15.9 2.4
      vertex 4.97319 15.9 6.3
    endloop
  endfacet
  facet normal -0.830929 0.556378 0
    outer loop
      vertex 4.95866 15.8783 2.4
      vertex 4.97319 15.9 6.3
      vertex 4.97319 15.9 2.4
    endloop
  endfacet
  facet normal -0.830929 0.556378 0
    outer loop
      vertex 4.97319 15.9 6.3
      vertex 4.95866 15.8783 2.4
      vertex 4.95866 15.8783 6.3
    endloop
  endfacet
  facet normal -0.75234 0.658775 0
    outer loop
      vertex 4.94141 15.8586 2.4
      vertex 4.95866 15.8783 6.3
      vertex 4.95866 15.8783 2.4
    endloop
  endfacet
  facet normal -0.75234 0.658775 0
    outer loop
      vertex 4.95866 15.8783 6.3
      vertex 4.94141 15.8586 2.4
      vertex 4.94141 15.8586 6.3
    endloop
  endfacet
  facet normal -0.660421 0.750895 0
    outer loop
      vertex 4.94141 15.8586 2.4
      vertex 4.92174 15.8413 6.3
      vertex 4.94141 15.8586 6.3
    endloop
  endfacet
  facet normal -0.660421 0.750895 0
    outer loop
      vertex 4.92174 15.8413 6.3
      vertex 4.94141 15.8586 2.4
      vertex 4.92174 15.8413 2.4
    endloop
  endfacet
  facet normal -0.5547 0.83205 0
    outer loop
      vertex 4.92174 15.8413 2.4
      vertex 4.89999 15.8268 6.3
      vertex 4.92174 15.8413 6.3
    endloop
  endfacet
  facet normal -0.5547 0.83205 0
    outer loop
      vertex 4.89999 15.8268 6.3
      vertex 4.92174 15.8413 2.4
      vertex 4.89999 15.8268 2.4
    endloop
  endfacet
  facet normal -0.443235 0.896405 0
    outer loop
      vertex 4.89999 15.8268 2.4
      vertex 4.87653 15.8152 6.3
      vertex 4.89999 15.8268 6.3
    endloop
  endfacet
  facet normal -0.443235 0.896405 0
    outer loop
      vertex 4.87653 15.8152 6.3
      vertex 4.89999 15.8268 2.4
      vertex 4.87653 15.8152 2.4
    endloop
  endfacet
  facet normal -0.321039 0.947066 0
    outer loop
      vertex 4.87653 15.8152 2.4
      vertex 4.85175 15.8068 6.3
      vertex 4.87653 15.8152 6.3
    endloop
  endfacet
  facet normal -0.321039 0.947066 0
    outer loop
      vertex 4.85175 15.8068 6.3
      vertex 4.87653 15.8152 2.4
      vertex 4.85175 15.8068 2.4
    endloop
  endfacet
  facet normal -0.195013 0.980801 0
    outer loop
      vertex 4.85175 15.8068 2.4
      vertex 4.8261 15.8017 6.3
      vertex 4.85175 15.8068 6.3
    endloop
  endfacet
  facet normal -0.195013 0.980801 0
    outer loop
      vertex 4.8261 15.8017 6.3
      vertex 4.85175 15.8068 2.4
      vertex 4.8261 15.8017 2.4
    endloop
  endfacet
  facet normal -0.0649716 0.997887 0
    outer loop
      vertex 4.8261 15.8017 2.4
      vertex 4.79999 15.8 6.3
      vertex 4.8261 15.8017 6.3
    endloop
  endfacet
  facet normal -0.0649716 0.997887 0
    outer loop
      vertex 4.79999 15.8 6.3
      vertex 4.8261 15.8017 2.4
      vertex 4.79999 15.8 2.4
    endloop
  endfacet
  facet normal 0 1 -0
    outer loop
      vertex 4.79999 15.8 2.4
      vertex 0 15.8 6.3
      vertex 4.79999 15.8 6.3
    endloop
  endfacet
  facet normal 0 1 0
    outer loop
      vertex 0 15.8 6.3
      vertex 4.79999 15.8 2.4
      vertex 0 15.8 2.4
    endloop
  endfacet
  facet normal 0.896806 -0.442424 0
    outer loop
      vertex -3.81627 22.421 2.4
      vertex -3.75263 22.55 5.72205e-07
      vertex -3.75263 22.55 2.4
    endloop
  endfacet
  facet normal 0.896806 -0.442424 0
    outer loop
      vertex -3.75263 22.55 5.72205e-07
      vertex -3.81627 22.421 2.4
      vertex -3.81627 22.421 5.72205e-07
    endloop
  endfacet
  facet normal 0.896806 0.442424 0
    outer loop
      vertex -3.75263 21.45 2.4
      vertex -3.81627 21.579 5.72205e-07
      vertex -3.81627 21.579 2.4
    endloop
  endfacet
  facet normal 0.896806 0.442424 0
    outer loop
      vertex -3.81627 21.579 5.72205e-07
      vertex -3.75263 21.45 2.4
      vertex -3.75263 21.45 5.72205e-07
    endloop
  endfacet
  facet normal -0.980781 -0.195113 0
    outer loop
      vertex -1.70941 22.1436 5.72205e-07
      vertex -1.73748 22.2847 2.4
      vertex -1.73748 22.2847 5.72205e-07
    endloop
  endfacet
  facet normal -0.980781 -0.195113 0
    outer loop
      vertex -1.73748 22.2847 2.4
      vertex -1.70941 22.1436 5.72205e-07
      vertex -1.70941 22.1436 2.4
    endloop
  endfacet
  facet normal -0.99786 -0.065389 0
    outer loop
      vertex -1.7 22 5.72205e-07
      vertex -1.70941 22.1436 2.4
      vertex -1.70941 22.1436 5.72205e-07
    endloop
  endfacet
  facet normal -0.99786 -0.065389 0
    outer loop
      vertex -1.70941 22.1436 2.4
      vertex -1.7 22 5.72205e-07
      vertex -1.7 22 2.4
    endloop
  endfacet
  facet normal -0.0653289 0.997864 0
    outer loop
      vertex -2.65642 20.9094 5.72205e-07
      vertex -2.8 20.9 2.4
      vertex -2.65642 20.9094 2.4
    endloop
  endfacet
  facet normal -0.0653289 0.997864 0
    outer loop
      vertex -2.8 20.9 2.4
      vertex -2.65642 20.9094 5.72205e-07
      vertex -2.8 20.9 5.72205e-07
    endloop
  endfacet
  facet normal -0.659458 0.751741 0
    outer loop
      vertex -2.02218 21.2222 5.72205e-07
      vertex -2.13036 21.1273 2.4
      vertex -2.02218 21.2222 2.4
    endloop
  endfacet
  facet normal -0.659458 0.751741 0
    outer loop
      vertex -2.13036 21.1273 2.4
      vertex -2.02218 21.2222 5.72205e-07
      vertex -2.13036 21.1273 5.72205e-07
    endloop
  endfacet
  facet normal 0.831387 0.555694 0
    outer loop
      vertex -3.67269 21.3304 2.4
      vertex -3.75263 21.45 5.72205e-07
      vertex -3.75263 21.45 2.4
    endloop
  endfacet
  facet normal 0.831387 0.555694 0
    outer loop
      vertex -3.75263 21.45 5.72205e-07
      vertex -3.67269 21.3304 2.4
      vertex -3.67269 21.3304 5.72205e-07
    endloop
  endfacet
  facet normal 0.99786 0.065389 0
    outer loop
      vertex -3.89059 21.8564 2.4
      vertex -3.9 22 5.72205e-07
      vertex -3.9 22 2.4
    endloop
  endfacet
  facet normal 0.99786 0.065389 0
    outer loop
      vertex -3.9 22 5.72205e-07
      vertex -3.89059 21.8564 2.4
      vertex -3.89059 21.8564 5.72205e-07
    endloop
  endfacet
  facet normal -0.980781 0.195113 0
    outer loop
      vertex -1.73748 21.7153 5.72205e-07
      vertex -1.70941 21.8564 2.4
      vertex -1.70941 21.8564 5.72205e-07
    endloop
  endfacet
  facet normal -0.980781 0.195113 0
    outer loop
      vertex -1.70941 21.8564 2.4
      vertex -1.73748 21.7153 5.72205e-07
      vertex -1.73748 21.7153 2.4
    endloop
  endfacet
  facet normal -0.751905 0.659272 0
    outer loop
      vertex -2.02218 21.2222 5.72205e-07
      vertex -1.92731 21.3304 2.4
      vertex -1.92731 21.3304 5.72205e-07
    endloop
  endfacet
  facet normal -0.751905 0.659272 0
    outer loop
      vertex -1.92731 21.3304 2.4
      vertex -2.02218 21.2222 5.72205e-07
      vertex -2.02218 21.2222 2.4
    endloop
  endfacet
  facet normal 0.659458 -0.751741 0
    outer loop
      vertex -3.57782 22.7778 5.72205e-07
      vertex -3.46964 22.8727 2.4
      vertex -3.57782 22.7778 2.4
    endloop
  endfacet
  facet normal 0.659458 -0.751741 0
    outer loop
      vertex -3.46964 22.8727 2.4
      vertex -3.57782 22.7778 5.72205e-07
      vertex -3.46964 22.8727 5.72205e-07
    endloop
  endfacet
  facet normal 0.946967 0.32133 0
    outer loop
      vertex -3.81627 21.579 2.4
      vertex -3.86252 21.7153 5.72205e-07
      vertex -3.86252 21.7153 2.4
    endloop
  endfacet
  facet normal 0.946967 0.32133 0
    outer loop
      vertex -3.86252 21.7153 5.72205e-07
      vertex -3.81627 21.579 2.4
      vertex -3.81627 21.579 5.72205e-07
    endloop
  endfacet
  facet normal -0.831387 0.555694 0
    outer loop
      vertex -1.92731 21.3304 5.72205e-07
      vertex -1.84737 21.45 2.4
      vertex -1.84737 21.45 5.72205e-07
    endloop
  endfacet
  facet normal -0.831387 0.555694 0
    outer loop
      vertex -1.84737 21.45 2.4
      vertex -1.92731 21.3304 5.72205e-07
      vertex -1.92731 21.3304 2.4
    endloop
  endfacet
  facet normal -0.751905 -0.659272 0
    outer loop
      vertex -1.92731 22.6696 5.72205e-07
      vertex -2.02218 22.7778 2.4
      vertex -2.02218 22.7778 5.72205e-07
    endloop
  endfacet
  facet normal -0.751905 -0.659272 0
    outer loop
      vertex -2.02218 22.7778 2.4
      vertex -1.92731 22.6696 5.72205e-07
      vertex -1.92731 22.6696 2.4
    endloop
  endfacet
  facet normal -0.321124 0.947037 0
    outer loop
      vertex -2.37905 20.9837 5.72205e-07
      vertex -2.5153 20.9375 2.4
      vertex -2.37905 20.9837 2.4
    endloop
  endfacet
  facet normal -0.321124 0.947037 0
    outer loop
      vertex -2.5153 20.9375 2.4
      vertex -2.37905 20.9837 5.72205e-07
      vertex -2.5153 20.9375 5.72205e-07
    endloop
  endfacet
  facet normal -0.321124 -0.947037 0
    outer loop
      vertex -2.5153 23.0625 5.72205e-07
      vertex -2.37905 23.0163 2.4
      vertex -2.5153 23.0625 2.4
    endloop
  endfacet
  facet normal -0.321124 -0.947037 -0
    outer loop
      vertex -2.37905 23.0163 2.4
      vertex -2.5153 23.0625 5.72205e-07
      vertex -2.37905 23.0163 5.72205e-07
    endloop
  endfacet
  facet normal 0.0653289 0.997864 -0
    outer loop
      vertex -2.8 20.9 5.72205e-07
      vertex -2.94358 20.9094 2.4
      vertex -2.8 20.9 2.4
    endloop
  endfacet
  facet normal 0.0653289 0.997864 0
    outer loop
      vertex -2.94358 20.9094 2.4
      vertex -2.8 20.9 5.72205e-07
      vertex -2.94358 20.9094 5.72205e-07
    endloop
  endfacet
  facet normal 0.321124 -0.947037 0
    outer loop
      vertex -3.22095 23.0163 5.72205e-07
      vertex -3.0847 23.0625 2.4
      vertex -3.22095 23.0163 2.4
    endloop
  endfacet
  facet normal 0.321124 -0.947037 0
    outer loop
      vertex -3.0847 23.0625 2.4
      vertex -3.22095 23.0163 5.72205e-07
      vertex -3.0847 23.0625 5.72205e-07
    endloop
  endfacet
  facet normal 0.751905 0.659272 0
    outer loop
      vertex -3.57782 21.2222 2.4
      vertex -3.67269 21.3304 5.72205e-07
      vertex -3.67269 21.3304 2.4
    endloop
  endfacet
  facet normal 0.751905 0.659272 0
    outer loop
      vertex -3.67269 21.3304 5.72205e-07
      vertex -3.57782 21.2222 2.4
      vertex -3.57782 21.2222 5.72205e-07
    endloop
  endfacet
  facet normal -0.896806 0.442424 0
    outer loop
      vertex -1.84737 21.45 5.72205e-07
      vertex -1.78373 21.579 2.4
      vertex -1.78373 21.579 5.72205e-07
    endloop
  endfacet
  facet normal -0.896806 0.442424 0
    outer loop
      vertex -1.78373 21.579 2.4
      vertex -1.84737 21.45 5.72205e-07
      vertex -1.84737 21.45 2.4
    endloop
  endfacet
  facet normal 0.980781 0.195113 0
    outer loop
      vertex -3.86252 21.7153 2.4
      vertex -3.89059 21.8564 5.72205e-07
      vertex -3.89059 21.8564 2.4
    endloop
  endfacet
  facet normal 0.980781 0.195113 0
    outer loop
      vertex -3.89059 21.8564 5.72205e-07
      vertex -3.86252 21.7153 2.4
      vertex -3.86252 21.7153 5.72205e-07
    endloop
  endfacet
  facet normal 0.659458 0.751741 -0
    outer loop
      vertex -3.46964 21.1273 5.72205e-07
      vertex -3.57782 21.2222 2.4
      vertex -3.46964 21.1273 2.4
    endloop
  endfacet
  facet normal 0.659458 0.751741 0
    outer loop
      vertex -3.57782 21.2222 2.4
      vertex -3.46964 21.1273 5.72205e-07
      vertex -3.57782 21.2222 5.72205e-07
    endloop
  endfacet
  facet normal -0.831387 -0.555694 0
    outer loop
      vertex -1.84737 22.55 5.72205e-07
      vertex -1.92731 22.6696 2.4
      vertex -1.92731 22.6696 5.72205e-07
    endloop
  endfacet
  facet normal -0.831387 -0.555694 0
    outer loop
      vertex -1.92731 22.6696 2.4
      vertex -1.84737 22.55 5.72205e-07
      vertex -1.84737 22.55 2.4
    endloop
  endfacet
  facet normal -0.99786 0.065389 0
    outer loop
      vertex -1.70941 21.8564 5.72205e-07
      vertex -1.7 22 2.4
      vertex -1.7 22 5.72205e-07
    endloop
  endfacet
  facet normal -0.99786 0.065389 0
    outer loop
      vertex -1.7 22 2.4
      vertex -1.70941 21.8564 5.72205e-07
      vertex -1.70941 21.8564 2.4
    endloop
  endfacet
  facet normal 0.195287 0.980746 -0
    outer loop
      vertex -2.94358 20.9094 5.72205e-07
      vertex -3.0847 20.9375 2.4
      vertex -2.94358 20.9094 2.4
    endloop
  endfacet
  facet normal 0.195287 0.980746 0
    outer loop
      vertex -3.0847 20.9375 2.4
      vertex -2.94358 20.9094 5.72205e-07
      vertex -3.0847 20.9375 5.72205e-07
    endloop
  endfacet
  facet normal -0.555374 -0.831601 0
    outer loop
      vertex -2.25 22.9526 5.72205e-07
      vertex -2.13036 22.8727 2.4
      vertex -2.25 22.9526 2.4
    endloop
  endfacet
  facet normal -0.555374 -0.831601 -0
    outer loop
      vertex -2.13036 22.8727 2.4
      vertex -2.25 22.9526 5.72205e-07
      vertex -2.13036 22.8727 5.72205e-07
    endloop
  endfacet
  facet normal -0.555374 0.831601 0
    outer loop
      vertex -2.13036 21.1273 5.72205e-07
      vertex -2.25 21.0474 2.4
      vertex -2.13036 21.1273 2.4
    endloop
  endfacet
  facet normal -0.555374 0.831601 0
    outer loop
      vertex -2.25 21.0474 2.4
      vertex -2.13036 21.1273 5.72205e-07
      vertex -2.25 21.0474 5.72205e-07
    endloop
  endfacet
  facet normal -0.195287 0.980746 0
    outer loop
      vertex -2.5153 20.9375 5.72205e-07
      vertex -2.65642 20.9094 2.4
      vertex -2.5153 20.9375 2.4
    endloop
  endfacet
  facet normal -0.195287 0.980746 0
    outer loop
      vertex -2.65642 20.9094 2.4
      vertex -2.5153 20.9375 5.72205e-07
      vertex -2.65642 20.9094 5.72205e-07
    endloop
  endfacet
  facet normal -0.0653289 -0.997864 0
    outer loop
      vertex -2.8 23.1 5.72205e-07
      vertex -2.65642 23.0906 2.4
      vertex -2.8 23.1 2.4
    endloop
  endfacet
  facet normal -0.0653289 -0.997864 -0
    outer loop
      vertex -2.65642 23.0906 2.4
      vertex -2.8 23.1 5.72205e-07
      vertex -2.65642 23.0906 5.72205e-07
    endloop
  endfacet
  facet normal -0.896806 -0.442424 0
    outer loop
      vertex -1.78373 22.421 5.72205e-07
      vertex -1.84737 22.55 2.4
      vertex -1.84737 22.55 5.72205e-07
    endloop
  endfacet
  facet normal -0.896806 -0.442424 0
    outer loop
      vertex -1.84737 22.55 2.4
      vertex -1.78373 22.421 5.72205e-07
      vertex -1.78373 22.421 2.4
    endloop
  endfacet
  facet normal -0.442622 -0.896708 0
    outer loop
      vertex -2.37905 23.0163 5.72205e-07
      vertex -2.25 22.9526 2.4
      vertex -2.37905 23.0163 2.4
    endloop
  endfacet
  facet normal -0.442622 -0.896708 -0
    outer loop
      vertex -2.25 22.9526 2.4
      vertex -2.37905 23.0163 5.72205e-07
      vertex -2.25 22.9526 5.72205e-07
    endloop
  endfacet
  facet normal 0.751905 -0.659272 0
    outer loop
      vertex -3.67269 22.6696 2.4
      vertex -3.57782 22.7778 5.72205e-07
      vertex -3.57782 22.7778 2.4
    endloop
  endfacet
  facet normal 0.751905 -0.659272 0
    outer loop
      vertex -3.57782 22.7778 5.72205e-07
      vertex -3.67269 22.6696 2.4
      vertex -3.67269 22.6696 5.72205e-07
    endloop
  endfacet
  facet normal -0.659458 -0.751741 0
    outer loop
      vertex -2.13036 22.8727 5.72205e-07
      vertex -2.02218 22.7778 2.4
      vertex -2.13036 22.8727 2.4
    endloop
  endfacet
  facet normal -0.659458 -0.751741 -0
    outer loop
      vertex -2.02218 22.7778 2.4
      vertex -2.13036 22.8727 5.72205e-07
      vertex -2.02218 22.7778 5.72205e-07
    endloop
  endfacet
  facet normal 0.980781 -0.195113 0
    outer loop
      vertex -3.89059 22.1436 2.4
      vertex -3.86252 22.2847 5.72205e-07
      vertex -3.86252 22.2847 2.4
    endloop
  endfacet
  facet normal 0.980781 -0.195113 0
    outer loop
      vertex -3.86252 22.2847 5.72205e-07
      vertex -3.89059 22.1436 2.4
      vertex -3.89059 22.1436 5.72205e-07
    endloop
  endfacet
  facet normal -0.195287 -0.980746 0
    outer loop
      vertex -2.65642 23.0906 5.72205e-07
      vertex -2.5153 23.0625 2.4
      vertex -2.65642 23.0906 2.4
    endloop
  endfacet
  facet normal -0.195287 -0.980746 -0
    outer loop
      vertex -2.5153 23.0625 2.4
      vertex -2.65642 23.0906 5.72205e-07
      vertex -2.5153 23.0625 5.72205e-07
    endloop
  endfacet
  facet normal 0.946967 -0.32133 0
    outer loop
      vertex -3.86252 22.2847 2.4
      vertex -3.81627 22.421 5.72205e-07
      vertex -3.81627 22.421 2.4
    endloop
  endfacet
  facet normal 0.946967 -0.32133 0
    outer loop
      vertex -3.81627 22.421 5.72205e-07
      vertex -3.86252 22.2847 2.4
      vertex -3.86252 22.2847 5.72205e-07
    endloop
  endfacet
  facet normal 0.195287 -0.980746 0
    outer loop
      vertex -3.0847 23.0625 5.72205e-07
      vertex -2.94358 23.0906 2.4
      vertex -3.0847 23.0625 2.4
    endloop
  endfacet
  facet normal 0.195287 -0.980746 0
    outer loop
      vertex -2.94358 23.0906 2.4
      vertex -3.0847 23.0625 5.72205e-07
      vertex -2.94358 23.0906 5.72205e-07
    endloop
  endfacet
  facet normal -0.946967 -0.32133 0
    outer loop
      vertex -1.73748 22.2847 5.72205e-07
      vertex -1.78373 22.421 2.4
      vertex -1.78373 22.421 5.72205e-07
    endloop
  endfacet
  facet normal -0.946967 -0.32133 0
    outer loop
      vertex -1.78373 22.421 2.4
      vertex -1.73748 22.2847 5.72205e-07
      vertex -1.73748 22.2847 2.4
    endloop
  endfacet
  facet normal -0.946967 0.32133 0
    outer loop
      vertex -1.78373 21.579 5.72205e-07
      vertex -1.73748 21.7153 2.4
      vertex -1.73748 21.7153 5.72205e-07
    endloop
  endfacet
  facet normal -0.946967 0.32133 0
    outer loop
      vertex -1.73748 21.7153 2.4
      vertex -1.78373 21.579 5.72205e-07
      vertex -1.78373 21.579 2.4
    endloop
  endfacet
  facet normal 0.99786 -0.065389 0
    outer loop
      vertex -3.9 22 2.4
      vertex -3.89059 22.1436 5.72205e-07
      vertex -3.89059 22.1436 2.4
    endloop
  endfacet
  facet normal 0.99786 -0.065389 0
    outer loop
      vertex -3.89059 22.1436 5.72205e-07
      vertex -3.9 22 2.4
      vertex -3.9 22 5.72205e-07
    endloop
  endfacet
  facet normal 0.0653289 -0.997864 0
    outer loop
      vertex -2.94358 23.0906 5.72205e-07
      vertex -2.8 23.1 2.4
      vertex -2.94358 23.0906 2.4
    endloop
  endfacet
  facet normal 0.0653289 -0.997864 0
    outer loop
      vertex -2.8 23.1 2.4
      vertex -2.94358 23.0906 5.72205e-07
      vertex -2.8 23.1 5.72205e-07
    endloop
  endfacet
  facet normal 0.321124 0.947037 -0
    outer loop
      vertex -3.0847 20.9375 5.72205e-07
      vertex -3.22095 20.9837 2.4
      vertex -3.0847 20.9375 2.4
    endloop
  endfacet
  facet normal 0.321124 0.947037 0
    outer loop
      vertex -3.22095 20.9837 2.4
      vertex -3.0847 20.9375 5.72205e-07
      vertex -3.22095 20.9837 5.72205e-07
    endloop
  endfacet
  facet normal 0.442622 -0.896708 0
    outer loop
      vertex -3.35 22.9526 5.72205e-07
      vertex -3.22095 23.0163 2.4
      vertex -3.35 22.9526 2.4
    endloop
  endfacet
  facet normal 0.442622 -0.896708 0
    outer loop
      vertex -3.22095 23.0163 2.4
      vertex -3.35 22.9526 5.72205e-07
      vertex -3.22095 23.0163 5.72205e-07
    endloop
  endfacet
  facet normal -0.442622 0.896708 0
    outer loop
      vertex -2.25 21.0474 5.72205e-07
      vertex -2.37905 20.9837 2.4
      vertex -2.25 21.0474 2.4
    endloop
  endfacet
  facet normal -0.442622 0.896708 0
    outer loop
      vertex -2.37905 20.9837 2.4
      vertex -2.25 21.0474 5.72205e-07
      vertex -2.37905 20.9837 5.72205e-07
    endloop
  endfacet
  facet normal 0.442622 0.896708 -0
    outer loop
      vertex -3.22095 20.9837 5.72205e-07
      vertex -3.35 21.0474 2.4
      vertex -3.22095 20.9837 2.4
    endloop
  endfacet
  facet normal 0.442622 0.896708 0
    outer loop
      vertex -3.35 21.0474 2.4
      vertex -3.22095 20.9837 5.72205e-07
      vertex -3.35 21.0474 5.72205e-07
    endloop
  endfacet
  facet normal 0.555374 -0.831601 0
    outer loop
      vertex -3.46964 22.8727 5.72205e-07
      vertex -3.35 22.9526 2.4
      vertex -3.46964 22.8727 2.4
    endloop
  endfacet
  facet normal 0.555374 -0.831601 0
    outer loop
      vertex -3.35 22.9526 2.4
      vertex -3.46964 22.8727 5.72205e-07
      vertex -3.35 22.9526 5.72205e-07
    endloop
  endfacet
  facet normal 0.831387 -0.555694 0
    outer loop
      vertex -3.75263 22.55 2.4
      vertex -3.67269 22.6696 5.72205e-07
      vertex -3.67269 22.6696 2.4
    endloop
  endfacet
  facet normal 0.831387 -0.555694 0
    outer loop
      vertex -3.67269 22.6696 5.72205e-07
      vertex -3.75263 22.55 2.4
      vertex -3.75263 22.55 5.72205e-07
    endloop
  endfacet
  facet normal 0.555374 0.831601 -0
    outer loop
      vertex -3.35 21.0474 5.72205e-07
      vertex -3.46964 21.1273 2.4
      vertex -3.35 21.0474 2.4
    endloop
  endfacet
  facet normal 0.555374 0.831601 0
    outer loop
      vertex -3.46964 21.1273 2.4
      vertex -3.35 21.0474 5.72205e-07
      vertex -3.46964 21.1273 5.72205e-07
    endloop
  endfacet
  facet normal -0.751905 0.659272 0
    outer loop
      vertex -2.02218 69.2222 5.72205e-07
      vertex -1.92731 69.3304 2.4
      vertex -1.92731 69.3304 5.72205e-07
    endloop
  endfacet
  facet normal -0.751905 0.659272 0
    outer loop
      vertex -1.92731 69.3304 2.4
      vertex -2.02218 69.2222 5.72205e-07
      vertex -2.02218 69.2222 2.4
    endloop
  endfacet
  facet normal -0.980781 -0.195113 0
    outer loop
      vertex -1.70941 70.1436 5.72205e-07
      vertex -1.73748 70.2847 2.4
      vertex -1.73748 70.2847 5.72205e-07
    endloop
  endfacet
  facet normal -0.980781 -0.195113 0
    outer loop
      vertex -1.73748 70.2847 2.4
      vertex -1.70941 70.1436 5.72205e-07
      vertex -1.70941 70.1436 2.4
    endloop
  endfacet
  facet normal -0.195287 0.980746 0
    outer loop
      vertex -2.5153 68.9375 5.72205e-07
      vertex -2.65642 68.9094 2.4
      vertex -2.5153 68.9375 2.4
    endloop
  endfacet
  facet normal -0.195287 0.980746 0
    outer loop
      vertex -2.65642 68.9094 2.4
      vertex -2.5153 68.9375 5.72205e-07
      vertex -2.65642 68.9094 5.72205e-07
    endloop
  endfacet
  facet normal -0.946967 -0.32133 0
    outer loop
      vertex -1.73748 70.2847 5.72205e-07
      vertex -1.78373 70.421 2.4
      vertex -1.78373 70.421 5.72205e-07
    endloop
  endfacet
  facet normal -0.946967 -0.32133 0
    outer loop
      vertex -1.78373 70.421 2.4
      vertex -1.73748 70.2847 5.72205e-07
      vertex -1.73748 70.2847 2.4
    endloop
  endfacet
  facet normal 0.659458 -0.751741 0
    outer loop
      vertex -3.57782 70.7778 5.72205e-07
      vertex -3.46964 70.8727 2.4
      vertex -3.57782 70.7778 2.4
    endloop
  endfacet
  facet normal 0.659458 -0.751741 0
    outer loop
      vertex -3.46964 70.8727 2.4
      vertex -3.57782 70.7778 5.72205e-07
      vertex -3.46964 70.8727 5.72205e-07
    endloop
  endfacet
  facet normal 0.896806 -0.442424 0
    outer loop
      vertex -3.81627 70.421 2.4
      vertex -3.75263 70.55 5.72205e-07
      vertex -3.75263 70.55 2.4
    endloop
  endfacet
  facet normal 0.896806 -0.442424 0
    outer loop
      vertex -3.75263 70.55 5.72205e-07
      vertex -3.81627 70.421 2.4
      vertex -3.81627 70.421 5.72205e-07
    endloop
  endfacet
  facet normal -0.555374 -0.831601 0
    outer loop
      vertex -2.25 70.9526 5.72205e-07
      vertex -2.13036 70.8727 2.4
      vertex -2.25 70.9526 2.4
    endloop
  endfacet
  facet normal -0.555374 -0.831601 -0
    outer loop
      vertex -2.13036 70.8727 2.4
      vertex -2.25 70.9526 5.72205e-07
      vertex -2.13036 70.8727 5.72205e-07
    endloop
  endfacet
  facet normal 0.442622 0.896708 -0
    outer loop
      vertex -3.22095 68.9837 5.72205e-07
      vertex -3.35 69.0474 2.4
      vertex -3.22095 68.9837 2.4
    endloop
  endfacet
  facet normal 0.442622 0.896708 0
    outer loop
      vertex -3.35 69.0474 2.4
      vertex -3.22095 68.9837 5.72205e-07
      vertex -3.35 69.0474 5.72205e-07
    endloop
  endfacet
  facet normal -0.831387 0.555694 0
    outer loop
      vertex -1.92731 69.3304 5.72205e-07
      vertex -1.84737 69.45 2.4
      vertex -1.84737 69.45 5.72205e-07
    endloop
  endfacet
  facet normal -0.831387 0.555694 0
    outer loop
      vertex -1.84737 69.45 2.4
      vertex -1.92731 69.3304 5.72205e-07
      vertex -1.92731 69.3304 2.4
    endloop
  endfacet
  facet normal 0.442622 -0.896708 0
    outer loop
      vertex -3.35 70.9526 5.72205e-07
      vertex -3.22095 71.0163 2.4
      vertex -3.35 70.9526 2.4
    endloop
  endfacet
  facet normal 0.442622 -0.896708 0
    outer loop
      vertex -3.22095 71.0163 2.4
      vertex -3.35 70.9526 5.72205e-07
      vertex -3.22095 71.0163 5.72205e-07
    endloop
  endfacet
  facet normal -0.659458 0.751741 0
    outer loop
      vertex -2.02218 69.2222 5.72205e-07
      vertex -2.13036 69.1273 2.4
      vertex -2.02218 69.2222 2.4
    endloop
  endfacet
  facet normal -0.659458 0.751741 0
    outer loop
      vertex -2.13036 69.1273 2.4
      vertex -2.02218 69.2222 5.72205e-07
      vertex -2.13036 69.1273 5.72205e-07
    endloop
  endfacet
  facet normal 0.321124 0.947037 -0
    outer loop
      vertex -3.0847 68.9375 5.72205e-07
      vertex -3.22095 68.9837 2.4
      vertex -3.0847 68.9375 2.4
    endloop
  endfacet
  facet normal 0.321124 0.947037 0
    outer loop
      vertex -3.22095 68.9837 2.4
      vertex -3.0847 68.9375 5.72205e-07
      vertex -3.22095 68.9837 5.72205e-07
    endloop
  endfacet
  facet normal 0.659458 0.751741 -0
    outer loop
      vertex -3.46964 69.1273 5.72205e-07
      vertex -3.57782 69.2222 2.4
      vertex -3.46964 69.1273 2.4
    endloop
  endfacet
  facet normal 0.659458 0.751741 0
    outer loop
      vertex -3.57782 69.2222 2.4
      vertex -3.46964 69.1273 5.72205e-07
      vertex -3.57782 69.2222 5.72205e-07
    endloop
  endfacet
  facet normal -0.99786 -0.065389 0
    outer loop
      vertex -1.7 70 5.72205e-07
      vertex -1.70941 70.1436 2.4
      vertex -1.70941 70.1436 5.72205e-07
    endloop
  endfacet
  facet normal -0.99786 -0.065389 0
    outer loop
      vertex -1.70941 70.1436 2.4
      vertex -1.7 70 5.72205e-07
      vertex -1.7 70 2.4
    endloop
  endfacet
  facet normal -0.442622 0.896708 0
    outer loop
      vertex -2.25 69.0474 5.72205e-07
      vertex -2.37905 68.9837 2.4
      vertex -2.25 69.0474 2.4
    endloop
  endfacet
  facet normal -0.442622 0.896708 0
    outer loop
      vertex -2.37905 68.9837 2.4
      vertex -2.25 69.0474 5.72205e-07
      vertex -2.37905 68.9837 5.72205e-07
    endloop
  endfacet
  facet normal 0.946967 0.32133 0
    outer loop
      vertex -3.81627 69.579 2.4
      vertex -3.86252 69.7153 5.72205e-07
      vertex -3.86252 69.7153 2.4
    endloop
  endfacet
  facet normal 0.946967 0.32133 0
    outer loop
      vertex -3.86252 69.7153 5.72205e-07
      vertex -3.81627 69.579 2.4
      vertex -3.81627 69.579 5.72205e-07
    endloop
  endfacet
  facet normal -0.896806 0.442424 0
    outer loop
      vertex -1.84737 69.45 5.72205e-07
      vertex -1.78373 69.579 2.4
      vertex -1.78373 69.579 5.72205e-07
    endloop
  endfacet
  facet normal -0.896806 0.442424 0
    outer loop
      vertex -1.78373 69.579 2.4
      vertex -1.84737 69.45 5.72205e-07
      vertex -1.84737 69.45 2.4
    endloop
  endfacet
  facet normal -0.555374 0.831601 0
    outer loop
      vertex -2.13036 69.1273 5.72205e-07
      vertex -2.25 69.0474 2.4
      vertex -2.13036 69.1273 2.4
    endloop
  endfacet
  facet normal -0.555374 0.831601 0
    outer loop
      vertex -2.25 69.0474 2.4
      vertex -2.13036 69.1273 5.72205e-07
      vertex -2.25 69.0474 5.72205e-07
    endloop
  endfacet
  facet normal -0.0653289 0.997864 0
    outer loop
      vertex -2.65642 68.9094 5.72205e-07
      vertex -2.8 68.9 2.4
      vertex -2.65642 68.9094 2.4
    endloop
  endfacet
  facet normal -0.0653289 0.997864 0
    outer loop
      vertex -2.8 68.9 2.4
      vertex -2.65642 68.9094 5.72205e-07
      vertex -2.8 68.9 5.72205e-07
    endloop
  endfacet
  facet normal -0.659458 -0.751741 0
    outer loop
      vertex -2.13036 70.8727 5.72205e-07
      vertex -2.02218 70.7778 2.4
      vertex -2.13036 70.8727 2.4
    endloop
  endfacet
  facet normal -0.659458 -0.751741 -0
    outer loop
      vertex -2.02218 70.7778 2.4
      vertex -2.13036 70.8727 5.72205e-07
      vertex -2.02218 70.7778 5.72205e-07
    endloop
  endfacet
  facet normal -0.896806 -0.442424 0
    outer loop
      vertex -1.78373 70.421 5.72205e-07
      vertex -1.84737 70.55 2.4
      vertex -1.84737 70.55 5.72205e-07
    endloop
  endfacet
  facet normal -0.896806 -0.442424 0
    outer loop
      vertex -1.84737 70.55 2.4
      vertex -1.78373 70.421 5.72205e-07
      vertex -1.78373 70.421 2.4
    endloop
  endfacet
  facet normal -0.442622 -0.896708 0
    outer loop
      vertex -2.37905 71.0163 5.72205e-07
      vertex -2.25 70.9526 2.4
      vertex -2.37905 71.0163 2.4
    endloop
  endfacet
  facet normal -0.442622 -0.896708 -0
    outer loop
      vertex -2.25 70.9526 2.4
      vertex -2.37905 71.0163 5.72205e-07
      vertex -2.25 70.9526 5.72205e-07
    endloop
  endfacet
  facet normal 0.946967 -0.32133 0
    outer loop
      vertex -3.86252 70.2847 2.4
      vertex -3.81627 70.421 5.72205e-07
      vertex -3.81627 70.421 2.4
    endloop
  endfacet
  facet normal 0.946967 -0.32133 0
    outer loop
      vertex -3.81627 70.421 5.72205e-07
      vertex -3.86252 70.2847 2.4
      vertex -3.86252 70.2847 5.72205e-07
    endloop
  endfacet
  facet normal -0.99786 0.065389 0
    outer loop
      vertex -1.70941 69.8564 5.72205e-07
      vertex -1.7 70 2.4
      vertex -1.7 70 5.72205e-07
    endloop
  endfacet
  facet normal -0.99786 0.065389 0
    outer loop
      vertex -1.7 70 2.4
      vertex -1.70941 69.8564 5.72205e-07
      vertex -1.70941 69.8564 2.4
    endloop
  endfacet
  facet normal -0.831387 -0.555694 0
    outer loop
      vertex -1.84737 70.55 5.72205e-07
      vertex -1.92731 70.6696 2.4
      vertex -1.92731 70.6696 5.72205e-07
    endloop
  endfacet
  facet normal -0.831387 -0.555694 0
    outer loop
      vertex -1.92731 70.6696 2.4
      vertex -1.84737 70.55 5.72205e-07
      vertex -1.84737 70.55 2.4
    endloop
  endfacet
  facet normal 0.195287 -0.980746 0
    outer loop
      vertex -3.0847 71.0625 5.72205e-07
      vertex -2.94358 71.0906 2.4
      vertex -3.0847 71.0625 2.4
    endloop
  endfacet
  facet normal 0.195287 -0.980746 0
    outer loop
      vertex -2.94358 71.0906 2.4
      vertex -3.0847 71.0625 5.72205e-07
      vertex -2.94358 71.0906 5.72205e-07
    endloop
  endfacet
  facet normal -0.321124 0.947037 0
    outer loop
      vertex -2.37905 68.9837 5.72205e-07
      vertex -2.5153 68.9375 2.4
      vertex -2.37905 68.9837 2.4
    endloop
  endfacet
  facet normal -0.321124 0.947037 0
    outer loop
      vertex -2.5153 68.9375 2.4
      vertex -2.37905 68.9837 5.72205e-07
      vertex -2.5153 68.9375 5.72205e-07
    endloop
  endfacet
  facet normal 0.831387 -0.555694 0
    outer loop
      vertex -3.75263 70.55 2.4
      vertex -3.67269 70.6696 5.72205e-07
      vertex -3.67269 70.6696 2.4
    endloop
  endfacet
  facet normal 0.831387 -0.555694 0
    outer loop
      vertex -3.67269 70.6696 5.72205e-07
      vertex -3.75263 70.55 2.4
      vertex -3.75263 70.55 5.72205e-07
    endloop
  endfacet
  facet normal -0.321124 -0.947037 0
    outer loop
      vertex -2.5153 71.0625 5.72205e-07
      vertex -2.37905 71.0163 2.4
      vertex -2.5153 71.0625 2.4
    endloop
  endfacet
  facet normal -0.321124 -0.947037 -0
    outer loop
      vertex -2.37905 71.0163 2.4
      vertex -2.5153 71.0625 5.72205e-07
      vertex -2.37905 71.0163 5.72205e-07
    endloop
  endfacet
  facet normal 0.99786 -0.065389 0
    outer loop
      vertex -3.9 70 2.4
      vertex -3.89059 70.1436 5.72205e-07
      vertex -3.89059 70.1436 2.4
    endloop
  endfacet
  facet normal 0.99786 -0.065389 0
    outer loop
      vertex -3.89059 70.1436 5.72205e-07
      vertex -3.9 70 2.4
      vertex -3.9 70 5.72205e-07
    endloop
  endfacet
  facet normal -0.980781 0.195113 0
    outer loop
      vertex -1.73748 69.7153 5.72205e-07
      vertex -1.70941 69.8564 2.4
      vertex -1.70941 69.8564 5.72205e-07
    endloop
  endfacet
  facet normal -0.980781 0.195113 0
    outer loop
      vertex -1.70941 69.8564 2.4
      vertex -1.73748 69.7153 5.72205e-07
      vertex -1.73748 69.7153 2.4
    endloop
  endfacet
  facet normal -0.946967 0.32133 0
    outer loop
      vertex -1.78373 69.579 5.72205e-07
      vertex -1.73748 69.7153 2.4
      vertex -1.73748 69.7153 5.72205e-07
    endloop
  endfacet
  facet normal -0.946967 0.32133 0
    outer loop
      vertex -1.73748 69.7153 2.4
      vertex -1.78373 69.579 5.72205e-07
      vertex -1.78373 69.579 2.4
    endloop
  endfacet
  facet normal -0.195287 -0.980746 0
    outer loop
      vertex -2.65642 71.0906 5.72205e-07
      vertex -2.5153 71.0625 2.4
      vertex -2.65642 71.0906 2.4
    endloop
  endfacet
  facet normal -0.195287 -0.980746 -0
    outer loop
      vertex -2.5153 71.0625 2.4
      vertex -2.65642 71.0906 5.72205e-07
      vertex -2.5153 71.0625 5.72205e-07
    endloop
  endfacet
  facet normal 0.0653289 -0.997864 0
    outer loop
      vertex -2.94358 71.0906 5.72205e-07
      vertex -2.8 71.1 2.4
      vertex -2.94358 71.0906 2.4
    endloop
  endfacet
  facet normal 0.0653289 -0.997864 0
    outer loop
      vertex -2.8 71.1 2.4
      vertex -2.94358 71.0906 5.72205e-07
      vertex -2.8 71.1 5.72205e-07
    endloop
  endfacet
  facet normal 0.980781 0.195113 0
    outer loop
      vertex -3.86252 69.7153 2.4
      vertex -3.89059 69.8564 5.72205e-07
      vertex -3.89059 69.8564 2.4
    endloop
  endfacet
  facet normal 0.980781 0.195113 0
    outer loop
      vertex -3.89059 69.8564 5.72205e-07
      vertex -3.86252 69.7153 2.4
      vertex -3.86252 69.7153 5.72205e-07
    endloop
  endfacet
  facet normal -0.751905 -0.659272 0
    outer loop
      vertex -1.92731 70.6696 5.72205e-07
      vertex -2.02218 70.7778 2.4
      vertex -2.02218 70.7778 5.72205e-07
    endloop
  endfacet
  facet normal -0.751905 -0.659272 0
    outer loop
      vertex -2.02218 70.7778 2.4
      vertex -1.92731 70.6696 5.72205e-07
      vertex -1.92731 70.6696 2.4
    endloop
  endfacet
  facet normal -0.0653289 -0.997864 0
    outer loop
      vertex -2.8 71.1 5.72205e-07
      vertex -2.65642 71.0906 2.4
      vertex -2.8 71.1 2.4
    endloop
  endfacet
  facet normal -0.0653289 -0.997864 -0
    outer loop
      vertex -2.65642 71.0906 2.4
      vertex -2.8 71.1 5.72205e-07
      vertex -2.65642 71.0906 5.72205e-07
    endloop
  endfacet
  facet normal 0.321124 -0.947037 0
    outer loop
      vertex -3.22095 71.0163 5.72205e-07
      vertex -3.0847 71.0625 2.4
      vertex -3.22095 71.0163 2.4
    endloop
  endfacet
  facet normal 0.321124 -0.947037 0
    outer loop
      vertex -3.0847 71.0625 2.4
      vertex -3.22095 71.0163 5.72205e-07
      vertex -3.0847 71.0625 5.72205e-07
    endloop
  endfacet
  facet normal 0.751905 0.659272 0
    outer loop
      vertex -3.57782 69.2222 2.4
      vertex -3.67269 69.3304 5.72205e-07
      vertex -3.67269 69.3304 2.4
    endloop
  endfacet
  facet normal 0.751905 0.659272 0
    outer loop
      vertex -3.67269 69.3304 5.72205e-07
      vertex -3.57782 69.2222 2.4
      vertex -3.57782 69.2222 5.72205e-07
    endloop
  endfacet
  facet normal 0.195287 0.980746 -0
    outer loop
      vertex -2.94358 68.9094 5.72205e-07
      vertex -3.0847 68.9375 2.4
      vertex -2.94358 68.9094 2.4
    endloop
  endfacet
  facet normal 0.195287 0.980746 0
    outer loop
      vertex -3.0847 68.9375 2.4
      vertex -2.94358 68.9094 5.72205e-07
      vertex -3.0847 68.9375 5.72205e-07
    endloop
  endfacet
  facet normal 0.980781 -0.195113 0
    outer loop
      vertex -3.89059 70.1436 2.4
      vertex -3.86252 70.2847 5.72205e-07
      vertex -3.86252 70.2847 2.4
    endloop
  endfacet
  facet normal 0.980781 -0.195113 0
    outer loop
      vertex -3.86252 70.2847 5.72205e-07
      vertex -3.89059 70.1436 2.4
      vertex -3.89059 70.1436 5.72205e-07
    endloop
  endfacet
  facet normal 0.0653289 0.997864 -0
    outer loop
      vertex -2.8 68.9 5.72205e-07
      vertex -2.94358 68.9094 2.4
      vertex -2.8 68.9 2.4
    endloop
  endfacet
  facet normal 0.0653289 0.997864 0
    outer loop
      vertex -2.94358 68.9094 2.4
      vertex -2.8 68.9 5.72205e-07
      vertex -2.94358 68.9094 5.72205e-07
    endloop
  endfacet
  facet normal 0.896806 0.442424 0
    outer loop
      vertex -3.75263 69.45 2.4
      vertex -3.81627 69.579 5.72205e-07
      vertex -3.81627 69.579 2.4
    endloop
  endfacet
  facet normal 0.896806 0.442424 0
    outer loop
      vertex -3.81627 69.579 5.72205e-07
      vertex -3.75263 69.45 2.4
      vertex -3.75263 69.45 5.72205e-07
    endloop
  endfacet
  facet normal 0.831387 0.555694 0
    outer loop
      vertex -3.67269 69.3304 2.4
      vertex -3.75263 69.45 5.72205e-07
      vertex -3.75263 69.45 2.4
    endloop
  endfacet
  facet normal 0.831387 0.555694 0
    outer loop
      vertex -3.75263 69.45 5.72205e-07
      vertex -3.67269 69.3304 2.4
      vertex -3.67269 69.3304 5.72205e-07
    endloop
  endfacet
  facet normal 0.555374 0.831601 -0
    outer loop
      vertex -3.35 69.0474 5.72205e-07
      vertex -3.46964 69.1273 2.4
      vertex -3.35 69.0474 2.4
    endloop
  endfacet
  facet normal 0.555374 0.831601 0
    outer loop
      vertex -3.46964 69.1273 2.4
      vertex -3.35 69.0474 5.72205e-07
      vertex -3.46964 69.1273 5.72205e-07
    endloop
  endfacet
  facet normal 0.99786 0.065389 0
    outer loop
      vertex -3.89059 69.8564 2.4
      vertex -3.9 70 5.72205e-07
      vertex -3.9 70 2.4
    endloop
  endfacet
  facet normal 0.99786 0.065389 0
    outer loop
      vertex -3.9 70 5.72205e-07
      vertex -3.89059 69.8564 2.4
      vertex -3.89059 69.8564 5.72205e-07
    endloop
  endfacet
  facet normal 0.555374 -0.831601 0
    outer loop
      vertex -3.46964 70.8727 5.72205e-07
      vertex -3.35 70.9526 2.4
      vertex -3.46964 70.8727 2.4
    endloop
  endfacet
  facet normal 0.555374 -0.831601 0
    outer loop
      vertex -3.35 70.9526 2.4
      vertex -3.46964 70.8727 5.72205e-07
      vertex -3.35 70.9526 5.72205e-07
    endloop
  endfacet
  facet normal 0.751905 -0.659272 0
    outer loop
      vertex -3.67269 70.6696 2.4
      vertex -3.57782 70.7778 5.72205e-07
      vertex -3.57782 70.7778 2.4
    endloop
  endfacet
  facet normal 0.751905 -0.659272 0
    outer loop
      vertex -3.57782 70.7778 5.72205e-07
      vertex -3.67269 70.6696 2.4
      vertex -3.67269 70.6696 5.72205e-07
    endloop
  endfacet
  facet normal 0.898568 0.438835 0
    outer loop
      vertex 166.347 21.45 2.4
      vertex 166.284 21.579 5.72205e-07
      vertex 166.284 21.579 2.4
    endloop
  endfacet
  facet normal 0.898568 0.438835 0
    outer loop
      vertex 166.284 21.579 5.72205e-07
      vertex 166.347 21.45 2.4
      vertex 166.347 21.45 5.72205e-07
    endloop
  endfacet
  facet normal -0.44276 0.89664 0
    outer loop
      vertex 167.85 21.0474 5.72205e-07
      vertex 167.721 20.9837 2.4
      vertex 167.85 21.0474 2.4
    endloop
  endfacet
  facet normal -0.44276 0.89664 0
    outer loop
      vertex 167.721 20.9837 2.4
      vertex 167.85 21.0474 5.72205e-07
      vertex 167.721 20.9837 5.72205e-07
    endloop
  endfacet
  facet normal -0.44276 -0.89664 0
    outer loop
      vertex 167.721 23.0163 5.72205e-07
      vertex 167.85 22.9526 2.4
      vertex 167.721 23.0163 2.4
    endloop
  endfacet
  facet normal -0.44276 -0.89664 -0
    outer loop
      vertex 167.85 22.9526 2.4
      vertex 167.721 23.0163 5.72205e-07
      vertex 167.85 22.9526 5.72205e-07
    endloop
  endfacet
  facet normal -0.321653 0.946858 0
    outer loop
      vertex 167.721 20.9837 5.72205e-07
      vertex 167.585 20.9375 2.4
      vertex 167.721 20.9837 2.4
    endloop
  endfacet
  facet normal -0.321653 0.946858 0
    outer loop
      vertex 167.585 20.9375 2.4
      vertex 167.721 20.9837 5.72205e-07
      vertex 167.585 20.9375 5.72205e-07
    endloop
  endfacet
  facet normal 0.980874 0.194645 0
    outer loop
      vertex 166.237 21.7153 2.4
      vertex 166.209 21.8564 5.72205e-07
      vertex 166.209 21.8564 2.4
    endloop
  endfacet
  facet normal 0.980874 0.194645 0
    outer loop
      vertex 166.209 21.8564 5.72205e-07
      vertex 166.237 21.7153 2.4
      vertex 166.237 21.7153 5.72205e-07
    endloop
  endfacet
  facet normal -0.751457 -0.659782 0
    outer loop
      vertex 168.173 22.6696 5.72205e-07
      vertex 168.078 22.7778 2.4
      vertex 168.078 22.7778 5.72205e-07
    endloop
  endfacet
  facet normal -0.751457 -0.659782 0
    outer loop
      vertex 168.078 22.7778 2.4
      vertex 168.173 22.6696 5.72205e-07
      vertex 168.173 22.6696 2.4
    endloop
  endfacet
  facet normal 0.44276 0.89664 -0
    outer loop
      vertex 166.879 20.9837 5.72205e-07
      vertex 166.75 21.0474 2.4
      vertex 166.879 20.9837 2.4
    endloop
  endfacet
  facet normal 0.44276 0.89664 0
    outer loop
      vertex 166.75 21.0474 2.4
      vertex 166.879 20.9837 5.72205e-07
      vertex 166.75 21.0474 5.72205e-07
    endloop
  endfacet
  facet normal 0.0651391 -0.997876 0
    outer loop
      vertex 167.156 23.0906 5.72205e-07
      vertex 167.3 23.1 2.4
      vertex 167.156 23.0906 2.4
    endloop
  endfacet
  facet normal 0.0651391 -0.997876 0
    outer loop
      vertex 167.3 23.1 2.4
      vertex 167.156 23.0906 5.72205e-07
      vertex 167.3 23.1 5.72205e-07
    endloop
  endfacet
  facet normal -0.998042 -0.0625514 0
    outer loop
      vertex 168.4 22 5.72205e-07
      vertex 168.391 22.1436 2.4
      vertex 168.391 22.1436 5.72205e-07
    endloop
  endfacet
  facet normal -0.998042 -0.0625514 0
    outer loop
      vertex 168.391 22.1436 2.4
      vertex 168.4 22 5.72205e-07
      vertex 168.4 22 2.4
    endloop
  endfacet
  facet normal 0.195447 -0.980714 0
    outer loop
      vertex 167.015 23.0625 5.72205e-07
      vertex 167.156 23.0906 2.4
      vertex 167.015 23.0625 2.4
    endloop
  endfacet
  facet normal 0.195447 -0.980714 0
    outer loop
      vertex 167.156 23.0906 2.4
      vertex 167.015 23.0625 5.72205e-07
      vertex 167.156 23.0906 5.72205e-07
    endloop
  endfacet
  facet normal -0.980874 -0.194645 0
    outer loop
      vertex 168.391 22.1436 5.72205e-07
      vertex 168.363 22.2847 2.4
      vertex 168.363 22.2847 5.72205e-07
    endloop
  endfacet
  facet normal -0.980874 -0.194645 0
    outer loop
      vertex 168.363 22.2847 2.4
      vertex 168.391 22.1436 5.72205e-07
      vertex 168.391 22.1436 2.4
    endloop
  endfacet
  facet normal 0.831194 0.555983 0
    outer loop
      vertex 166.427 21.3304 2.4
      vertex 166.347 21.45 5.72205e-07
      vertex 166.347 21.45 2.4
    endloop
  endfacet
  facet normal 0.831194 0.555983 0
    outer loop
      vertex 166.347 21.45 5.72205e-07
      vertex 166.427 21.3304 2.4
      vertex 166.427 21.3304 5.72205e-07
    endloop
  endfacet
  facet normal 0.831194 -0.555983 0
    outer loop
      vertex 166.347 22.55 2.4
      vertex 166.427 22.6696 5.72205e-07
      vertex 166.427 22.6696 2.4
    endloop
  endfacet
  facet normal 0.831194 -0.555983 0
    outer loop
      vertex 166.427 22.6696 5.72205e-07
      vertex 166.347 22.55 2.4
      vertex 166.347 22.55 5.72205e-07
    endloop
  endfacet
  facet normal 0.980874 -0.194645 0
    outer loop
      vertex 166.209 22.1436 2.4
      vertex 166.237 22.2847 5.72205e-07
      vertex 166.237 22.2847 2.4
    endloop
  endfacet
  facet normal 0.980874 -0.194645 0
    outer loop
      vertex 166.237 22.2847 5.72205e-07
      vertex 166.209 22.1436 2.4
      vertex 166.209 22.1436 5.72205e-07
    endloop
  endfacet
  facet normal 0.660079 0.751196 -0
    outer loop
      vertex 166.63 21.1273 5.72205e-07
      vertex 166.522 21.2222 2.4
      vertex 166.63 21.1273 2.4
    endloop
  endfacet
  facet normal 0.660079 0.751196 0
    outer loop
      vertex 166.522 21.2222 2.4
      vertex 166.63 21.1273 5.72205e-07
      vertex 166.522 21.2222 5.72205e-07
    endloop
  endfacet
  facet normal -0.751457 0.659782 0
    outer loop
      vertex 168.078 21.2222 5.72205e-07
      vertex 168.173 21.3304 2.4
      vertex 168.173 21.3304 5.72205e-07
    endloop
  endfacet
  facet normal -0.751457 0.659782 0
    outer loop
      vertex 168.173 21.3304 2.4
      vertex 168.078 21.2222 5.72205e-07
      vertex 168.078 21.2222 2.4
    endloop
  endfacet
  facet normal -0.945373 0.325991 0
    outer loop
      vertex 168.316 21.579 5.72205e-07
      vertex 168.363 21.7153 2.4
      vertex 168.363 21.7153 5.72205e-07
    endloop
  endfacet
  facet normal -0.945373 0.325991 0
    outer loop
      vertex 168.363 21.7153 2.4
      vertex 168.316 21.579 5.72205e-07
      vertex 168.316 21.579 2.4
    endloop
  endfacet
  facet normal -0.195447 0.980714 0
    outer loop
      vertex 167.585 20.9375 5.72205e-07
      vertex 167.444 20.9094 2.4
      vertex 167.585 20.9375 2.4
    endloop
  endfacet
  facet normal -0.195447 0.980714 0
    outer loop
      vertex 167.444 20.9094 2.4
      vertex 167.585 20.9375 5.72205e-07
      vertex 167.444 20.9094 5.72205e-07
    endloop
  endfacet
  facet normal 0.195447 0.980714 -0
    outer loop
      vertex 167.156 20.9094 5.72205e-07
      vertex 167.015 20.9375 2.4
      vertex 167.156 20.9094 2.4
    endloop
  endfacet
  facet normal 0.195447 0.980714 0
    outer loop
      vertex 167.015 20.9375 2.4
      vertex 167.156 20.9094 5.72205e-07
      vertex 167.015 20.9375 5.72205e-07
    endloop
  endfacet
  facet normal 0.0651391 0.997876 -0
    outer loop
      vertex 167.3 20.9 5.72205e-07
      vertex 167.156 20.9094 2.4
      vertex 167.3 20.9 2.4
    endloop
  endfacet
  facet normal 0.0651391 0.997876 0
    outer loop
      vertex 167.156 20.9094 2.4
      vertex 167.3 20.9 5.72205e-07
      vertex 167.156 20.9094 5.72205e-07
    endloop
  endfacet
  facet normal -0.0651391 0.997876 0
    outer loop
      vertex 167.444 20.9094 5.72205e-07
      vertex 167.3 20.9 2.4
      vertex 167.444 20.9094 2.4
    endloop
  endfacet
  facet normal -0.0651391 0.997876 0
    outer loop
      vertex 167.3 20.9 2.4
      vertex 167.444 20.9094 5.72205e-07
      vertex 167.3 20.9 5.72205e-07
    endloop
  endfacet
  facet normal -0.831194 -0.555983 0
    outer loop
      vertex 168.253 22.55 5.72205e-07
      vertex 168.173 22.6696 2.4
      vertex 168.173 22.6696 5.72205e-07
    endloop
  endfacet
  facet normal -0.831194 -0.555983 0
    outer loop
      vertex 168.173 22.6696 2.4
      vertex 168.253 22.55 5.72205e-07
      vertex 168.253 22.55 2.4
    endloop
  endfacet
  facet normal 0.321653 -0.946858 0
    outer loop
      vertex 166.879 23.0163 5.72205e-07
      vertex 167.015 23.0625 2.4
      vertex 166.879 23.0163 2.4
    endloop
  endfacet
  facet normal 0.321653 -0.946858 0
    outer loop
      vertex 167.015 23.0625 2.4
      vertex 166.879 23.0163 5.72205e-07
      vertex 167.015 23.0625 5.72205e-07
    endloop
  endfacet
  facet normal 0.44276 -0.89664 0
    outer loop
      vertex 166.75 22.9526 5.72205e-07
      vertex 166.879 23.0163 2.4
      vertex 166.75 22.9526 2.4
    endloop
  endfacet
  facet normal 0.44276 -0.89664 0
    outer loop
      vertex 166.879 23.0163 2.4
      vertex 166.75 22.9526 5.72205e-07
      vertex 166.879 23.0163 5.72205e-07
    endloop
  endfacet
  facet normal -0.55422 -0.83237 0
    outer loop
      vertex 167.85 22.9526 5.72205e-07
      vertex 167.97 22.8727 2.4
      vertex 167.85 22.9526 2.4
    endloop
  endfacet
  facet normal -0.55422 -0.83237 -0
    outer loop
      vertex 167.97 22.8727 2.4
      vertex 167.85 22.9526 5.72205e-07
      vertex 167.97 22.8727 5.72205e-07
    endloop
  endfacet
  facet normal -0.945373 -0.325991 0
    outer loop
      vertex 168.363 22.2847 5.72205e-07
      vertex 168.316 22.421 2.4
      vertex 168.316 22.421 5.72205e-07
    endloop
  endfacet
  facet normal -0.945373 -0.325991 0
    outer loop
      vertex 168.316 22.421 2.4
      vertex 168.363 22.2847 5.72205e-07
      vertex 168.363 22.2847 2.4
    endloop
  endfacet
  facet normal -0.998042 0.0625514 0
    outer loop
      vertex 168.391 21.8564 5.72205e-07
      vertex 168.4 22 2.4
      vertex 168.4 22 5.72205e-07
    endloop
  endfacet
  facet normal -0.998042 0.0625514 0
    outer loop
      vertex 168.4 22 2.4
      vertex 168.391 21.8564 5.72205e-07
      vertex 168.391 21.8564 2.4
    endloop
  endfacet
  facet normal -0.321653 -0.946858 0
    outer loop
      vertex 167.585 23.0625 5.72205e-07
      vertex 167.721 23.0163 2.4
      vertex 167.585 23.0625 2.4
    endloop
  endfacet
  facet normal -0.321653 -0.946858 -0
    outer loop
      vertex 167.721 23.0163 2.4
      vertex 167.585 23.0625 5.72205e-07
      vertex 167.721 23.0163 5.72205e-07
    endloop
  endfacet
  facet normal 0.55422 -0.83237 0
    outer loop
      vertex 166.63 22.8727 5.72205e-07
      vertex 166.75 22.9526 2.4
      vertex 166.63 22.8727 2.4
    endloop
  endfacet
  facet normal 0.55422 -0.83237 0
    outer loop
      vertex 166.75 22.9526 2.4
      vertex 166.63 22.8727 5.72205e-07
      vertex 166.75 22.9526 5.72205e-07
    endloop
  endfacet
  facet normal -0.831194 0.555983 0
    outer loop
      vertex 168.173 21.3304 5.72205e-07
      vertex 168.253 21.45 2.4
      vertex 168.253 21.45 5.72205e-07
    endloop
  endfacet
  facet normal -0.831194 0.555983 0
    outer loop
      vertex 168.253 21.45 2.4
      vertex 168.173 21.3304 5.72205e-07
      vertex 168.173 21.3304 2.4
    endloop
  endfacet
  facet normal 0.55422 0.83237 -0
    outer loop
      vertex 166.75 21.0474 5.72205e-07
      vertex 166.63 21.1273 2.4
      vertex 166.75 21.0474 2.4
    endloop
  endfacet
  facet normal 0.55422 0.83237 0
    outer loop
      vertex 166.63 21.1273 2.4
      vertex 166.75 21.0474 5.72205e-07
      vertex 166.63 21.1273 5.72205e-07
    endloop
  endfacet
  facet normal -0.898568 0.438835 0
    outer loop
      vertex 168.253 21.45 5.72205e-07
      vertex 168.316 21.579 2.4
      vertex 168.316 21.579 5.72205e-07
    endloop
  endfacet
  facet normal -0.898568 0.438835 0
    outer loop
      vertex 168.316 21.579 2.4
      vertex 168.253 21.45 5.72205e-07
      vertex 168.253 21.45 2.4
    endloop
  endfacet
  facet normal -0.660079 -0.751196 0
    outer loop
      vertex 167.97 22.8727 5.72205e-07
      vertex 168.078 22.7778 2.4
      vertex 167.97 22.8727 2.4
    endloop
  endfacet
  facet normal -0.660079 -0.751196 -0
    outer loop
      vertex 168.078 22.7778 2.4
      vertex 167.97 22.8727 5.72205e-07
      vertex 168.078 22.7778 5.72205e-07
    endloop
  endfacet
  facet normal 0.945373 0.325991 0
    outer loop
      vertex 166.284 21.579 2.4
      vertex 166.237 21.7153 5.72205e-07
      vertex 166.237 21.7153 2.4
    endloop
  endfacet
  facet normal 0.945373 0.325991 0
    outer loop
      vertex 166.237 21.7153 5.72205e-07
      vertex 166.284 21.579 2.4
      vertex 166.284 21.579 5.72205e-07
    endloop
  endfacet
  facet normal 0.998042 0.0625514 0
    outer loop
      vertex 166.209 21.8564 2.4
      vertex 166.2 22 5.72205e-07
      vertex 166.2 22 2.4
    endloop
  endfacet
  facet normal 0.998042 0.0625514 0
    outer loop
      vertex 166.2 22 5.72205e-07
      vertex 166.209 21.8564 2.4
      vertex 166.209 21.8564 5.72205e-07
    endloop
  endfacet
  facet normal -0.980874 0.194645 0
    outer loop
      vertex 168.363 21.7153 5.72205e-07
      vertex 168.391 21.8564 2.4
      vertex 168.391 21.8564 5.72205e-07
    endloop
  endfacet
  facet normal -0.980874 0.194645 0
    outer loop
      vertex 168.391 21.8564 2.4
      vertex 168.363 21.7153 5.72205e-07
      vertex 168.363 21.7153 2.4
    endloop
  endfacet
  facet normal -0.0651391 -0.997876 0
    outer loop
      vertex 167.3 23.1 5.72205e-07
      vertex 167.444 23.0906 2.4
      vertex 167.3 23.1 2.4
    endloop
  endfacet
  facet normal -0.0651391 -0.997876 -0
    outer loop
      vertex 167.444 23.0906 2.4
      vertex 167.3 23.1 5.72205e-07
      vertex 167.444 23.0906 5.72205e-07
    endloop
  endfacet
  facet normal -0.898568 -0.438835 0
    outer loop
      vertex 168.316 22.421 5.72205e-07
      vertex 168.253 22.55 2.4
      vertex 168.253 22.55 5.72205e-07
    endloop
  endfacet
  facet normal -0.898568 -0.438835 0
    outer loop
      vertex 168.253 22.55 2.4
      vertex 168.316 22.421 5.72205e-07
      vertex 168.316 22.421 2.4
    endloop
  endfacet
  facet normal 0.945373 -0.325991 0
    outer loop
      vertex 166.237 22.2847 2.4
      vertex 166.284 22.421 5.72205e-07
      vertex 166.284 22.421 2.4
    endloop
  endfacet
  facet normal 0.945373 -0.325991 0
    outer loop
      vertex 166.284 22.421 5.72205e-07
      vertex 166.237 22.2847 2.4
      vertex 166.237 22.2847 5.72205e-07
    endloop
  endfacet
  facet normal 0.751457 0.659782 0
    outer loop
      vertex 166.522 21.2222 2.4
      vertex 166.427 21.3304 5.72205e-07
      vertex 166.427 21.3304 2.4
    endloop
  endfacet
  facet normal 0.751457 0.659782 0
    outer loop
      vertex 166.427 21.3304 5.72205e-07
      vertex 166.522 21.2222 2.4
      vertex 166.522 21.2222 5.72205e-07
    endloop
  endfacet
  facet normal 0.751457 -0.659782 0
    outer loop
      vertex 166.427 22.6696 2.4
      vertex 166.522 22.7778 5.72205e-07
      vertex 166.522 22.7778 2.4
    endloop
  endfacet
  facet normal 0.751457 -0.659782 0
    outer loop
      vertex 166.522 22.7778 5.72205e-07
      vertex 166.427 22.6696 2.4
      vertex 166.427 22.6696 5.72205e-07
    endloop
  endfacet
  facet normal 0.660079 -0.751196 0
    outer loop
      vertex 166.522 22.7778 5.72205e-07
      vertex 166.63 22.8727 2.4
      vertex 166.522 22.7778 2.4
    endloop
  endfacet
  facet normal 0.660079 -0.751196 0
    outer loop
      vertex 166.63 22.8727 2.4
      vertex 166.522 22.7778 5.72205e-07
      vertex 166.63 22.8727 5.72205e-07
    endloop
  endfacet
  facet normal -0.55422 0.83237 0
    outer loop
      vertex 167.97 21.1273 5.72205e-07
      vertex 167.85 21.0474 2.4
      vertex 167.97 21.1273 2.4
    endloop
  endfacet
  facet normal -0.55422 0.83237 0
    outer loop
      vertex 167.85 21.0474 2.4
      vertex 167.97 21.1273 5.72205e-07
      vertex 167.85 21.0474 5.72205e-07
    endloop
  endfacet
  facet normal -0.660079 0.751196 0
    outer loop
      vertex 168.078 21.2222 5.72205e-07
      vertex 167.97 21.1273 2.4
      vertex 168.078 21.2222 2.4
    endloop
  endfacet
  facet normal -0.660079 0.751196 0
    outer loop
      vertex 167.97 21.1273 2.4
      vertex 168.078 21.2222 5.72205e-07
      vertex 167.97 21.1273 5.72205e-07
    endloop
  endfacet
  facet normal 0.321653 0.946858 -0
    outer loop
      vertex 167.015 20.9375 5.72205e-07
      vertex 166.879 20.9837 2.4
      vertex 167.015 20.9375 2.4
    endloop
  endfacet
  facet normal 0.321653 0.946858 0
    outer loop
      vertex 166.879 20.9837 2.4
      vertex 167.015 20.9375 5.72205e-07
      vertex 166.879 20.9837 5.72205e-07
    endloop
  endfacet
  facet normal 0.998042 -0.0625514 0
    outer loop
      vertex 166.2 22 2.4
      vertex 166.209 22.1436 5.72205e-07
      vertex 166.209 22.1436 2.4
    endloop
  endfacet
  facet normal 0.998042 -0.0625514 0
    outer loop
      vertex 166.209 22.1436 5.72205e-07
      vertex 166.2 22 2.4
      vertex 166.2 22 5.72205e-07
    endloop
  endfacet
  facet normal -0.195447 -0.980714 0
    outer loop
      vertex 167.444 23.0906 5.72205e-07
      vertex 167.585 23.0625 2.4
      vertex 167.444 23.0906 2.4
    endloop
  endfacet
  facet normal -0.195447 -0.980714 -0
    outer loop
      vertex 167.585 23.0625 2.4
      vertex 167.444 23.0906 5.72205e-07
      vertex 167.585 23.0625 5.72205e-07
    endloop
  endfacet
  facet normal 0.898568 -0.438835 0
    outer loop
      vertex 166.284 22.421 2.4
      vertex 166.347 22.55 5.72205e-07
      vertex 166.347 22.55 2.4
    endloop
  endfacet
  facet normal 0.898568 -0.438835 0
    outer loop
      vertex 166.347 22.55 5.72205e-07
      vertex 166.284 22.421 2.4
      vertex 166.284 22.421 5.72205e-07
    endloop
  endfacet
  facet normal 0.831194 -0.555983 0
    outer loop
      vertex 166.347 70.55 2.4
      vertex 166.427 70.6696 5.72205e-07
      vertex 166.427 70.6696 2.4
    endloop
  endfacet
  facet normal 0.831194 -0.555983 0
    outer loop
      vertex 166.427 70.6696 5.72205e-07
      vertex 166.347 70.55 2.4
      vertex 166.347 70.55 5.72205e-07
    endloop
  endfacet
  facet normal -0.660079 0.751196 0
    outer loop
      vertex 168.078 69.2222 5.72205e-07
      vertex 167.97 69.1273 2.4
      vertex 168.078 69.2222 2.4
    endloop
  endfacet
  facet normal -0.660079 0.751196 0
    outer loop
      vertex 167.97 69.1273 2.4
      vertex 168.078 69.2222 5.72205e-07
      vertex 167.97 69.1273 5.72205e-07
    endloop
  endfacet
  facet normal 0.945373 -0.325991 0
    outer loop
      vertex 166.237 70.2847 2.4
      vertex 166.284 70.421 5.72205e-07
      vertex 166.284 70.421 2.4
    endloop
  endfacet
  facet normal 0.945373 -0.325991 0
    outer loop
      vertex 166.284 70.421 5.72205e-07
      vertex 166.237 70.2847 2.4
      vertex 166.237 70.2847 5.72205e-07
    endloop
  endfacet
  facet normal -0.831194 -0.555983 0
    outer loop
      vertex 168.253 70.55 5.72205e-07
      vertex 168.173 70.6696 2.4
      vertex 168.173 70.6696 5.72205e-07
    endloop
  endfacet
  facet normal -0.831194 -0.555983 0
    outer loop
      vertex 168.173 70.6696 2.4
      vertex 168.253 70.55 5.72205e-07
      vertex 168.253 70.55 2.4
    endloop
  endfacet
  facet normal 0.980874 0.194645 0
    outer loop
      vertex 166.237 69.7153 2.4
      vertex 166.209 69.8564 5.72205e-07
      vertex 166.209 69.8564 2.4
    endloop
  endfacet
  facet normal 0.980874 0.194645 0
    outer loop
      vertex 166.209 69.8564 5.72205e-07
      vertex 166.237 69.7153 2.4
      vertex 166.237 69.7153 5.72205e-07
    endloop
  endfacet
  facet normal -0.945373 -0.325991 0
    outer loop
      vertex 168.363 70.2847 5.72205e-07
      vertex 168.316 70.421 2.4
      vertex 168.316 70.421 5.72205e-07
    endloop
  endfacet
  facet normal -0.945373 -0.325991 0
    outer loop
      vertex 168.316 70.421 2.4
      vertex 168.363 70.2847 5.72205e-07
      vertex 168.363 70.2847 2.4
    endloop
  endfacet
  facet normal -0.0651391 0.997876 0
    outer loop
      vertex 167.444 68.9094 5.72205e-07
      vertex 167.3 68.9 2.4
      vertex 167.444 68.9094 2.4
    endloop
  endfacet
  facet normal -0.0651391 0.997876 0
    outer loop
      vertex 167.3 68.9 2.4
      vertex 167.444 68.9094 5.72205e-07
      vertex 167.3 68.9 5.72205e-07
    endloop
  endfacet
  facet normal 0.0651391 -0.997876 0
    outer loop
      vertex 167.156 71.0906 5.72205e-07
      vertex 167.3 71.1 2.4
      vertex 167.156 71.0906 2.4
    endloop
  endfacet
  facet normal 0.0651391 -0.997876 0
    outer loop
      vertex 167.3 71.1 2.4
      vertex 167.156 71.0906 5.72205e-07
      vertex 167.3 71.1 5.72205e-07
    endloop
  endfacet
  facet normal -0.998042 -0.0625514 0
    outer loop
      vertex 168.4 70 5.72205e-07
      vertex 168.391 70.1436 2.4
      vertex 168.391 70.1436 5.72205e-07
    endloop
  endfacet
  facet normal -0.998042 -0.0625514 0
    outer loop
      vertex 168.391 70.1436 2.4
      vertex 168.4 70 5.72205e-07
      vertex 168.4 70 2.4
    endloop
  endfacet
  facet normal 0.945373 0.325991 0
    outer loop
      vertex 166.284 69.579 2.4
      vertex 166.237 69.7153 5.72205e-07
      vertex 166.237 69.7153 2.4
    endloop
  endfacet
  facet normal 0.945373 0.325991 0
    outer loop
      vertex 166.237 69.7153 5.72205e-07
      vertex 166.284 69.579 2.4
      vertex 166.284 69.579 5.72205e-07
    endloop
  endfacet
  facet normal -0.945373 0.325991 0
    outer loop
      vertex 168.316 69.579 5.72205e-07
      vertex 168.363 69.7153 2.4
      vertex 168.363 69.7153 5.72205e-07
    endloop
  endfacet
  facet normal -0.945373 0.325991 0
    outer loop
      vertex 168.363 69.7153 2.4
      vertex 168.316 69.579 5.72205e-07
      vertex 168.316 69.579 2.4
    endloop
  endfacet
  facet normal -0.660079 -0.751196 0
    outer loop
      vertex 167.97 70.8727 5.72205e-07
      vertex 168.078 70.7778 2.4
      vertex 167.97 70.8727 2.4
    endloop
  endfacet
  facet normal -0.660079 -0.751196 -0
    outer loop
      vertex 168.078 70.7778 2.4
      vertex 167.97 70.8727 5.72205e-07
      vertex 168.078 70.7778 5.72205e-07
    endloop
  endfacet
  facet normal -0.980874 -0.194645 0
    outer loop
      vertex 168.391 70.1436 5.72205e-07
      vertex 168.363 70.2847 2.4
      vertex 168.363 70.2847 5.72205e-07
    endloop
  endfacet
  facet normal -0.980874 -0.194645 0
    outer loop
      vertex 168.363 70.2847 2.4
      vertex 168.391 70.1436 5.72205e-07
      vertex 168.391 70.1436 2.4
    endloop
  endfacet
  facet normal 0.751457 -0.659782 0
    outer loop
      vertex 166.427 70.6696 2.4
      vertex 166.522 70.7778 5.72205e-07
      vertex 166.522 70.7778 2.4
    endloop
  endfacet
  facet normal 0.751457 -0.659782 0
    outer loop
      vertex 166.522 70.7778 5.72205e-07
      vertex 166.427 70.6696 2.4
      vertex 166.427 70.6696 5.72205e-07
    endloop
  endfacet
  facet normal -0.195447 0.980714 0
    outer loop
      vertex 167.585 68.9375 5.72205e-07
      vertex 167.444 68.9094 2.4
      vertex 167.585 68.9375 2.4
    endloop
  endfacet
  facet normal -0.195447 0.980714 0
    outer loop
      vertex 167.444 68.9094 2.4
      vertex 167.585 68.9375 5.72205e-07
      vertex 167.444 68.9094 5.72205e-07
    endloop
  endfacet
  facet normal 0.660079 -0.751196 0
    outer loop
      vertex 166.522 70.7778 5.72205e-07
      vertex 166.63 70.8727 2.4
      vertex 166.522 70.7778 2.4
    endloop
  endfacet
  facet normal 0.660079 -0.751196 0
    outer loop
      vertex 166.63 70.8727 2.4
      vertex 166.522 70.7778 5.72205e-07
      vertex 166.63 70.8727 5.72205e-07
    endloop
  endfacet
  facet normal -0.321653 -0.946858 0
    outer loop
      vertex 167.585 71.0625 5.72205e-07
      vertex 167.721 71.0163 2.4
      vertex 167.585 71.0625 2.4
    endloop
  endfacet
  facet normal -0.321653 -0.946858 -0
    outer loop
      vertex 167.721 71.0163 2.4
      vertex 167.585 71.0625 5.72205e-07
      vertex 167.721 71.0163 5.72205e-07
    endloop
  endfacet
  facet normal -0.980874 0.194645 0
    outer loop
      vertex 168.363 69.7153 5.72205e-07
      vertex 168.391 69.8564 2.4
      vertex 168.391 69.8564 5.72205e-07
    endloop
  endfacet
  facet normal -0.980874 0.194645 0
    outer loop
      vertex 168.391 69.8564 2.4
      vertex 168.363 69.7153 5.72205e-07
      vertex 168.363 69.7153 2.4
    endloop
  endfacet
  facet normal -0.831194 0.555983 0
    outer loop
      vertex 168.173 69.3304 5.72205e-07
      vertex 168.253 69.45 2.4
      vertex 168.253 69.45 5.72205e-07
    endloop
  endfacet
  facet normal -0.831194 0.555983 0
    outer loop
      vertex 168.253 69.45 2.4
      vertex 168.173 69.3304 5.72205e-07
      vertex 168.173 69.3304 2.4
    endloop
  endfacet
  facet normal -0.195447 -0.980714 0
    outer loop
      vertex 167.444 71.0906 5.72205e-07
      vertex 167.585 71.0625 2.4
      vertex 167.444 71.0906 2.4
    endloop
  endfacet
  facet normal -0.195447 -0.980714 -0
    outer loop
      vertex 167.585 71.0625 2.4
      vertex 167.444 71.0906 5.72205e-07
      vertex 167.585 71.0625 5.72205e-07
    endloop
  endfacet
  facet normal -0.998042 0.0625514 0
    outer loop
      vertex 168.391 69.8564 5.72205e-07
      vertex 168.4 70 2.4
      vertex 168.4 70 5.72205e-07
    endloop
  endfacet
  facet normal -0.998042 0.0625514 0
    outer loop
      vertex 168.4 70 2.4
      vertex 168.391 69.8564 5.72205e-07
      vertex 168.391 69.8564 2.4
    endloop
  endfacet
  facet normal -0.898568 -0.438835 0
    outer loop
      vertex 168.316 70.421 5.72205e-07
      vertex 168.253 70.55 2.4
      vertex 168.253 70.55 5.72205e-07
    endloop
  endfacet
  facet normal -0.898568 -0.438835 0
    outer loop
      vertex 168.253 70.55 2.4
      vertex 168.316 70.421 5.72205e-07
      vertex 168.316 70.421 2.4
    endloop
  endfacet
  facet normal 0.55422 -0.83237 0
    outer loop
      vertex 166.63 70.8727 5.72205e-07
      vertex 166.75 70.9526 2.4
      vertex 166.63 70.8727 2.4
    endloop
  endfacet
  facet normal 0.55422 -0.83237 0
    outer loop
      vertex 166.75 70.9526 2.4
      vertex 166.63 70.8727 5.72205e-07
      vertex 166.75 70.9526 5.72205e-07
    endloop
  endfacet
  facet normal -0.0651391 -0.997876 0
    outer loop
      vertex 167.3 71.1 5.72205e-07
      vertex 167.444 71.0906 2.4
      vertex 167.3 71.1 2.4
    endloop
  endfacet
  facet normal -0.0651391 -0.997876 -0
    outer loop
      vertex 167.444 71.0906 2.4
      vertex 167.3 71.1 5.72205e-07
      vertex 167.444 71.0906 5.72205e-07
    endloop
  endfacet
  facet normal -0.44276 -0.89664 0
    outer loop
      vertex 167.721 71.0163 5.72205e-07
      vertex 167.85 70.9526 2.4
      vertex 167.721 71.0163 2.4
    endloop
  endfacet
  facet normal -0.44276 -0.89664 -0
    outer loop
      vertex 167.85 70.9526 2.4
      vertex 167.721 71.0163 5.72205e-07
      vertex 167.85 70.9526 5.72205e-07
    endloop
  endfacet
  facet normal 0.195447 -0.980714 0
    outer loop
      vertex 167.015 71.0625 5.72205e-07
      vertex 167.156 71.0906 2.4
      vertex 167.015 71.0625 2.4
    endloop
  endfacet
  facet normal 0.195447 -0.980714 0
    outer loop
      vertex 167.156 71.0906 2.4
      vertex 167.015 71.0625 5.72205e-07
      vertex 167.156 71.0906 5.72205e-07
    endloop
  endfacet
  facet normal -0.55422 -0.83237 0
    outer loop
      vertex 167.85 70.9526 5.72205e-07
      vertex 167.97 70.8727 2.4
      vertex 167.85 70.9526 2.4
    endloop
  endfacet
  facet normal -0.55422 -0.83237 -0
    outer loop
      vertex 167.97 70.8727 2.4
      vertex 167.85 70.9526 5.72205e-07
      vertex 167.97 70.8727 5.72205e-07
    endloop
  endfacet
  facet normal 0.751457 0.659782 0
    outer loop
      vertex 166.522 69.2222 2.4
      vertex 166.427 69.3304 5.72205e-07
      vertex 166.427 69.3304 2.4
    endloop
  endfacet
  facet normal 0.751457 0.659782 0
    outer loop
      vertex 166.427 69.3304 5.72205e-07
      vertex 166.522 69.2222 2.4
      vertex 166.522 69.2222 5.72205e-07
    endloop
  endfacet
  facet normal 0.44276 0.89664 -0
    outer loop
      vertex 166.879 68.9837 5.72205e-07
      vertex 166.75 69.0474 2.4
      vertex 166.879 68.9837 2.4
    endloop
  endfacet
  facet normal 0.44276 0.89664 0
    outer loop
      vertex 166.75 69.0474 2.4
      vertex 166.879 68.9837 5.72205e-07
      vertex 166.75 69.0474 5.72205e-07
    endloop
  endfacet
  facet normal 0.321653 -0.946858 0
    outer loop
      vertex 166.879 71.0163 5.72205e-07
      vertex 167.015 71.0625 2.4
      vertex 166.879 71.0163 2.4
    endloop
  endfacet
  facet normal 0.321653 -0.946858 0
    outer loop
      vertex 167.015 71.0625 2.4
      vertex 166.879 71.0163 5.72205e-07
      vertex 167.015 71.0625 5.72205e-07
    endloop
  endfacet
  facet normal -0.898568 0.438835 0
    outer loop
      vertex 168.253 69.45 5.72205e-07
      vertex 168.316 69.579 2.4
      vertex 168.316 69.579 5.72205e-07
    endloop
  endfacet
  facet normal -0.898568 0.438835 0
    outer loop
      vertex 168.316 69.579 2.4
      vertex 168.253 69.45 5.72205e-07
      vertex 168.253 69.45 2.4
    endloop
  endfacet
  facet normal 0.0651391 0.997876 -0
    outer loop
      vertex 167.3 68.9 5.72205e-07
      vertex 167.156 68.9094 2.4
      vertex 167.3 68.9 2.4
    endloop
  endfacet
  facet normal 0.0651391 0.997876 0
    outer loop
      vertex 167.156 68.9094 2.4
      vertex 167.3 68.9 5.72205e-07
      vertex 167.156 68.9094 5.72205e-07
    endloop
  endfacet
  facet normal 0.831194 0.555983 0
    outer loop
      vertex 166.427 69.3304 2.4
      vertex 166.347 69.45 5.72205e-07
      vertex 166.347 69.45 2.4
    endloop
  endfacet
  facet normal 0.831194 0.555983 0
    outer loop
      vertex 166.347 69.45 5.72205e-07
      vertex 166.427 69.3304 2.4
      vertex 166.427 69.3304 5.72205e-07
    endloop
  endfacet
  facet normal -0.44276 0.89664 0
    outer loop
      vertex 167.85 69.0474 5.72205e-07
      vertex 167.721 68.9837 2.4
      vertex 167.85 69.0474 2.4
    endloop
  endfacet
  facet normal -0.44276 0.89664 0
    outer loop
      vertex 167.721 68.9837 2.4
      vertex 167.85 69.0474 5.72205e-07
      vertex 167.721 68.9837 5.72205e-07
    endloop
  endfacet
  facet normal 0.44276 -0.89664 0
    outer loop
      vertex 166.75 70.9526 5.72205e-07
      vertex 166.879 71.0163 2.4
      vertex 166.75 70.9526 2.4
    endloop
  endfacet
  facet normal 0.44276 -0.89664 0
    outer loop
      vertex 166.879 71.0163 2.4
      vertex 166.75 70.9526 5.72205e-07
      vertex 166.879 71.0163 5.72205e-07
    endloop
  endfacet
  facet normal 0.195447 0.980714 -0
    outer loop
      vertex 167.156 68.9094 5.72205e-07
      vertex 167.015 68.9375 2.4
      vertex 167.156 68.9094 2.4
    endloop
  endfacet
  facet normal 0.195447 0.980714 0
    outer loop
      vertex 167.015 68.9375 2.4
      vertex 167.156 68.9094 5.72205e-07
      vertex 167.015 68.9375 5.72205e-07
    endloop
  endfacet
  facet normal -0.751457 -0.659782 0
    outer loop
      vertex 168.173 70.6696 5.72205e-07
      vertex 168.078 70.7778 2.4
      vertex 168.078 70.7778 5.72205e-07
    endloop
  endfacet
  facet normal -0.751457 -0.659782 0
    outer loop
      vertex 168.078 70.7778 2.4
      vertex 168.173 70.6696 5.72205e-07
      vertex 168.173 70.6696 2.4
    endloop
  endfacet
  facet normal -0.321653 0.946858 0
    outer loop
      vertex 167.721 68.9837 5.72205e-07
      vertex 167.585 68.9375 2.4
      vertex 167.721 68.9837 2.4
    endloop
  endfacet
  facet normal -0.321653 0.946858 0
    outer loop
      vertex 167.585 68.9375 2.4
      vertex 167.721 68.9837 5.72205e-07
      vertex 167.585 68.9375 5.72205e-07
    endloop
  endfacet
  facet normal 0.55422 0.83237 -0
    outer loop
      vertex 166.75 69.0474 5.72205e-07
      vertex 166.63 69.1273 2.4
      vertex 166.75 69.0474 2.4
    endloop
  endfacet
  facet normal 0.55422 0.83237 0
    outer loop
      vertex 166.63 69.1273 2.4
      vertex 166.75 69.0474 5.72205e-07
      vertex 166.63 69.1273 5.72205e-07
    endloop
  endfacet
  facet normal 0.980874 -0.194645 0
    outer loop
      vertex 166.209 70.1436 2.4
      vertex 166.237 70.2847 5.72205e-07
      vertex 166.237 70.2847 2.4
    endloop
  endfacet
  facet normal 0.980874 -0.194645 0
    outer loop
      vertex 166.237 70.2847 5.72205e-07
      vertex 166.209 70.1436 2.4
      vertex 166.209 70.1436 5.72205e-07
    endloop
  endfacet
  facet normal 0.998042 0.0625514 0
    outer loop
      vertex 166.209 69.8564 2.4
      vertex 166.2 70 5.72205e-07
      vertex 166.2 70 2.4
    endloop
  endfacet
  facet normal 0.998042 0.0625514 0
    outer loop
      vertex 166.2 70 5.72205e-07
      vertex 166.209 69.8564 2.4
      vertex 166.209 69.8564 5.72205e-07
    endloop
  endfacet
  facet normal 0.998042 -0.0625514 0
    outer loop
      vertex 166.2 70 2.4
      vertex 166.209 70.1436 5.72205e-07
      vertex 166.209 70.1436 2.4
    endloop
  endfacet
  facet normal 0.998042 -0.0625514 0
    outer loop
      vertex 166.209 70.1436 5.72205e-07
      vertex 166.2 70 2.4
      vertex 166.2 70 5.72205e-07
    endloop
  endfacet
  facet normal 0.660079 0.751196 -0
    outer loop
      vertex 166.63 69.1273 5.72205e-07
      vertex 166.522 69.2222 2.4
      vertex 166.63 69.1273 2.4
    endloop
  endfacet
  facet normal 0.660079 0.751196 0
    outer loop
      vertex 166.522 69.2222 2.4
      vertex 166.63 69.1273 5.72205e-07
      vertex 166.522 69.2222 5.72205e-07
    endloop
  endfacet
  facet normal -0.55422 0.83237 0
    outer loop
      vertex 167.97 69.1273 5.72205e-07
      vertex 167.85 69.0474 2.4
      vertex 167.97 69.1273 2.4
    endloop
  endfacet
  facet normal -0.55422 0.83237 0
    outer loop
      vertex 167.85 69.0474 2.4
      vertex 167.97 69.1273 5.72205e-07
      vertex 167.85 69.0474 5.72205e-07
    endloop
  endfacet
  facet normal 0.898568 0.438835 0
    outer loop
      vertex 166.347 69.45 2.4
      vertex 166.284 69.579 5.72205e-07
      vertex 166.284 69.579 2.4
    endloop
  endfacet
  facet normal 0.898568 0.438835 0
    outer loop
      vertex 166.284 69.579 5.72205e-07
      vertex 166.347 69.45 2.4
      vertex 166.347 69.45 5.72205e-07
    endloop
  endfacet
  facet normal 0.321653 0.946858 -0
    outer loop
      vertex 167.015 68.9375 5.72205e-07
      vertex 166.879 68.9837 2.4
      vertex 167.015 68.9375 2.4
    endloop
  endfacet
  facet normal 0.321653 0.946858 0
    outer loop
      vertex 166.879 68.9837 2.4
      vertex 167.015 68.9375 5.72205e-07
      vertex 166.879 68.9837 5.72205e-07
    endloop
  endfacet
  facet normal -0.751457 0.659782 0
    outer loop
      vertex 168.078 69.2222 5.72205e-07
      vertex 168.173 69.3304 2.4
      vertex 168.173 69.3304 5.72205e-07
    endloop
  endfacet
  facet normal -0.751457 0.659782 0
    outer loop
      vertex 168.173 69.3304 2.4
      vertex 168.078 69.2222 5.72205e-07
      vertex 168.078 69.2222 2.4
    endloop
  endfacet
  facet normal 0.898568 -0.438835 0
    outer loop
      vertex 166.284 70.421 2.4
      vertex 166.347 70.55 5.72205e-07
      vertex 166.347 70.55 2.4
    endloop
  endfacet
  facet normal 0.898568 -0.438835 0
    outer loop
      vertex 166.347 70.55 5.72205e-07
      vertex 166.284 70.421 2.4
      vertex 166.284 70.421 5.72205e-07
    endloop
  endfacet
  facet normal 0 0 1
    outer loop
      vertex 102.45 94 5.7
      vertex 8.95 92.8 5.7
      vertex 102.45 93.9 5.7
    endloop
  endfacet
  facet normal -0 0 1
    outer loop
      vertex 7.74998 94 5.7
      vertex 8.95 92.8 5.7
      vertex 102.45 94 5.7
    endloop
  endfacet
  facet normal 0 0 1
    outer loop
      vertex 7.74998 94 5.7
      vertex 8.68895 92.7829 5.7
      vertex 8.95 92.8 5.7
    endloop
  endfacet
  facet normal 0 0 1
    outer loop
      vertex 7.74998 94 5.7
      vertex 8.43236 92.7318 5.7
      vertex 8.68895 92.7829 5.7
    endloop
  endfacet
  facet normal 0 0 1
    outer loop
      vertex 7.74998 94 5.7
      vertex 8.18463 92.6478 5.7
      vertex 8.43236 92.7318 5.7
    endloop
  endfacet
  facet normal 0 0 1
    outer loop
      vertex 7.74998 94 5.7
      vertex 7.95 92.532 5.7
      vertex 8.18463 92.6478 5.7
    endloop
  endfacet
  facet normal -0 0 1
    outer loop
      vertex 7.48894 93.9829 5.7
      vertex 7.95 92.532 5.7
      vertex 7.74998 94 5.7
    endloop
  endfacet
  facet normal -0 0 1
    outer loop
      vertex 7.23235 93.9319 5.7
      vertex 7.95 92.532 5.7
      vertex 7.48894 93.9829 5.7
    endloop
  endfacet
  facet normal 0 0 1
    outer loop
      vertex 7.95 92.532 5.7
      vertex 7.23235 93.9319 5.7
      vertex 7.73247 92.3867 5.7
    endloop
  endfacet
  facet normal -0 0 1
    outer loop
      vertex 6.98462 93.8478 5.7
      vertex 7.73247 92.3867 5.7
      vertex 7.23235 93.9319 5.7
    endloop
  endfacet
  facet normal -0 0 1
    outer loop
      vertex 6.74998 93.7321 5.7
      vertex 7.73247 92.3867 5.7
      vertex 6.98462 93.8478 5.7
    endloop
  endfacet
  facet normal -0 0 1
    outer loop
      vertex 6.53246 93.5867 5.7
      vertex 7.73247 92.3867 5.7
      vertex 6.74998 93.7321 5.7
    endloop
  endfacet
  facet normal 0 0 1
    outer loop
      vertex 7.73247 92.3867 5.7
      vertex 6.53246 93.5867 5.7
      vertex 7.53578 92.2142 5.7
    endloop
  endfacet
  facet normal -0 0 1
    outer loop
      vertex 6.33577 93.4142 5.7
      vertex 7.53578 92.2142 5.7
      vertex 6.53246 93.5867 5.7
    endloop
  endfacet
  facet normal -0 0 1
    outer loop
      vertex 6.16328 93.2175 5.7
      vertex 7.53578 92.2142 5.7
      vertex 6.33577 93.4142 5.7
    endloop
  endfacet
  facet normal 0 0 1
    outer loop
      vertex 7.53578 92.2142 5.7
      vertex 6.16328 93.2175 5.7
      vertex 7.3633 92.0175 5.7
    endloop
  endfacet
  facet normal -0 0 1
    outer loop
      vertex 6.01793 93 5.7
      vertex 7.3633 92.0175 5.7
      vertex 6.16328 93.2175 5.7
    endloop
  endfacet
  facet normal -0 0 1
    outer loop
      vertex 5.81813 92.5176 5.7
      vertex 7.3633 92.0175 5.7
      vertex 5.90222 92.7654 5.7
    endloop
  endfacet
  facet normal -0 0 1
    outer loop
      vertex 5.90222 92.7654 5.7
      vertex 7.3633 92.0175 5.7
      vertex 6.01793 93 5.7
    endloop
  endfacet
  facet normal 0 0 1
    outer loop
      vertex 157.282 91.8 5.7
      vertex 158.75 92 5.7
      vertex 158.733 92.261 5.7
    endloop
  endfacet
  facet normal 0 0 1
    outer loop
      vertex 158.75 92 5.7
      vertex 157.55 90.8 5.7
      vertex 158.75 9 5.7
    endloop
  endfacet
  facet normal 0 0 1
    outer loop
      vertex 157.282 91.8 5.7
      vertex 158.733 92.261 5.7
      vertex 158.682 92.5176 5.7
    endloop
  endfacet
  facet normal -0 0 1
    outer loop
      vertex 157.55 10.2 5.7
      vertex 158.75 9 5.7
      vertex 157.55 90.8 5.7
    endloop
  endfacet
  facet normal 0 0 1
    outer loop
      vertex 157.137 92.0175 5.7
      vertex 158.682 92.5176 5.7
      vertex 158.598 92.7654 5.7
    endloop
  endfacet
  facet normal -0 0 1
    outer loop
      vertex 157.533 9.93895 5.7
      vertex 158.75 9 5.7
      vertex 157.55 10.2 5.7
    endloop
  endfacet
  facet normal 0 0 1
    outer loop
      vertex 157.137 92.0175 5.7
      vertex 158.598 92.7654 5.7
      vertex 158.482 93 5.7
    endloop
  endfacet
  facet normal -0 0 1
    outer loop
      vertex 157.482 9.68236 5.7
      vertex 158.75 9 5.7
      vertex 157.533 9.93895 5.7
    endloop
  endfacet
  facet normal 0 0 1
    outer loop
      vertex 157.137 92.0175 5.7
      vertex 158.482 93 5.7
      vertex 158.337 93.2175 5.7
    endloop
  endfacet
  facet normal -0 0 1
    outer loop
      vertex 157.398 9.43463 5.7
      vertex 158.75 9 5.7
      vertex 157.482 9.68236 5.7
    endloop
  endfacet
  facet normal 0 0 1
    outer loop
      vertex 156.964 92.2142 5.7
      vertex 158.337 93.2175 5.7
      vertex 158.164 93.4142 5.7
    endloop
  endfacet
  facet normal -0 0 1
    outer loop
      vertex 157.282 9.2 5.7
      vertex 158.75 9 5.7
      vertex 157.398 9.43463 5.7
    endloop
  endfacet
  facet normal 0 0 1
    outer loop
      vertex 156.964 92.2142 5.7
      vertex 158.164 93.4142 5.7
      vertex 157.968 93.5867 5.7
    endloop
  endfacet
  facet normal 0 0 1
    outer loop
      vertex 158.75 9 5.7
      vertex 157.282 9.2 5.7
      vertex 158.733 8.73895 5.7
    endloop
  endfacet
  facet normal 0 0 1
    outer loop
      vertex 156.768 92.3867 5.7
      vertex 157.968 93.5867 5.7
      vertex 157.75 93.7321 5.7
    endloop
  endfacet
  facet normal 0 0 1
    outer loop
      vertex 158.733 8.73895 5.7
      vertex 157.282 9.2 5.7
      vertex 158.682 8.48236 5.7
    endloop
  endfacet
  facet normal -0 0 1
    outer loop
      vertex 157.137 8.98247 5.7
      vertex 158.682 8.48236 5.7
      vertex 157.282 9.2 5.7
    endloop
  endfacet
  facet normal 0 0 1
    outer loop
      vertex 158.75 92 5.7
      vertex 157.533 91.061 5.7
      vertex 157.55 90.8 5.7
    endloop
  endfacet
  facet normal 0 0 1
    outer loop
      vertex 156.768 92.3867 5.7
      vertex 157.75 93.7321 5.7
      vertex 157.515 93.8478 5.7
    endloop
  endfacet
  facet normal 0 0 1
    outer loop
      vertex 158.75 92 5.7
      vertex 157.482 91.3176 5.7
      vertex 157.533 91.061 5.7
    endloop
  endfacet
  facet normal 0 0 1
    outer loop
      vertex 158.75 92 5.7
      vertex 157.398 91.5654 5.7
      vertex 157.482 91.3176 5.7
    endloop
  endfacet
  facet normal 0 0 1
    outer loop
      vertex 158.75 92 5.7
      vertex 157.282 91.8 5.7
      vertex 157.398 91.5654 5.7
    endloop
  endfacet
  facet normal 0 0 1
    outer loop
      vertex 156.768 92.3867 5.7
      vertex 157.515 93.8478 5.7
      vertex 157.268 93.9319 5.7
    endloop
  endfacet
  facet normal 0 0 1
    outer loop
      vertex 158.682 92.5176 5.7
      vertex 157.137 92.0175 5.7
      vertex 157.282 91.8 5.7
    endloop
  endfacet
  facet normal 0 0 1
    outer loop
      vertex 156.55 92.532 5.7
      vertex 157.268 93.9319 5.7
      vertex 157.011 93.9829 5.7
    endloop
  endfacet
  facet normal 0 0 1
    outer loop
      vertex 158.337 93.2175 5.7
      vertex 156.964 92.2142 5.7
      vertex 157.137 92.0175 5.7
    endloop
  endfacet
  facet normal 0 0 1
    outer loop
      vertex 157.968 93.5867 5.7
      vertex 156.768 92.3867 5.7
      vertex 156.964 92.2142 5.7
    endloop
  endfacet
  facet normal 0 0 1
    outer loop
      vertex 156.55 92.532 5.7
      vertex 157.011 93.9829 5.7
      vertex 156.75 94 5.7
    endloop
  endfacet
  facet normal 0 0 1
    outer loop
      vertex 157.268 93.9319 5.7
      vertex 156.55 92.532 5.7
      vertex 156.768 92.3867 5.7
    endloop
  endfacet
  facet normal 0 0 1
    outer loop
      vertex 156.75 94 5.7
      vertex 156.315 92.6478 5.7
      vertex 156.55 92.532 5.7
    endloop
  endfacet
  facet normal 0 0 1
    outer loop
      vertex 156.75 94 5.7
      vertex 156.068 92.7318 5.7
      vertex 156.315 92.6478 5.7
    endloop
  endfacet
  facet normal 0 0 1
    outer loop
      vertex 156.75 94 5.7
      vertex 155.811 92.7829 5.7
      vertex 156.068 92.7318 5.7
    endloop
  endfacet
  facet normal 0 0 1
    outer loop
      vertex 156.75 94 5.7
      vertex 155.55 92.8 5.7
      vertex 155.811 92.7829 5.7
    endloop
  endfacet
  facet normal -0 0 1
    outer loop
      vertex 110.45 94 5.7
      vertex 155.55 92.8 5.7
      vertex 156.75 94 5.7
    endloop
  endfacet
  facet normal -0 0 1
    outer loop
      vertex 110.45 93.9 5.7
      vertex 155.55 92.8 5.7
      vertex 110.45 94 5.7
    endloop
  endfacet
  facet normal -0 0 1
    outer loop
      vertex 102.45 93.9 5.7
      vertex 155.55 92.8 5.7
      vertex 110.45 93.9 5.7
    endloop
  endfacet
  facet normal 0 0 1
    outer loop
      vertex 155.55 92.8 5.7
      vertex 102.45 93.9 5.7
      vertex 8.95 92.8 5.7
    endloop
  endfacet
  facet normal 0 0 1
    outer loop
      vertex 158.682 8.48236 5.7
      vertex 157.137 8.98247 5.7
      vertex 158.598 8.23463 5.7
    endloop
  endfacet
  facet normal 0 0 1
    outer loop
      vertex 158.598 8.23463 5.7
      vertex 157.137 8.98247 5.7
      vertex 158.482 8 5.7
    endloop
  endfacet
  facet normal 0 0 1
    outer loop
      vertex 158.482 8 5.7
      vertex 157.137 8.98247 5.7
      vertex 158.337 7.78247 5.7
    endloop
  endfacet
  facet normal -0 0 1
    outer loop
      vertex 156.964 8.78578 5.7
      vertex 158.337 7.78247 5.7
      vertex 157.137 8.98247 5.7
    endloop
  endfacet
  facet normal 0 0 1
    outer loop
      vertex 158.337 7.78247 5.7
      vertex 156.964 8.78578 5.7
      vertex 158.164 7.58578 5.7
    endloop
  endfacet
  facet normal 0 0 1
    outer loop
      vertex 158.164 7.58578 5.7
      vertex 156.964 8.78578 5.7
      vertex 157.968 7.4133 5.7
    endloop
  endfacet
  facet normal -0 0 1
    outer loop
      vertex 156.768 8.6133 5.7
      vertex 157.968 7.4133 5.7
      vertex 156.964 8.78578 5.7
    endloop
  endfacet
  facet normal 0 0 1
    outer loop
      vertex 157.968 7.4133 5.7
      vertex 156.768 8.6133 5.7
      vertex 157.75 7.26794 5.7
    endloop
  endfacet
  facet normal 0 0 1
    outer loop
      vertex 157.75 7.26794 5.7
      vertex 156.768 8.6133 5.7
      vertex 157.515 7.15224 5.7
    endloop
  endfacet
  facet normal 0 0 1
    outer loop
      vertex 157.515 7.15224 5.7
      vertex 156.768 8.6133 5.7
      vertex 157.268 7.06815 5.7
    endloop
  endfacet
  facet normal -0 0 1
    outer loop
      vertex 156.55 8.46794 5.7
      vertex 157.268 7.06815 5.7
      vertex 156.768 8.6133 5.7
    endloop
  endfacet
  facet normal 0 0 1
    outer loop
      vertex 157.268 7.06815 5.7
      vertex 156.55 8.46794 5.7
      vertex 157.011 7.01711 5.7
    endloop
  endfacet
  facet normal 0 0 1
    outer loop
      vertex 157.011 7.01711 5.7
      vertex 156.55 8.46794 5.7
      vertex 156.75 7 5.7
    endloop
  endfacet
  facet normal -0 0 1
    outer loop
      vertex 156.315 8.35223 5.7
      vertex 156.75 7 5.7
      vertex 156.55 8.46794 5.7
    endloop
  endfacet
  facet normal -0 0 1
    outer loop
      vertex 156.068 8.26814 5.7
      vertex 156.75 7 5.7
      vertex 156.315 8.35223 5.7
    endloop
  endfacet
  facet normal -0 0 1
    outer loop
      vertex 155.811 8.2171 5.7
      vertex 156.75 7 5.7
      vertex 156.068 8.26814 5.7
    endloop
  endfacet
  facet normal -0 0 1
    outer loop
      vertex 155.55 8.2 5.7
      vertex 156.75 7 5.7
      vertex 155.811 8.2171 5.7
    endloop
  endfacet
  facet normal -0 0 1
    outer loop
      vertex 8.95 8.2 5.7
      vertex 156.75 7 5.7
      vertex 155.55 8.2 5.7
    endloop
  endfacet
  facet normal 0 0 1
    outer loop
      vertex 8.95 8.2 5.7
      vertex 7.74998 7 5.7
      vertex 156.75 7 5.7
    endloop
  endfacet
  facet normal 0 0 1
    outer loop
      vertex 8.68895 8.2171 5.7
      vertex 7.74998 7 5.7
      vertex 8.95 8.2 5.7
    endloop
  endfacet
  facet normal 0 0 1
    outer loop
      vertex 8.43236 8.26814 5.7
      vertex 7.74998 7 5.7
      vertex 8.68895 8.2171 5.7
    endloop
  endfacet
  facet normal 0 0 1
    outer loop
      vertex 8.18463 8.35223 5.7
      vertex 7.74998 7 5.7
      vertex 8.43236 8.26814 5.7
    endloop
  endfacet
  facet normal 0 0 1
    outer loop
      vertex 7.95 8.46794 5.7
      vertex 7.74998 7 5.7
      vertex 8.18463 8.35223 5.7
    endloop
  endfacet
  facet normal 0 0 1
    outer loop
      vertex 7.23235 7.06815 5.7
      vertex 7.95 8.46794 5.7
      vertex 7.73247 8.6133 5.7
    endloop
  endfacet
  facet normal 0 0 1
    outer loop
      vertex 6.53246 7.4133 5.7
      vertex 7.73247 8.6133 5.7
      vertex 7.53578 8.78578 5.7
    endloop
  endfacet
  facet normal 0 0 1
    outer loop
      vertex 7.95 8.46794 5.7
      vertex 7.48894 7.01711 5.7
      vertex 7.74998 7 5.7
    endloop
  endfacet
  facet normal 0 0 1
    outer loop
      vertex 6.16328 7.78247 5.7
      vertex 7.53578 8.78578 5.7
      vertex 7.3633 8.98247 5.7
    endloop
  endfacet
  facet normal 0 0 1
    outer loop
      vertex 7.95 8.46794 5.7
      vertex 7.23235 7.06815 5.7
      vertex 7.48894 7.01711 5.7
    endloop
  endfacet
  facet normal 0 0 1
    outer loop
      vertex 5.81813 8.48236 5.7
      vertex 7.3633 8.98247 5.7
      vertex 7.21794 9.2 5.7
    endloop
  endfacet
  facet normal 0 0 1
    outer loop
      vertex 5.74998 9 5.7
      vertex 7.21794 9.2 5.7
      vertex 7.10223 9.43463 5.7
    endloop
  endfacet
  facet normal 0 0 1
    outer loop
      vertex 5.74998 9 5.7
      vertex 7.10223 9.43463 5.7
      vertex 7.01814 9.68236 5.7
    endloop
  endfacet
  facet normal 0 0 1
    outer loop
      vertex 7.73247 8.6133 5.7
      vertex 6.98462 7.15224 5.7
      vertex 7.23235 7.06815 5.7
    endloop
  endfacet
  facet normal 0 0 1
    outer loop
      vertex 5.74998 9 5.7
      vertex 7.01814 9.68236 5.7
      vertex 6.9671 9.93895 5.7
    endloop
  endfacet
  facet normal 0 0 1
    outer loop
      vertex 5.74998 9 5.7
      vertex 6.9671 9.93895 5.7
      vertex 6.95 10.2 5.7
    endloop
  endfacet
  facet normal 0 0 1
    outer loop
      vertex 7.73247 8.6133 5.7
      vertex 6.74998 7.26794 5.7
      vertex 6.98462 7.15224 5.7
    endloop
  endfacet
  facet normal 0 0 1
    outer loop
      vertex 6.95 90.8 5.7
      vertex 5.74998 92 5.7
      vertex 6.95 10.2 5.7
    endloop
  endfacet
  facet normal 0 0 1
    outer loop
      vertex 7.3633 92.0175 5.7
      vertex 5.81813 92.5176 5.7
      vertex 7.21794 91.8 5.7
    endloop
  endfacet
  facet normal 0 0 1
    outer loop
      vertex 5.74998 9 5.7
      vertex 6.95 10.2 5.7
      vertex 5.74998 92 5.7
    endloop
  endfacet
  facet normal -0 0 1
    outer loop
      vertex 5.76709 92.261 5.7
      vertex 7.21794 91.8 5.7
      vertex 5.81813 92.5176 5.7
    endloop
  endfacet
  facet normal 0 0 1
    outer loop
      vertex 7.21794 9.2 5.7
      vertex 5.74998 9 5.7
      vertex 5.76709 8.73895 5.7
    endloop
  endfacet
  facet normal -0 0 1
    outer loop
      vertex 5.74998 92 5.7
      vertex 7.21794 91.8 5.7
      vertex 5.76709 92.261 5.7
    endloop
  endfacet
  facet normal 0 0 1
    outer loop
      vertex 7.73247 8.6133 5.7
      vertex 6.53246 7.4133 5.7
      vertex 6.74998 7.26794 5.7
    endloop
  endfacet
  facet normal 0 0 1
    outer loop
      vertex 7.21794 91.8 5.7
      vertex 5.74998 92 5.7
      vertex 7.10223 91.5654 5.7
    endloop
  endfacet
  facet normal 0 0 1
    outer loop
      vertex 7.53578 8.78578 5.7
      vertex 6.33577 7.58578 5.7
      vertex 6.53246 7.4133 5.7
    endloop
  endfacet
  facet normal 0 0 1
    outer loop
      vertex 7.10223 91.5654 5.7
      vertex 5.74998 92 5.7
      vertex 7.01814 91.3176 5.7
    endloop
  endfacet
  facet normal 0 0 1
    outer loop
      vertex 7.53578 8.78578 5.7
      vertex 6.16328 7.78247 5.7
      vertex 6.33577 7.58578 5.7
    endloop
  endfacet
  facet normal 0 0 1
    outer loop
      vertex 7.01814 91.3176 5.7
      vertex 5.74998 92 5.7
      vertex 6.9671 91.061 5.7
    endloop
  endfacet
  facet normal 0 0 1
    outer loop
      vertex 7.3633 8.98247 5.7
      vertex 6.01793 8 5.7
      vertex 6.16328 7.78247 5.7
    endloop
  endfacet
  facet normal 0 0 1
    outer loop
      vertex 6.9671 91.061 5.7
      vertex 5.74998 92 5.7
      vertex 6.95 90.8 5.7
    endloop
  endfacet
  facet normal 0 0 1
    outer loop
      vertex 7.3633 8.98247 5.7
      vertex 5.90222 8.23463 5.7
      vertex 6.01793 8 5.7
    endloop
  endfacet
  facet normal 0 0 1
    outer loop
      vertex 7.3633 8.98247 5.7
      vertex 5.81813 8.48236 5.7
      vertex 5.90222 8.23463 5.7
    endloop
  endfacet
  facet normal 0 0 1
    outer loop
      vertex 7.21794 9.2 5.7
      vertex 5.76709 8.73895 5.7
      vertex 5.81813 8.48236 5.7
    endloop
  endfacet
  facet normal -0.194795 0.980844 0
    outer loop
      vertex 157.268 7.06815 5.7
      vertex 157.011 7.01711 6.3
      vertex 157.268 7.06815 6.3
    endloop
  endfacet
  facet normal -0.194795 0.980844 0
    outer loop
      vertex 157.011 7.01711 6.3
      vertex 157.268 7.06815 5.7
      vertex 157.011 7.01711 5.7
    endloop
  endfacet
  facet normal -0.322281 0.946644 0
    outer loop
      vertex 157.515 7.15224 5.7
      vertex 157.268 7.06815 6.3
      vertex 157.515 7.15224 6.3
    endloop
  endfacet
  facet normal -0.322281 0.946644 0
    outer loop
      vertex 157.268 7.06815 6.3
      vertex 157.515 7.15224 5.7
      vertex 157.268 7.06815 5.7
    endloop
  endfacet
  facet normal -0.441708 0.897159 0
    outer loop
      vertex 157.75 7.26794 5.7
      vertex 157.515 7.15224 6.3
      vertex 157.75 7.26794 6.3
    endloop
  endfacet
  facet normal -0.441708 0.897159 0
    outer loop
      vertex 157.515 7.15224 6.3
      vertex 157.75 7.26794 5.7
      vertex 157.515 7.15224 5.7
    endloop
  endfacet
  facet normal -0.554771 0.832003 0
    outer loop
      vertex 157.968 7.4133 5.7
      vertex 157.75 7.26794 6.3
      vertex 157.968 7.4133 6.3
    endloop
  endfacet
  facet normal -0.554771 0.832003 0
    outer loop
      vertex 157.75 7.26794 6.3
      vertex 157.968 7.4133 5.7
      vertex 157.75 7.26794 5.7
    endloop
  endfacet
  facet normal -0.660628 0.750714 0
    outer loop
      vertex 158.164 7.58578 5.7
      vertex 157.968 7.4133 6.3
      vertex 158.164 7.58578 6.3
    endloop
  endfacet
  facet normal -0.660628 0.750714 0
    outer loop
      vertex 157.968 7.4133 6.3
      vertex 158.164 7.58578 5.7
      vertex 157.968 7.4133 5.7
    endloop
  endfacet
  facet normal -0.750879 0.66044 0
    outer loop
      vertex 158.164 7.58578 5.7
      vertex 158.337 7.78247 6.3
      vertex 158.337 7.78247 5.7
    endloop
  endfacet
  facet normal -0.750879 0.66044 0
    outer loop
      vertex 158.337 7.78247 6.3
      vertex 158.164 7.58578 5.7
      vertex 158.164 7.58578 6.3
    endloop
  endfacet
  facet normal -0.832086 0.554647 0
    outer loop
      vertex 158.337 7.78247 5.7
      vertex 158.482 8 6.3
      vertex 158.482 8 5.7
    endloop
  endfacet
  facet normal -0.832086 0.554647 0
    outer loop
      vertex 158.482 8 6.3
      vertex 158.337 7.78247 5.7
      vertex 158.337 7.78247 6.3
    endloop
  endfacet
  facet normal -0.896428 0.44319 0
    outer loop
      vertex 158.482 8 5.7
      vertex 158.598 8.23463 6.3
      vertex 158.598 8.23463 5.7
    endloop
  endfacet
  facet normal -0.896428 0.44319 0
    outer loop
      vertex 158.598 8.23463 6.3
      vertex 158.482 8 5.7
      vertex 158.482 8 6.3
    endloop
  endfacet
  facet normal -0.947038 0.321121 0
    outer loop
      vertex 158.598 8.23463 5.7
      vertex 158.682 8.48236 6.3
      vertex 158.682 8.48236 5.7
    endloop
  endfacet
  facet normal -0.947038 0.321121 0
    outer loop
      vertex 158.682 8.48236 6.3
      vertex 158.598 8.23463 5.7
      vertex 158.598 8.23463 6.3
    endloop
  endfacet
  facet normal -0.980814 0.194947 0
    outer loop
      vertex 158.682 8.48236 5.7
      vertex 158.733 8.73895 6.3
      vertex 158.733 8.73895 5.7
    endloop
  endfacet
  facet normal -0.980814 0.194947 0
    outer loop
      vertex 158.733 8.73895 6.3
      vertex 158.682 8.48236 5.7
      vertex 158.682 8.48236 6.3
    endloop
  endfacet
  facet normal -0.997886 0.064984 0
    outer loop
      vertex 158.733 8.73895 5.7
      vertex 158.75 9 6.3
      vertex 158.75 9 5.7
    endloop
  endfacet
  facet normal -0.997886 0.064984 0
    outer loop
      vertex 158.75 9 6.3
      vertex 158.733 8.73895 5.7
      vertex 158.733 8.73895 6.3
    endloop
  endfacet
  facet normal -1 0 0
    outer loop
      vertex 158.75 9 5.7
      vertex 158.75 92 6.3
      vertex 158.75 92 5.7
    endloop
  endfacet
  facet normal -1 -0 0
    outer loop
      vertex 158.75 92 6.3
      vertex 158.75 9 5.7
      vertex 158.75 9 6.3
    endloop
  endfacet
  facet normal -0.997886 -0.0649964 0
    outer loop
      vertex 158.75 92 5.7
      vertex 158.733 92.261 6.3
      vertex 158.733 92.261 5.7
    endloop
  endfacet
  facet normal -0.997886 -0.0649964 0
    outer loop
      vertex 158.733 92.261 6.3
      vertex 158.75 92 5.7
      vertex 158.75 92 6.3
    endloop
  endfacet
  facet normal -0.980815 -0.19494 0
    outer loop
      vertex 158.733 92.261 5.7
      vertex 158.682 92.5176 6.3
      vertex 158.682 92.5176 5.7
    endloop
  endfacet
  facet normal -0.980815 -0.19494 0
    outer loop
      vertex 158.682 92.5176 6.3
      vertex 158.733 92.261 5.7
      vertex 158.733 92.261 6.3
    endloop
  endfacet
  facet normal -0.947066 -0.321039 0
    outer loop
      vertex 158.682 92.5176 5.7
      vertex 158.598 92.7654 6.3
      vertex 158.598 92.7654 5.7
    endloop
  endfacet
  facet normal -0.947066 -0.321039 0
    outer loop
      vertex 158.598 92.7654 6.3
      vertex 158.682 92.5176 5.7
      vertex 158.682 92.5176 6.3
    endloop
  endfacet
  facet normal -0.896405 -0.443235 0
    outer loop
      vertex 158.598 92.7654 5.7
      vertex 158.482 93 6.3
      vertex 158.482 93 5.7
    endloop
  endfacet
  facet normal -0.896405 -0.443235 0
    outer loop
      vertex 158.482 93 6.3
      vertex 158.598 92.7654 5.7
      vertex 158.598 92.7654 6.3
    endloop
  endfacet
  facet normal -0.83205 -0.5547 0
    outer loop
      vertex 158.482 93 5.7
      vertex 158.337 93.2175 6.3
      vertex 158.337 93.2175 5.7
    endloop
  endfacet
  facet normal -0.83205 -0.5547 0
    outer loop
      vertex 158.337 93.2175 6.3
      vertex 158.482 93 5.7
      vertex 158.482 93 6.3
    endloop
  endfacet
  facet normal -0.750895 -0.660421 0
    outer loop
      vertex 158.337 93.2175 5.7
      vertex 158.164 93.4142 6.3
      vertex 158.164 93.4142 5.7
    endloop
  endfacet
  facet normal -0.750895 -0.660421 0
    outer loop
      vertex 158.164 93.4142 6.3
      vertex 158.337 93.2175 5.7
      vertex 158.337 93.2175 6.3
    endloop
  endfacet
  facet normal -0.660671 -0.750676 0
    outer loop
      vertex 157.968 93.5867 5.7
      vertex 158.164 93.4142 6.3
      vertex 157.968 93.5867 6.3
    endloop
  endfacet
  facet normal -0.660671 -0.750676 -0
    outer loop
      vertex 158.164 93.4142 6.3
      vertex 157.968 93.5867 5.7
      vertex 158.164 93.4142 5.7
    endloop
  endfacet
  facet normal -0.554876 -0.831933 0
    outer loop
      vertex 157.75 93.7321 5.7
      vertex 157.968 93.5867 6.3
      vertex 157.75 93.7321 6.3
    endloop
  endfacet
  facet normal -0.554876 -0.831933 -0
    outer loop
      vertex 157.968 93.5867 6.3
      vertex 157.75 93.7321 5.7
      vertex 157.968 93.5867 5.7
    endloop
  endfacet
  facet normal -0.441708 -0.897159 0
    outer loop
      vertex 157.515 93.8478 5.7
      vertex 157.75 93.7321 6.3
      vertex 157.515 93.8478 6.3
    endloop
  endfacet
  facet normal -0.441708 -0.897159 -0
    outer loop
      vertex 157.75 93.7321 6.3
      vertex 157.515 93.8478 5.7
      vertex 157.75 93.7321 5.7
    endloop
  endfacet
  facet normal -0.322315 -0.946632 0
    outer loop
      vertex 157.268 93.9319 5.7
      vertex 157.515 93.8478 6.3
      vertex 157.268 93.9319 6.3
    endloop
  endfacet
  facet normal -0.322315 -0.946632 -0
    outer loop
      vertex 157.515 93.8478 6.3
      vertex 157.268 93.9319 5.7
      vertex 157.515 93.8478 5.7
    endloop
  endfacet
  facet normal -0.194648 -0.980873 0
    outer loop
      vertex 157.011 93.9829 5.7
      vertex 157.268 93.9319 6.3
      vertex 157.011 93.9829 6.3
    endloop
  endfacet
  facet normal -0.194648 -0.980873 -0
    outer loop
      vertex 157.268 93.9319 6.3
      vertex 157.011 93.9829 5.7
      vertex 157.268 93.9319 5.7
    endloop
  endfacet
  facet normal -0.0653771 -0.997861 0
    outer loop
      vertex 156.75 94 5.7
      vertex 157.011 93.9829 6.3
      vertex 156.75 94 6.3
    endloop
  endfacet
  facet normal -0.0653771 -0.997861 -0
    outer loop
      vertex 157.011 93.9829 6.3
      vertex 156.75 94 5.7
      vertex 157.011 93.9829 5.7
    endloop
  endfacet
  facet normal 0 -1 0
    outer loop
      vertex 110.45 94 5.7
      vertex 156.75 94 6.3
      vertex 110.45 94 6.3
    endloop
  endfacet
  facet normal 0 -1 -0
    outer loop
      vertex 156.75 94 6.3
      vertex 110.45 94 5.7
      vertex 156.75 94 5.7
    endloop
  endfacet
  facet normal 0 -1 0
    outer loop
      vertex 7.74998 94 5.7
      vertex 102.45 94 6.3
      vertex 7.74998 94 6.3
    endloop
  endfacet
  facet normal 0 -1 -0
    outer loop
      vertex 102.45 94 6.3
      vertex 7.74998 94 5.7
      vertex 102.45 94 5.7
    endloop
  endfacet
  facet normal 0.0653671 -0.997861 0
    outer loop
      vertex 7.48894 93.9829 5.7
      vertex 7.74998 94 6.3
      vertex 7.48894 93.9829 6.3
    endloop
  endfacet
  facet normal 0.0653671 -0.997861 0
    outer loop
      vertex 7.74998 94 6.3
      vertex 7.48894 93.9829 5.7
      vertex 7.74998 94 5.7
    endloop
  endfacet
  facet normal 0.194947 -0.980814 0
    outer loop
      vertex 7.23235 93.9319 5.7
      vertex 7.48894 93.9829 6.3
      vertex 7.23235 93.9319 6.3
    endloop
  endfacet
  facet normal 0.194947 -0.980814 0
    outer loop
      vertex 7.48894 93.9829 6.3
      vertex 7.23235 93.9319 5.7
      vertex 7.48894 93.9829 5.7
    endloop
  endfacet
  facet normal 0.321463 -0.946922 0
    outer loop
      vertex 6.98462 93.8478 5.7
      vertex 7.23235 93.9319 6.3
      vertex 6.98462 93.8478 6.3
    endloop
  endfacet
  facet normal 0.321463 -0.946922 0
    outer loop
      vertex 7.23235 93.9319 6.3
      vertex 6.98462 93.8478 5.7
      vertex 7.23235 93.9319 5.7
    endloop
  endfacet
  facet normal 0.442253 -0.89689 0
    outer loop
      vertex 6.74998 93.7321 5.7
      vertex 6.98462 93.8478 6.3
      vertex 6.74998 93.7321 6.3
    endloop
  endfacet
  facet normal 0.442253 -0.89689 0
    outer loop
      vertex 6.98462 93.8478 6.3
      vertex 6.74998 93.7321 5.7
      vertex 6.98462 93.8478 5.7
    endloop
  endfacet
  facet normal 0.555723 -0.831368 0
    outer loop
      vertex 6.53246 93.5867 5.7
      vertex 6.74998 93.7321 6.3
      vertex 6.53246 93.5867 6.3
    endloop
  endfacet
  facet normal 0.555723 -0.831368 0
    outer loop
      vertex 6.74998 93.7321 6.3
      vertex 6.53246 93.5867 5.7
      vertex 6.74998 93.7321 5.7
    endloop
  endfacet
  facet normal 0.659362 -0.751826 0
    outer loop
      vertex 6.33577 93.4142 5.7
      vertex 6.53246 93.5867 6.3
      vertex 6.33577 93.4142 6.3
    endloop
  endfacet
  facet normal 0.659362 -0.751826 0
    outer loop
      vertex 6.53246 93.5867 6.3
      vertex 6.33577 93.4142 5.7
      vertex 6.53246 93.5867 5.7
    endloop
  endfacet
  facet normal 0.751861 -0.659321 0
    outer loop
      vertex 6.16328 93.2175 6.3
      vertex 6.33577 93.4142 5.7
      vertex 6.33577 93.4142 6.3
    endloop
  endfacet
  facet normal 0.751861 -0.659321 0
    outer loop
      vertex 6.33577 93.4142 5.7
      vertex 6.16328 93.2175 6.3
      vertex 6.16328 93.2175 5.7
    endloop
  endfacet
  facet normal 0.831432 -0.555626 0
    outer loop
      vertex 6.01793 93 6.3
      vertex 6.16328 93.2175 5.7
      vertex 6.16328 93.2175 6.3
    endloop
  endfacet
  facet normal 0.831432 -0.555626 0
    outer loop
      vertex 6.16328 93.2175 5.7
      vertex 6.01793 93 6.3
      vertex 6.01793 93 5.7
    endloop
  endfacet
  facet normal 0.896845 -0.442344 0
    outer loop
      vertex 5.90222 92.7654 6.3
      vertex 6.01793 93 5.7
      vertex 6.01793 93 6.3
    endloop
  endfacet
  facet normal 0.896845 -0.442344 0
    outer loop
      vertex 6.01793 93 5.7
      vertex 5.90222 92.7654 6.3
      vertex 5.90222 92.7654 5.7
    endloop
  endfacet
  facet normal 0.946961 -0.321348 0
    outer loop
      vertex 5.81813 92.5176 6.3
      vertex 5.90222 92.7654 5.7
      vertex 5.90222 92.7654 6.3
    endloop
  endfacet
  facet normal 0.946961 -0.321348 0
    outer loop
      vertex 5.90222 92.7654 5.7
      vertex 5.81813 92.5176 6.3
      vertex 5.81813 92.5176 5.7
    endloop
  endfacet
  facet normal 0.980786 -0.195087 0
    outer loop
      vertex 5.76709 92.261 6.3
      vertex 5.81813 92.5176 5.7
      vertex 5.81813 92.5176 6.3
    endloop
  endfacet
  facet normal 0.980786 -0.195087 0
    outer loop
      vertex 5.81813 92.5176 5.7
      vertex 5.76709 92.261 6.3
      vertex 5.76709 92.261 5.7
    endloop
  endfacet
  facet normal 0.997858 -0.0654151 0
    outer loop
      vertex 5.74998 92 6.3
      vertex 5.76709 92.261 5.7
      vertex 5.76709 92.261 6.3
    endloop
  endfacet
  facet normal 0.997858 -0.0654151 0
    outer loop
      vertex 5.76709 92.261 5.7
      vertex 5.74998 92 6.3
      vertex 5.74998 92 5.7
    endloop
  endfacet
  facet normal 1 -0 0
    outer loop
      vertex 5.74998 9 6.3
      vertex 5.74998 92 5.7
      vertex 5.74998 92 6.3
    endloop
  endfacet
  facet normal 1 0 0
    outer loop
      vertex 5.74998 92 5.7
      vertex 5.74998 9 6.3
      vertex 5.74998 9 5.7
    endloop
  endfacet
  facet normal 0.997859 0.0654027 0
    outer loop
      vertex 5.76709 8.73895 6.3
      vertex 5.74998 9 5.7
      vertex 5.74998 9 6.3
    endloop
  endfacet
  facet normal 0.997859 0.0654027 0
    outer loop
      vertex 5.74998 9 5.7
      vertex 5.76709 8.73895 6.3
      vertex 5.76709 8.73895 5.7
    endloop
  endfacet
  facet normal 0.980784 0.195094 0
    outer loop
      vertex 5.81813 8.48236 6.3
      vertex 5.76709 8.73895 5.7
      vertex 5.76709 8.73895 6.3
    endloop
  endfacet
  facet normal 0.980784 0.195094 0
    outer loop
      vertex 5.76709 8.73895 5.7
      vertex 5.81813 8.48236 6.3
      vertex 5.81813 8.48236 5.7
    endloop
  endfacet
  facet normal 0.946934 0.321429 0
    outer loop
      vertex 5.90222 8.23463 6.3
      vertex 5.81813 8.48236 5.7
      vertex 5.81813 8.48236 6.3
    endloop
  endfacet
  facet normal 0.946934 0.321429 0
    outer loop
      vertex 5.81813 8.48236 5.7
      vertex 5.90222 8.23463 6.3
      vertex 5.90222 8.23463 5.7
    endloop
  endfacet
  facet normal 0.896868 0.442299 0
    outer loop
      vertex 6.01793 8 6.3
      vertex 5.90222 8.23463 5.7
      vertex 5.90222 8.23463 6.3
    endloop
  endfacet
  facet normal 0.896868 0.442299 0
    outer loop
      vertex 5.90222 8.23463 5.7
      vertex 6.01793 8 6.3
      vertex 6.01793 8 5.7
    endloop
  endfacet
  facet normal 0.831468 0.555573 0
    outer loop
      vertex 6.16328 7.78247 6.3
      vertex 6.01793 8 5.7
      vertex 6.01793 8 6.3
    endloop
  endfacet
  facet normal 0.831468 0.555573 0
    outer loop
      vertex 6.01793 8 5.7
      vertex 6.16328 7.78247 6.3
      vertex 6.16328 7.78247 5.7
    endloop
  endfacet
  facet normal 0.751845 0.65934 0
    outer loop
      vertex 6.33577 7.58578 6.3
      vertex 6.16328 7.78247 5.7
      vertex 6.16328 7.78247 6.3
    endloop
  endfacet
  facet normal 0.751845 0.65934 0
    outer loop
      vertex 6.16328 7.78247 5.7
      vertex 6.33577 7.58578 6.3
      vertex 6.33577 7.58578 5.7
    endloop
  endfacet
  facet normal 0.659319 0.751863 -0
    outer loop
      vertex 6.53246 7.4133 5.7
      vertex 6.33577 7.58578 6.3
      vertex 6.53246 7.4133 6.3
    endloop
  endfacet
  facet normal 0.659319 0.751863 0
    outer loop
      vertex 6.33577 7.58578 6.3
      vertex 6.53246 7.4133 5.7
      vertex 6.33577 7.58578 5.7
    endloop
  endfacet
  facet normal 0.555617 0.831438 -0
    outer loop
      vertex 6.74998 7.26794 5.7
      vertex 6.53246 7.4133 6.3
      vertex 6.74998 7.26794 6.3
    endloop
  endfacet
  facet normal 0.555617 0.831438 0
    outer loop
      vertex 6.53246 7.4133 6.3
      vertex 6.74998 7.26794 5.7
      vertex 6.53246 7.4133 5.7
    endloop
  endfacet
  facet normal 0.442253 0.89689 -0
    outer loop
      vertex 6.98462 7.15224 5.7
      vertex 6.74998 7.26794 6.3
      vertex 6.98462 7.15224 6.3
    endloop
  endfacet
  facet normal 0.442253 0.89689 0
    outer loop
      vertex 6.74998 7.26794 6.3
      vertex 6.98462 7.15224 5.7
      vertex 6.74998 7.26794 5.7
    endloop
  endfacet
  facet normal 0.321429 0.946934 -0
    outer loop
      vertex 7.23235 7.06815 5.7
      vertex 6.98462 7.15224 6.3
      vertex 7.23235 7.06815 6.3
    endloop
  endfacet
  facet normal 0.321429 0.946934 0
    outer loop
      vertex 6.98462 7.15224 6.3
      vertex 7.23235 7.06815 5.7
      vertex 6.98462 7.15224 5.7
    endloop
  endfacet
  facet normal 0.195094 0.980784 -0
    outer loop
      vertex 7.48894 7.01711 5.7
      vertex 7.23235 7.06815 6.3
      vertex 7.48894 7.01711 6.3
    endloop
  endfacet
  facet normal 0.195094 0.980784 0
    outer loop
      vertex 7.23235 7.06815 6.3
      vertex 7.48894 7.01711 5.7
      vertex 7.23235 7.06815 5.7
    endloop
  endfacet
  facet normal 0.0654052 0.997859 -0
    outer loop
      vertex 7.74998 7 5.7
      vertex 7.48894 7.01711 6.3
      vertex 7.74998 7 6.3
    endloop
  endfacet
  facet normal 0.0654052 0.997859 0
    outer loop
      vertex 7.48894 7.01711 6.3
      vertex 7.74998 7 5.7
      vertex 7.48894 7.01711 5.7
    endloop
  endfacet
  facet normal 0 1 -0
    outer loop
      vertex 156.75 7 5.7
      vertex 7.74998 7 6.3
      vertex 156.75 7 6.3
    endloop
  endfacet
  facet normal 0 1 0
    outer loop
      vertex 7.74998 7 6.3
      vertex 156.75 7 5.7
      vertex 7.74998 7 5.7
    endloop
  endfacet
  facet normal -0.0654151 0.997858 0
    outer loop
      vertex 157.011 7.01711 5.7
      vertex 156.75 7 6.3
      vertex 157.011 7.01711 6.3
    endloop
  endfacet
  facet normal -0.0654151 0.997858 0
    outer loop
      vertex 156.75 7 6.3
      vertex 157.011 7.01711 5.7
      vertex 156.75 7 5.7
    endloop
  endfacet
  facet normal -0.0653646 -0.997861 0
    outer loop
      vertex 8.68895 8.2171 5.7
      vertex 8.95 8.2 6.3
      vertex 8.68895 8.2171 6.3
    endloop
  endfacet
  facet normal -0.0653646 -0.997861 -0
    outer loop
      vertex 8.95 8.2 6.3
      vertex 8.68895 8.2171 5.7
      vertex 8.95 8.2 5.7
    endloop
  endfacet
  facet normal -0.195094 -0.980784 0
    outer loop
      vertex 8.43236 8.26814 5.7
      vertex 8.68895 8.2171 6.3
      vertex 8.43236 8.26814 6.3
    endloop
  endfacet
  facet normal -0.195094 -0.980784 -0
    outer loop
      vertex 8.68895 8.2171 6.3
      vertex 8.43236 8.26814 5.7
      vertex 8.68895 8.2171 5.7
    endloop
  endfacet
  facet normal -0.321429 -0.946934 0
    outer loop
      vertex 8.18463 8.35223 5.7
      vertex 8.43236 8.26814 6.3
      vertex 8.18463 8.35223 6.3
    endloop
  endfacet
  facet normal -0.321429 -0.946934 -0
    outer loop
      vertex 8.43236 8.26814 6.3
      vertex 8.18463 8.35223 5.7
      vertex 8.43236 8.26814 5.7
    endloop
  endfacet
  facet normal -0.442299 -0.896868 0
    outer loop
      vertex 7.95 8.46794 5.7
      vertex 8.18463 8.35223 6.3
      vertex 7.95 8.46794 6.3
    endloop
  endfacet
  facet normal -0.442299 -0.896868 -0
    outer loop
      vertex 8.18463 8.35223 6.3
      vertex 7.95 8.46794 5.7
      vertex 8.18463 8.35223 5.7
    endloop
  endfacet
  facet normal -0.5556 -0.83145 0
    outer loop
      vertex 7.73247 8.6133 5.7
      vertex 7.95 8.46794 6.3
      vertex 7.73247 8.6133 6.3
    endloop
  endfacet
  facet normal -0.5556 -0.83145 -0
    outer loop
      vertex 7.95 8.46794 6.3
      vertex 7.73247 8.6133 5.7
      vertex 7.95 8.46794 5.7
    endloop
  endfacet
  facet normal -0.659319 -0.751863 0
    outer loop
      vertex 7.53578 8.78578 5.7
      vertex 7.73247 8.6133 6.3
      vertex 7.53578 8.78578 6.3
    endloop
  endfacet
  facet normal -0.659319 -0.751863 -0
    outer loop
      vertex 7.73247 8.6133 6.3
      vertex 7.53578 8.78578 5.7
      vertex 7.73247 8.6133 5.7
    endloop
  endfacet
  facet normal -0.751863 -0.659319 0
    outer loop
      vertex 7.53578 8.78578 5.7
      vertex 7.3633 8.98247 6.3
      vertex 7.3633 8.98247 5.7
    endloop
  endfacet
  facet normal -0.751863 -0.659319 0
    outer loop
      vertex 7.3633 8.98247 6.3
      vertex 7.53578 8.78578 5.7
      vertex 7.53578 8.78578 6.3
    endloop
  endfacet
  facet normal -0.83145 -0.5556 0
    outer loop
      vertex 7.3633 8.98247 5.7
      vertex 7.21794 9.2 6.3
      vertex 7.21794 9.2 5.7
    endloop
  endfacet
  facet normal -0.83145 -0.5556 0
    outer loop
      vertex 7.21794 9.2 6.3
      vertex 7.3633 8.98247 5.7
      vertex 7.3633 8.98247 6.3
    endloop
  endfacet
  facet normal -0.896868 -0.442299 0
    outer loop
      vertex 7.21794 9.2 5.7
      vertex 7.10223 9.43463 6.3
      vertex 7.10223 9.43463 5.7
    endloop
  endfacet
  facet normal -0.896868 -0.442299 0
    outer loop
      vertex 7.10223 9.43463 6.3
      vertex 7.21794 9.2 5.7
      vertex 7.21794 9.2 6.3
    endloop
  endfacet
  facet normal -0.946934 -0.321429 0
    outer loop
      vertex 7.10223 9.43463 5.7
      vertex 7.01814 9.68236 6.3
      vertex 7.01814 9.68236 5.7
    endloop
  endfacet
  facet normal -0.946934 -0.321429 0
    outer loop
      vertex 7.01814 9.68236 6.3
      vertex 7.10223 9.43463 5.7
      vertex 7.10223 9.43463 6.3
    endloop
  endfacet
  facet normal -0.980784 -0.195094 0
    outer loop
      vertex 7.01814 9.68236 5.7
      vertex 6.9671 9.93895 6.3
      vertex 6.9671 9.93895 5.7
    endloop
  endfacet
  facet normal -0.980784 -0.195094 0
    outer loop
      vertex 6.9671 9.93895 6.3
      vertex 7.01814 9.68236 5.7
      vertex 7.01814 9.68236 6.3
    endloop
  endfacet
  facet normal -0.997861 -0.0653646 0
    outer loop
      vertex 6.9671 9.93895 5.7
      vertex 6.95 10.2 6.3
      vertex 6.95 10.2 5.7
    endloop
  endfacet
  facet normal -0.997861 -0.0653646 0
    outer loop
      vertex 6.95 10.2 6.3
      vertex 6.9671 9.93895 5.7
      vertex 6.9671 9.93895 6.3
    endloop
  endfacet
  facet normal -1 0 0
    outer loop
      vertex 6.95 10.2 5.7
      vertex 6.95 90.8 6.3
      vertex 6.95 90.8 5.7
    endloop
  endfacet
  facet normal -1 -0 0
    outer loop
      vertex 6.95 90.8 6.3
      vertex 6.95 10.2 5.7
      vertex 6.95 10.2 6.3
    endloop
  endfacet
  facet normal -0.997861 0.0653771 0
    outer loop
      vertex 6.95 90.8 5.7
      vertex 6.9671 91.061 6.3
      vertex 6.9671 91.061 5.7
    endloop
  endfacet
  facet normal -0.997861 0.0653771 0
    outer loop
      vertex 6.9671 91.061 6.3
      vertex 6.95 90.8 5.7
      vertex 6.95 90.8 6.3
    endloop
  endfacet
  facet normal -0.980786 0.195087 0
    outer loop
      vertex 6.9671 91.061 5.7
      vertex 7.01814 91.3176 6.3
      vertex 7.01814 91.3176 5.7
    endloop
  endfacet
  facet normal -0.980786 0.195087 0
    outer loop
      vertex 7.01814 91.3176 6.3
      vertex 6.9671 91.061 5.7
      vertex 6.9671 91.061 6.3
    endloop
  endfacet
  facet normal -0.946961 0.321348 0
    outer loop
      vertex 7.01814 91.3176 5.7
      vertex 7.10223 91.5654 6.3
      vertex 7.10223 91.5654 5.7
    endloop
  endfacet
  facet normal -0.946961 0.321348 0
    outer loop
      vertex 7.10223 91.5654 6.3
      vertex 7.01814 91.3176 5.7
      vertex 7.01814 91.3176 6.3
    endloop
  endfacet
  facet normal -0.896845 0.442344 0
    outer loop
      vertex 7.10223 91.5654 5.7
      vertex 7.21794 91.8 6.3
      vertex 7.21794 91.8 5.7
    endloop
  endfacet
  facet normal -0.896845 0.442344 0
    outer loop
      vertex 7.21794 91.8 6.3
      vertex 7.10223 91.5654 5.7
      vertex 7.10223 91.5654 6.3
    endloop
  endfacet
  facet normal -0.831415 0.555653 0
    outer loop
      vertex 7.21794 91.8 5.7
      vertex 7.3633 92.0175 6.3
      vertex 7.3633 92.0175 5.7
    endloop
  endfacet
  facet normal -0.831415 0.555653 0
    outer loop
      vertex 7.3633 92.0175 6.3
      vertex 7.21794 91.8 5.7
      vertex 7.21794 91.8 6.3
    endloop
  endfacet
  facet normal -0.75188 0.6593 0
    outer loop
      vertex 7.3633 92.0175 5.7
      vertex 7.53578 92.2142 6.3
      vertex 7.53578 92.2142 5.7
    endloop
  endfacet
  facet normal -0.75188 0.6593 0
    outer loop
      vertex 7.53578 92.2142 6.3
      vertex 7.3633 92.0175 5.7
      vertex 7.3633 92.0175 6.3
    endloop
  endfacet
  facet normal -0.659362 0.751826 0
    outer loop
      vertex 7.73247 92.3867 5.7
      vertex 7.53578 92.2142 6.3
      vertex 7.73247 92.3867 6.3
    endloop
  endfacet
  facet normal -0.659362 0.751826 0
    outer loop
      vertex 7.53578 92.2142 6.3
      vertex 7.73247 92.3867 5.7
      vertex 7.53578 92.2142 5.7
    endloop
  endfacet
  facet normal -0.555441 0.831556 0
    outer loop
      vertex 7.95 92.532 5.7
      vertex 7.73247 92.3867 6.3
      vertex 7.95 92.532 6.3
    endloop
  endfacet
  facet normal -0.555441 0.831556 0
    outer loop
      vertex 7.73247 92.3867 6.3
      vertex 7.95 92.532 5.7
      vertex 7.73247 92.3867 5.7
    endloop
  endfacet
  facet normal -0.442575 0.896731 0
    outer loop
      vertex 8.18463 92.6478 5.7
      vertex 7.95 92.532 6.3
      vertex 8.18463 92.6478 6.3
    endloop
  endfacet
  facet normal -0.442575 0.896731 0
    outer loop
      vertex 7.95 92.532 6.3
      vertex 8.18463 92.6478 5.7
      vertex 7.95 92.532 5.7
    endloop
  endfacet
  facet normal -0.321121 0.947038 0
    outer loop
      vertex 8.43236 92.7318 5.7
      vertex 8.18463 92.6478 6.3
      vertex 8.43236 92.7318 6.3
    endloop
  endfacet
  facet normal -0.321121 0.947038 0
    outer loop
      vertex 8.18463 92.6478 6.3
      vertex 8.43236 92.7318 5.7
      vertex 8.18463 92.6478 5.7
    endloop
  endfacet
  facet normal -0.195315 0.980741 0
    outer loop
      vertex 8.68895 92.7829 5.7
      vertex 8.43236 92.7318 6.3
      vertex 8.68895 92.7829 6.3
    endloop
  endfacet
  facet normal -0.195315 0.980741 0
    outer loop
      vertex 8.43236 92.7318 6.3
      vertex 8.68895 92.7829 5.7
      vertex 8.43236 92.7318 5.7
    endloop
  endfacet
  facet normal -0.0653646 0.997861 0
    outer loop
      vertex 8.95 92.8 5.7
      vertex 8.68895 92.7829 6.3
      vertex 8.95 92.8 6.3
    endloop
  endfacet
  facet normal -0.0653646 0.997861 0
    outer loop
      vertex 8.68895 92.7829 6.3
      vertex 8.95 92.8 5.7
      vertex 8.68895 92.7829 5.7
    endloop
  endfacet
  facet normal 0 1 -0
    outer loop
      vertex 155.55 92.8 5.7
      vertex 8.95 92.8 6.3
      vertex 155.55 92.8 6.3
    endloop
  endfacet
  facet normal 0 1 0
    outer loop
      vertex 8.95 92.8 6.3
      vertex 155.55 92.8 5.7
      vertex 8.95 92.8 5.7
    endloop
  endfacet
  facet normal 0.0653771 0.997861 -0
    outer loop
      vertex 155.811 92.7829 5.7
      vertex 155.55 92.8 6.3
      vertex 155.811 92.7829 6.3
    endloop
  endfacet
  facet normal 0.0653771 0.997861 0
    outer loop
      vertex 155.55 92.8 6.3
      vertex 155.811 92.7829 5.7
      vertex 155.55 92.8 5.7
    endloop
  endfacet
  facet normal 0.195015 0.9808 -0
    outer loop
      vertex 156.068 92.7318 5.7
      vertex 155.811 92.7829 6.3
      vertex 156.068 92.7318 6.3
    endloop
  endfacet
  facet normal 0.195015 0.9808 0
    outer loop
      vertex 155.811 92.7829 6.3
      vertex 156.068 92.7318 5.7
      vertex 155.811 92.7829 5.7
    endloop
  endfacet
  facet normal 0.321971 0.946749 -0
    outer loop
      vertex 156.315 92.6478 5.7
      vertex 156.068 92.7318 6.3
      vertex 156.315 92.6478 6.3
    endloop
  endfacet
  facet normal 0.321971 0.946749 0
    outer loop
      vertex 156.068 92.7318 6.3
      vertex 156.315 92.6478 5.7
      vertex 156.068 92.7318 5.7
    endloop
  endfacet
  facet normal 0.442015 0.897008 -0
    outer loop
      vertex 156.55 92.532 5.7
      vertex 156.315 92.6478 6.3
      vertex 156.55 92.532 6.3
    endloop
  endfacet
  facet normal 0.442015 0.897008 0
    outer loop
      vertex 156.315 92.6478 6.3
      vertex 156.55 92.532 5.7
      vertex 156.315 92.6478 5.7
    endloop
  endfacet
  facet normal 0.554612 0.832109 -0
    outer loop
      vertex 156.768 92.3867 5.7
      vertex 156.55 92.532 6.3
      vertex 156.768 92.3867 6.3
    endloop
  endfacet
  facet normal 0.554612 0.832109 0
    outer loop
      vertex 156.55 92.532 6.3
      vertex 156.768 92.3867 5.7
      vertex 156.55 92.532 5.7
    endloop
  endfacet
  facet normal 0.660671 0.750676 -0
    outer loop
      vertex 156.964 92.2142 5.7
      vertex 156.768 92.3867 6.3
      vertex 156.964 92.2142 6.3
    endloop
  endfacet
  facet normal 0.660671 0.750676 0
    outer loop
      vertex 156.768 92.3867 6.3
      vertex 156.964 92.2142 5.7
      vertex 156.768 92.3867 5.7
    endloop
  endfacet
  facet normal 0.750895 0.660421 0
    outer loop
      vertex 157.137 92.0175 6.3
      vertex 156.964 92.2142 5.7
      vertex 156.964 92.2142 6.3
    endloop
  endfacet
  facet normal 0.750895 0.660421 0
    outer loop
      vertex 156.964 92.2142 5.7
      vertex 157.137 92.0175 6.3
      vertex 157.137 92.0175 5.7
    endloop
  endfacet
  facet normal 0.83205 0.5547 0
    outer loop
      vertex 157.282 91.8 6.3
      vertex 157.137 92.0175 5.7
      vertex 157.137 92.0175 6.3
    endloop
  endfacet
  facet normal 0.83205 0.5547 0
    outer loop
      vertex 157.137 92.0175 5.7
      vertex 157.282 91.8 6.3
      vertex 157.282 91.8 5.7
    endloop
  endfacet
  facet normal 0.896405 0.443235 0
    outer loop
      vertex 157.398 91.5654 6.3
      vertex 157.282 91.8 5.7
      vertex 157.282 91.8 6.3
    endloop
  endfacet
  facet normal 0.896405 0.443235 0
    outer loop
      vertex 157.282 91.8 5.7
      vertex 157.398 91.5654 6.3
      vertex 157.398 91.5654 5.7
    endloop
  endfacet
  facet normal 0.947066 0.321039 0
    outer loop
      vertex 157.482 91.3176 6.3
      vertex 157.398 91.5654 5.7
      vertex 157.398 91.5654 6.3
    endloop
  endfacet
  facet normal 0.947066 0.321039 0
    outer loop
      vertex 157.398 91.5654 5.7
      vertex 157.482 91.3176 6.3
      vertex 157.482 91.3176 5.7
    endloop
  endfacet
  facet normal 0.980815 0.19494 0
    outer loop
      vertex 157.533 91.061 6.3
      vertex 157.482 91.3176 5.7
      vertex 157.482 91.3176 6.3
    endloop
  endfacet
  facet normal 0.980815 0.19494 0
    outer loop
      vertex 157.482 91.3176 5.7
      vertex 157.533 91.061 6.3
      vertex 157.533 91.061 5.7
    endloop
  endfacet
  facet normal 0.997886 0.0649964 0
    outer loop
      vertex 157.55 90.8 6.3
      vertex 157.533 91.061 5.7
      vertex 157.533 91.061 6.3
    endloop
  endfacet
  facet normal 0.997886 0.0649964 0
    outer loop
      vertex 157.533 91.061 5.7
      vertex 157.55 90.8 6.3
      vertex 157.55 90.8 5.7
    endloop
  endfacet
  facet normal 1 -0 0
    outer loop
      vertex 157.55 10.2 6.3
      vertex 157.55 90.8 5.7
      vertex 157.55 90.8 6.3
    endloop
  endfacet
  facet normal 1 0 0
    outer loop
      vertex 157.55 90.8 5.7
      vertex 157.55 10.2 6.3
      vertex 157.55 10.2 5.7
    endloop
  endfacet
  facet normal 0.997886 -0.064984 0
    outer loop
      vertex 157.533 9.93895 6.3
      vertex 157.55 10.2 5.7
      vertex 157.55 10.2 6.3
    endloop
  endfacet
  facet normal 0.997886 -0.064984 0
    outer loop
      vertex 157.55 10.2 5.7
      vertex 157.533 9.93895 6.3
      vertex 157.533 9.93895 5.7
    endloop
  endfacet
  facet normal 0.980814 -0.194947 0
    outer loop
      vertex 157.482 9.68236 6.3
      vertex 157.533 9.93895 5.7
      vertex 157.533 9.93895 6.3
    endloop
  endfacet
  facet normal 0.980814 -0.194947 0
    outer loop
      vertex 157.533 9.93895 5.7
      vertex 157.482 9.68236 6.3
      vertex 157.482 9.68236 5.7
    endloop
  endfacet
  facet normal 0.947038 -0.321121 0
    outer loop
      vertex 157.398 9.43463 6.3
      vertex 157.482 9.68236 5.7
      vertex 157.482 9.68236 6.3
    endloop
  endfacet
  facet normal 0.947038 -0.321121 0
    outer loop
      vertex 157.482 9.68236 5.7
      vertex 157.398 9.43463 6.3
      vertex 157.398 9.43463 5.7
    endloop
  endfacet
  facet normal 0.896428 -0.44319 0
    outer loop
      vertex 157.282 9.2 6.3
      vertex 157.398 9.43463 5.7
      vertex 157.398 9.43463 6.3
    endloop
  endfacet
  facet normal 0.896428 -0.44319 0
    outer loop
      vertex 157.398 9.43463 5.7
      vertex 157.282 9.2 6.3
      vertex 157.282 9.2 5.7
    endloop
  endfacet
  facet normal 0.832086 -0.554647 0
    outer loop
      vertex 157.137 8.98247 6.3
      vertex 157.282 9.2 5.7
      vertex 157.282 9.2 6.3
    endloop
  endfacet
  facet normal 0.832086 -0.554647 0
    outer loop
      vertex 157.282 9.2 5.7
      vertex 157.137 8.98247 6.3
      vertex 157.137 8.98247 5.7
    endloop
  endfacet
  facet normal 0.750879 -0.66044 0
    outer loop
      vertex 156.964 8.78578 6.3
      vertex 157.137 8.98247 5.7
      vertex 157.137 8.98247 6.3
    endloop
  endfacet
  facet normal 0.750879 -0.66044 0
    outer loop
      vertex 157.137 8.98247 5.7
      vertex 156.964 8.78578 6.3
      vertex 156.964 8.78578 5.7
    endloop
  endfacet
  facet normal 0.660628 -0.750714 0
    outer loop
      vertex 156.768 8.6133 5.7
      vertex 156.964 8.78578 6.3
      vertex 156.768 8.6133 6.3
    endloop
  endfacet
  facet normal 0.660628 -0.750714 0
    outer loop
      vertex 156.964 8.78578 6.3
      vertex 156.768 8.6133 5.7
      vertex 156.964 8.78578 5.7
    endloop
  endfacet
  facet normal 0.554771 -0.832003 0
    outer loop
      vertex 156.55 8.46794 5.7
      vertex 156.768 8.6133 6.3
      vertex 156.55 8.46794 6.3
    endloop
  endfacet
  facet normal 0.554771 -0.832003 0
    outer loop
      vertex 156.768 8.6133 6.3
      vertex 156.55 8.46794 5.7
      vertex 156.768 8.6133 5.7
    endloop
  endfacet
  facet normal 0.441738 -0.897144 0
    outer loop
      vertex 156.315 8.35223 5.7
      vertex 156.55 8.46794 6.3
      vertex 156.315 8.35223 6.3
    endloop
  endfacet
  facet normal 0.441738 -0.897144 0
    outer loop
      vertex 156.55 8.46794 6.3
      vertex 156.315 8.35223 5.7
      vertex 156.55 8.46794 5.7
    endloop
  endfacet
  facet normal 0.322281 -0.946644 0
    outer loop
      vertex 156.068 8.26814 5.7
      vertex 156.315 8.35223 6.3
      vertex 156.068 8.26814 6.3
    endloop
  endfacet
  facet normal 0.322281 -0.946644 0
    outer loop
      vertex 156.315 8.35223 6.3
      vertex 156.068 8.26814 5.7
      vertex 156.315 8.35223 5.7
    endloop
  endfacet
  facet normal 0.194795 -0.980844 0
    outer loop
      vertex 155.811 8.2171 5.7
      vertex 156.068 8.26814 6.3
      vertex 155.811 8.2171 6.3
    endloop
  endfacet
  facet normal 0.194795 -0.980844 0
    outer loop
      vertex 156.068 8.26814 6.3
      vertex 155.811 8.2171 5.7
      vertex 156.068 8.26814 5.7
    endloop
  endfacet
  facet normal 0.0653771 -0.997861 0
    outer loop
      vertex 155.55 8.2 5.7
      vertex 155.811 8.2171 6.3
      vertex 155.55 8.2 6.3
    endloop
  endfacet
  facet normal 0.0653771 -0.997861 0
    outer loop
      vertex 155.811 8.2171 6.3
      vertex 155.55 8.2 5.7
      vertex 155.811 8.2171 5.7
    endloop
  endfacet
  facet normal 0 -1 0
    outer loop
      vertex 8.95 8.2 5.7
      vertex 155.55 8.2 6.3
      vertex 8.95 8.2 6.3
    endloop
  endfacet
  facet normal 0 -1 -0
    outer loop
      vertex 155.55 8.2 6.3
      vertex 8.95 8.2 5.7
      vertex 155.55 8.2 5.7
    endloop
  endfacet
  facet normal -1 0 0
    outer loop
      vertex 110.45 98 5.72205e-07
      vertex 110.45 94 5.7
      vertex 110.45 98 6.3
    endloop
  endfacet
  facet normal -1 0 0
    outer loop
      vertex 110.45 93.9 5.72205e-07
      vertex 110.45 94 5.7
      vertex 110.45 98 5.72205e-07
    endloop
  endfacet
  facet normal -1 -0 0
    outer loop
      vertex 110.45 94 5.7
      vertex 110.45 93.9 5.72205e-07
      vertex 110.45 93.9 5.7
    endloop
  endfacet
  facet normal -1 -0 0
    outer loop
      vertex 110.45 98 6.3
      vertex 110.45 94 5.7
      vertex 110.45 94 6.3
    endloop
  endfacet
  facet normal 1 0 0
    outer loop
      vertex 102.45 94 5.7
      vertex 102.45 98 6.3
      vertex 102.45 94 6.3
    endloop
  endfacet
  facet normal 1 0 0
    outer loop
      vertex 102.45 98 6.3
      vertex 102.45 94 5.7
      vertex 102.45 98 5.72205e-07
    endloop
  endfacet
  facet normal 1 0 0
    outer loop
      vertex 102.45 93.9 5.72205e-07
      vertex 102.45 94 5.7
      vertex 102.45 93.9 5.7
    endloop
  endfacet
  facet normal 1 0 0
    outer loop
      vertex 102.45 94 5.7
      vertex 102.45 93.9 5.72205e-07
      vertex 102.45 98 5.72205e-07
    endloop
  endfacet
  facet normal 0 1 -0
    outer loop
      vertex 110.45 93.9 5.72205e-07
      vertex 102.45 93.9 5.7
      vertex 110.45 93.9 5.7
    endloop
  endfacet
  facet normal 0 1 0
    outer loop
      vertex 102.45 93.9 5.7
      vertex 110.45 93.9 5.72205e-07
      vertex 102.45 93.9 5.72205e-07
    endloop
  endfacet
endsolid OpenSCAD_Model
