solid OpenSCAD_Model
  facet normal 1 0 0
    outer loop
      vertex 164.5 98 4
      vertex 164.5 78.9 3.99
      vertex 164.5 98 3.99
    endloop
  endfacet
  facet normal 1 -0 0
    outer loop
      vertex 164.5 76 4
      vertex 164.5 78.9 3.99
      vertex 164.5 98 4
    endloop
  endfacet
  facet normal 1 -0 0
    outer loop
      vertex 164.5 64 4
      vertex 164.5 78.9 3.99
      vertex 164.5 76 4
    endloop
  endfacet
  facet normal 1 -0 0
    outer loop
      vertex 164.5 28 4
      vertex 164.5 78.9 3.99
      vertex 164.5 64 4
    endloop
  endfacet
  facet normal 1 -0 0
    outer loop
      vertex 164.5 16 4
      vertex 164.5 78.9 3.99
      vertex 164.5 28 4
    endloop
  endfacet
  facet normal 1 0 0
    outer loop
      vertex 164.5 0 3.99
      vertex 164.5 16 4
      vertex 164.5 0 4
    endloop
  endfacet
  facet normal 1 0 0
    outer loop
      vertex 164.5 16 4
      vertex 164.5 0 3.99
      vertex 164.5 78.9 3.99
    endloop
  endfacet
  facet normal -1 0 0
    outer loop
      vertex 0 78.9 3.99
      vertex 0 98 4
      vertex 0 98 3.99
    endloop
  endfacet
  facet normal -1 0 0
    outer loop
      vertex 0 78.9 3.99
      vertex 0 76 4
      vertex 0 98 4
    endloop
  endfacet
  facet normal -1 0 0
    outer loop
      vertex 0 78.9 3.99
      vertex 0 64 4
      vertex 0 76 4
    endloop
  endfacet
  facet normal -1 0 0
    outer loop
      vertex 0 78.9 3.99
      vertex 0 28 4
      vertex 0 64 4
    endloop
  endfacet
  facet normal -1 0 0
    outer loop
      vertex 0 78.9 3.99
      vertex 0 16 4
      vertex 0 28 4
    endloop
  endfacet
  facet normal -1 0 0
    outer loop
      vertex 0 0 3.99
      vertex 0 16 4
      vertex 0 78.9 3.99
    endloop
  endfacet
  facet normal -1 -0 0
    outer loop
      vertex 0 16 4
      vertex 0 0 3.99
      vertex 0 0 4
    endloop
  endfacet
  facet normal -0.996912 0 -0.0785292
    outer loop
      vertex 0.314302 97.8364 0
      vertex 0 78.9 3.99
      vertex 0 98 3.99
    endloop
  endfacet
  facet normal -0.996912 0 -0.0785292
    outer loop
      vertex 0 78.9 3.99
      vertex 0.314302 97.8364 0
      vertex 0.314302 78.7822 0
    endloop
  endfacet
  facet normal 0 0 -1
    outer loop
      vertex 169.5 16 4
      vertex 170.5 17 4
      vertex 170.491 16.8695 4
    endloop
  endfacet
  facet normal 0 0 -1
    outer loop
      vertex 170.5 17 4
      vertex 168.4 22 4
      vertex 170.5 27 4
    endloop
  endfacet
  facet normal 0 0 -1
    outer loop
      vertex 169.5 16 4
      vertex 170.491 16.8695 4
      vertex 170.466 16.7412 4
    endloop
  endfacet
  facet normal 0 0 -1
    outer loop
      vertex 168.391 22.1436 4
      vertex 170.5 27 4
      vertex 168.4 22 4
    endloop
  endfacet
  facet normal 0 0 -1
    outer loop
      vertex 169.5 16 4
      vertex 170.466 16.7412 4
      vertex 170.424 16.6173 4
    endloop
  endfacet
  facet normal 0 0 -1
    outer loop
      vertex 168.363 22.2847 4
      vertex 170.5 27 4
      vertex 168.391 22.1436 4
    endloop
  endfacet
  facet normal 0 0 -1
    outer loop
      vertex 169.5 16 4
      vertex 170.424 16.6173 4
      vertex 170.366 16.5 4
    endloop
  endfacet
  facet normal 0 0 -1
    outer loop
      vertex 168.316 22.421 4
      vertex 170.5 27 4
      vertex 168.363 22.2847 4
    endloop
  endfacet
  facet normal 0 0 -1
    outer loop
      vertex 169.5 16 4
      vertex 170.366 16.5 4
      vertex 170.293 16.3912 4
    endloop
  endfacet
  facet normal 0 0 -1
    outer loop
      vertex 168.253 22.55 4
      vertex 170.5 27 4
      vertex 168.316 22.421 4
    endloop
  endfacet
  facet normal 0 0 -1
    outer loop
      vertex 169.5 16 4
      vertex 170.293 16.3912 4
      vertex 170.207 16.2929 4
    endloop
  endfacet
  facet normal 0 0 -1
    outer loop
      vertex 168.173 22.6696 4
      vertex 170.5 27 4
      vertex 168.253 22.55 4
    endloop
  endfacet
  facet normal 0 0 -1
    outer loop
      vertex 169.5 16 4
      vertex 170.207 16.2929 4
      vertex 170.109 16.2066 4
    endloop
  endfacet
  facet normal 0 0 -1
    outer loop
      vertex 168.078 22.7778 4
      vertex 170.5 27 4
      vertex 168.173 22.6696 4
    endloop
  endfacet
  facet normal 0 0 -1
    outer loop
      vertex 169.5 16 4
      vertex 170.109 16.2066 4
      vertex 170 16.134 4
    endloop
  endfacet
  facet normal 0 0 -1
    outer loop
      vertex 167.97 22.8727 4
      vertex 170.5 27 4
      vertex 168.078 22.7778 4
    endloop
  endfacet
  facet normal 0 0 -1
    outer loop
      vertex 169.5 16 4
      vertex 170 16.134 4
      vertex 169.883 16.0761 4
    endloop
  endfacet
  facet normal 0 0 -1
    outer loop
      vertex 167.85 22.9526 4
      vertex 170.5 27 4
      vertex 167.97 22.8727 4
    endloop
  endfacet
  facet normal 0 0 -1
    outer loop
      vertex 169.5 16 4
      vertex 169.883 16.0761 4
      vertex 169.759 16.0341 4
    endloop
  endfacet
  facet normal 0 0 -1
    outer loop
      vertex 167.721 23.0163 4
      vertex 170.5 27 4
      vertex 167.85 22.9526 4
    endloop
  endfacet
  facet normal 0 0 -1
    outer loop
      vertex 169.5 16 4
      vertex 169.759 16.0341 4
      vertex 169.631 16.0086 4
    endloop
  endfacet
  facet normal 0 0 -1
    outer loop
      vertex 167.585 23.0625 4
      vertex 170.5 27 4
      vertex 167.721 23.0163 4
    endloop
  endfacet
  facet normal -0 0 -1
    outer loop
      vertex 170.5 17 4
      vertex 169.5 16 4
      vertex 167.585 20.9375 4
    endloop
  endfacet
  facet normal 0 -0 -1
    outer loop
      vertex 169.5 28 4
      vertex 170.5 27 4
      vertex 167.585 23.0625 4
    endloop
  endfacet
  facet normal 0 0 -1
    outer loop
      vertex 170.5 27 4
      vertex 169.5 28 4
      vertex 170.491 27.1305 4
    endloop
  endfacet
  facet normal 0 0 -1
    outer loop
      vertex 170.5 17 4
      vertex 168.391 21.8564 4
      vertex 168.4 22 4
    endloop
  endfacet
  facet normal 0 0 -1
    outer loop
      vertex 170.5 17 4
      vertex 168.363 21.7153 4
      vertex 168.391 21.8564 4
    endloop
  endfacet
  facet normal 0 0 -1
    outer loop
      vertex 170.5 17 4
      vertex 168.316 21.579 4
      vertex 168.363 21.7153 4
    endloop
  endfacet
  facet normal 0 0 -1
    outer loop
      vertex 170.5 17 4
      vertex 168.253 21.45 4
      vertex 168.316 21.579 4
    endloop
  endfacet
  facet normal 0 0 -1
    outer loop
      vertex 170.5 17 4
      vertex 168.173 21.3304 4
      vertex 168.253 21.45 4
    endloop
  endfacet
  facet normal 0 0 -1
    outer loop
      vertex 170.5 17 4
      vertex 168.078 21.2222 4
      vertex 168.173 21.3304 4
    endloop
  endfacet
  facet normal 0 0 -1
    outer loop
      vertex 170.5 17 4
      vertex 167.97 21.1273 4
      vertex 168.078 21.2222 4
    endloop
  endfacet
  facet normal 0 0 -1
    outer loop
      vertex 170.5 17 4
      vertex 167.85 21.0474 4
      vertex 167.97 21.1273 4
    endloop
  endfacet
  facet normal 0 0 -1
    outer loop
      vertex 170.5 17 4
      vertex 167.721 20.9837 4
      vertex 167.85 21.0474 4
    endloop
  endfacet
  facet normal 0 0 -1
    outer loop
      vertex 170.5 17 4
      vertex 167.585 20.9375 4
      vertex 167.721 20.9837 4
    endloop
  endfacet
  facet normal 0 0 -1
    outer loop
      vertex 169.5 16 4
      vertex 167.444 20.9094 4
      vertex 167.585 20.9375 4
    endloop
  endfacet
  facet normal 0 0 -1
    outer loop
      vertex 169.5 16 4
      vertex 167.3 20.9 4
      vertex 167.444 20.9094 4
    endloop
  endfacet
  facet normal 0 0 -1
    outer loop
      vertex 169.5 16 4
      vertex 167.156 20.9094 4
      vertex 167.3 20.9 4
    endloop
  endfacet
  facet normal 0 0 -1
    outer loop
      vertex 164.5 16 4
      vertex 167.156 20.9094 4
      vertex 169.5 16 4
    endloop
  endfacet
  facet normal -0 0 -1
    outer loop
      vertex 167.156 20.9094 4
      vertex 164.5 16 4
      vertex 167.015 20.9375 4
    endloop
  endfacet
  facet normal -0 0 -1
    outer loop
      vertex 167.015 20.9375 4
      vertex 164.5 16 4
      vertex 166.879 20.9837 4
    endloop
  endfacet
  facet normal -0 0 -1
    outer loop
      vertex 166.879 20.9837 4
      vertex 164.5 16 4
      vertex 166.75 21.0474 4
    endloop
  endfacet
  facet normal -0 0 -1
    outer loop
      vertex 166.75 21.0474 4
      vertex 164.5 16 4
      vertex 166.63 21.1273 4
    endloop
  endfacet
  facet normal -0 0 -1
    outer loop
      vertex 166.63 21.1273 4
      vertex 164.5 16 4
      vertex 166.522 21.2222 4
    endloop
  endfacet
  facet normal -0 0 -1
    outer loop
      vertex 166.522 21.2222 4
      vertex 164.5 16 4
      vertex 166.427 21.3304 4
    endloop
  endfacet
  facet normal -0 0 -1
    outer loop
      vertex 166.209 21.8564 4
      vertex 164.5 16 4
      vertex 166.2 22 4
    endloop
  endfacet
  facet normal -0 0 -1
    outer loop
      vertex 166.237 21.7153 4
      vertex 164.5 16 4
      vertex 166.209 21.8564 4
    endloop
  endfacet
  facet normal -0 0 -1
    outer loop
      vertex 166.284 21.579 4
      vertex 164.5 16 4
      vertex 166.237 21.7153 4
    endloop
  endfacet
  facet normal -0 0 -1
    outer loop
      vertex 166.347 21.45 4
      vertex 164.5 16 4
      vertex 166.284 21.579 4
    endloop
  endfacet
  facet normal -0 0 -1
    outer loop
      vertex 166.427 21.3304 4
      vertex 164.5 16 4
      vertex 166.347 21.45 4
    endloop
  endfacet
  facet normal 0 0 -1
    outer loop
      vertex 170.466 27.2588 4
      vertex 169.5 28 4
      vertex 170.424 27.3827 4
    endloop
  endfacet
  facet normal 0 0 -1
    outer loop
      vertex 170.424 27.3827 4
      vertex 169.5 28 4
      vertex 170.366 27.5 4
    endloop
  endfacet
  facet normal 0 0 -1
    outer loop
      vertex 170.366 27.5 4
      vertex 169.5 28 4
      vertex 170.293 27.6088 4
    endloop
  endfacet
  facet normal 0 0 -1
    outer loop
      vertex 170.207 27.7071 4
      vertex 169.5 28 4
      vertex 170.109 27.7934 4
    endloop
  endfacet
  facet normal 0 0 -1
    outer loop
      vertex 170.109 27.7934 4
      vertex 169.5 28 4
      vertex 170 27.866 4
    endloop
  endfacet
  facet normal 0 0 -1
    outer loop
      vertex 170 27.866 4
      vertex 169.5 28 4
      vertex 169.883 27.9239 4
    endloop
  endfacet
  facet normal 0 0 -1
    outer loop
      vertex 169.883 27.9239 4
      vertex 169.5 28 4
      vertex 169.759 27.9659 4
    endloop
  endfacet
  facet normal 0 0 -1
    outer loop
      vertex 169.759 27.9659 4
      vertex 169.5 28 4
      vertex 169.631 27.9914 4
    endloop
  endfacet
  facet normal 0 0 -1
    outer loop
      vertex 170.293 27.6088 4
      vertex 169.5 28 4
      vertex 170.207 27.7071 4
    endloop
  endfacet
  facet normal 0 0 -1
    outer loop
      vertex 170.491 27.1305 4
      vertex 169.5 28 4
      vertex 170.466 27.2588 4
    endloop
  endfacet
  facet normal 0 0 -1
    outer loop
      vertex 167.444 23.0906 4
      vertex 169.5 28 4
      vertex 167.585 23.0625 4
    endloop
  endfacet
  facet normal 0 0 -1
    outer loop
      vertex 167.3 23.1 4
      vertex 169.5 28 4
      vertex 167.444 23.0906 4
    endloop
  endfacet
  facet normal 0 0 -1
    outer loop
      vertex 167.156 23.0906 4
      vertex 169.5 28 4
      vertex 167.3 23.1 4
    endloop
  endfacet
  facet normal 0 0 -1
    outer loop
      vertex 164.5 28 4
      vertex 167.156 23.0906 4
      vertex 167.015 23.0625 4
    endloop
  endfacet
  facet normal 0 0 -1
    outer loop
      vertex 164.5 28 4
      vertex 167.015 23.0625 4
      vertex 166.879 23.0163 4
    endloop
  endfacet
  facet normal 0 0 -1
    outer loop
      vertex 164.5 28 4
      vertex 166.879 23.0163 4
      vertex 166.75 22.9526 4
    endloop
  endfacet
  facet normal 0 0 -1
    outer loop
      vertex 164.5 28 4
      vertex 166.75 22.9526 4
      vertex 166.63 22.8727 4
    endloop
  endfacet
  facet normal 0 0 -1
    outer loop
      vertex 164.5 28 4
      vertex 166.63 22.8727 4
      vertex 166.522 22.7778 4
    endloop
  endfacet
  facet normal 0 0 -1
    outer loop
      vertex 164.5 28 4
      vertex 166.522 22.7778 4
      vertex 166.427 22.6696 4
    endloop
  endfacet
  facet normal 0 0 -1
    outer loop
      vertex 164.5 28 4
      vertex 166.427 22.6696 4
      vertex 166.347 22.55 4
    endloop
  endfacet
  facet normal 0 0 -1
    outer loop
      vertex 164.5 28 4
      vertex 166.2 22 4
      vertex 164.5 16 4
    endloop
  endfacet
  facet normal 0 0 -1
    outer loop
      vertex 166.2 22 4
      vertex 164.5 28 4
      vertex 166.209 22.1436 4
    endloop
  endfacet
  facet normal 0 0 -1
    outer loop
      vertex 167.156 23.0906 4
      vertex 164.5 28 4
      vertex 169.5 28 4
    endloop
  endfacet
  facet normal 0 0 -1
    outer loop
      vertex 166.284 22.421 4
      vertex 164.5 28 4
      vertex 166.347 22.55 4
    endloop
  endfacet
  facet normal 0 0 -1
    outer loop
      vertex 166.237 22.2847 4
      vertex 164.5 28 4
      vertex 166.284 22.421 4
    endloop
  endfacet
  facet normal 0 0 -1
    outer loop
      vertex 166.209 22.1436 4
      vertex 164.5 28 4
      vertex 166.237 22.2847 4
    endloop
  endfacet
  facet normal -0 0 1
    outer loop
      vertex 0 64 4
      vertex 4.8 28 4
      vertex 4.8 64 4
    endloop
  endfacet
  facet normal 0 0 1
    outer loop
      vertex 4.8 28 4
      vertex 0 64 4
      vertex 0 28 4
    endloop
  endfacet
  facet normal -0 0 1
    outer loop
      vertex 158.15 6.86794 4
      vertex 158.3 5.3 4
      vertex 158.368 7.0133 4
    endloop
  endfacet
  facet normal -0 0 1
    outer loop
      vertex 157.915 6.75224 4
      vertex 158.3 5.3 4
      vertex 158.15 6.86794 4
    endloop
  endfacet
  facet normal -0 0 1
    outer loop
      vertex 157.668 6.66815 4
      vertex 158.3 5.3 4
      vertex 157.915 6.75224 4
    endloop
  endfacet
  facet normal -0 0 1
    outer loop
      vertex 157.411 6.6171 4
      vertex 158.3 5.3 4
      vertex 157.668 6.66815 4
    endloop
  endfacet
  facet normal -0 0 1
    outer loop
      vertex 157.15 6.6 4
      vertex 158.3 5.3 4
      vertex 157.411 6.6171 4
    endloop
  endfacet
  facet normal 0 0 1
    outer loop
      vertex 157.15 6.6 4
      vertex 142.7 5.3 4
      vertex 158.3 5.3 4
    endloop
  endfacet
  facet normal 0 0 1
    outer loop
      vertex 133.235 3.17811 4
      vertex 142.7 5.3 4
      vertex 133.25 3.4 4
    endloop
  endfacet
  facet normal 0 0 1
    outer loop
      vertex 142.7 5.3 4
      vertex 133.235 3.62189 4
      vertex 133.25 3.4 4
    endloop
  endfacet
  facet normal 0 0 1
    outer loop
      vertex 142.7 5.3 4
      vertex 133.192 3.83999 4
      vertex 133.235 3.62189 4
    endloop
  endfacet
  facet normal 0 0 1
    outer loop
      vertex 142.7 5.3 4
      vertex 133.121 4.05056 4
      vertex 133.192 3.83999 4
    endloop
  endfacet
  facet normal 0 0 1
    outer loop
      vertex 142.7 5.3 4
      vertex 133.022 4.25 4
      vertex 133.121 4.05056 4
    endloop
  endfacet
  facet normal 0 0 1
    outer loop
      vertex 142.7 5.3 4
      vertex 132.899 4.43489 4
      vertex 133.022 4.25 4
    endloop
  endfacet
  facet normal 0 0 1
    outer loop
      vertex 131.55 5.1 4
      vertex 142.7 5.3 4
      vertex 157.15 6.6 4
    endloop
  endfacet
  facet normal 0 0 1
    outer loop
      vertex 142.7 5.3 4
      vertex 132.752 4.60208 4
      vertex 132.899 4.43489 4
    endloop
  endfacet
  facet normal 0 0 1
    outer loop
      vertex 142.7 5.3 4
      vertex 132.585 4.7487 4
      vertex 132.752 4.60208 4
    endloop
  endfacet
  facet normal 0 0 1
    outer loop
      vertex 142.7 5.3 4
      vertex 132.4 4.87224 4
      vertex 132.585 4.7487 4
    endloop
  endfacet
  facet normal 0 0 1
    outer loop
      vertex 142.7 5.3 4
      vertex 132.201 4.97059 4
      vertex 132.4 4.87224 4
    endloop
  endfacet
  facet normal 0 0 1
    outer loop
      vertex 142.7 5.3 4
      vertex 131.99 5.04207 4
      vertex 132.201 4.97059 4
    endloop
  endfacet
  facet normal 0 0 1
    outer loop
      vertex 142.7 5.3 4
      vertex 131.772 5.08546 4
      vertex 131.99 5.04207 4
    endloop
  endfacet
  facet normal 0 0 1
    outer loop
      vertex 142.7 5.3 4
      vertex 131.55 5.1 4
      vertex 131.772 5.08546 4
    endloop
  endfacet
  facet normal 0 0 1
    outer loop
      vertex 157.15 6.6 4
      vertex 128.95 5.1 4
      vertex 131.55 5.1 4
    endloop
  endfacet
  facet normal 0 0 1
    outer loop
      vertex 127.265 3.62189 4
      vertex 125.25 3.4 4
      vertex 127.25 3.4 4
    endloop
  endfacet
  facet normal 0 0 1
    outer loop
      vertex 125.235 3.62189 4
      vertex 127.265 3.62189 4
      vertex 127.308 3.83999 4
    endloop
  endfacet
  facet normal 0 0 1
    outer loop
      vertex 125.192 3.83999 4
      vertex 127.308 3.83999 4
      vertex 127.379 4.05056 4
    endloop
  endfacet
  facet normal 0 0 1
    outer loop
      vertex 125.121 4.05056 4
      vertex 127.379 4.05056 4
      vertex 127.478 4.25 4
    endloop
  endfacet
  facet normal 0 0 1
    outer loop
      vertex 125.022 4.25 4
      vertex 127.478 4.25 4
      vertex 127.601 4.43489 4
    endloop
  endfacet
  facet normal 0 0 1
    outer loop
      vertex 124.899 4.43489 4
      vertex 127.601 4.43489 4
      vertex 127.748 4.60208 4
    endloop
  endfacet
  facet normal 0 0 1
    outer loop
      vertex 124.752 4.60208 4
      vertex 127.748 4.60208 4
      vertex 127.915 4.7487 4
    endloop
  endfacet
  facet normal 0 0 1
    outer loop
      vertex 124.585 4.7487 4
      vertex 127.915 4.7487 4
      vertex 128.1 4.87224 4
    endloop
  endfacet
  facet normal 0 0 1
    outer loop
      vertex 127.265 3.62189 4
      vertex 125.235 3.62189 4
      vertex 125.25 3.4 4
    endloop
  endfacet
  facet normal 0 0 1
    outer loop
      vertex 124.4 4.87224 4
      vertex 128.1 4.87224 4
      vertex 128.299 4.97059 4
    endloop
  endfacet
  facet normal 0 0 1
    outer loop
      vertex 127.308 3.83999 4
      vertex 125.192 3.83999 4
      vertex 125.235 3.62189 4
    endloop
  endfacet
  facet normal 0 0 1
    outer loop
      vertex 127.379 4.05056 4
      vertex 125.121 4.05056 4
      vertex 125.192 3.83999 4
    endloop
  endfacet
  facet normal 0 0 1
    outer loop
      vertex 124.201 4.97059 4
      vertex 128.299 4.97059 4
      vertex 128.51 5.04207 4
    endloop
  endfacet
  facet normal 0 0 1
    outer loop
      vertex 127.478 4.25 4
      vertex 125.022 4.25 4
      vertex 125.121 4.05056 4
    endloop
  endfacet
  facet normal 0 0 1
    outer loop
      vertex 127.601 4.43489 4
      vertex 124.899 4.43489 4
      vertex 125.022 4.25 4
    endloop
  endfacet
  facet normal 0 0 1
    outer loop
      vertex 123.99 5.04207 4
      vertex 128.51 5.04207 4
      vertex 128.728 5.08546 4
    endloop
  endfacet
  facet normal 0 0 1
    outer loop
      vertex 127.748 4.60208 4
      vertex 124.752 4.60208 4
      vertex 124.899 4.43489 4
    endloop
  endfacet
  facet normal 0 0 1
    outer loop
      vertex 127.915 4.7487 4
      vertex 124.585 4.7487 4
      vertex 124.752 4.60208 4
    endloop
  endfacet
  facet normal 0 0 1
    outer loop
      vertex 128.1 4.87224 4
      vertex 124.4 4.87224 4
      vertex 124.585 4.7487 4
    endloop
  endfacet
  facet normal 0 0 1
    outer loop
      vertex 123.772 5.08546 4
      vertex 128.728 5.08546 4
      vertex 128.95 5.1 4
    endloop
  endfacet
  facet normal 0 0 1
    outer loop
      vertex 123.55 5.1 4
      vertex 128.95 5.1 4
      vertex 157.15 6.6 4
    endloop
  endfacet
  facet normal 0 0 1
    outer loop
      vertex 128.299 4.97059 4
      vertex 124.201 4.97059 4
      vertex 124.4 4.87224 4
    endloop
  endfacet
  facet normal 0 0 1
    outer loop
      vertex 128.51 5.04207 4
      vertex 123.99 5.04207 4
      vertex 124.201 4.97059 4
    endloop
  endfacet
  facet normal 0 0 1
    outer loop
      vertex 128.728 5.08546 4
      vertex 123.772 5.08546 4
      vertex 123.99 5.04207 4
    endloop
  endfacet
  facet normal 0 0 1
    outer loop
      vertex 128.95 5.1 4
      vertex 123.55 5.1 4
      vertex 123.772 5.08546 4
    endloop
  endfacet
  facet normal 0 0 1
    outer loop
      vertex 157.15 6.6 4
      vertex 120.95 5.1 4
      vertex 123.55 5.1 4
    endloop
  endfacet
  facet normal 0 0 1
    outer loop
      vertex 119.265 3.62189 4
      vertex 117.25 3.4 4
      vertex 119.25 3.4 4
    endloop
  endfacet
  facet normal 0 0 1
    outer loop
      vertex 117.235 3.62189 4
      vertex 119.265 3.62189 4
      vertex 119.308 3.83999 4
    endloop
  endfacet
  facet normal 0 0 1
    outer loop
      vertex 117.192 3.83999 4
      vertex 119.308 3.83999 4
      vertex 119.379 4.05056 4
    endloop
  endfacet
  facet normal 0 0 1
    outer loop
      vertex 117.121 4.05056 4
      vertex 119.379 4.05056 4
      vertex 119.478 4.25 4
    endloop
  endfacet
  facet normal 0 0 1
    outer loop
      vertex 117.022 4.25 4
      vertex 119.478 4.25 4
      vertex 119.601 4.43489 4
    endloop
  endfacet
  facet normal 0 0 1
    outer loop
      vertex 116.899 4.43489 4
      vertex 119.601 4.43489 4
      vertex 119.748 4.60208 4
    endloop
  endfacet
  facet normal 0 0 1
    outer loop
      vertex 116.752 4.60208 4
      vertex 119.748 4.60208 4
      vertex 119.915 4.7487 4
    endloop
  endfacet
  facet normal 0 0 1
    outer loop
      vertex 116.585 4.7487 4
      vertex 119.915 4.7487 4
      vertex 120.1 4.87224 4
    endloop
  endfacet
  facet normal 0 0 1
    outer loop
      vertex 119.265 3.62189 4
      vertex 117.235 3.62189 4
      vertex 117.25 3.4 4
    endloop
  endfacet
  facet normal 0 0 1
    outer loop
      vertex 116.4 4.87224 4
      vertex 120.1 4.87224 4
      vertex 120.299 4.97059 4
    endloop
  endfacet
  facet normal 0 0 1
    outer loop
      vertex 119.308 3.83999 4
      vertex 117.192 3.83999 4
      vertex 117.235 3.62189 4
    endloop
  endfacet
  facet normal 0 0 1
    outer loop
      vertex 119.379 4.05056 4
      vertex 117.121 4.05056 4
      vertex 117.192 3.83999 4
    endloop
  endfacet
  facet normal 0 0 1
    outer loop
      vertex 116.201 4.97059 4
      vertex 120.299 4.97059 4
      vertex 120.51 5.04207 4
    endloop
  endfacet
  facet normal 0 0 1
    outer loop
      vertex 119.478 4.25 4
      vertex 117.022 4.25 4
      vertex 117.121 4.05056 4
    endloop
  endfacet
  facet normal 0 0 1
    outer loop
      vertex 119.601 4.43489 4
      vertex 116.899 4.43489 4
      vertex 117.022 4.25 4
    endloop
  endfacet
  facet normal 0 0 1
    outer loop
      vertex 115.99 5.04207 4
      vertex 120.51 5.04207 4
      vertex 120.728 5.08546 4
    endloop
  endfacet
  facet normal 0 0 1
    outer loop
      vertex 119.748 4.60208 4
      vertex 116.752 4.60208 4
      vertex 116.899 4.43489 4
    endloop
  endfacet
  facet normal 0 0 1
    outer loop
      vertex 119.915 4.7487 4
      vertex 116.585 4.7487 4
      vertex 116.752 4.60208 4
    endloop
  endfacet
  facet normal 0 0 1
    outer loop
      vertex 120.1 4.87224 4
      vertex 116.4 4.87224 4
      vertex 116.585 4.7487 4
    endloop
  endfacet
  facet normal 0 0 1
    outer loop
      vertex 115.772 5.08546 4
      vertex 120.728 5.08546 4
      vertex 120.95 5.1 4
    endloop
  endfacet
  facet normal 0 0 1
    outer loop
      vertex 120.299 4.97059 4
      vertex 116.201 4.97059 4
      vertex 116.4 4.87224 4
    endloop
  endfacet
  facet normal 0 0 1
    outer loop
      vertex 115.55 5.1 4
      vertex 120.95 5.1 4
      vertex 157.15 6.6 4
    endloop
  endfacet
  facet normal 0 0 1
    outer loop
      vertex 120.51 5.04207 4
      vertex 115.99 5.04207 4
      vertex 116.201 4.97059 4
    endloop
  endfacet
  facet normal 0 0 1
    outer loop
      vertex 120.728 5.08546 4
      vertex 115.772 5.08546 4
      vertex 115.99 5.04207 4
    endloop
  endfacet
  facet normal 0 0 1
    outer loop
      vertex 120.95 5.1 4
      vertex 115.55 5.1 4
      vertex 115.772 5.08546 4
    endloop
  endfacet
  facet normal 0 0 1
    outer loop
      vertex 157.15 6.6 4
      vertex 112.95 5.1 4
      vertex 115.55 5.1 4
    endloop
  endfacet
  facet normal 0 0 1
    outer loop
      vertex 111.265 3.62189 4
      vertex 109.25 3.4 4
      vertex 111.25 3.4 4
    endloop
  endfacet
  facet normal 0 0 1
    outer loop
      vertex 109.235 3.62189 4
      vertex 111.265 3.62189 4
      vertex 111.308 3.83999 4
    endloop
  endfacet
  facet normal 0 0 1
    outer loop
      vertex 109.192 3.83999 4
      vertex 111.308 3.83999 4
      vertex 111.379 4.05056 4
    endloop
  endfacet
  facet normal 0 0 1
    outer loop
      vertex 109.121 4.05056 4
      vertex 111.379 4.05056 4
      vertex 111.478 4.25 4
    endloop
  endfacet
  facet normal 0 0 1
    outer loop
      vertex 109.022 4.25 4
      vertex 111.478 4.25 4
      vertex 111.601 4.43489 4
    endloop
  endfacet
  facet normal 0 0 1
    outer loop
      vertex 108.899 4.43489 4
      vertex 111.601 4.43489 4
      vertex 111.748 4.60208 4
    endloop
  endfacet
  facet normal 0 0 1
    outer loop
      vertex 108.752 4.60208 4
      vertex 111.748 4.60208 4
      vertex 111.915 4.7487 4
    endloop
  endfacet
  facet normal 0 0 1
    outer loop
      vertex 108.585 4.7487 4
      vertex 111.915 4.7487 4
      vertex 112.1 4.87224 4
    endloop
  endfacet
  facet normal 0 0 1
    outer loop
      vertex 111.265 3.62189 4
      vertex 109.235 3.62189 4
      vertex 109.25 3.4 4
    endloop
  endfacet
  facet normal 0 0 1
    outer loop
      vertex 108.4 4.87224 4
      vertex 112.1 4.87224 4
      vertex 112.299 4.97059 4
    endloop
  endfacet
  facet normal 0 0 1
    outer loop
      vertex 111.308 3.83999 4
      vertex 109.192 3.83999 4
      vertex 109.235 3.62189 4
    endloop
  endfacet
  facet normal 0 0 1
    outer loop
      vertex 111.379 4.05056 4
      vertex 109.121 4.05056 4
      vertex 109.192 3.83999 4
    endloop
  endfacet
  facet normal 0 0 1
    outer loop
      vertex 108.201 4.97059 4
      vertex 112.299 4.97059 4
      vertex 112.51 5.04207 4
    endloop
  endfacet
  facet normal 0 0 1
    outer loop
      vertex 111.478 4.25 4
      vertex 109.022 4.25 4
      vertex 109.121 4.05056 4
    endloop
  endfacet
  facet normal 0 0 1
    outer loop
      vertex 111.601 4.43489 4
      vertex 108.899 4.43489 4
      vertex 109.022 4.25 4
    endloop
  endfacet
  facet normal 0 0 1
    outer loop
      vertex 107.99 5.04207 4
      vertex 112.51 5.04207 4
      vertex 112.728 5.08546 4
    endloop
  endfacet
  facet normal 0 0 1
    outer loop
      vertex 111.748 4.60208 4
      vertex 108.752 4.60208 4
      vertex 108.899 4.43489 4
    endloop
  endfacet
  facet normal 0 0 1
    outer loop
      vertex 111.915 4.7487 4
      vertex 108.585 4.7487 4
      vertex 108.752 4.60208 4
    endloop
  endfacet
  facet normal 0 0 1
    outer loop
      vertex 112.1 4.87224 4
      vertex 108.4 4.87224 4
      vertex 108.585 4.7487 4
    endloop
  endfacet
  facet normal 0 0 1
    outer loop
      vertex 107.772 5.08546 4
      vertex 112.728 5.08546 4
      vertex 112.95 5.1 4
    endloop
  endfacet
  facet normal 0 0 1
    outer loop
      vertex 112.299 4.97059 4
      vertex 108.201 4.97059 4
      vertex 108.4 4.87224 4
    endloop
  endfacet
  facet normal 0 0 1
    outer loop
      vertex 107.55 5.1 4
      vertex 112.95 5.1 4
      vertex 157.15 6.6 4
    endloop
  endfacet
  facet normal 0 0 1
    outer loop
      vertex 112.51 5.04207 4
      vertex 107.99 5.04207 4
      vertex 108.201 4.97059 4
    endloop
  endfacet
  facet normal 0 0 1
    outer loop
      vertex 112.728 5.08546 4
      vertex 107.772 5.08546 4
      vertex 107.99 5.04207 4
    endloop
  endfacet
  facet normal 0 0 1
    outer loop
      vertex 112.95 5.1 4
      vertex 107.55 5.1 4
      vertex 107.772 5.08546 4
    endloop
  endfacet
  facet normal 0 0 1
    outer loop
      vertex 157.15 6.6 4
      vertex 104.95 5.1 4
      vertex 107.55 5.1 4
    endloop
  endfacet
  facet normal 0 0 1
    outer loop
      vertex 103.265 3.62189 4
      vertex 101.25 3.4 4
      vertex 103.25 3.4 4
    endloop
  endfacet
  facet normal 0 0 1
    outer loop
      vertex 101.235 3.62189 4
      vertex 103.265 3.62189 4
      vertex 103.308 3.83999 4
    endloop
  endfacet
  facet normal 0 0 1
    outer loop
      vertex 101.192 3.83999 4
      vertex 103.308 3.83999 4
      vertex 103.379 4.05056 4
    endloop
  endfacet
  facet normal 0 0 1
    outer loop
      vertex 101.121 4.05056 4
      vertex 103.379 4.05056 4
      vertex 103.478 4.25 4
    endloop
  endfacet
  facet normal 0 0 1
    outer loop
      vertex 101.022 4.25 4
      vertex 103.478 4.25 4
      vertex 103.601 4.43489 4
    endloop
  endfacet
  facet normal 0 0 1
    outer loop
      vertex 100.899 4.43489 4
      vertex 103.601 4.43489 4
      vertex 103.748 4.60208 4
    endloop
  endfacet
  facet normal 0 0 1
    outer loop
      vertex 100.752 4.60208 4
      vertex 103.748 4.60208 4
      vertex 103.915 4.7487 4
    endloop
  endfacet
  facet normal 0 0 1
    outer loop
      vertex 100.585 4.7487 4
      vertex 103.915 4.7487 4
      vertex 104.1 4.87224 4
    endloop
  endfacet
  facet normal 0 0 1
    outer loop
      vertex 103.265 3.62189 4
      vertex 101.235 3.62189 4
      vertex 101.25 3.4 4
    endloop
  endfacet
  facet normal 0 0 1
    outer loop
      vertex 100.4 4.87224 4
      vertex 104.1 4.87224 4
      vertex 104.299 4.97059 4
    endloop
  endfacet
  facet normal 0 0 1
    outer loop
      vertex 103.308 3.83999 4
      vertex 101.192 3.83999 4
      vertex 101.235 3.62189 4
    endloop
  endfacet
  facet normal 0 0 1
    outer loop
      vertex 103.379 4.05056 4
      vertex 101.121 4.05056 4
      vertex 101.192 3.83999 4
    endloop
  endfacet
  facet normal 0 0 1
    outer loop
      vertex 100.201 4.97059 4
      vertex 104.299 4.97059 4
      vertex 104.51 5.04207 4
    endloop
  endfacet
  facet normal 0 0 1
    outer loop
      vertex 103.478 4.25 4
      vertex 101.022 4.25 4
      vertex 101.121 4.05056 4
    endloop
  endfacet
  facet normal 0 0 1
    outer loop
      vertex 103.601 4.43489 4
      vertex 100.899 4.43489 4
      vertex 101.022 4.25 4
    endloop
  endfacet
  facet normal 0 0 1
    outer loop
      vertex 99.99 5.04207 4
      vertex 104.51 5.04207 4
      vertex 104.728 5.08546 4
    endloop
  endfacet
  facet normal 0 0 1
    outer loop
      vertex 103.748 4.60208 4
      vertex 100.752 4.60208 4
      vertex 100.899 4.43489 4
    endloop
  endfacet
  facet normal 0 0 1
    outer loop
      vertex 103.915 4.7487 4
      vertex 100.585 4.7487 4
      vertex 100.752 4.60208 4
    endloop
  endfacet
  facet normal 0 0 1
    outer loop
      vertex 104.1 4.87224 4
      vertex 100.4 4.87224 4
      vertex 100.585 4.7487 4
    endloop
  endfacet
  facet normal 0 0 1
    outer loop
      vertex 99.7719 5.08546 4
      vertex 104.728 5.08546 4
      vertex 104.95 5.1 4
    endloop
  endfacet
  facet normal 0 0 1
    outer loop
      vertex 104.299 4.97059 4
      vertex 100.201 4.97059 4
      vertex 100.4 4.87224 4
    endloop
  endfacet
  facet normal 0 0 1
    outer loop
      vertex 99.55 5.1 4
      vertex 104.95 5.1 4
      vertex 157.15 6.6 4
    endloop
  endfacet
  facet normal 0 0 1
    outer loop
      vertex 104.51 5.04207 4
      vertex 99.99 5.04207 4
      vertex 100.201 4.97059 4
    endloop
  endfacet
  facet normal 0 0 1
    outer loop
      vertex 104.728 5.08546 4
      vertex 99.7719 5.08546 4
      vertex 99.99 5.04207 4
    endloop
  endfacet
  facet normal 0 0 1
    outer loop
      vertex 104.95 5.1 4
      vertex 99.55 5.1 4
      vertex 99.7719 5.08546 4
    endloop
  endfacet
  facet normal 0 0 1
    outer loop
      vertex 157.15 6.6 4
      vertex 96.95 5.1 4
      vertex 99.55 5.1 4
    endloop
  endfacet
  facet normal 0 0 1
    outer loop
      vertex 95.2645 3.62189 4
      vertex 93.25 3.4 4
      vertex 95.25 3.4 4
    endloop
  endfacet
  facet normal 0 0 1
    outer loop
      vertex 93.2355 3.62189 4
      vertex 95.2645 3.62189 4
      vertex 95.3079 3.83999 4
    endloop
  endfacet
  facet normal 0 0 1
    outer loop
      vertex 93.1921 3.83999 4
      vertex 95.3079 3.83999 4
      vertex 95.3794 4.05056 4
    endloop
  endfacet
  facet normal 0 0 1
    outer loop
      vertex 93.1206 4.05056 4
      vertex 95.3794 4.05056 4
      vertex 95.4778 4.25 4
    endloop
  endfacet
  facet normal 0 0 1
    outer loop
      vertex 93.0222 4.25 4
      vertex 95.4778 4.25 4
      vertex 95.6013 4.43489 4
    endloop
  endfacet
  facet normal 0 0 1
    outer loop
      vertex 92.8987 4.43489 4
      vertex 95.6013 4.43489 4
      vertex 95.7479 4.60208 4
    endloop
  endfacet
  facet normal 0 0 1
    outer loop
      vertex 92.7521 4.60208 4
      vertex 95.7479 4.60208 4
      vertex 95.9151 4.7487 4
    endloop
  endfacet
  facet normal 0 0 1
    outer loop
      vertex 92.5849 4.7487 4
      vertex 95.9151 4.7487 4
      vertex 96.1 4.87224 4
    endloop
  endfacet
  facet normal 0 0 1
    outer loop
      vertex 95.2645 3.62189 4
      vertex 93.2355 3.62189 4
      vertex 93.25 3.4 4
    endloop
  endfacet
  facet normal 0 0 1
    outer loop
      vertex 92.4 4.87224 4
      vertex 96.1 4.87224 4
      vertex 96.2994 4.97059 4
    endloop
  endfacet
  facet normal 0 0 1
    outer loop
      vertex 95.3079 3.83999 4
      vertex 93.1921 3.83999 4
      vertex 93.2355 3.62189 4
    endloop
  endfacet
  facet normal 0 0 1
    outer loop
      vertex 95.3794 4.05056 4
      vertex 93.1206 4.05056 4
      vertex 93.1921 3.83999 4
    endloop
  endfacet
  facet normal 0 0 1
    outer loop
      vertex 92.2006 4.97059 4
      vertex 96.2994 4.97059 4
      vertex 96.51 5.04207 4
    endloop
  endfacet
  facet normal 0 0 1
    outer loop
      vertex 95.4778 4.25 4
      vertex 93.0222 4.25 4
      vertex 93.1206 4.05056 4
    endloop
  endfacet
  facet normal 0 0 1
    outer loop
      vertex 95.6013 4.43489 4
      vertex 92.8987 4.43489 4
      vertex 93.0222 4.25 4
    endloop
  endfacet
  facet normal 0 0 1
    outer loop
      vertex 91.99 5.04207 4
      vertex 96.51 5.04207 4
      vertex 96.7281 5.08546 4
    endloop
  endfacet
  facet normal 0 0 1
    outer loop
      vertex 95.7479 4.60208 4
      vertex 92.7521 4.60208 4
      vertex 92.8987 4.43489 4
    endloop
  endfacet
  facet normal 0 0 1
    outer loop
      vertex 95.9151 4.7487 4
      vertex 92.5849 4.7487 4
      vertex 92.7521 4.60208 4
    endloop
  endfacet
  facet normal 0 0 1
    outer loop
      vertex 96.1 4.87224 4
      vertex 92.4 4.87224 4
      vertex 92.5849 4.7487 4
    endloop
  endfacet
  facet normal 0 0 1
    outer loop
      vertex 91.7719 5.08546 4
      vertex 96.7281 5.08546 4
      vertex 96.95 5.1 4
    endloop
  endfacet
  facet normal 0 0 1
    outer loop
      vertex 96.2994 4.97059 4
      vertex 92.2006 4.97059 4
      vertex 92.4 4.87224 4
    endloop
  endfacet
  facet normal 0 0 1
    outer loop
      vertex 96.51 5.04207 4
      vertex 91.99 5.04207 4
      vertex 92.2006 4.97059 4
    endloop
  endfacet
  facet normal 0 0 1
    outer loop
      vertex 91.55 5.1 4
      vertex 96.95 5.1 4
      vertex 157.15 6.6 4
    endloop
  endfacet
  facet normal 0 0 1
    outer loop
      vertex 96.7281 5.08546 4
      vertex 91.7719 5.08546 4
      vertex 91.99 5.04207 4
    endloop
  endfacet
  facet normal 0 0 1
    outer loop
      vertex 96.95 5.1 4
      vertex 91.55 5.1 4
      vertex 91.7719 5.08546 4
    endloop
  endfacet
  facet normal 0 0 1
    outer loop
      vertex 157.15 6.6 4
      vertex 88.95 5.1 4
      vertex 91.55 5.1 4
    endloop
  endfacet
  facet normal 0 0 1
    outer loop
      vertex 87.2645 3.62189 4
      vertex 85.25 3.4 4
      vertex 87.25 3.4 4
    endloop
  endfacet
  facet normal 0 0 1
    outer loop
      vertex 85.2355 3.62189 4
      vertex 87.2645 3.62189 4
      vertex 87.3079 3.83999 4
    endloop
  endfacet
  facet normal 0 0 1
    outer loop
      vertex 85.1921 3.83999 4
      vertex 87.3079 3.83999 4
      vertex 87.3794 4.05056 4
    endloop
  endfacet
  facet normal 0 0 1
    outer loop
      vertex 85.1206 4.05056 4
      vertex 87.3794 4.05056 4
      vertex 87.4778 4.25 4
    endloop
  endfacet
  facet normal 0 0 1
    outer loop
      vertex 85.0222 4.25 4
      vertex 87.4778 4.25 4
      vertex 87.6013 4.43489 4
    endloop
  endfacet
  facet normal 0 0 1
    outer loop
      vertex 84.8987 4.43489 4
      vertex 87.6013 4.43489 4
      vertex 87.7479 4.60208 4
    endloop
  endfacet
  facet normal 0 0 1
    outer loop
      vertex 84.7521 4.60208 4
      vertex 87.7479 4.60208 4
      vertex 87.9151 4.7487 4
    endloop
  endfacet
  facet normal 0 0 1
    outer loop
      vertex 84.5849 4.7487 4
      vertex 87.9151 4.7487 4
      vertex 88.1 4.87224 4
    endloop
  endfacet
  facet normal 0 0 1
    outer loop
      vertex 87.2645 3.62189 4
      vertex 85.2355 3.62189 4
      vertex 85.25 3.4 4
    endloop
  endfacet
  facet normal 0 0 1
    outer loop
      vertex 84.4 4.87224 4
      vertex 88.1 4.87224 4
      vertex 88.2994 4.97059 4
    endloop
  endfacet
  facet normal 0 0 1
    outer loop
      vertex 87.3079 3.83999 4
      vertex 85.1921 3.83999 4
      vertex 85.2355 3.62189 4
    endloop
  endfacet
  facet normal 0 0 1
    outer loop
      vertex 87.3794 4.05056 4
      vertex 85.1206 4.05056 4
      vertex 85.1921 3.83999 4
    endloop
  endfacet
  facet normal 0 0 1
    outer loop
      vertex 84.2006 4.97059 4
      vertex 88.2994 4.97059 4
      vertex 88.51 5.04207 4
    endloop
  endfacet
  facet normal 0 0 1
    outer loop
      vertex 87.4778 4.25 4
      vertex 85.0222 4.25 4
      vertex 85.1206 4.05056 4
    endloop
  endfacet
  facet normal 0 0 1
    outer loop
      vertex 87.6013 4.43489 4
      vertex 84.8987 4.43489 4
      vertex 85.0222 4.25 4
    endloop
  endfacet
  facet normal 0 0 1
    outer loop
      vertex 83.99 5.04207 4
      vertex 88.51 5.04207 4
      vertex 88.7281 5.08546 4
    endloop
  endfacet
  facet normal 0 0 1
    outer loop
      vertex 87.7479 4.60208 4
      vertex 84.7521 4.60208 4
      vertex 84.8987 4.43489 4
    endloop
  endfacet
  facet normal 0 0 1
    outer loop
      vertex 87.9151 4.7487 4
      vertex 84.5849 4.7487 4
      vertex 84.7521 4.60208 4
    endloop
  endfacet
  facet normal 0 0 1
    outer loop
      vertex 88.1 4.87224 4
      vertex 84.4 4.87224 4
      vertex 84.5849 4.7487 4
    endloop
  endfacet
  facet normal 0 0 1
    outer loop
      vertex 83.7719 5.08546 4
      vertex 88.7281 5.08546 4
      vertex 88.95 5.1 4
    endloop
  endfacet
  facet normal 0 0 1
    outer loop
      vertex 88.2994 4.97059 4
      vertex 84.2006 4.97059 4
      vertex 84.4 4.87224 4
    endloop
  endfacet
  facet normal 0 0 1
    outer loop
      vertex 88.51 5.04207 4
      vertex 83.99 5.04207 4
      vertex 84.2006 4.97059 4
    endloop
  endfacet
  facet normal 0 0 1
    outer loop
      vertex 83.55 5.1 4
      vertex 88.95 5.1 4
      vertex 157.15 6.6 4
    endloop
  endfacet
  facet normal 0 0 1
    outer loop
      vertex 88.7281 5.08546 4
      vertex 83.7719 5.08546 4
      vertex 83.99 5.04207 4
    endloop
  endfacet
  facet normal 0 0 1
    outer loop
      vertex 88.95 5.1 4
      vertex 83.55 5.1 4
      vertex 83.7719 5.08546 4
    endloop
  endfacet
  facet normal 0 0 1
    outer loop
      vertex 157.15 6.6 4
      vertex 80.95 5.1 4
      vertex 83.55 5.1 4
    endloop
  endfacet
  facet normal 0 0 1
    outer loop
      vertex 79.2645 3.62189 4
      vertex 77.25 3.4 4
      vertex 79.25 3.4 4
    endloop
  endfacet
  facet normal 0 0 1
    outer loop
      vertex 77.2355 3.62189 4
      vertex 79.2645 3.62189 4
      vertex 79.3079 3.83999 4
    endloop
  endfacet
  facet normal 0 0 1
    outer loop
      vertex 77.1921 3.83999 4
      vertex 79.3079 3.83999 4
      vertex 79.3794 4.05056 4
    endloop
  endfacet
  facet normal 0 0 1
    outer loop
      vertex 77.1206 4.05056 4
      vertex 79.3794 4.05056 4
      vertex 79.4778 4.25 4
    endloop
  endfacet
  facet normal 0 0 1
    outer loop
      vertex 77.0222 4.25 4
      vertex 79.4778 4.25 4
      vertex 79.6013 4.43489 4
    endloop
  endfacet
  facet normal 0 0 1
    outer loop
      vertex 76.8987 4.43489 4
      vertex 79.6013 4.43489 4
      vertex 79.7479 4.60208 4
    endloop
  endfacet
  facet normal 0 0 1
    outer loop
      vertex 76.7521 4.60208 4
      vertex 79.7479 4.60208 4
      vertex 79.9151 4.7487 4
    endloop
  endfacet
  facet normal 0 0 1
    outer loop
      vertex 76.5849 4.7487 4
      vertex 79.9151 4.7487 4
      vertex 80.1 4.87224 4
    endloop
  endfacet
  facet normal 0 0 1
    outer loop
      vertex 79.2645 3.62189 4
      vertex 77.2355 3.62189 4
      vertex 77.25 3.4 4
    endloop
  endfacet
  facet normal 0 0 1
    outer loop
      vertex 76.4 4.87224 4
      vertex 80.1 4.87224 4
      vertex 80.2994 4.97059 4
    endloop
  endfacet
  facet normal 0 0 1
    outer loop
      vertex 79.3079 3.83999 4
      vertex 77.1921 3.83999 4
      vertex 77.2355 3.62189 4
    endloop
  endfacet
  facet normal 0 0 1
    outer loop
      vertex 79.3794 4.05056 4
      vertex 77.1206 4.05056 4
      vertex 77.1921 3.83999 4
    endloop
  endfacet
  facet normal 0 0 1
    outer loop
      vertex 76.2006 4.97059 4
      vertex 80.2994 4.97059 4
      vertex 80.51 5.04207 4
    endloop
  endfacet
  facet normal 0 0 1
    outer loop
      vertex 79.4778 4.25 4
      vertex 77.0222 4.25 4
      vertex 77.1206 4.05056 4
    endloop
  endfacet
  facet normal 0 0 1
    outer loop
      vertex 79.6013 4.43489 4
      vertex 76.8987 4.43489 4
      vertex 77.0222 4.25 4
    endloop
  endfacet
  facet normal 0 0 1
    outer loop
      vertex 75.99 5.04207 4
      vertex 80.51 5.04207 4
      vertex 80.7281 5.08546 4
    endloop
  endfacet
  facet normal 0 0 1
    outer loop
      vertex 79.7479 4.60208 4
      vertex 76.7521 4.60208 4
      vertex 76.8987 4.43489 4
    endloop
  endfacet
  facet normal 0 0 1
    outer loop
      vertex 79.9151 4.7487 4
      vertex 76.5849 4.7487 4
      vertex 76.7521 4.60208 4
    endloop
  endfacet
  facet normal 0 0 1
    outer loop
      vertex 80.1 4.87224 4
      vertex 76.4 4.87224 4
      vertex 76.5849 4.7487 4
    endloop
  endfacet
  facet normal 0 0 1
    outer loop
      vertex 75.7719 5.08546 4
      vertex 80.7281 5.08546 4
      vertex 80.95 5.1 4
    endloop
  endfacet
  facet normal 0 0 1
    outer loop
      vertex 80.2994 4.97059 4
      vertex 76.2006 4.97059 4
      vertex 76.4 4.87224 4
    endloop
  endfacet
  facet normal 0 0 1
    outer loop
      vertex 80.51 5.04207 4
      vertex 75.99 5.04207 4
      vertex 76.2006 4.97059 4
    endloop
  endfacet
  facet normal 0 0 1
    outer loop
      vertex 75.55 5.1 4
      vertex 80.95 5.1 4
      vertex 157.15 6.6 4
    endloop
  endfacet
  facet normal 0 0 1
    outer loop
      vertex 80.7281 5.08546 4
      vertex 75.7719 5.08546 4
      vertex 75.99 5.04207 4
    endloop
  endfacet
  facet normal 0 0 1
    outer loop
      vertex 80.95 5.1 4
      vertex 75.55 5.1 4
      vertex 75.7719 5.08546 4
    endloop
  endfacet
  facet normal 0 0 1
    outer loop
      vertex 157.15 6.6 4
      vertex 72.95 5.1 4
      vertex 75.55 5.1 4
    endloop
  endfacet
  facet normal 0 0 1
    outer loop
      vertex 71.2645 3.62189 4
      vertex 69.25 3.4 4
      vertex 71.25 3.4 4
    endloop
  endfacet
  facet normal 0 0 1
    outer loop
      vertex 69.2355 3.62189 4
      vertex 71.2645 3.62189 4
      vertex 71.3079 3.83999 4
    endloop
  endfacet
  facet normal 0 0 1
    outer loop
      vertex 69.1921 3.83999 4
      vertex 71.3079 3.83999 4
      vertex 71.3794 4.05056 4
    endloop
  endfacet
  facet normal 0 0 1
    outer loop
      vertex 69.1206 4.05056 4
      vertex 71.3794 4.05056 4
      vertex 71.4778 4.25 4
    endloop
  endfacet
  facet normal 0 0 1
    outer loop
      vertex 69.0222 4.25 4
      vertex 71.4778 4.25 4
      vertex 71.6013 4.43489 4
    endloop
  endfacet
  facet normal 0 0 1
    outer loop
      vertex 68.8987 4.43489 4
      vertex 71.6013 4.43489 4
      vertex 71.7479 4.60208 4
    endloop
  endfacet
  facet normal 0 0 1
    outer loop
      vertex 68.7521 4.60208 4
      vertex 71.7479 4.60208 4
      vertex 71.9151 4.7487 4
    endloop
  endfacet
  facet normal 0 0 1
    outer loop
      vertex 68.5849 4.7487 4
      vertex 71.9151 4.7487 4
      vertex 72.1 4.87224 4
    endloop
  endfacet
  facet normal 0 0 1
    outer loop
      vertex 71.2645 3.62189 4
      vertex 69.2355 3.62189 4
      vertex 69.25 3.4 4
    endloop
  endfacet
  facet normal 0 0 1
    outer loop
      vertex 68.4 4.87224 4
      vertex 72.1 4.87224 4
      vertex 72.2994 4.97059 4
    endloop
  endfacet
  facet normal 0 0 1
    outer loop
      vertex 71.3079 3.83999 4
      vertex 69.1921 3.83999 4
      vertex 69.2355 3.62189 4
    endloop
  endfacet
  facet normal 0 0 1
    outer loop
      vertex 71.3794 4.05056 4
      vertex 69.1206 4.05056 4
      vertex 69.1921 3.83999 4
    endloop
  endfacet
  facet normal 0 0 1
    outer loop
      vertex 68.2006 4.97059 4
      vertex 72.2994 4.97059 4
      vertex 72.51 5.04207 4
    endloop
  endfacet
  facet normal 0 0 1
    outer loop
      vertex 71.4778 4.25 4
      vertex 69.0222 4.25 4
      vertex 69.1206 4.05056 4
    endloop
  endfacet
  facet normal 0 0 1
    outer loop
      vertex 71.6013 4.43489 4
      vertex 68.8987 4.43489 4
      vertex 69.0222 4.25 4
    endloop
  endfacet
  facet normal 0 0 1
    outer loop
      vertex 67.99 5.04207 4
      vertex 72.51 5.04207 4
      vertex 72.7281 5.08546 4
    endloop
  endfacet
  facet normal 0 0 1
    outer loop
      vertex 71.7479 4.60208 4
      vertex 68.7521 4.60208 4
      vertex 68.8987 4.43489 4
    endloop
  endfacet
  facet normal 0 0 1
    outer loop
      vertex 71.9151 4.7487 4
      vertex 68.5849 4.7487 4
      vertex 68.7521 4.60208 4
    endloop
  endfacet
  facet normal 0 0 1
    outer loop
      vertex 72.1 4.87224 4
      vertex 68.4 4.87224 4
      vertex 68.5849 4.7487 4
    endloop
  endfacet
  facet normal 0 0 1
    outer loop
      vertex 67.7719 5.08546 4
      vertex 72.7281 5.08546 4
      vertex 72.95 5.1 4
    endloop
  endfacet
  facet normal 0 0 1
    outer loop
      vertex 72.2994 4.97059 4
      vertex 68.2006 4.97059 4
      vertex 68.4 4.87224 4
    endloop
  endfacet
  facet normal 0 0 1
    outer loop
      vertex 72.51 5.04207 4
      vertex 67.99 5.04207 4
      vertex 68.2006 4.97059 4
    endloop
  endfacet
  facet normal 0 0 1
    outer loop
      vertex 67.55 5.1 4
      vertex 72.95 5.1 4
      vertex 157.15 6.6 4
    endloop
  endfacet
  facet normal 0 0 1
    outer loop
      vertex 72.7281 5.08546 4
      vertex 67.7719 5.08546 4
      vertex 67.99 5.04207 4
    endloop
  endfacet
  facet normal 0 0 1
    outer loop
      vertex 72.95 5.1 4
      vertex 67.55 5.1 4
      vertex 67.7719 5.08546 4
    endloop
  endfacet
  facet normal 0 0 1
    outer loop
      vertex 157.15 6.6 4
      vertex 64.95 5.1 4
      vertex 67.55 5.1 4
    endloop
  endfacet
  facet normal 0 0 1
    outer loop
      vertex 63.2645 3.62189 4
      vertex 61.25 3.4 4
      vertex 63.25 3.4 4
    endloop
  endfacet
  facet normal 0 0 1
    outer loop
      vertex 61.2355 3.62189 4
      vertex 63.2645 3.62189 4
      vertex 63.3079 3.83999 4
    endloop
  endfacet
  facet normal 0 0 1
    outer loop
      vertex 61.1921 3.83999 4
      vertex 63.3079 3.83999 4
      vertex 63.3794 4.05056 4
    endloop
  endfacet
  facet normal 0 0 1
    outer loop
      vertex 61.1206 4.05056 4
      vertex 63.3794 4.05056 4
      vertex 63.4778 4.25 4
    endloop
  endfacet
  facet normal 0 0 1
    outer loop
      vertex 61.0222 4.25 4
      vertex 63.4778 4.25 4
      vertex 63.6013 4.43489 4
    endloop
  endfacet
  facet normal 0 0 1
    outer loop
      vertex 60.8987 4.43489 4
      vertex 63.6013 4.43489 4
      vertex 63.7479 4.60208 4
    endloop
  endfacet
  facet normal 0 0 1
    outer loop
      vertex 60.7521 4.60208 4
      vertex 63.7479 4.60208 4
      vertex 63.9151 4.7487 4
    endloop
  endfacet
  facet normal 0 0 1
    outer loop
      vertex 60.5849 4.7487 4
      vertex 63.9151 4.7487 4
      vertex 64.1 4.87224 4
    endloop
  endfacet
  facet normal 0 0 1
    outer loop
      vertex 63.2645 3.62189 4
      vertex 61.2355 3.62189 4
      vertex 61.25 3.4 4
    endloop
  endfacet
  facet normal 0 0 1
    outer loop
      vertex 60.4 4.87224 4
      vertex 64.1 4.87224 4
      vertex 64.2994 4.97059 4
    endloop
  endfacet
  facet normal 0 0 1
    outer loop
      vertex 63.3079 3.83999 4
      vertex 61.1921 3.83999 4
      vertex 61.2355 3.62189 4
    endloop
  endfacet
  facet normal 0 0 1
    outer loop
      vertex 63.3794 4.05056 4
      vertex 61.1206 4.05056 4
      vertex 61.1921 3.83999 4
    endloop
  endfacet
  facet normal 0 0 1
    outer loop
      vertex 60.2006 4.97059 4
      vertex 64.2994 4.97059 4
      vertex 64.51 5.04207 4
    endloop
  endfacet
  facet normal 0 0 1
    outer loop
      vertex 63.4778 4.25 4
      vertex 61.0222 4.25 4
      vertex 61.1206 4.05056 4
    endloop
  endfacet
  facet normal 0 0 1
    outer loop
      vertex 63.6013 4.43489 4
      vertex 60.8987 4.43489 4
      vertex 61.0222 4.25 4
    endloop
  endfacet
  facet normal 0 0 1
    outer loop
      vertex 59.99 5.04207 4
      vertex 64.51 5.04207 4
      vertex 64.7281 5.08546 4
    endloop
  endfacet
  facet normal 0 0 1
    outer loop
      vertex 63.7479 4.60208 4
      vertex 60.7521 4.60208 4
      vertex 60.8987 4.43489 4
    endloop
  endfacet
  facet normal 0 0 1
    outer loop
      vertex 63.9151 4.7487 4
      vertex 60.5849 4.7487 4
      vertex 60.7521 4.60208 4
    endloop
  endfacet
  facet normal 0 0 1
    outer loop
      vertex 64.1 4.87224 4
      vertex 60.4 4.87224 4
      vertex 60.5849 4.7487 4
    endloop
  endfacet
  facet normal 0 0 1
    outer loop
      vertex 59.7719 5.08546 4
      vertex 64.7281 5.08546 4
      vertex 64.95 5.1 4
    endloop
  endfacet
  facet normal 0 0 1
    outer loop
      vertex 64.2994 4.97059 4
      vertex 60.2006 4.97059 4
      vertex 60.4 4.87224 4
    endloop
  endfacet
  facet normal 0 0 1
    outer loop
      vertex 64.51 5.04207 4
      vertex 59.99 5.04207 4
      vertex 60.2006 4.97059 4
    endloop
  endfacet
  facet normal -0 0 1
    outer loop
      vertex 7.35 6.6 4
      vertex 64.95 5.1 4
      vertex 157.15 6.6 4
    endloop
  endfacet
  facet normal 0 0 1
    outer loop
      vertex 64.7281 5.08546 4
      vertex 59.7719 5.08546 4
      vertex 59.99 5.04207 4
    endloop
  endfacet
  facet normal 0 0 1
    outer loop
      vertex 64.95 5.1 4
      vertex 59.55 5.1 4
      vertex 59.7719 5.08546 4
    endloop
  endfacet
  facet normal 0 0 1
    outer loop
      vertex 64.95 5.1 4
      vertex 7.35 6.6 4
      vertex 59.55 5.1 4
    endloop
  endfacet
  facet normal 0 0 1
    outer loop
      vertex 55.2645 3.62189 4
      vertex 53.25 3.4 4
      vertex 55.25 3.4 4
    endloop
  endfacet
  facet normal 0 0 1
    outer loop
      vertex 53.2355 3.62189 4
      vertex 55.2645 3.62189 4
      vertex 55.3079 3.83999 4
    endloop
  endfacet
  facet normal 0 0 1
    outer loop
      vertex 53.1921 3.83999 4
      vertex 55.3079 3.83999 4
      vertex 55.3794 4.05056 4
    endloop
  endfacet
  facet normal 0 0 1
    outer loop
      vertex 53.1206 4.05056 4
      vertex 55.3794 4.05056 4
      vertex 55.4778 4.25 4
    endloop
  endfacet
  facet normal 0 0 1
    outer loop
      vertex 53.0222 4.25 4
      vertex 55.4778 4.25 4
      vertex 55.6013 4.43489 4
    endloop
  endfacet
  facet normal 0 0 1
    outer loop
      vertex 52.8987 4.43489 4
      vertex 55.6013 4.43489 4
      vertex 55.7479 4.60208 4
    endloop
  endfacet
  facet normal 0 0 1
    outer loop
      vertex 52.7521 4.60208 4
      vertex 55.7479 4.60208 4
      vertex 55.9151 4.7487 4
    endloop
  endfacet
  facet normal 0 0 1
    outer loop
      vertex 52.5849 4.7487 4
      vertex 55.9151 4.7487 4
      vertex 56.1 4.87224 4
    endloop
  endfacet
  facet normal 0 0 1
    outer loop
      vertex 55.2645 3.62189 4
      vertex 53.2355 3.62189 4
      vertex 53.25 3.4 4
    endloop
  endfacet
  facet normal 0 0 1
    outer loop
      vertex 52.4 4.87224 4
      vertex 56.1 4.87224 4
      vertex 56.2994 4.97059 4
    endloop
  endfacet
  facet normal 0 0 1
    outer loop
      vertex 55.3079 3.83999 4
      vertex 53.1921 3.83999 4
      vertex 53.2355 3.62189 4
    endloop
  endfacet
  facet normal 0 0 1
    outer loop
      vertex 55.3794 4.05056 4
      vertex 53.1206 4.05056 4
      vertex 53.1921 3.83999 4
    endloop
  endfacet
  facet normal 0 0 1
    outer loop
      vertex 52.2006 4.97059 4
      vertex 56.2994 4.97059 4
      vertex 56.51 5.04207 4
    endloop
  endfacet
  facet normal 0 0 1
    outer loop
      vertex 55.4778 4.25 4
      vertex 53.0222 4.25 4
      vertex 53.1206 4.05056 4
    endloop
  endfacet
  facet normal 0 0 1
    outer loop
      vertex 55.6013 4.43489 4
      vertex 52.8987 4.43489 4
      vertex 53.0222 4.25 4
    endloop
  endfacet
  facet normal 0 0 1
    outer loop
      vertex 51.99 5.04207 4
      vertex 56.51 5.04207 4
      vertex 56.7281 5.08546 4
    endloop
  endfacet
  facet normal 0 0 1
    outer loop
      vertex 55.7479 4.60208 4
      vertex 52.7521 4.60208 4
      vertex 52.8987 4.43489 4
    endloop
  endfacet
  facet normal 0 0 1
    outer loop
      vertex 55.9151 4.7487 4
      vertex 52.5849 4.7487 4
      vertex 52.7521 4.60208 4
    endloop
  endfacet
  facet normal 0 0 1
    outer loop
      vertex 56.1 4.87224 4
      vertex 52.4 4.87224 4
      vertex 52.5849 4.7487 4
    endloop
  endfacet
  facet normal 0 0 1
    outer loop
      vertex 51.7719 5.08546 4
      vertex 56.7281 5.08546 4
      vertex 56.95 5.1 4
    endloop
  endfacet
  facet normal 0 0 1
    outer loop
      vertex 56.2994 4.97059 4
      vertex 52.2006 4.97059 4
      vertex 52.4 4.87224 4
    endloop
  endfacet
  facet normal 0 0 1
    outer loop
      vertex 56.51 5.04207 4
      vertex 51.99 5.04207 4
      vertex 52.2006 4.97059 4
    endloop
  endfacet
  facet normal 0 0 1
    outer loop
      vertex 59.55 5.1 4
      vertex 7.35 6.6 4
      vertex 56.95 5.1 4
    endloop
  endfacet
  facet normal 0 0 1
    outer loop
      vertex 56.7281 5.08546 4
      vertex 51.7719 5.08546 4
      vertex 51.99 5.04207 4
    endloop
  endfacet
  facet normal 0 0 1
    outer loop
      vertex 56.95 5.1 4
      vertex 51.55 5.1 4
      vertex 51.7719 5.08546 4
    endloop
  endfacet
  facet normal 0 0 1
    outer loop
      vertex 56.95 5.1 4
      vertex 7.35 6.6 4
      vertex 51.55 5.1 4
    endloop
  endfacet
  facet normal 0 0 1
    outer loop
      vertex 47.2645 3.62189 4
      vertex 45.25 3.4 4
      vertex 47.25 3.4 4
    endloop
  endfacet
  facet normal 0 0 1
    outer loop
      vertex 45.2355 3.62189 4
      vertex 47.2645 3.62189 4
      vertex 47.3079 3.83999 4
    endloop
  endfacet
  facet normal 0 0 1
    outer loop
      vertex 45.1921 3.83999 4
      vertex 47.3079 3.83999 4
      vertex 47.3794 4.05056 4
    endloop
  endfacet
  facet normal 0 0 1
    outer loop
      vertex 45.1206 4.05056 4
      vertex 47.3794 4.05056 4
      vertex 47.4778 4.25 4
    endloop
  endfacet
  facet normal 0 0 1
    outer loop
      vertex 45.0222 4.25 4
      vertex 47.4778 4.25 4
      vertex 47.6013 4.43489 4
    endloop
  endfacet
  facet normal 0 0 1
    outer loop
      vertex 44.8987 4.43489 4
      vertex 47.6013 4.43489 4
      vertex 47.7479 4.60208 4
    endloop
  endfacet
  facet normal 0 0 1
    outer loop
      vertex 44.7521 4.60208 4
      vertex 47.7479 4.60208 4
      vertex 47.9151 4.7487 4
    endloop
  endfacet
  facet normal 0 0 1
    outer loop
      vertex 44.5849 4.7487 4
      vertex 47.9151 4.7487 4
      vertex 48.1 4.87224 4
    endloop
  endfacet
  facet normal 0 0 1
    outer loop
      vertex 47.2645 3.62189 4
      vertex 45.2355 3.62189 4
      vertex 45.25 3.4 4
    endloop
  endfacet
  facet normal 0 0 1
    outer loop
      vertex 44.4 4.87224 4
      vertex 48.1 4.87224 4
      vertex 48.2994 4.97059 4
    endloop
  endfacet
  facet normal 0 0 1
    outer loop
      vertex 47.3079 3.83999 4
      vertex 45.1921 3.83999 4
      vertex 45.2355 3.62189 4
    endloop
  endfacet
  facet normal 0 0 1
    outer loop
      vertex 47.3794 4.05056 4
      vertex 45.1206 4.05056 4
      vertex 45.1921 3.83999 4
    endloop
  endfacet
  facet normal 0 0 1
    outer loop
      vertex 44.2006 4.97059 4
      vertex 48.2994 4.97059 4
      vertex 48.51 5.04207 4
    endloop
  endfacet
  facet normal 0 0 1
    outer loop
      vertex 47.4778 4.25 4
      vertex 45.0222 4.25 4
      vertex 45.1206 4.05056 4
    endloop
  endfacet
  facet normal 0 0 1
    outer loop
      vertex 47.6013 4.43489 4
      vertex 44.8987 4.43489 4
      vertex 45.0222 4.25 4
    endloop
  endfacet
  facet normal 0 0 1
    outer loop
      vertex 43.99 5.04207 4
      vertex 48.51 5.04207 4
      vertex 48.7281 5.08546 4
    endloop
  endfacet
  facet normal 0 0 1
    outer loop
      vertex 47.7479 4.60208 4
      vertex 44.7521 4.60208 4
      vertex 44.8987 4.43489 4
    endloop
  endfacet
  facet normal 0 0 1
    outer loop
      vertex 47.9151 4.7487 4
      vertex 44.5849 4.7487 4
      vertex 44.7521 4.60208 4
    endloop
  endfacet
  facet normal 0 0 1
    outer loop
      vertex 48.1 4.87224 4
      vertex 44.4 4.87224 4
      vertex 44.5849 4.7487 4
    endloop
  endfacet
  facet normal 0 0 1
    outer loop
      vertex 43.7719 5.08546 4
      vertex 48.7281 5.08546 4
      vertex 48.95 5.1 4
    endloop
  endfacet
  facet normal 0 0 1
    outer loop
      vertex 48.2994 4.97059 4
      vertex 44.2006 4.97059 4
      vertex 44.4 4.87224 4
    endloop
  endfacet
  facet normal 0 0 1
    outer loop
      vertex 48.51 5.04207 4
      vertex 43.99 5.04207 4
      vertex 44.2006 4.97059 4
    endloop
  endfacet
  facet normal 0 0 1
    outer loop
      vertex 51.55 5.1 4
      vertex 7.35 6.6 4
      vertex 48.95 5.1 4
    endloop
  endfacet
  facet normal 0 0 1
    outer loop
      vertex 48.7281 5.08546 4
      vertex 43.7719 5.08546 4
      vertex 43.99 5.04207 4
    endloop
  endfacet
  facet normal 0 0 1
    outer loop
      vertex 48.95 5.1 4
      vertex 43.55 5.1 4
      vertex 43.7719 5.08546 4
    endloop
  endfacet
  facet normal 0 0 1
    outer loop
      vertex 48.95 5.1 4
      vertex 7.35 6.6 4
      vertex 43.55 5.1 4
    endloop
  endfacet
  facet normal 0 0 1
    outer loop
      vertex 39.2645 3.62189 4
      vertex 37.25 3.4 4
      vertex 39.25 3.4 4
    endloop
  endfacet
  facet normal 0 0 1
    outer loop
      vertex 37.2355 3.62189 4
      vertex 39.2645 3.62189 4
      vertex 39.3079 3.83999 4
    endloop
  endfacet
  facet normal 0 0 1
    outer loop
      vertex 37.1921 3.83999 4
      vertex 39.3079 3.83999 4
      vertex 39.3794 4.05056 4
    endloop
  endfacet
  facet normal 0 0 1
    outer loop
      vertex 37.1206 4.05056 4
      vertex 39.3794 4.05056 4
      vertex 39.4778 4.25 4
    endloop
  endfacet
  facet normal 0 0 1
    outer loop
      vertex 37.0222 4.25 4
      vertex 39.4778 4.25 4
      vertex 39.6013 4.43489 4
    endloop
  endfacet
  facet normal 0 0 1
    outer loop
      vertex 36.8987 4.43489 4
      vertex 39.6013 4.43489 4
      vertex 39.7479 4.60208 4
    endloop
  endfacet
  facet normal 0 0 1
    outer loop
      vertex 36.7521 4.60208 4
      vertex 39.7479 4.60208 4
      vertex 39.9151 4.7487 4
    endloop
  endfacet
  facet normal 0 0 1
    outer loop
      vertex 36.5849 4.7487 4
      vertex 39.9151 4.7487 4
      vertex 40.1 4.87224 4
    endloop
  endfacet
  facet normal 0 0 1
    outer loop
      vertex 39.2645 3.62189 4
      vertex 37.2355 3.62189 4
      vertex 37.25 3.4 4
    endloop
  endfacet
  facet normal 0 0 1
    outer loop
      vertex 36.4 4.87224 4
      vertex 40.1 4.87224 4
      vertex 40.2994 4.97059 4
    endloop
  endfacet
  facet normal 0 0 1
    outer loop
      vertex 39.3079 3.83999 4
      vertex 37.1921 3.83999 4
      vertex 37.2355 3.62189 4
    endloop
  endfacet
  facet normal 0 0 1
    outer loop
      vertex 39.3794 4.05056 4
      vertex 37.1206 4.05056 4
      vertex 37.1921 3.83999 4
    endloop
  endfacet
  facet normal 0 0 1
    outer loop
      vertex 36.2006 4.97059 4
      vertex 40.2994 4.97059 4
      vertex 40.51 5.04207 4
    endloop
  endfacet
  facet normal 0 0 1
    outer loop
      vertex 39.4778 4.25 4
      vertex 37.0222 4.25 4
      vertex 37.1206 4.05056 4
    endloop
  endfacet
  facet normal 0 0 1
    outer loop
      vertex 39.6013 4.43489 4
      vertex 36.8987 4.43489 4
      vertex 37.0222 4.25 4
    endloop
  endfacet
  facet normal 0 0 1
    outer loop
      vertex 35.99 5.04207 4
      vertex 40.51 5.04207 4
      vertex 40.7281 5.08546 4
    endloop
  endfacet
  facet normal 0 0 1
    outer loop
      vertex 39.7479 4.60208 4
      vertex 36.7521 4.60208 4
      vertex 36.8987 4.43489 4
    endloop
  endfacet
  facet normal 0 0 1
    outer loop
      vertex 39.9151 4.7487 4
      vertex 36.5849 4.7487 4
      vertex 36.7521 4.60208 4
    endloop
  endfacet
  facet normal 0 0 1
    outer loop
      vertex 40.1 4.87224 4
      vertex 36.4 4.87224 4
      vertex 36.5849 4.7487 4
    endloop
  endfacet
  facet normal 0 0 1
    outer loop
      vertex 35.7719 5.08546 4
      vertex 40.7281 5.08546 4
      vertex 40.95 5.1 4
    endloop
  endfacet
  facet normal 0 0 1
    outer loop
      vertex 40.2994 4.97059 4
      vertex 36.2006 4.97059 4
      vertex 36.4 4.87224 4
    endloop
  endfacet
  facet normal 0 0 1
    outer loop
      vertex 40.51 5.04207 4
      vertex 35.99 5.04207 4
      vertex 36.2006 4.97059 4
    endloop
  endfacet
  facet normal 0 0 1
    outer loop
      vertex 43.55 5.1 4
      vertex 7.35 6.6 4
      vertex 40.95 5.1 4
    endloop
  endfacet
  facet normal 0 0 1
    outer loop
      vertex 40.7281 5.08546 4
      vertex 35.7719 5.08546 4
      vertex 35.99 5.04207 4
    endloop
  endfacet
  facet normal 0 0 1
    outer loop
      vertex 40.95 5.1 4
      vertex 35.55 5.1 4
      vertex 35.7719 5.08546 4
    endloop
  endfacet
  facet normal 0 0 1
    outer loop
      vertex 40.95 5.1 4
      vertex 7.35 6.6 4
      vertex 35.55 5.1 4
    endloop
  endfacet
  facet normal 0 0 1
    outer loop
      vertex 31.2645 3.62189 4
      vertex 21.8 5.3 4
      vertex 31.25 3.4 4
    endloop
  endfacet
  facet normal 0 0 1
    outer loop
      vertex 31.3079 3.83999 4
      vertex 21.8 5.3 4
      vertex 31.2645 3.62189 4
    endloop
  endfacet
  facet normal 0 0 1
    outer loop
      vertex 31.3794 4.05056 4
      vertex 21.8 5.3 4
      vertex 31.3079 3.83999 4
    endloop
  endfacet
  facet normal 0 0 1
    outer loop
      vertex 31.4778 4.25 4
      vertex 21.8 5.3 4
      vertex 31.3794 4.05056 4
    endloop
  endfacet
  facet normal 0 0 1
    outer loop
      vertex 31.6013 4.43489 4
      vertex 21.8 5.3 4
      vertex 31.4778 4.25 4
    endloop
  endfacet
  facet normal 0 0 1
    outer loop
      vertex 31.7479 4.60208 4
      vertex 21.8 5.3 4
      vertex 31.6013 4.43489 4
    endloop
  endfacet
  facet normal 0 0 1
    outer loop
      vertex 31.9151 4.7487 4
      vertex 21.8 5.3 4
      vertex 31.7479 4.60208 4
    endloop
  endfacet
  facet normal 0 0 1
    outer loop
      vertex 32.1 4.87224 4
      vertex 21.8 5.3 4
      vertex 31.9151 4.7487 4
    endloop
  endfacet
  facet normal 0 0 1
    outer loop
      vertex 32.2994 4.97059 4
      vertex 21.8 5.3 4
      vertex 32.1 4.87224 4
    endloop
  endfacet
  facet normal 0 0 1
    outer loop
      vertex 32.51 5.04207 4
      vertex 21.8 5.3 4
      vertex 32.2994 4.97059 4
    endloop
  endfacet
  facet normal 0 0 1
    outer loop
      vertex 32.7281 5.08546 4
      vertex 21.8 5.3 4
      vertex 32.51 5.04207 4
    endloop
  endfacet
  facet normal 0 0 1
    outer loop
      vertex 32.95 5.1 4
      vertex 21.8 5.3 4
      vertex 32.7281 5.08546 4
    endloop
  endfacet
  facet normal 0 0 1
    outer loop
      vertex 35.55 5.1 4
      vertex 7.35 6.6 4
      vertex 32.95 5.1 4
    endloop
  endfacet
  facet normal 0 0 1
    outer loop
      vertex 32.95 5.1 4
      vertex 7.35 6.6 4
      vertex 21.8 5.3 4
    endloop
  endfacet
  facet normal 0 0 1
    outer loop
      vertex 6.2 5.3 4
      vertex 7.35 6.6 4
      vertex 7.08895 6.6171 4
    endloop
  endfacet
  facet normal 0 0 1
    outer loop
      vertex 7.35 6.6 4
      vertex 6.2 5.3 4
      vertex 21.8 5.3 4
    endloop
  endfacet
  facet normal 0 0 1
    outer loop
      vertex 6.83236 6.66815 4
      vertex 6.2 5.3 4
      vertex 7.08895 6.6171 4
    endloop
  endfacet
  facet normal 0 0 1
    outer loop
      vertex 6.58463 6.75224 4
      vertex 6.2 5.3 4
      vertex 6.83236 6.66815 4
    endloop
  endfacet
  facet normal 0 0 1
    outer loop
      vertex 6.35 6.86794 4
      vertex 6.2 5.3 4
      vertex 6.58463 6.75224 4
    endloop
  endfacet
  facet normal 0 0 1
    outer loop
      vertex 6.13247 7.0133 4
      vertex 6.2 5.3 4
      vertex 6.35 6.86794 4
    endloop
  endfacet
  facet normal 0 0 1
    outer loop
      vertex 5.93578 7.18578 4
      vertex 6.2 5.3 4
      vertex 6.13247 7.0133 4
    endloop
  endfacet
  facet normal 0 0 1
    outer loop
      vertex 5.7633 7.38247 4
      vertex 6.2 5.3 4
      vertex 5.93578 7.18578 4
    endloop
  endfacet
  facet normal 0 0 1
    outer loop
      vertex 5.61794 7.6 4
      vertex 6.2 5.3 4
      vertex 5.7633 7.38247 4
    endloop
  endfacet
  facet normal 0 0 1
    outer loop
      vertex 6.2 5.3 4
      vertex 5.61794 7.6 4
      vertex 0 0 4
    endloop
  endfacet
  facet normal 0 0 1
    outer loop
      vertex 0 0 4
      vertex 5.61794 7.6 4
      vertex 5.50224 7.83463 4
    endloop
  endfacet
  facet normal 0 0 1
    outer loop
      vertex 0 0 4
      vertex 5.50224 7.83463 4
      vertex 5.41815 8.08236 4
    endloop
  endfacet
  facet normal 0 0 1
    outer loop
      vertex 0 0 4
      vertex 5.41815 8.08236 4
      vertex 5.3671 8.33895 4
    endloop
  endfacet
  facet normal 0 0 1
    outer loop
      vertex 5.35 92.4 4
      vertex 4.8 64 4
      vertex 5.35 8.6 4
    endloop
  endfacet
  facet normal -0 0 1
    outer loop
      vertex 4.8 28 4
      vertex 5.35 8.6 4
      vertex 4.8 64 4
    endloop
  endfacet
  facet normal -0 0 1
    outer loop
      vertex 4.8 16 4
      vertex 5.35 8.6 4
      vertex 4.8 28 4
    endloop
  endfacet
  facet normal -0 0 1
    outer loop
      vertex 0 16 4
      vertex 5.35 8.6 4
      vertex 4.8 16 4
    endloop
  endfacet
  facet normal 0 0 1
    outer loop
      vertex 0 0 4
      vertex 5.35 8.6 4
      vertex 0 16 4
    endloop
  endfacet
  facet normal 0 0 1
    outer loop
      vertex 5.35 8.6 4
      vertex 0 0 4
      vertex 5.3671 8.33895 4
    endloop
  endfacet
  facet normal 0 0 1
    outer loop
      vertex 6.2 5.3 4
      vertex 0 0 4
      vertex 6.2 0 4
    endloop
  endfacet
  facet normal -0 0 1
    outer loop
      vertex 159.15 92.4 4
      vertex 164.5 76 4
      vertex 164.5 98 4
    endloop
  endfacet
  facet normal 0 0 1
    outer loop
      vertex 159.15 92.4 4
      vertex 159.7 75 4
      vertex 159.7 76 4
    endloop
  endfacet
  facet normal 0 0 1
    outer loop
      vertex 159.7 75 4
      vertex 159.15 92.4 4
      vertex 159.7 65 4
    endloop
  endfacet
  facet normal 0 0 1
    outer loop
      vertex 159.7 65 4
      vertex 159.15 92.4 4
      vertex 159.7 64 4
    endloop
  endfacet
  facet normal 0 0 1
    outer loop
      vertex 159.7 64 4
      vertex 159.15 8.6 4
      vertex 159.7 28 4
    endloop
  endfacet
  facet normal 0 0 1
    outer loop
      vertex 159.7 28 4
      vertex 159.15 8.6 4
      vertex 159.7 27 4
    endloop
  endfacet
  facet normal 0 0 1
    outer loop
      vertex 159.7 27 4
      vertex 159.15 8.6 4
      vertex 159.7 17 4
    endloop
  endfacet
  facet normal 0 0 1
    outer loop
      vertex 159.7 64 4
      vertex 159.15 92.4 4
      vertex 159.15 8.6 4
    endloop
  endfacet
  facet normal 0 0 1
    outer loop
      vertex 164.5 76 4
      vertex 159.15 92.4 4
      vertex 159.7 76 4
    endloop
  endfacet
  facet normal 0 0 1
    outer loop
      vertex 164.5 98 4
      vertex 159.133 92.661 4
      vertex 159.15 92.4 4
    endloop
  endfacet
  facet normal 0 0 1
    outer loop
      vertex 164.5 98 4
      vertex 159.082 92.9176 4
      vertex 159.133 92.661 4
    endloop
  endfacet
  facet normal 0 0 1
    outer loop
      vertex 164.5 98 4
      vertex 158.998 93.1654 4
      vertex 159.082 92.9176 4
    endloop
  endfacet
  facet normal 0 0 1
    outer loop
      vertex 164.5 98 4
      vertex 158.882 93.4 4
      vertex 158.998 93.1654 4
    endloop
  endfacet
  facet normal 0 0 1
    outer loop
      vertex 164.5 98 4
      vertex 158.737 93.6175 4
      vertex 158.882 93.4 4
    endloop
  endfacet
  facet normal 0 0 1
    outer loop
      vertex 164.5 98 4
      vertex 158.564 93.8142 4
      vertex 158.737 93.6175 4
    endloop
  endfacet
  facet normal 0 0 1
    outer loop
      vertex 164.5 98 4
      vertex 158.368 93.9867 4
      vertex 158.564 93.8142 4
    endloop
  endfacet
  facet normal 0 0 1
    outer loop
      vertex 164.5 98 4
      vertex 158.15 94.132 4
      vertex 158.368 93.9867 4
    endloop
  endfacet
  facet normal 0 0 1
    outer loop
      vertex 164.5 98 4
      vertex 157.915 94.2477 4
      vertex 158.15 94.132 4
    endloop
  endfacet
  facet normal 0 0 1
    outer loop
      vertex 164.5 98 4
      vertex 157.668 94.3318 4
      vertex 157.915 94.2477 4
    endloop
  endfacet
  facet normal 0 0 1
    outer loop
      vertex 164.5 98 4
      vertex 157.411 94.3829 4
      vertex 157.668 94.3318 4
    endloop
  endfacet
  facet normal 0 0 1
    outer loop
      vertex 164.5 98 4
      vertex 157.15 94.4 4
      vertex 157.411 94.3829 4
    endloop
  endfacet
  facet normal 0 0 1
    outer loop
      vertex 164.5 98 4
      vertex 110.45 95.6 4
      vertex 157.15 94.4 4
    endloop
  endfacet
  facet normal 0 0 1
    outer loop
      vertex 164.5 98 4
      vertex 102.45 95.6 4
      vertex 110.45 95.6 4
    endloop
  endfacet
  facet normal 0 0 1
    outer loop
      vertex 102.45 95.6 4
      vertex 7.35 94.4 4
      vertex 102.45 94.4 4
    endloop
  endfacet
  facet normal -0 0 1
    outer loop
      vertex 0 98 4
      vertex 102.45 95.6 4
      vertex 164.5 98 4
    endloop
  endfacet
  facet normal 0 0 1
    outer loop
      vertex 4.8 64 4
      vertex 5.35 92.4 4
      vertex 4.8 76 4
    endloop
  endfacet
  facet normal 0 0 1
    outer loop
      vertex 102.45 95.6 4
      vertex 0 98 4
      vertex 7.35 94.4 4
    endloop
  endfacet
  facet normal 0 0 1
    outer loop
      vertex 0 98 4
      vertex 7.08895 94.3829 4
      vertex 7.35 94.4 4
    endloop
  endfacet
  facet normal 0 0 1
    outer loop
      vertex 0 98 4
      vertex 6.83236 94.3318 4
      vertex 7.08895 94.3829 4
    endloop
  endfacet
  facet normal 0 0 1
    outer loop
      vertex 0 98 4
      vertex 6.58463 94.2477 4
      vertex 6.83236 94.3318 4
    endloop
  endfacet
  facet normal 0 0 1
    outer loop
      vertex 0 98 4
      vertex 6.35 94.132 4
      vertex 6.58463 94.2477 4
    endloop
  endfacet
  facet normal 0 0 1
    outer loop
      vertex 0 98 4
      vertex 6.13247 93.9867 4
      vertex 6.35 94.132 4
    endloop
  endfacet
  facet normal 0 0 1
    outer loop
      vertex 0 98 4
      vertex 5.93578 93.8142 4
      vertex 6.13247 93.9867 4
    endloop
  endfacet
  facet normal 0 0 1
    outer loop
      vertex 0 98 4
      vertex 5.7633 93.6175 4
      vertex 5.93578 93.8142 4
    endloop
  endfacet
  facet normal 0 0 1
    outer loop
      vertex 0 98 4
      vertex 5.61794 93.4 4
      vertex 5.7633 93.6175 4
    endloop
  endfacet
  facet normal 0 0 1
    outer loop
      vertex 0 98 4
      vertex 5.50224 93.1654 4
      vertex 5.61794 93.4 4
    endloop
  endfacet
  facet normal 0 0 1
    outer loop
      vertex 0 98 4
      vertex 5.41815 92.9176 4
      vertex 5.50224 93.1654 4
    endloop
  endfacet
  facet normal 0 0 1
    outer loop
      vertex 0 98 4
      vertex 5.3671 92.661 4
      vertex 5.41815 92.9176 4
    endloop
  endfacet
  facet normal 0 0 1
    outer loop
      vertex 0 98 4
      vertex 5.35 92.4 4
      vertex 5.3671 92.661 4
    endloop
  endfacet
  facet normal 0 0 1
    outer loop
      vertex 0 76 4
      vertex 5.35 92.4 4
      vertex 0 98 4
    endloop
  endfacet
  facet normal 0 0 1
    outer loop
      vertex 5.35 92.4 4
      vertex 0 76 4
      vertex 4.8 76 4
    endloop
  endfacet
  facet normal -0 0 1
    outer loop
      vertex 159.7 64 4
      vertex 164.5 28 4
      vertex 164.5 64 4
    endloop
  endfacet
  facet normal 0 0 1
    outer loop
      vertex 164.5 28 4
      vertex 159.7 64 4
      vertex 159.7 28 4
    endloop
  endfacet
  facet normal 0 0 1
    outer loop
      vertex 159.15 8.6 4
      vertex 164.5 16 4
      vertex 159.7 16 4
    endloop
  endfacet
  facet normal 0 0 1
    outer loop
      vertex 159.7 17 4
      vertex 159.15 8.6 4
      vertex 159.7 16 4
    endloop
  endfacet
  facet normal 0 0 1
    outer loop
      vertex 164.5 16 4
      vertex 159.15 8.6 4
      vertex 164.5 0 4
    endloop
  endfacet
  facet normal -0 0 1
    outer loop
      vertex 159.133 8.33895 4
      vertex 164.5 0 4
      vertex 159.15 8.6 4
    endloop
  endfacet
  facet normal -0 0 1
    outer loop
      vertex 159.082 8.08236 4
      vertex 164.5 0 4
      vertex 159.133 8.33895 4
    endloop
  endfacet
  facet normal -0 0 1
    outer loop
      vertex 158.998 7.83463 4
      vertex 164.5 0 4
      vertex 159.082 8.08236 4
    endloop
  endfacet
  facet normal -0 0 1
    outer loop
      vertex 158.882 7.6 4
      vertex 164.5 0 4
      vertex 158.998 7.83463 4
    endloop
  endfacet
  facet normal 0 0 1
    outer loop
      vertex 158.3 5.3 4
      vertex 158.882 7.6 4
      vertex 158.737 7.38247 4
    endloop
  endfacet
  facet normal 0 0 1
    outer loop
      vertex 158.3 5.3 4
      vertex 158.737 7.38247 4
      vertex 158.564 7.18578 4
    endloop
  endfacet
  facet normal 0 0 1
    outer loop
      vertex 158.3 5.3 4
      vertex 158.564 7.18578 4
      vertex 158.368 7.0133 4
    endloop
  endfacet
  facet normal 0 0 1
    outer loop
      vertex 158.882 7.6 4
      vertex 158.3 5.3 4
      vertex 164.5 0 4
    endloop
  endfacet
  facet normal 0 0 1
    outer loop
      vertex 164.5 0 4
      vertex 158.3 5.3 4
      vertex 158.3 0 4
    endloop
  endfacet
  facet normal 0 0 1
    outer loop
      vertex 142.7 5.3 4
      vertex 133.235 3.17811 4
      vertex 142.7 0 4
    endloop
  endfacet
  facet normal -0 0 1
    outer loop
      vertex 133.192 2.96001 4
      vertex 142.7 0 4
      vertex 133.235 3.17811 4
    endloop
  endfacet
  facet normal -0 0 1
    outer loop
      vertex 133.121 2.74944 4
      vertex 142.7 0 4
      vertex 133.192 2.96001 4
    endloop
  endfacet
  facet normal -0 0 1
    outer loop
      vertex 133.022 2.55 4
      vertex 142.7 0 4
      vertex 133.121 2.74944 4
    endloop
  endfacet
  facet normal -0 0 1
    outer loop
      vertex 132.899 2.3651 4
      vertex 142.7 0 4
      vertex 133.022 2.55 4
    endloop
  endfacet
  facet normal -0 0 1
    outer loop
      vertex 132.752 2.19792 4
      vertex 142.7 0 4
      vertex 132.899 2.3651 4
    endloop
  endfacet
  facet normal -0 0 1
    outer loop
      vertex 132.585 2.0513 4
      vertex 142.7 0 4
      vertex 132.752 2.19792 4
    endloop
  endfacet
  facet normal -0 0 1
    outer loop
      vertex 132.4 1.92776 4
      vertex 142.7 0 4
      vertex 132.585 2.0513 4
    endloop
  endfacet
  facet normal -0 0 1
    outer loop
      vertex 132.201 1.8294 4
      vertex 142.7 0 4
      vertex 132.4 1.92776 4
    endloop
  endfacet
  facet normal -0 0 1
    outer loop
      vertex 131.99 1.75793 4
      vertex 142.7 0 4
      vertex 132.201 1.8294 4
    endloop
  endfacet
  facet normal -0 0 1
    outer loop
      vertex 131.772 1.71454 4
      vertex 142.7 0 4
      vertex 131.99 1.75793 4
    endloop
  endfacet
  facet normal -0 0 1
    outer loop
      vertex 131.55 1.7 4
      vertex 142.7 0 4
      vertex 131.772 1.71454 4
    endloop
  endfacet
  facet normal -0 0 1
    outer loop
      vertex 128.95 1.7 4
      vertex 142.7 0 4
      vertex 131.55 1.7 4
    endloop
  endfacet
  facet normal 0 0 1
    outer loop
      vertex 123.55 1.7 4
      vertex 128.95 1.7 4
      vertex 128.728 1.71454 4
    endloop
  endfacet
  facet normal -0 0 1
    outer loop
      vertex 125.25 3.4 4
      vertex 127.265 3.17811 4
      vertex 127.25 3.4 4
    endloop
  endfacet
  facet normal 0 0 1
    outer loop
      vertex 125.235 3.17811 4
      vertex 127.265 3.17811 4
      vertex 125.25 3.4 4
    endloop
  endfacet
  facet normal 0 0 1
    outer loop
      vertex 127.265 3.17811 4
      vertex 125.235 3.17811 4
      vertex 127.308 2.96001 4
    endloop
  endfacet
  facet normal 0 0 1
    outer loop
      vertex 125.192 2.96001 4
      vertex 127.308 2.96001 4
      vertex 125.235 3.17811 4
    endloop
  endfacet
  facet normal 0 0 1
    outer loop
      vertex 127.308 2.96001 4
      vertex 125.192 2.96001 4
      vertex 127.379 2.74944 4
    endloop
  endfacet
  facet normal 0 0 1
    outer loop
      vertex 125.121 2.74944 4
      vertex 127.379 2.74944 4
      vertex 125.192 2.96001 4
    endloop
  endfacet
  facet normal 0 0 1
    outer loop
      vertex 127.379 2.74944 4
      vertex 125.121 2.74944 4
      vertex 127.478 2.55 4
    endloop
  endfacet
  facet normal 0 0 1
    outer loop
      vertex 125.022 2.55 4
      vertex 127.478 2.55 4
      vertex 125.121 2.74944 4
    endloop
  endfacet
  facet normal 0 0 1
    outer loop
      vertex 127.478 2.55 4
      vertex 125.022 2.55 4
      vertex 127.601 2.3651 4
    endloop
  endfacet
  facet normal 0 0 1
    outer loop
      vertex 124.899 2.3651 4
      vertex 127.601 2.3651 4
      vertex 125.022 2.55 4
    endloop
  endfacet
  facet normal 0 0 1
    outer loop
      vertex 127.601 2.3651 4
      vertex 124.899 2.3651 4
      vertex 127.748 2.19792 4
    endloop
  endfacet
  facet normal 0 0 1
    outer loop
      vertex 124.752 2.19792 4
      vertex 127.748 2.19792 4
      vertex 124.899 2.3651 4
    endloop
  endfacet
  facet normal 0 0 1
    outer loop
      vertex 127.748 2.19792 4
      vertex 124.752 2.19792 4
      vertex 127.915 2.0513 4
    endloop
  endfacet
  facet normal 0 0 1
    outer loop
      vertex 124.585 2.0513 4
      vertex 127.915 2.0513 4
      vertex 124.752 2.19792 4
    endloop
  endfacet
  facet normal 0 0 1
    outer loop
      vertex 127.915 2.0513 4
      vertex 124.585 2.0513 4
      vertex 128.1 1.92776 4
    endloop
  endfacet
  facet normal 0 0 1
    outer loop
      vertex 124.4 1.92776 4
      vertex 128.1 1.92776 4
      vertex 124.585 2.0513 4
    endloop
  endfacet
  facet normal 0 0 1
    outer loop
      vertex 128.1 1.92776 4
      vertex 124.4 1.92776 4
      vertex 128.299 1.8294 4
    endloop
  endfacet
  facet normal 0 0 1
    outer loop
      vertex 124.201 1.8294 4
      vertex 128.299 1.8294 4
      vertex 124.4 1.92776 4
    endloop
  endfacet
  facet normal 0 0 1
    outer loop
      vertex 128.299 1.8294 4
      vertex 124.201 1.8294 4
      vertex 128.51 1.75793 4
    endloop
  endfacet
  facet normal 0 0 1
    outer loop
      vertex 123.99 1.75793 4
      vertex 128.51 1.75793 4
      vertex 124.201 1.8294 4
    endloop
  endfacet
  facet normal 0 0 1
    outer loop
      vertex 128.51 1.75793 4
      vertex 123.99 1.75793 4
      vertex 128.728 1.71454 4
    endloop
  endfacet
  facet normal 0 0 1
    outer loop
      vertex 123.772 1.71454 4
      vertex 128.728 1.71454 4
      vertex 123.99 1.75793 4
    endloop
  endfacet
  facet normal 0 0 1
    outer loop
      vertex 123.55 1.7 4
      vertex 128.728 1.71454 4
      vertex 123.772 1.71454 4
    endloop
  endfacet
  facet normal 0 0 1
    outer loop
      vertex 128.95 1.7 4
      vertex 123.55 1.7 4
      vertex 142.7 0 4
    endloop
  endfacet
  facet normal -0 0 1
    outer loop
      vertex 120.95 1.7 4
      vertex 142.7 0 4
      vertex 123.55 1.7 4
    endloop
  endfacet
  facet normal 0 0 1
    outer loop
      vertex 115.55 1.7 4
      vertex 120.95 1.7 4
      vertex 120.728 1.71454 4
    endloop
  endfacet
  facet normal -0 0 1
    outer loop
      vertex 117.25 3.4 4
      vertex 119.265 3.17811 4
      vertex 119.25 3.4 4
    endloop
  endfacet
  facet normal 0 0 1
    outer loop
      vertex 117.235 3.17811 4
      vertex 119.265 3.17811 4
      vertex 117.25 3.4 4
    endloop
  endfacet
  facet normal 0 0 1
    outer loop
      vertex 119.265 3.17811 4
      vertex 117.235 3.17811 4
      vertex 119.308 2.96001 4
    endloop
  endfacet
  facet normal 0 0 1
    outer loop
      vertex 117.192 2.96001 4
      vertex 119.308 2.96001 4
      vertex 117.235 3.17811 4
    endloop
  endfacet
  facet normal 0 0 1
    outer loop
      vertex 119.308 2.96001 4
      vertex 117.192 2.96001 4
      vertex 119.379 2.74944 4
    endloop
  endfacet
  facet normal 0 0 1
    outer loop
      vertex 117.121 2.74944 4
      vertex 119.379 2.74944 4
      vertex 117.192 2.96001 4
    endloop
  endfacet
  facet normal 0 0 1
    outer loop
      vertex 119.379 2.74944 4
      vertex 117.121 2.74944 4
      vertex 119.478 2.55 4
    endloop
  endfacet
  facet normal 0 0 1
    outer loop
      vertex 117.022 2.55 4
      vertex 119.478 2.55 4
      vertex 117.121 2.74944 4
    endloop
  endfacet
  facet normal 0 0 1
    outer loop
      vertex 119.478 2.55 4
      vertex 117.022 2.55 4
      vertex 119.601 2.3651 4
    endloop
  endfacet
  facet normal 0 0 1
    outer loop
      vertex 116.899 2.3651 4
      vertex 119.601 2.3651 4
      vertex 117.022 2.55 4
    endloop
  endfacet
  facet normal 0 0 1
    outer loop
      vertex 119.601 2.3651 4
      vertex 116.899 2.3651 4
      vertex 119.748 2.19792 4
    endloop
  endfacet
  facet normal 0 0 1
    outer loop
      vertex 116.752 2.19792 4
      vertex 119.748 2.19792 4
      vertex 116.899 2.3651 4
    endloop
  endfacet
  facet normal 0 0 1
    outer loop
      vertex 119.748 2.19792 4
      vertex 116.752 2.19792 4
      vertex 119.915 2.0513 4
    endloop
  endfacet
  facet normal 0 0 1
    outer loop
      vertex 116.585 2.0513 4
      vertex 119.915 2.0513 4
      vertex 116.752 2.19792 4
    endloop
  endfacet
  facet normal 0 0 1
    outer loop
      vertex 119.915 2.0513 4
      vertex 116.585 2.0513 4
      vertex 120.1 1.92776 4
    endloop
  endfacet
  facet normal 0 0 1
    outer loop
      vertex 116.4 1.92776 4
      vertex 120.1 1.92776 4
      vertex 116.585 2.0513 4
    endloop
  endfacet
  facet normal 0 0 1
    outer loop
      vertex 120.1 1.92776 4
      vertex 116.4 1.92776 4
      vertex 120.299 1.8294 4
    endloop
  endfacet
  facet normal 0 0 1
    outer loop
      vertex 116.201 1.8294 4
      vertex 120.299 1.8294 4
      vertex 116.4 1.92776 4
    endloop
  endfacet
  facet normal 0 0 1
    outer loop
      vertex 120.299 1.8294 4
      vertex 116.201 1.8294 4
      vertex 120.51 1.75793 4
    endloop
  endfacet
  facet normal 0 0 1
    outer loop
      vertex 115.99 1.75793 4
      vertex 120.51 1.75793 4
      vertex 116.201 1.8294 4
    endloop
  endfacet
  facet normal 0 0 1
    outer loop
      vertex 120.51 1.75793 4
      vertex 115.99 1.75793 4
      vertex 120.728 1.71454 4
    endloop
  endfacet
  facet normal 0 0 1
    outer loop
      vertex 115.772 1.71454 4
      vertex 120.728 1.71454 4
      vertex 115.99 1.75793 4
    endloop
  endfacet
  facet normal 0 0 1
    outer loop
      vertex 115.55 1.7 4
      vertex 120.728 1.71454 4
      vertex 115.772 1.71454 4
    endloop
  endfacet
  facet normal 0 0 1
    outer loop
      vertex 120.95 1.7 4
      vertex 115.55 1.7 4
      vertex 142.7 0 4
    endloop
  endfacet
  facet normal -0 0 1
    outer loop
      vertex 112.95 1.7 4
      vertex 142.7 0 4
      vertex 115.55 1.7 4
    endloop
  endfacet
  facet normal -0 0 1
    outer loop
      vertex 109.25 3.4 4
      vertex 111.265 3.17811 4
      vertex 111.25 3.4 4
    endloop
  endfacet
  facet normal 0 0 1
    outer loop
      vertex 109.235 3.17811 4
      vertex 111.265 3.17811 4
      vertex 109.25 3.4 4
    endloop
  endfacet
  facet normal 0 0 1
    outer loop
      vertex 111.265 3.17811 4
      vertex 109.235 3.17811 4
      vertex 111.308 2.96001 4
    endloop
  endfacet
  facet normal 0 0 1
    outer loop
      vertex 109.192 2.96001 4
      vertex 111.308 2.96001 4
      vertex 109.235 3.17811 4
    endloop
  endfacet
  facet normal 0 0 1
    outer loop
      vertex 111.308 2.96001 4
      vertex 109.192 2.96001 4
      vertex 111.379 2.74944 4
    endloop
  endfacet
  facet normal 0 0 1
    outer loop
      vertex 109.121 2.74944 4
      vertex 111.379 2.74944 4
      vertex 109.192 2.96001 4
    endloop
  endfacet
  facet normal 0 0 1
    outer loop
      vertex 111.379 2.74944 4
      vertex 109.121 2.74944 4
      vertex 111.478 2.55 4
    endloop
  endfacet
  facet normal 0 0 1
    outer loop
      vertex 109.022 2.55 4
      vertex 111.478 2.55 4
      vertex 109.121 2.74944 4
    endloop
  endfacet
  facet normal 0 0 1
    outer loop
      vertex 111.478 2.55 4
      vertex 109.022 2.55 4
      vertex 111.601 2.3651 4
    endloop
  endfacet
  facet normal 0 0 1
    outer loop
      vertex 108.899 2.3651 4
      vertex 111.601 2.3651 4
      vertex 109.022 2.55 4
    endloop
  endfacet
  facet normal 0 0 1
    outer loop
      vertex 111.601 2.3651 4
      vertex 108.899 2.3651 4
      vertex 111.748 2.19792 4
    endloop
  endfacet
  facet normal 0 0 1
    outer loop
      vertex 108.752 2.19792 4
      vertex 111.748 2.19792 4
      vertex 108.899 2.3651 4
    endloop
  endfacet
  facet normal 0 0 1
    outer loop
      vertex 111.748 2.19792 4
      vertex 108.752 2.19792 4
      vertex 111.915 2.0513 4
    endloop
  endfacet
  facet normal 0 0 1
    outer loop
      vertex 108.585 2.0513 4
      vertex 111.915 2.0513 4
      vertex 108.752 2.19792 4
    endloop
  endfacet
  facet normal 0 0 1
    outer loop
      vertex 111.915 2.0513 4
      vertex 108.585 2.0513 4
      vertex 112.1 1.92776 4
    endloop
  endfacet
  facet normal 0 0 1
    outer loop
      vertex 108.4 1.92776 4
      vertex 112.1 1.92776 4
      vertex 108.585 2.0513 4
    endloop
  endfacet
  facet normal 0 0 1
    outer loop
      vertex 112.1 1.92776 4
      vertex 108.4 1.92776 4
      vertex 112.299 1.8294 4
    endloop
  endfacet
  facet normal 0 0 1
    outer loop
      vertex 108.201 1.8294 4
      vertex 112.299 1.8294 4
      vertex 108.4 1.92776 4
    endloop
  endfacet
  facet normal 0 0 1
    outer loop
      vertex 112.299 1.8294 4
      vertex 108.201 1.8294 4
      vertex 112.51 1.75793 4
    endloop
  endfacet
  facet normal 0 0 1
    outer loop
      vertex 107.99 1.75793 4
      vertex 112.51 1.75793 4
      vertex 108.201 1.8294 4
    endloop
  endfacet
  facet normal 0 0 1
    outer loop
      vertex 112.51 1.75793 4
      vertex 107.99 1.75793 4
      vertex 112.728 1.71454 4
    endloop
  endfacet
  facet normal 0 0 1
    outer loop
      vertex 107.772 1.71454 4
      vertex 112.728 1.71454 4
      vertex 107.99 1.75793 4
    endloop
  endfacet
  facet normal 0 0 1
    outer loop
      vertex 112.728 1.71454 4
      vertex 107.772 1.71454 4
      vertex 112.95 1.7 4
    endloop
  endfacet
  facet normal 0 0 1
    outer loop
      vertex 107.55 1.7 4
      vertex 112.95 1.7 4
      vertex 107.772 1.71454 4
    endloop
  endfacet
  facet normal 0 0 1
    outer loop
      vertex 112.95 1.7 4
      vertex 107.55 1.7 4
      vertex 142.7 0 4
    endloop
  endfacet
  facet normal -0 0 1
    outer loop
      vertex 104.95 1.7 4
      vertex 142.7 0 4
      vertex 107.55 1.7 4
    endloop
  endfacet
  facet normal -0 0 1
    outer loop
      vertex 101.25 3.4 4
      vertex 103.265 3.17811 4
      vertex 103.25 3.4 4
    endloop
  endfacet
  facet normal 0 0 1
    outer loop
      vertex 101.235 3.17811 4
      vertex 103.265 3.17811 4
      vertex 101.25 3.4 4
    endloop
  endfacet
  facet normal 0 0 1
    outer loop
      vertex 103.265 3.17811 4
      vertex 101.235 3.17811 4
      vertex 103.308 2.96001 4
    endloop
  endfacet
  facet normal 0 0 1
    outer loop
      vertex 101.192 2.96001 4
      vertex 103.308 2.96001 4
      vertex 101.235 3.17811 4
    endloop
  endfacet
  facet normal 0 0 1
    outer loop
      vertex 103.308 2.96001 4
      vertex 101.192 2.96001 4
      vertex 103.379 2.74944 4
    endloop
  endfacet
  facet normal 0 0 1
    outer loop
      vertex 101.121 2.74944 4
      vertex 103.379 2.74944 4
      vertex 101.192 2.96001 4
    endloop
  endfacet
  facet normal 0 0 1
    outer loop
      vertex 103.379 2.74944 4
      vertex 101.121 2.74944 4
      vertex 103.478 2.55 4
    endloop
  endfacet
  facet normal 0 0 1
    outer loop
      vertex 101.022 2.55 4
      vertex 103.478 2.55 4
      vertex 101.121 2.74944 4
    endloop
  endfacet
  facet normal 0 0 1
    outer loop
      vertex 103.478 2.55 4
      vertex 101.022 2.55 4
      vertex 103.601 2.3651 4
    endloop
  endfacet
  facet normal 0 0 1
    outer loop
      vertex 100.899 2.3651 4
      vertex 103.601 2.3651 4
      vertex 101.022 2.55 4
    endloop
  endfacet
  facet normal 0 0 1
    outer loop
      vertex 103.601 2.3651 4
      vertex 100.899 2.3651 4
      vertex 103.748 2.19792 4
    endloop
  endfacet
  facet normal 0 0 1
    outer loop
      vertex 100.752 2.19792 4
      vertex 103.748 2.19792 4
      vertex 100.899 2.3651 4
    endloop
  endfacet
  facet normal 0 0 1
    outer loop
      vertex 103.748 2.19792 4
      vertex 100.752 2.19792 4
      vertex 103.915 2.0513 4
    endloop
  endfacet
  facet normal 0 0 1
    outer loop
      vertex 100.585 2.0513 4
      vertex 103.915 2.0513 4
      vertex 100.752 2.19792 4
    endloop
  endfacet
  facet normal 0 0 1
    outer loop
      vertex 103.915 2.0513 4
      vertex 100.585 2.0513 4
      vertex 104.1 1.92776 4
    endloop
  endfacet
  facet normal 0 0 1
    outer loop
      vertex 100.4 1.92776 4
      vertex 104.1 1.92776 4
      vertex 100.585 2.0513 4
    endloop
  endfacet
  facet normal 0 0 1
    outer loop
      vertex 104.1 1.92776 4
      vertex 100.4 1.92776 4
      vertex 104.299 1.8294 4
    endloop
  endfacet
  facet normal 0 0 1
    outer loop
      vertex 100.201 1.8294 4
      vertex 104.299 1.8294 4
      vertex 100.4 1.92776 4
    endloop
  endfacet
  facet normal 0 0 1
    outer loop
      vertex 104.299 1.8294 4
      vertex 100.201 1.8294 4
      vertex 104.51 1.75793 4
    endloop
  endfacet
  facet normal 0 0 1
    outer loop
      vertex 99.99 1.75793 4
      vertex 104.51 1.75793 4
      vertex 100.201 1.8294 4
    endloop
  endfacet
  facet normal 0 0 1
    outer loop
      vertex 104.51 1.75793 4
      vertex 99.99 1.75793 4
      vertex 104.728 1.71454 4
    endloop
  endfacet
  facet normal 0 0 1
    outer loop
      vertex 99.7719 1.71454 4
      vertex 104.728 1.71454 4
      vertex 99.99 1.75793 4
    endloop
  endfacet
  facet normal 0 0 1
    outer loop
      vertex 104.728 1.71454 4
      vertex 99.7719 1.71454 4
      vertex 104.95 1.7 4
    endloop
  endfacet
  facet normal 0 0 1
    outer loop
      vertex 99.55 1.7 4
      vertex 104.95 1.7 4
      vertex 99.7719 1.71454 4
    endloop
  endfacet
  facet normal 0 0 1
    outer loop
      vertex 104.95 1.7 4
      vertex 99.55 1.7 4
      vertex 142.7 0 4
    endloop
  endfacet
  facet normal -0 0 1
    outer loop
      vertex 96.95 1.7 4
      vertex 142.7 0 4
      vertex 99.55 1.7 4
    endloop
  endfacet
  facet normal -0 0 1
    outer loop
      vertex 93.25 3.4 4
      vertex 95.2645 3.17811 4
      vertex 95.25 3.4 4
    endloop
  endfacet
  facet normal 0 0 1
    outer loop
      vertex 93.2355 3.17811 4
      vertex 95.2645 3.17811 4
      vertex 93.25 3.4 4
    endloop
  endfacet
  facet normal 0 0 1
    outer loop
      vertex 95.2645 3.17811 4
      vertex 93.2355 3.17811 4
      vertex 95.3079 2.96001 4
    endloop
  endfacet
  facet normal 0 0 1
    outer loop
      vertex 93.1921 2.96001 4
      vertex 95.3079 2.96001 4
      vertex 93.2355 3.17811 4
    endloop
  endfacet
  facet normal 0 0 1
    outer loop
      vertex 95.3079 2.96001 4
      vertex 93.1921 2.96001 4
      vertex 95.3794 2.74944 4
    endloop
  endfacet
  facet normal 0 0 1
    outer loop
      vertex 93.1206 2.74944 4
      vertex 95.3794 2.74944 4
      vertex 93.1921 2.96001 4
    endloop
  endfacet
  facet normal 0 0 1
    outer loop
      vertex 95.3794 2.74944 4
      vertex 93.1206 2.74944 4
      vertex 95.4778 2.55 4
    endloop
  endfacet
  facet normal 0 0 1
    outer loop
      vertex 93.0222 2.55 4
      vertex 95.4778 2.55 4
      vertex 93.1206 2.74944 4
    endloop
  endfacet
  facet normal 0 0 1
    outer loop
      vertex 95.4778 2.55 4
      vertex 93.0222 2.55 4
      vertex 95.6013 2.3651 4
    endloop
  endfacet
  facet normal 0 0 1
    outer loop
      vertex 92.8987 2.3651 4
      vertex 95.6013 2.3651 4
      vertex 93.0222 2.55 4
    endloop
  endfacet
  facet normal 0 0 1
    outer loop
      vertex 95.6013 2.3651 4
      vertex 92.8987 2.3651 4
      vertex 95.7479 2.19792 4
    endloop
  endfacet
  facet normal 0 0 1
    outer loop
      vertex 92.7521 2.19792 4
      vertex 95.7479 2.19792 4
      vertex 92.8987 2.3651 4
    endloop
  endfacet
  facet normal 0 0 1
    outer loop
      vertex 95.7479 2.19792 4
      vertex 92.7521 2.19792 4
      vertex 95.9151 2.0513 4
    endloop
  endfacet
  facet normal 0 0 1
    outer loop
      vertex 92.5849 2.0513 4
      vertex 95.9151 2.0513 4
      vertex 92.7521 2.19792 4
    endloop
  endfacet
  facet normal 0 0 1
    outer loop
      vertex 95.9151 2.0513 4
      vertex 92.5849 2.0513 4
      vertex 96.1 1.92776 4
    endloop
  endfacet
  facet normal 0 0 1
    outer loop
      vertex 92.4 1.92776 4
      vertex 96.1 1.92776 4
      vertex 92.5849 2.0513 4
    endloop
  endfacet
  facet normal 0 0 1
    outer loop
      vertex 96.1 1.92776 4
      vertex 92.4 1.92776 4
      vertex 96.2994 1.8294 4
    endloop
  endfacet
  facet normal 0 0 1
    outer loop
      vertex 92.2006 1.8294 4
      vertex 96.2994 1.8294 4
      vertex 92.4 1.92776 4
    endloop
  endfacet
  facet normal 0 0 1
    outer loop
      vertex 96.2994 1.8294 4
      vertex 92.2006 1.8294 4
      vertex 96.51 1.75793 4
    endloop
  endfacet
  facet normal 0 0 1
    outer loop
      vertex 91.99 1.75793 4
      vertex 96.51 1.75793 4
      vertex 92.2006 1.8294 4
    endloop
  endfacet
  facet normal 0 0 1
    outer loop
      vertex 96.51 1.75793 4
      vertex 91.99 1.75793 4
      vertex 96.7281 1.71454 4
    endloop
  endfacet
  facet normal 0 0 1
    outer loop
      vertex 91.7719 1.71454 4
      vertex 96.7281 1.71454 4
      vertex 91.99 1.75793 4
    endloop
  endfacet
  facet normal 0 0 1
    outer loop
      vertex 96.7281 1.71454 4
      vertex 91.7719 1.71454 4
      vertex 96.95 1.7 4
    endloop
  endfacet
  facet normal 0 0 1
    outer loop
      vertex 91.55 1.7 4
      vertex 96.95 1.7 4
      vertex 91.7719 1.71454 4
    endloop
  endfacet
  facet normal 0 0 1
    outer loop
      vertex 96.95 1.7 4
      vertex 91.55 1.7 4
      vertex 142.7 0 4
    endloop
  endfacet
  facet normal -0 0 1
    outer loop
      vertex 88.95 1.7 4
      vertex 142.7 0 4
      vertex 91.55 1.7 4
    endloop
  endfacet
  facet normal -0 0 1
    outer loop
      vertex 85.25 3.4 4
      vertex 87.2645 3.17811 4
      vertex 87.25 3.4 4
    endloop
  endfacet
  facet normal 0 0 1
    outer loop
      vertex 85.2355 3.17811 4
      vertex 87.2645 3.17811 4
      vertex 85.25 3.4 4
    endloop
  endfacet
  facet normal 0 0 1
    outer loop
      vertex 87.2645 3.17811 4
      vertex 85.2355 3.17811 4
      vertex 87.3079 2.96001 4
    endloop
  endfacet
  facet normal 0 0 1
    outer loop
      vertex 85.1921 2.96001 4
      vertex 87.3079 2.96001 4
      vertex 85.2355 3.17811 4
    endloop
  endfacet
  facet normal 0 0 1
    outer loop
      vertex 87.3079 2.96001 4
      vertex 85.1921 2.96001 4
      vertex 87.3794 2.74944 4
    endloop
  endfacet
  facet normal 0 0 1
    outer loop
      vertex 85.1206 2.74944 4
      vertex 87.3794 2.74944 4
      vertex 85.1921 2.96001 4
    endloop
  endfacet
  facet normal 0 0 1
    outer loop
      vertex 87.3794 2.74944 4
      vertex 85.1206 2.74944 4
      vertex 87.4778 2.55 4
    endloop
  endfacet
  facet normal 0 0 1
    outer loop
      vertex 85.0222 2.55 4
      vertex 87.4778 2.55 4
      vertex 85.1206 2.74944 4
    endloop
  endfacet
  facet normal 0 0 1
    outer loop
      vertex 87.4778 2.55 4
      vertex 85.0222 2.55 4
      vertex 87.6013 2.3651 4
    endloop
  endfacet
  facet normal 0 0 1
    outer loop
      vertex 84.8987 2.3651 4
      vertex 87.6013 2.3651 4
      vertex 85.0222 2.55 4
    endloop
  endfacet
  facet normal 0 0 1
    outer loop
      vertex 87.6013 2.3651 4
      vertex 84.8987 2.3651 4
      vertex 87.7479 2.19792 4
    endloop
  endfacet
  facet normal 0 0 1
    outer loop
      vertex 84.7521 2.19792 4
      vertex 87.7479 2.19792 4
      vertex 84.8987 2.3651 4
    endloop
  endfacet
  facet normal 0 0 1
    outer loop
      vertex 87.7479 2.19792 4
      vertex 84.7521 2.19792 4
      vertex 87.9151 2.0513 4
    endloop
  endfacet
  facet normal 0 0 1
    outer loop
      vertex 84.5849 2.0513 4
      vertex 87.9151 2.0513 4
      vertex 84.7521 2.19792 4
    endloop
  endfacet
  facet normal 0 0 1
    outer loop
      vertex 87.9151 2.0513 4
      vertex 84.5849 2.0513 4
      vertex 88.1 1.92776 4
    endloop
  endfacet
  facet normal 0 0 1
    outer loop
      vertex 84.4 1.92776 4
      vertex 88.1 1.92776 4
      vertex 84.5849 2.0513 4
    endloop
  endfacet
  facet normal 0 0 1
    outer loop
      vertex 88.1 1.92776 4
      vertex 84.4 1.92776 4
      vertex 88.2994 1.8294 4
    endloop
  endfacet
  facet normal 0 0 1
    outer loop
      vertex 84.2006 1.8294 4
      vertex 88.2994 1.8294 4
      vertex 84.4 1.92776 4
    endloop
  endfacet
  facet normal 0 0 1
    outer loop
      vertex 88.2994 1.8294 4
      vertex 84.2006 1.8294 4
      vertex 88.51 1.75793 4
    endloop
  endfacet
  facet normal 0 0 1
    outer loop
      vertex 83.99 1.75793 4
      vertex 88.51 1.75793 4
      vertex 84.2006 1.8294 4
    endloop
  endfacet
  facet normal 0 0 1
    outer loop
      vertex 88.51 1.75793 4
      vertex 83.99 1.75793 4
      vertex 88.7281 1.71454 4
    endloop
  endfacet
  facet normal 0 0 1
    outer loop
      vertex 83.7719 1.71454 4
      vertex 88.7281 1.71454 4
      vertex 83.99 1.75793 4
    endloop
  endfacet
  facet normal 0 0 1
    outer loop
      vertex 88.7281 1.71454 4
      vertex 83.7719 1.71454 4
      vertex 88.95 1.7 4
    endloop
  endfacet
  facet normal 0 0 1
    outer loop
      vertex 83.55 1.7 4
      vertex 88.95 1.7 4
      vertex 83.7719 1.71454 4
    endloop
  endfacet
  facet normal 0 0 1
    outer loop
      vertex 88.95 1.7 4
      vertex 83.55 1.7 4
      vertex 142.7 0 4
    endloop
  endfacet
  facet normal -0 0 1
    outer loop
      vertex 80.95 1.7 4
      vertex 142.7 0 4
      vertex 83.55 1.7 4
    endloop
  endfacet
  facet normal -0 0 1
    outer loop
      vertex 77.25 3.4 4
      vertex 79.2645 3.17811 4
      vertex 79.25 3.4 4
    endloop
  endfacet
  facet normal 0 0 1
    outer loop
      vertex 77.2355 3.17811 4
      vertex 79.2645 3.17811 4
      vertex 77.25 3.4 4
    endloop
  endfacet
  facet normal 0 0 1
    outer loop
      vertex 79.2645 3.17811 4
      vertex 77.2355 3.17811 4
      vertex 79.3079 2.96001 4
    endloop
  endfacet
  facet normal 0 0 1
    outer loop
      vertex 77.1921 2.96001 4
      vertex 79.3079 2.96001 4
      vertex 77.2355 3.17811 4
    endloop
  endfacet
  facet normal 0 0 1
    outer loop
      vertex 79.3079 2.96001 4
      vertex 77.1921 2.96001 4
      vertex 79.3794 2.74944 4
    endloop
  endfacet
  facet normal 0 0 1
    outer loop
      vertex 77.1206 2.74944 4
      vertex 79.3794 2.74944 4
      vertex 77.1921 2.96001 4
    endloop
  endfacet
  facet normal 0 0 1
    outer loop
      vertex 79.3794 2.74944 4
      vertex 77.1206 2.74944 4
      vertex 79.4778 2.55 4
    endloop
  endfacet
  facet normal 0 0 1
    outer loop
      vertex 77.0222 2.55 4
      vertex 79.4778 2.55 4
      vertex 77.1206 2.74944 4
    endloop
  endfacet
  facet normal 0 0 1
    outer loop
      vertex 79.4778 2.55 4
      vertex 77.0222 2.55 4
      vertex 79.6013 2.3651 4
    endloop
  endfacet
  facet normal 0 0 1
    outer loop
      vertex 76.8987 2.3651 4
      vertex 79.6013 2.3651 4
      vertex 77.0222 2.55 4
    endloop
  endfacet
  facet normal 0 0 1
    outer loop
      vertex 79.6013 2.3651 4
      vertex 76.8987 2.3651 4
      vertex 79.7479 2.19792 4
    endloop
  endfacet
  facet normal 0 0 1
    outer loop
      vertex 76.7521 2.19792 4
      vertex 79.7479 2.19792 4
      vertex 76.8987 2.3651 4
    endloop
  endfacet
  facet normal 0 0 1
    outer loop
      vertex 79.7479 2.19792 4
      vertex 76.7521 2.19792 4
      vertex 79.9151 2.0513 4
    endloop
  endfacet
  facet normal 0 0 1
    outer loop
      vertex 76.5849 2.0513 4
      vertex 79.9151 2.0513 4
      vertex 76.7521 2.19792 4
    endloop
  endfacet
  facet normal 0 0 1
    outer loop
      vertex 79.9151 2.0513 4
      vertex 76.5849 2.0513 4
      vertex 80.1 1.92776 4
    endloop
  endfacet
  facet normal 0 0 1
    outer loop
      vertex 76.4 1.92776 4
      vertex 80.1 1.92776 4
      vertex 76.5849 2.0513 4
    endloop
  endfacet
  facet normal 0 0 1
    outer loop
      vertex 80.1 1.92776 4
      vertex 76.4 1.92776 4
      vertex 80.2994 1.8294 4
    endloop
  endfacet
  facet normal 0 0 1
    outer loop
      vertex 76.2006 1.8294 4
      vertex 80.2994 1.8294 4
      vertex 76.4 1.92776 4
    endloop
  endfacet
  facet normal 0 0 1
    outer loop
      vertex 80.2994 1.8294 4
      vertex 76.2006 1.8294 4
      vertex 80.51 1.75793 4
    endloop
  endfacet
  facet normal 0 0 1
    outer loop
      vertex 75.99 1.75793 4
      vertex 80.51 1.75793 4
      vertex 76.2006 1.8294 4
    endloop
  endfacet
  facet normal 0 0 1
    outer loop
      vertex 80.51 1.75793 4
      vertex 75.99 1.75793 4
      vertex 80.7281 1.71454 4
    endloop
  endfacet
  facet normal 0 0 1
    outer loop
      vertex 75.7719 1.71454 4
      vertex 80.7281 1.71454 4
      vertex 75.99 1.75793 4
    endloop
  endfacet
  facet normal 0 0 1
    outer loop
      vertex 80.7281 1.71454 4
      vertex 75.7719 1.71454 4
      vertex 80.95 1.7 4
    endloop
  endfacet
  facet normal 0 0 1
    outer loop
      vertex 75.55 1.7 4
      vertex 80.95 1.7 4
      vertex 75.7719 1.71454 4
    endloop
  endfacet
  facet normal 0 0 1
    outer loop
      vertex 80.95 1.7 4
      vertex 75.55 1.7 4
      vertex 142.7 0 4
    endloop
  endfacet
  facet normal -0 0 1
    outer loop
      vertex 72.95 1.7 4
      vertex 142.7 0 4
      vertex 75.55 1.7 4
    endloop
  endfacet
  facet normal -0 0 1
    outer loop
      vertex 69.25 3.4 4
      vertex 71.2645 3.17811 4
      vertex 71.25 3.4 4
    endloop
  endfacet
  facet normal 0 0 1
    outer loop
      vertex 69.2355 3.17811 4
      vertex 71.2645 3.17811 4
      vertex 69.25 3.4 4
    endloop
  endfacet
  facet normal 0 0 1
    outer loop
      vertex 71.2645 3.17811 4
      vertex 69.2355 3.17811 4
      vertex 71.3079 2.96001 4
    endloop
  endfacet
  facet normal 0 0 1
    outer loop
      vertex 69.1921 2.96001 4
      vertex 71.3079 2.96001 4
      vertex 69.2355 3.17811 4
    endloop
  endfacet
  facet normal 0 0 1
    outer loop
      vertex 71.3079 2.96001 4
      vertex 69.1921 2.96001 4
      vertex 71.3794 2.74944 4
    endloop
  endfacet
  facet normal 0 0 1
    outer loop
      vertex 69.1206 2.74944 4
      vertex 71.3794 2.74944 4
      vertex 69.1921 2.96001 4
    endloop
  endfacet
  facet normal 0 0 1
    outer loop
      vertex 71.3794 2.74944 4
      vertex 69.1206 2.74944 4
      vertex 71.4778 2.55 4
    endloop
  endfacet
  facet normal 0 0 1
    outer loop
      vertex 69.0222 2.55 4
      vertex 71.4778 2.55 4
      vertex 69.1206 2.74944 4
    endloop
  endfacet
  facet normal 0 0 1
    outer loop
      vertex 71.4778 2.55 4
      vertex 69.0222 2.55 4
      vertex 71.6013 2.3651 4
    endloop
  endfacet
  facet normal 0 0 1
    outer loop
      vertex 68.8987 2.3651 4
      vertex 71.6013 2.3651 4
      vertex 69.0222 2.55 4
    endloop
  endfacet
  facet normal 0 0 1
    outer loop
      vertex 71.6013 2.3651 4
      vertex 68.8987 2.3651 4
      vertex 71.7479 2.19792 4
    endloop
  endfacet
  facet normal 0 0 1
    outer loop
      vertex 68.7521 2.19792 4
      vertex 71.7479 2.19792 4
      vertex 68.8987 2.3651 4
    endloop
  endfacet
  facet normal 0 0 1
    outer loop
      vertex 71.7479 2.19792 4
      vertex 68.7521 2.19792 4
      vertex 71.9151 2.0513 4
    endloop
  endfacet
  facet normal 0 0 1
    outer loop
      vertex 68.5849 2.0513 4
      vertex 71.9151 2.0513 4
      vertex 68.7521 2.19792 4
    endloop
  endfacet
  facet normal 0 0 1
    outer loop
      vertex 71.9151 2.0513 4
      vertex 68.5849 2.0513 4
      vertex 72.1 1.92776 4
    endloop
  endfacet
  facet normal 0 0 1
    outer loop
      vertex 68.4 1.92776 4
      vertex 72.1 1.92776 4
      vertex 68.5849 2.0513 4
    endloop
  endfacet
  facet normal 0 0 1
    outer loop
      vertex 72.1 1.92776 4
      vertex 68.4 1.92776 4
      vertex 72.2994 1.8294 4
    endloop
  endfacet
  facet normal 0 0 1
    outer loop
      vertex 68.2006 1.8294 4
      vertex 72.2994 1.8294 4
      vertex 68.4 1.92776 4
    endloop
  endfacet
  facet normal 0 0 1
    outer loop
      vertex 72.2994 1.8294 4
      vertex 68.2006 1.8294 4
      vertex 72.51 1.75793 4
    endloop
  endfacet
  facet normal 0 0 1
    outer loop
      vertex 67.99 1.75793 4
      vertex 72.51 1.75793 4
      vertex 68.2006 1.8294 4
    endloop
  endfacet
  facet normal 0 0 1
    outer loop
      vertex 72.51 1.75793 4
      vertex 67.99 1.75793 4
      vertex 72.7281 1.71454 4
    endloop
  endfacet
  facet normal 0 0 1
    outer loop
      vertex 67.7719 1.71454 4
      vertex 72.7281 1.71454 4
      vertex 67.99 1.75793 4
    endloop
  endfacet
  facet normal 0 0 1
    outer loop
      vertex 72.7281 1.71454 4
      vertex 67.7719 1.71454 4
      vertex 72.95 1.7 4
    endloop
  endfacet
  facet normal 0 0 1
    outer loop
      vertex 67.55 1.7 4
      vertex 72.95 1.7 4
      vertex 67.7719 1.71454 4
    endloop
  endfacet
  facet normal 0 0 1
    outer loop
      vertex 21.8 0 4
      vertex 72.95 1.7 4
      vertex 67.55 1.7 4
    endloop
  endfacet
  facet normal 0 0 1
    outer loop
      vertex 21.8 0 4
      vertex 67.55 1.7 4
      vertex 64.95 1.7 4
    endloop
  endfacet
  facet normal -0 0 1
    outer loop
      vertex 61.25 3.4 4
      vertex 63.2645 3.17811 4
      vertex 63.25 3.4 4
    endloop
  endfacet
  facet normal 0 0 1
    outer loop
      vertex 61.2355 3.17811 4
      vertex 63.2645 3.17811 4
      vertex 61.25 3.4 4
    endloop
  endfacet
  facet normal 0 0 1
    outer loop
      vertex 63.2645 3.17811 4
      vertex 61.2355 3.17811 4
      vertex 63.3079 2.96001 4
    endloop
  endfacet
  facet normal 0 0 1
    outer loop
      vertex 61.1921 2.96001 4
      vertex 63.3079 2.96001 4
      vertex 61.2355 3.17811 4
    endloop
  endfacet
  facet normal 0 0 1
    outer loop
      vertex 63.3079 2.96001 4
      vertex 61.1921 2.96001 4
      vertex 63.3794 2.74944 4
    endloop
  endfacet
  facet normal 0 0 1
    outer loop
      vertex 61.1206 2.74944 4
      vertex 63.3794 2.74944 4
      vertex 61.1921 2.96001 4
    endloop
  endfacet
  facet normal 0 0 1
    outer loop
      vertex 63.3794 2.74944 4
      vertex 61.1206 2.74944 4
      vertex 63.4778 2.55 4
    endloop
  endfacet
  facet normal 0 0 1
    outer loop
      vertex 61.0222 2.55 4
      vertex 63.4778 2.55 4
      vertex 61.1206 2.74944 4
    endloop
  endfacet
  facet normal 0 0 1
    outer loop
      vertex 63.4778 2.55 4
      vertex 61.0222 2.55 4
      vertex 63.6013 2.3651 4
    endloop
  endfacet
  facet normal 0 0 1
    outer loop
      vertex 60.8987 2.3651 4
      vertex 63.6013 2.3651 4
      vertex 61.0222 2.55 4
    endloop
  endfacet
  facet normal 0 0 1
    outer loop
      vertex 63.6013 2.3651 4
      vertex 60.8987 2.3651 4
      vertex 63.7479 2.19792 4
    endloop
  endfacet
  facet normal 0 0 1
    outer loop
      vertex 60.7521 2.19792 4
      vertex 63.7479 2.19792 4
      vertex 60.8987 2.3651 4
    endloop
  endfacet
  facet normal 0 0 1
    outer loop
      vertex 63.7479 2.19792 4
      vertex 60.7521 2.19792 4
      vertex 63.9151 2.0513 4
    endloop
  endfacet
  facet normal 0 0 1
    outer loop
      vertex 60.5849 2.0513 4
      vertex 63.9151 2.0513 4
      vertex 60.7521 2.19792 4
    endloop
  endfacet
  facet normal 0 0 1
    outer loop
      vertex 63.9151 2.0513 4
      vertex 60.5849 2.0513 4
      vertex 64.1 1.92776 4
    endloop
  endfacet
  facet normal 0 0 1
    outer loop
      vertex 60.4 1.92776 4
      vertex 64.1 1.92776 4
      vertex 60.5849 2.0513 4
    endloop
  endfacet
  facet normal 0 0 1
    outer loop
      vertex 64.1 1.92776 4
      vertex 60.4 1.92776 4
      vertex 64.2994 1.8294 4
    endloop
  endfacet
  facet normal 0 0 1
    outer loop
      vertex 60.2006 1.8294 4
      vertex 64.2994 1.8294 4
      vertex 60.4 1.92776 4
    endloop
  endfacet
  facet normal 0 0 1
    outer loop
      vertex 64.2994 1.8294 4
      vertex 60.2006 1.8294 4
      vertex 64.51 1.75793 4
    endloop
  endfacet
  facet normal 0 0 1
    outer loop
      vertex 59.99 1.75793 4
      vertex 64.51 1.75793 4
      vertex 60.2006 1.8294 4
    endloop
  endfacet
  facet normal 0 0 1
    outer loop
      vertex 64.51 1.75793 4
      vertex 59.99 1.75793 4
      vertex 64.7281 1.71454 4
    endloop
  endfacet
  facet normal 0 0 1
    outer loop
      vertex 59.7719 1.71454 4
      vertex 64.7281 1.71454 4
      vertex 59.99 1.75793 4
    endloop
  endfacet
  facet normal 0 0 1
    outer loop
      vertex 64.7281 1.71454 4
      vertex 59.7719 1.71454 4
      vertex 64.95 1.7 4
    endloop
  endfacet
  facet normal 0 0 1
    outer loop
      vertex 59.55 1.7 4
      vertex 64.95 1.7 4
      vertex 59.7719 1.71454 4
    endloop
  endfacet
  facet normal 0 0 1
    outer loop
      vertex 21.8 0 4
      vertex 64.95 1.7 4
      vertex 59.55 1.7 4
    endloop
  endfacet
  facet normal 0 0 1
    outer loop
      vertex 21.8 0 4
      vertex 59.55 1.7 4
      vertex 56.95 1.7 4
    endloop
  endfacet
  facet normal -0 0 1
    outer loop
      vertex 53.25 3.4 4
      vertex 55.2645 3.17811 4
      vertex 55.25 3.4 4
    endloop
  endfacet
  facet normal 0 0 1
    outer loop
      vertex 53.2355 3.17811 4
      vertex 55.2645 3.17811 4
      vertex 53.25 3.4 4
    endloop
  endfacet
  facet normal 0 0 1
    outer loop
      vertex 55.2645 3.17811 4
      vertex 53.2355 3.17811 4
      vertex 55.3079 2.96001 4
    endloop
  endfacet
  facet normal 0 0 1
    outer loop
      vertex 53.1921 2.96001 4
      vertex 55.3079 2.96001 4
      vertex 53.2355 3.17811 4
    endloop
  endfacet
  facet normal 0 0 1
    outer loop
      vertex 55.3079 2.96001 4
      vertex 53.1921 2.96001 4
      vertex 55.3794 2.74944 4
    endloop
  endfacet
  facet normal 0 0 1
    outer loop
      vertex 53.1206 2.74944 4
      vertex 55.3794 2.74944 4
      vertex 53.1921 2.96001 4
    endloop
  endfacet
  facet normal 0 0 1
    outer loop
      vertex 55.3794 2.74944 4
      vertex 53.1206 2.74944 4
      vertex 55.4778 2.55 4
    endloop
  endfacet
  facet normal 0 0 1
    outer loop
      vertex 53.0222 2.55 4
      vertex 55.4778 2.55 4
      vertex 53.1206 2.74944 4
    endloop
  endfacet
  facet normal 0 0 1
    outer loop
      vertex 55.4778 2.55 4
      vertex 53.0222 2.55 4
      vertex 55.6013 2.3651 4
    endloop
  endfacet
  facet normal 0 0 1
    outer loop
      vertex 52.8987 2.3651 4
      vertex 55.6013 2.3651 4
      vertex 53.0222 2.55 4
    endloop
  endfacet
  facet normal 0 0 1
    outer loop
      vertex 55.6013 2.3651 4
      vertex 52.8987 2.3651 4
      vertex 55.7479 2.19792 4
    endloop
  endfacet
  facet normal 0 0 1
    outer loop
      vertex 52.7521 2.19792 4
      vertex 55.7479 2.19792 4
      vertex 52.8987 2.3651 4
    endloop
  endfacet
  facet normal 0 0 1
    outer loop
      vertex 55.7479 2.19792 4
      vertex 52.7521 2.19792 4
      vertex 55.9151 2.0513 4
    endloop
  endfacet
  facet normal 0 0 1
    outer loop
      vertex 52.5849 2.0513 4
      vertex 55.9151 2.0513 4
      vertex 52.7521 2.19792 4
    endloop
  endfacet
  facet normal 0 0 1
    outer loop
      vertex 55.9151 2.0513 4
      vertex 52.5849 2.0513 4
      vertex 56.1 1.92776 4
    endloop
  endfacet
  facet normal 0 0 1
    outer loop
      vertex 52.4 1.92776 4
      vertex 56.1 1.92776 4
      vertex 52.5849 2.0513 4
    endloop
  endfacet
  facet normal 0 0 1
    outer loop
      vertex 56.1 1.92776 4
      vertex 52.4 1.92776 4
      vertex 56.2994 1.8294 4
    endloop
  endfacet
  facet normal 0 0 1
    outer loop
      vertex 52.2006 1.8294 4
      vertex 56.2994 1.8294 4
      vertex 52.4 1.92776 4
    endloop
  endfacet
  facet normal 0 0 1
    outer loop
      vertex 56.2994 1.8294 4
      vertex 52.2006 1.8294 4
      vertex 56.51 1.75793 4
    endloop
  endfacet
  facet normal 0 0 1
    outer loop
      vertex 51.99 1.75793 4
      vertex 56.51 1.75793 4
      vertex 52.2006 1.8294 4
    endloop
  endfacet
  facet normal 0 0 1
    outer loop
      vertex 56.51 1.75793 4
      vertex 51.99 1.75793 4
      vertex 56.7281 1.71454 4
    endloop
  endfacet
  facet normal 0 0 1
    outer loop
      vertex 51.7719 1.71454 4
      vertex 56.7281 1.71454 4
      vertex 51.99 1.75793 4
    endloop
  endfacet
  facet normal 0 0 1
    outer loop
      vertex 56.7281 1.71454 4
      vertex 51.7719 1.71454 4
      vertex 56.95 1.7 4
    endloop
  endfacet
  facet normal 0 0 1
    outer loop
      vertex 51.55 1.7 4
      vertex 56.95 1.7 4
      vertex 51.7719 1.71454 4
    endloop
  endfacet
  facet normal 0 0 1
    outer loop
      vertex 21.8 0 4
      vertex 56.95 1.7 4
      vertex 51.55 1.7 4
    endloop
  endfacet
  facet normal 0 0 1
    outer loop
      vertex 21.8 0 4
      vertex 51.55 1.7 4
      vertex 48.95 1.7 4
    endloop
  endfacet
  facet normal -0 0 1
    outer loop
      vertex 45.25 3.4 4
      vertex 47.2645 3.17811 4
      vertex 47.25 3.4 4
    endloop
  endfacet
  facet normal 0 0 1
    outer loop
      vertex 45.2355 3.17811 4
      vertex 47.2645 3.17811 4
      vertex 45.25 3.4 4
    endloop
  endfacet
  facet normal 0 0 1
    outer loop
      vertex 47.2645 3.17811 4
      vertex 45.2355 3.17811 4
      vertex 47.3079 2.96001 4
    endloop
  endfacet
  facet normal 0 0 1
    outer loop
      vertex 45.1921 2.96001 4
      vertex 47.3079 2.96001 4
      vertex 45.2355 3.17811 4
    endloop
  endfacet
  facet normal 0 0 1
    outer loop
      vertex 47.3079 2.96001 4
      vertex 45.1921 2.96001 4
      vertex 47.3794 2.74944 4
    endloop
  endfacet
  facet normal 0 0 1
    outer loop
      vertex 45.1206 2.74944 4
      vertex 47.3794 2.74944 4
      vertex 45.1921 2.96001 4
    endloop
  endfacet
  facet normal 0 0 1
    outer loop
      vertex 47.3794 2.74944 4
      vertex 45.1206 2.74944 4
      vertex 47.4778 2.55 4
    endloop
  endfacet
  facet normal 0 0 1
    outer loop
      vertex 45.0222 2.55 4
      vertex 47.4778 2.55 4
      vertex 45.1206 2.74944 4
    endloop
  endfacet
  facet normal 0 0 1
    outer loop
      vertex 47.4778 2.55 4
      vertex 45.0222 2.55 4
      vertex 47.6013 2.3651 4
    endloop
  endfacet
  facet normal 0 0 1
    outer loop
      vertex 44.8987 2.3651 4
      vertex 47.6013 2.3651 4
      vertex 45.0222 2.55 4
    endloop
  endfacet
  facet normal 0 0 1
    outer loop
      vertex 47.6013 2.3651 4
      vertex 44.8987 2.3651 4
      vertex 47.7479 2.19792 4
    endloop
  endfacet
  facet normal 0 0 1
    outer loop
      vertex 44.7521 2.19792 4
      vertex 47.7479 2.19792 4
      vertex 44.8987 2.3651 4
    endloop
  endfacet
  facet normal 0 0 1
    outer loop
      vertex 47.7479 2.19792 4
      vertex 44.7521 2.19792 4
      vertex 47.9151 2.0513 4
    endloop
  endfacet
  facet normal 0 0 1
    outer loop
      vertex 44.5849 2.0513 4
      vertex 47.9151 2.0513 4
      vertex 44.7521 2.19792 4
    endloop
  endfacet
  facet normal 0 0 1
    outer loop
      vertex 47.9151 2.0513 4
      vertex 44.5849 2.0513 4
      vertex 48.1 1.92776 4
    endloop
  endfacet
  facet normal 0 0 1
    outer loop
      vertex 44.4 1.92776 4
      vertex 48.1 1.92776 4
      vertex 44.5849 2.0513 4
    endloop
  endfacet
  facet normal 0 0 1
    outer loop
      vertex 48.1 1.92776 4
      vertex 44.4 1.92776 4
      vertex 48.2994 1.8294 4
    endloop
  endfacet
  facet normal 0 0 1
    outer loop
      vertex 44.2006 1.8294 4
      vertex 48.2994 1.8294 4
      vertex 44.4 1.92776 4
    endloop
  endfacet
  facet normal 0 0 1
    outer loop
      vertex 48.2994 1.8294 4
      vertex 44.2006 1.8294 4
      vertex 48.51 1.75793 4
    endloop
  endfacet
  facet normal 0 0 1
    outer loop
      vertex 43.99 1.75793 4
      vertex 48.51 1.75793 4
      vertex 44.2006 1.8294 4
    endloop
  endfacet
  facet normal 0 0 1
    outer loop
      vertex 48.51 1.75793 4
      vertex 43.99 1.75793 4
      vertex 48.7281 1.71454 4
    endloop
  endfacet
  facet normal 0 0 1
    outer loop
      vertex 43.7719 1.71454 4
      vertex 48.7281 1.71454 4
      vertex 43.99 1.75793 4
    endloop
  endfacet
  facet normal 0 0 1
    outer loop
      vertex 48.7281 1.71454 4
      vertex 43.7719 1.71454 4
      vertex 48.95 1.7 4
    endloop
  endfacet
  facet normal 0 0 1
    outer loop
      vertex 43.55 1.7 4
      vertex 48.95 1.7 4
      vertex 43.7719 1.71454 4
    endloop
  endfacet
  facet normal 0 0 1
    outer loop
      vertex 21.8 0 4
      vertex 48.95 1.7 4
      vertex 43.55 1.7 4
    endloop
  endfacet
  facet normal 0 0 1
    outer loop
      vertex 21.8 0 4
      vertex 43.55 1.7 4
      vertex 40.95 1.7 4
    endloop
  endfacet
  facet normal -0 0 1
    outer loop
      vertex 37.25 3.4 4
      vertex 39.2645 3.17811 4
      vertex 39.25 3.4 4
    endloop
  endfacet
  facet normal 0 0 1
    outer loop
      vertex 37.2355 3.17811 4
      vertex 39.2645 3.17811 4
      vertex 37.25 3.4 4
    endloop
  endfacet
  facet normal 0 0 1
    outer loop
      vertex 39.2645 3.17811 4
      vertex 37.2355 3.17811 4
      vertex 39.3079 2.96001 4
    endloop
  endfacet
  facet normal 0 0 1
    outer loop
      vertex 37.1921 2.96001 4
      vertex 39.3079 2.96001 4
      vertex 37.2355 3.17811 4
    endloop
  endfacet
  facet normal 0 0 1
    outer loop
      vertex 39.3079 2.96001 4
      vertex 37.1921 2.96001 4
      vertex 39.3794 2.74944 4
    endloop
  endfacet
  facet normal 0 0 1
    outer loop
      vertex 37.1206 2.74944 4
      vertex 39.3794 2.74944 4
      vertex 37.1921 2.96001 4
    endloop
  endfacet
  facet normal 0 0 1
    outer loop
      vertex 39.3794 2.74944 4
      vertex 37.1206 2.74944 4
      vertex 39.4778 2.55 4
    endloop
  endfacet
  facet normal 0 0 1
    outer loop
      vertex 37.0222 2.55 4
      vertex 39.4778 2.55 4
      vertex 37.1206 2.74944 4
    endloop
  endfacet
  facet normal 0 0 1
    outer loop
      vertex 39.4778 2.55 4
      vertex 37.0222 2.55 4
      vertex 39.6013 2.3651 4
    endloop
  endfacet
  facet normal 0 0 1
    outer loop
      vertex 36.8987 2.3651 4
      vertex 39.6013 2.3651 4
      vertex 37.0222 2.55 4
    endloop
  endfacet
  facet normal 0 0 1
    outer loop
      vertex 39.6013 2.3651 4
      vertex 36.8987 2.3651 4
      vertex 39.7479 2.19792 4
    endloop
  endfacet
  facet normal 0 0 1
    outer loop
      vertex 36.7521 2.19792 4
      vertex 39.7479 2.19792 4
      vertex 36.8987 2.3651 4
    endloop
  endfacet
  facet normal 0 0 1
    outer loop
      vertex 39.7479 2.19792 4
      vertex 36.7521 2.19792 4
      vertex 39.9151 2.0513 4
    endloop
  endfacet
  facet normal 0 0 1
    outer loop
      vertex 36.5849 2.0513 4
      vertex 39.9151 2.0513 4
      vertex 36.7521 2.19792 4
    endloop
  endfacet
  facet normal 0 0 1
    outer loop
      vertex 39.9151 2.0513 4
      vertex 36.5849 2.0513 4
      vertex 40.1 1.92776 4
    endloop
  endfacet
  facet normal 0 0 1
    outer loop
      vertex 36.4 1.92776 4
      vertex 40.1 1.92776 4
      vertex 36.5849 2.0513 4
    endloop
  endfacet
  facet normal 0 0 1
    outer loop
      vertex 40.1 1.92776 4
      vertex 36.4 1.92776 4
      vertex 40.2994 1.8294 4
    endloop
  endfacet
  facet normal 0 0 1
    outer loop
      vertex 36.2006 1.8294 4
      vertex 40.2994 1.8294 4
      vertex 36.4 1.92776 4
    endloop
  endfacet
  facet normal 0 0 1
    outer loop
      vertex 40.2994 1.8294 4
      vertex 36.2006 1.8294 4
      vertex 40.51 1.75793 4
    endloop
  endfacet
  facet normal 0 0 1
    outer loop
      vertex 35.99 1.75793 4
      vertex 40.51 1.75793 4
      vertex 36.2006 1.8294 4
    endloop
  endfacet
  facet normal 0 0 1
    outer loop
      vertex 40.51 1.75793 4
      vertex 35.99 1.75793 4
      vertex 40.7281 1.71454 4
    endloop
  endfacet
  facet normal 0 0 1
    outer loop
      vertex 35.7719 1.71454 4
      vertex 40.7281 1.71454 4
      vertex 35.99 1.75793 4
    endloop
  endfacet
  facet normal 0 0 1
    outer loop
      vertex 40.7281 1.71454 4
      vertex 35.7719 1.71454 4
      vertex 40.95 1.7 4
    endloop
  endfacet
  facet normal 0 0 1
    outer loop
      vertex 35.55 1.7 4
      vertex 40.95 1.7 4
      vertex 35.7719 1.71454 4
    endloop
  endfacet
  facet normal 0 0 1
    outer loop
      vertex 40.95 1.7 4
      vertex 35.55 1.7 4
      vertex 21.8 0 4
    endloop
  endfacet
  facet normal 0 0 1
    outer loop
      vertex 21.8 0 4
      vertex 35.55 1.7 4
      vertex 32.95 1.7 4
    endloop
  endfacet
  facet normal 0 0 1
    outer loop
      vertex 21.8 5.3 4
      vertex 31.2645 3.17811 4
      vertex 31.25 3.4 4
    endloop
  endfacet
  facet normal 0 0 1
    outer loop
      vertex 21.8 0 4
      vertex 31.2645 3.17811 4
      vertex 21.8 5.3 4
    endloop
  endfacet
  facet normal 0 0 1
    outer loop
      vertex 31.2645 3.17811 4
      vertex 21.8 0 4
      vertex 31.3079 2.96001 4
    endloop
  endfacet
  facet normal 0 0 1
    outer loop
      vertex 31.3079 2.96001 4
      vertex 21.8 0 4
      vertex 31.3794 2.74944 4
    endloop
  endfacet
  facet normal 0 0 1
    outer loop
      vertex 31.3794 2.74944 4
      vertex 21.8 0 4
      vertex 31.4778 2.55 4
    endloop
  endfacet
  facet normal 0 0 1
    outer loop
      vertex 31.4778 2.55 4
      vertex 21.8 0 4
      vertex 31.6013 2.3651 4
    endloop
  endfacet
  facet normal 0 0 1
    outer loop
      vertex 31.6013 2.3651 4
      vertex 21.8 0 4
      vertex 31.7479 2.19792 4
    endloop
  endfacet
  facet normal 0 0 1
    outer loop
      vertex 31.7479 2.19792 4
      vertex 21.8 0 4
      vertex 31.9151 2.0513 4
    endloop
  endfacet
  facet normal 0 0 1
    outer loop
      vertex 31.9151 2.0513 4
      vertex 21.8 0 4
      vertex 32.1 1.92776 4
    endloop
  endfacet
  facet normal 0 0 1
    outer loop
      vertex 32.1 1.92776 4
      vertex 21.8 0 4
      vertex 32.2994 1.8294 4
    endloop
  endfacet
  facet normal 0 0 1
    outer loop
      vertex 72.95 1.7 4
      vertex 21.8 0 4
      vertex 142.7 0 4
    endloop
  endfacet
  facet normal 0 0 1
    outer loop
      vertex 32.7281 1.71454 4
      vertex 21.8 0 4
      vertex 32.95 1.7 4
    endloop
  endfacet
  facet normal 0 0 1
    outer loop
      vertex 32.51 1.75793 4
      vertex 21.8 0 4
      vertex 32.7281 1.71454 4
    endloop
  endfacet
  facet normal 0 0 1
    outer loop
      vertex 32.2994 1.8294 4
      vertex 21.8 0 4
      vertex 32.51 1.75793 4
    endloop
  endfacet
  facet normal 0 0 1
    outer loop
      vertex 157.15 94.4 4
      vertex 110.45 95.6 4
      vertex 110.45 94.4 4
    endloop
  endfacet
  facet normal 0 0 -1
    outer loop
      vertex 0 64 4
      vertex -1.7 70 4
      vertex 0 76 4
    endloop
  endfacet
  facet normal 0 0 -1
    outer loop
      vertex 0 64 4
      vertex -1.70941 69.8564 4
      vertex -1.7 70 4
    endloop
  endfacet
  facet normal 0 0 -1
    outer loop
      vertex 0 64 4
      vertex -1.73748 69.7153 4
      vertex -1.70941 69.8564 4
    endloop
  endfacet
  facet normal 0 0 -1
    outer loop
      vertex 0 64 4
      vertex -1.78373 69.579 4
      vertex -1.73748 69.7153 4
    endloop
  endfacet
  facet normal 0 0 -1
    outer loop
      vertex 0 64 4
      vertex -1.84737 69.45 4
      vertex -1.78373 69.579 4
    endloop
  endfacet
  facet normal 0 0 -1
    outer loop
      vertex 0 64 4
      vertex -1.92731 69.3304 4
      vertex -1.84737 69.45 4
    endloop
  endfacet
  facet normal 0 0 -1
    outer loop
      vertex 0 64 4
      vertex -2.02218 69.2222 4
      vertex -1.92731 69.3304 4
    endloop
  endfacet
  facet normal 0 0 -1
    outer loop
      vertex 0 64 4
      vertex -2.13036 69.1273 4
      vertex -2.02218 69.2222 4
    endloop
  endfacet
  facet normal 0 0 -1
    outer loop
      vertex 0 64 4
      vertex -2.25 69.0474 4
      vertex -2.13036 69.1273 4
    endloop
  endfacet
  facet normal 0 0 -1
    outer loop
      vertex 0 64 4
      vertex -2.37905 68.9837 4
      vertex -2.25 69.0474 4
    endloop
  endfacet
  facet normal 0 0 -1
    outer loop
      vertex 0 64 4
      vertex -2.5153 68.9375 4
      vertex -2.37905 68.9837 4
    endloop
  endfacet
  facet normal 0 0 -1
    outer loop
      vertex 0 64 4
      vertex -2.65642 68.9094 4
      vertex -2.5153 68.9375 4
    endloop
  endfacet
  facet normal 0 0 -1
    outer loop
      vertex 0 64 4
      vertex -2.8 68.9 4
      vertex -2.65642 68.9094 4
    endloop
  endfacet
  facet normal 0 0 -1
    outer loop
      vertex -5 64 4
      vertex -2.8 68.9 4
      vertex 0 64 4
    endloop
  endfacet
  facet normal -0 0 -1
    outer loop
      vertex -2.8 68.9 4
      vertex -5 64 4
      vertex -2.94358 68.9094 4
    endloop
  endfacet
  facet normal -0 0 -1
    outer loop
      vertex -2.94358 68.9094 4
      vertex -5 64 4
      vertex -3.0847 68.9375 4
    endloop
  endfacet
  facet normal 0 0 -1
    outer loop
      vertex -6 65 4
      vertex -3.0847 68.9375 4
      vertex -5 64 4
    endloop
  endfacet
  facet normal -0 0 -1
    outer loop
      vertex -3.0847 68.9375 4
      vertex -6 65 4
      vertex -3.22095 68.9837 4
    endloop
  endfacet
  facet normal -0 0 -1
    outer loop
      vertex -3.22095 68.9837 4
      vertex -6 65 4
      vertex -3.35 69.0474 4
    endloop
  endfacet
  facet normal -0 0 -1
    outer loop
      vertex -3.35 69.0474 4
      vertex -6 65 4
      vertex -3.46964 69.1273 4
    endloop
  endfacet
  facet normal -0 0 -1
    outer loop
      vertex -3.86252 69.7153 4
      vertex -6 65 4
      vertex -3.89059 69.8564 4
    endloop
  endfacet
  facet normal -0 0 -1
    outer loop
      vertex -3.81627 69.579 4
      vertex -6 65 4
      vertex -3.86252 69.7153 4
    endloop
  endfacet
  facet normal -0 0 -1
    outer loop
      vertex -3.75263 69.45 4
      vertex -6 65 4
      vertex -3.81627 69.579 4
    endloop
  endfacet
  facet normal -0 0 -1
    outer loop
      vertex -3.67269 69.3304 4
      vertex -6 65 4
      vertex -3.75263 69.45 4
    endloop
  endfacet
  facet normal -0 0 -1
    outer loop
      vertex -3.57782 69.2222 4
      vertex -6 65 4
      vertex -3.67269 69.3304 4
    endloop
  endfacet
  facet normal -0 0 -1
    outer loop
      vertex -3.46964 69.1273 4
      vertex -6 65 4
      vertex -3.57782 69.2222 4
    endloop
  endfacet
  facet normal 0 0 -1
    outer loop
      vertex -1.70941 70.1436 4
      vertex 0 76 4
      vertex -1.7 70 4
    endloop
  endfacet
  facet normal 0 0 -1
    outer loop
      vertex -1.73748 70.2847 4
      vertex 0 76 4
      vertex -1.70941 70.1436 4
    endloop
  endfacet
  facet normal 0 0 -1
    outer loop
      vertex -1.78373 70.421 4
      vertex 0 76 4
      vertex -1.73748 70.2847 4
    endloop
  endfacet
  facet normal 0 0 -1
    outer loop
      vertex -1.84737 70.55 4
      vertex 0 76 4
      vertex -1.78373 70.421 4
    endloop
  endfacet
  facet normal 0 0 -1
    outer loop
      vertex -1.92731 70.6696 4
      vertex 0 76 4
      vertex -1.84737 70.55 4
    endloop
  endfacet
  facet normal 0 0 -1
    outer loop
      vertex -2.02218 70.7778 4
      vertex 0 76 4
      vertex -1.92731 70.6696 4
    endloop
  endfacet
  facet normal 0 0 -1
    outer loop
      vertex -2.13036 70.8727 4
      vertex 0 76 4
      vertex -2.02218 70.7778 4
    endloop
  endfacet
  facet normal 0 0 -1
    outer loop
      vertex -2.25 70.9526 4
      vertex 0 76 4
      vertex -2.13036 70.8727 4
    endloop
  endfacet
  facet normal 0 0 -1
    outer loop
      vertex -2.37905 71.0163 4
      vertex 0 76 4
      vertex -2.25 70.9526 4
    endloop
  endfacet
  facet normal 0 0 -1
    outer loop
      vertex -2.5153 71.0625 4
      vertex 0 76 4
      vertex -2.37905 71.0163 4
    endloop
  endfacet
  facet normal 0 0 -1
    outer loop
      vertex -2.65642 71.0906 4
      vertex 0 76 4
      vertex -2.5153 71.0625 4
    endloop
  endfacet
  facet normal 0 0 -1
    outer loop
      vertex -2.8 71.1 4
      vertex 0 76 4
      vertex -2.65642 71.0906 4
    endloop
  endfacet
  facet normal 0 0 -1
    outer loop
      vertex -5 76 4
      vertex -2.8 71.1 4
      vertex -2.94358 71.0906 4
    endloop
  endfacet
  facet normal 0 0 -1
    outer loop
      vertex -5 76 4
      vertex -2.94358 71.0906 4
      vertex -3.0847 71.0625 4
    endloop
  endfacet
  facet normal 0 0 -1
    outer loop
      vertex -6 75 4
      vertex -3.0847 71.0625 4
      vertex -3.22095 71.0163 4
    endloop
  endfacet
  facet normal 0 0 -1
    outer loop
      vertex -6 75 4
      vertex -3.22095 71.0163 4
      vertex -3.35 70.9526 4
    endloop
  endfacet
  facet normal 0 0 -1
    outer loop
      vertex -6 75 4
      vertex -3.35 70.9526 4
      vertex -3.46964 70.8727 4
    endloop
  endfacet
  facet normal 0 0 -1
    outer loop
      vertex -6 75 4
      vertex -3.46964 70.8727 4
      vertex -3.57782 70.7778 4
    endloop
  endfacet
  facet normal 0 0 -1
    outer loop
      vertex -6 75 4
      vertex -3.57782 70.7778 4
      vertex -3.67269 70.6696 4
    endloop
  endfacet
  facet normal -0 0 -1
    outer loop
      vertex -3.89059 69.8564 4
      vertex -6 65 4
      vertex -3.9 70 4
    endloop
  endfacet
  facet normal 0 0 -1
    outer loop
      vertex -2.8 71.1 4
      vertex -5 76 4
      vertex 0 76 4
    endloop
  endfacet
  facet normal 0 0 -1
    outer loop
      vertex -6 75 4
      vertex -3.67269 70.6696 4
      vertex -3.75263 70.55 4
    endloop
  endfacet
  facet normal 0 0 -1
    outer loop
      vertex -6 75 4
      vertex -3.75263 70.55 4
      vertex -3.81627 70.421 4
    endloop
  endfacet
  facet normal 0 0 -1
    outer loop
      vertex -6 75 4
      vertex -3.81627 70.421 4
      vertex -3.86252 70.2847 4
    endloop
  endfacet
  facet normal 0 0 -1
    outer loop
      vertex -6 75 4
      vertex -3.86252 70.2847 4
      vertex -3.89059 70.1436 4
    endloop
  endfacet
  facet normal 0 0 -1
    outer loop
      vertex -6 75 4
      vertex -3.9 70 4
      vertex -6 65 4
    endloop
  endfacet
  facet normal 0 0 -1
    outer loop
      vertex -6 65 4
      vertex -5 64 4
      vertex -5.13052 64.0086 4
    endloop
  endfacet
  facet normal 0 0 -1
    outer loop
      vertex -3.9 70 4
      vertex -6 75 4
      vertex -3.89059 70.1436 4
    endloop
  endfacet
  facet normal 0 0 -1
    outer loop
      vertex -6 65 4
      vertex -5.13052 64.0086 4
      vertex -5.25882 64.0341 4
    endloop
  endfacet
  facet normal 0 0 -1
    outer loop
      vertex -3.0847 71.0625 4
      vertex -6 75 4
      vertex -5 76 4
    endloop
  endfacet
  facet normal 0 0 -1
    outer loop
      vertex -6 65 4
      vertex -5.25882 64.0341 4
      vertex -5.38269 64.0761 4
    endloop
  endfacet
  facet normal 0 0 -1
    outer loop
      vertex -5 76 4
      vertex -6 75 4
      vertex -5.13052 75.9914 4
    endloop
  endfacet
  facet normal 0 0 -1
    outer loop
      vertex -6 65 4
      vertex -5.38269 64.0761 4
      vertex -5.5 64.134 4
    endloop
  endfacet
  facet normal 0 0 -1
    outer loop
      vertex -5.13052 75.9914 4
      vertex -6 75 4
      vertex -5.25882 75.9659 4
    endloop
  endfacet
  facet normal 0 0 -1
    outer loop
      vertex -6 65 4
      vertex -5.5 64.134 4
      vertex -5.60876 64.2066 4
    endloop
  endfacet
  facet normal 0 0 -1
    outer loop
      vertex -5.25882 75.9659 4
      vertex -6 75 4
      vertex -5.38269 75.9239 4
    endloop
  endfacet
  facet normal 0 0 -1
    outer loop
      vertex -6 65 4
      vertex -5.60876 64.2066 4
      vertex -5.70711 64.2929 4
    endloop
  endfacet
  facet normal 0 0 -1
    outer loop
      vertex -5.38269 75.9239 4
      vertex -6 75 4
      vertex -5.5 75.866 4
    endloop
  endfacet
  facet normal 0 0 -1
    outer loop
      vertex -6 65 4
      vertex -5.70711 64.2929 4
      vertex -5.79335 64.3912 4
    endloop
  endfacet
  facet normal 0 0 -1
    outer loop
      vertex -5.5 75.866 4
      vertex -6 75 4
      vertex -5.60876 75.7934 4
    endloop
  endfacet
  facet normal 0 0 -1
    outer loop
      vertex -6 65 4
      vertex -5.79335 64.3912 4
      vertex -5.86603 64.5 4
    endloop
  endfacet
  facet normal 0 0 -1
    outer loop
      vertex -5.60876 75.7934 4
      vertex -6 75 4
      vertex -5.70711 75.7071 4
    endloop
  endfacet
  facet normal 0 0 -1
    outer loop
      vertex -6 65 4
      vertex -5.86603 64.5 4
      vertex -5.92387 64.6173 4
    endloop
  endfacet
  facet normal 0 0 -1
    outer loop
      vertex -5.70711 75.7071 4
      vertex -6 75 4
      vertex -5.79335 75.6088 4
    endloop
  endfacet
  facet normal 0 0 -1
    outer loop
      vertex -6 65 4
      vertex -5.92387 64.6173 4
      vertex -5.96593 64.7412 4
    endloop
  endfacet
  facet normal 0 0 -1
    outer loop
      vertex -5.79335 75.6088 4
      vertex -6 75 4
      vertex -5.86603 75.5 4
    endloop
  endfacet
  facet normal 0 0 -1
    outer loop
      vertex -6 65 4
      vertex -5.96593 64.7412 4
      vertex -5.99144 64.8695 4
    endloop
  endfacet
  facet normal 0 0 -1
    outer loop
      vertex -5.86603 75.5 4
      vertex -6 75 4
      vertex -5.92387 75.3827 4
    endloop
  endfacet
  facet normal 0 0 -1
    outer loop
      vertex -5.92387 75.3827 4
      vertex -6 75 4
      vertex -5.96593 75.2588 4
    endloop
  endfacet
  facet normal 0 0 -1
    outer loop
      vertex -5.96593 75.2588 4
      vertex -6 75 4
      vertex -5.99144 75.1305 4
    endloop
  endfacet
  facet normal 0 0 -1
    outer loop
      vertex 169.5 64 4
      vertex 170.5 65 4
      vertex 170.491 64.8695 4
    endloop
  endfacet
  facet normal 0 0 -1
    outer loop
      vertex 170.5 65 4
      vertex 168.4 70 4
      vertex 170.5 75 4
    endloop
  endfacet
  facet normal 0 0 -1
    outer loop
      vertex 169.5 64 4
      vertex 170.491 64.8695 4
      vertex 170.466 64.7412 4
    endloop
  endfacet
  facet normal 0 0 -1
    outer loop
      vertex 168.391 70.1436 4
      vertex 170.5 75 4
      vertex 168.4 70 4
    endloop
  endfacet
  facet normal 0 0 -1
    outer loop
      vertex 169.5 64 4
      vertex 170.466 64.7412 4
      vertex 170.424 64.6173 4
    endloop
  endfacet
  facet normal 0 0 -1
    outer loop
      vertex 168.363 70.2847 4
      vertex 170.5 75 4
      vertex 168.391 70.1436 4
    endloop
  endfacet
  facet normal 0 0 -1
    outer loop
      vertex 169.5 64 4
      vertex 170.424 64.6173 4
      vertex 170.366 64.5 4
    endloop
  endfacet
  facet normal 0 0 -1
    outer loop
      vertex 168.316 70.421 4
      vertex 170.5 75 4
      vertex 168.363 70.2847 4
    endloop
  endfacet
  facet normal 0 0 -1
    outer loop
      vertex 169.5 64 4
      vertex 170.366 64.5 4
      vertex 170.293 64.3912 4
    endloop
  endfacet
  facet normal 0 0 -1
    outer loop
      vertex 168.253 70.55 4
      vertex 170.5 75 4
      vertex 168.316 70.421 4
    endloop
  endfacet
  facet normal 0 0 -1
    outer loop
      vertex 169.5 64 4
      vertex 170.293 64.3912 4
      vertex 170.207 64.2929 4
    endloop
  endfacet
  facet normal 0 0 -1
    outer loop
      vertex 168.173 70.6696 4
      vertex 170.5 75 4
      vertex 168.253 70.55 4
    endloop
  endfacet
  facet normal 0 0 -1
    outer loop
      vertex 169.5 64 4
      vertex 170.207 64.2929 4
      vertex 170.109 64.2066 4
    endloop
  endfacet
  facet normal 0 0 -1
    outer loop
      vertex 168.078 70.7778 4
      vertex 170.5 75 4
      vertex 168.173 70.6696 4
    endloop
  endfacet
  facet normal 0 0 -1
    outer loop
      vertex 169.5 64 4
      vertex 170.109 64.2066 4
      vertex 170 64.134 4
    endloop
  endfacet
  facet normal 0 0 -1
    outer loop
      vertex 167.97 70.8727 4
      vertex 170.5 75 4
      vertex 168.078 70.7778 4
    endloop
  endfacet
  facet normal 0 0 -1
    outer loop
      vertex 169.5 64 4
      vertex 170 64.134 4
      vertex 169.883 64.0761 4
    endloop
  endfacet
  facet normal 0 0 -1
    outer loop
      vertex 167.85 70.9526 4
      vertex 170.5 75 4
      vertex 167.97 70.8727 4
    endloop
  endfacet
  facet normal 0 0 -1
    outer loop
      vertex 169.5 64 4
      vertex 169.883 64.0761 4
      vertex 169.759 64.0341 4
    endloop
  endfacet
  facet normal 0 0 -1
    outer loop
      vertex 167.721 71.0163 4
      vertex 170.5 75 4
      vertex 167.85 70.9526 4
    endloop
  endfacet
  facet normal 0 0 -1
    outer loop
      vertex 169.5 64 4
      vertex 169.759 64.0341 4
      vertex 169.631 64.0086 4
    endloop
  endfacet
  facet normal 0 0 -1
    outer loop
      vertex 167.585 71.0625 4
      vertex 170.5 75 4
      vertex 167.721 71.0163 4
    endloop
  endfacet
  facet normal -0 0 -1
    outer loop
      vertex 170.5 65 4
      vertex 169.5 64 4
      vertex 167.585 68.9375 4
    endloop
  endfacet
  facet normal 0 -0 -1
    outer loop
      vertex 169.5 76 4
      vertex 170.5 75 4
      vertex 167.585 71.0625 4
    endloop
  endfacet
  facet normal 0 0 -1
    outer loop
      vertex 170.5 75 4
      vertex 169.5 76 4
      vertex 170.491 75.1305 4
    endloop
  endfacet
  facet normal 0 0 -1
    outer loop
      vertex 170.5 65 4
      vertex 168.391 69.8564 4
      vertex 168.4 70 4
    endloop
  endfacet
  facet normal 0 0 -1
    outer loop
      vertex 170.5 65 4
      vertex 168.363 69.7153 4
      vertex 168.391 69.8564 4
    endloop
  endfacet
  facet normal 0 0 -1
    outer loop
      vertex 170.5 65 4
      vertex 168.316 69.579 4
      vertex 168.363 69.7153 4
    endloop
  endfacet
  facet normal 0 0 -1
    outer loop
      vertex 170.5 65 4
      vertex 168.253 69.45 4
      vertex 168.316 69.579 4
    endloop
  endfacet
  facet normal 0 0 -1
    outer loop
      vertex 170.5 65 4
      vertex 168.173 69.3304 4
      vertex 168.253 69.45 4
    endloop
  endfacet
  facet normal 0 0 -1
    outer loop
      vertex 170.5 65 4
      vertex 168.078 69.2222 4
      vertex 168.173 69.3304 4
    endloop
  endfacet
  facet normal 0 0 -1
    outer loop
      vertex 170.5 65 4
      vertex 167.97 69.1273 4
      vertex 168.078 69.2222 4
    endloop
  endfacet
  facet normal 0 0 -1
    outer loop
      vertex 170.5 65 4
      vertex 167.85 69.0474 4
      vertex 167.97 69.1273 4
    endloop
  endfacet
  facet normal 0 0 -1
    outer loop
      vertex 170.5 65 4
      vertex 167.721 68.9837 4
      vertex 167.85 69.0474 4
    endloop
  endfacet
  facet normal 0 0 -1
    outer loop
      vertex 170.5 65 4
      vertex 167.585 68.9375 4
      vertex 167.721 68.9837 4
    endloop
  endfacet
  facet normal 0 0 -1
    outer loop
      vertex 169.5 64 4
      vertex 167.444 68.9094 4
      vertex 167.585 68.9375 4
    endloop
  endfacet
  facet normal 0 0 -1
    outer loop
      vertex 169.5 64 4
      vertex 167.3 68.9 4
      vertex 167.444 68.9094 4
    endloop
  endfacet
  facet normal 0 0 -1
    outer loop
      vertex 169.5 64 4
      vertex 167.156 68.9094 4
      vertex 167.3 68.9 4
    endloop
  endfacet
  facet normal 0 0 -1
    outer loop
      vertex 164.5 64 4
      vertex 167.156 68.9094 4
      vertex 169.5 64 4
    endloop
  endfacet
  facet normal -0 0 -1
    outer loop
      vertex 167.156 68.9094 4
      vertex 164.5 64 4
      vertex 167.015 68.9375 4
    endloop
  endfacet
  facet normal -0 0 -1
    outer loop
      vertex 167.015 68.9375 4
      vertex 164.5 64 4
      vertex 166.879 68.9837 4
    endloop
  endfacet
  facet normal -0 0 -1
    outer loop
      vertex 166.879 68.9837 4
      vertex 164.5 64 4
      vertex 166.75 69.0474 4
    endloop
  endfacet
  facet normal -0 0 -1
    outer loop
      vertex 166.75 69.0474 4
      vertex 164.5 64 4
      vertex 166.63 69.1273 4
    endloop
  endfacet
  facet normal -0 0 -1
    outer loop
      vertex 166.63 69.1273 4
      vertex 164.5 64 4
      vertex 166.522 69.2222 4
    endloop
  endfacet
  facet normal -0 0 -1
    outer loop
      vertex 166.522 69.2222 4
      vertex 164.5 64 4
      vertex 166.427 69.3304 4
    endloop
  endfacet
  facet normal -0 0 -1
    outer loop
      vertex 166.209 69.8564 4
      vertex 164.5 64 4
      vertex 166.2 70 4
    endloop
  endfacet
  facet normal -0 0 -1
    outer loop
      vertex 166.237 69.7153 4
      vertex 164.5 64 4
      vertex 166.209 69.8564 4
    endloop
  endfacet
  facet normal -0 0 -1
    outer loop
      vertex 166.284 69.579 4
      vertex 164.5 64 4
      vertex 166.237 69.7153 4
    endloop
  endfacet
  facet normal -0 0 -1
    outer loop
      vertex 166.347 69.45 4
      vertex 164.5 64 4
      vertex 166.284 69.579 4
    endloop
  endfacet
  facet normal -0 0 -1
    outer loop
      vertex 166.427 69.3304 4
      vertex 164.5 64 4
      vertex 166.347 69.45 4
    endloop
  endfacet
  facet normal 0 0 -1
    outer loop
      vertex 170.466 75.2588 4
      vertex 169.5 76 4
      vertex 170.424 75.3827 4
    endloop
  endfacet
  facet normal 0 0 -1
    outer loop
      vertex 170.424 75.3827 4
      vertex 169.5 76 4
      vertex 170.366 75.5 4
    endloop
  endfacet
  facet normal 0 0 -1
    outer loop
      vertex 170.366 75.5 4
      vertex 169.5 76 4
      vertex 170.293 75.6088 4
    endloop
  endfacet
  facet normal 0 0 -1
    outer loop
      vertex 170.207 75.7071 4
      vertex 169.5 76 4
      vertex 170.109 75.7934 4
    endloop
  endfacet
  facet normal 0 0 -1
    outer loop
      vertex 170.109 75.7934 4
      vertex 169.5 76 4
      vertex 170 75.866 4
    endloop
  endfacet
  facet normal 0 0 -1
    outer loop
      vertex 170 75.866 4
      vertex 169.5 76 4
      vertex 169.883 75.9239 4
    endloop
  endfacet
  facet normal 0 0 -1
    outer loop
      vertex 169.883 75.9239 4
      vertex 169.5 76 4
      vertex 169.759 75.9659 4
    endloop
  endfacet
  facet normal 0 0 -1
    outer loop
      vertex 169.759 75.9659 4
      vertex 169.5 76 4
      vertex 169.631 75.9914 4
    endloop
  endfacet
  facet normal 0 0 -1
    outer loop
      vertex 170.293 75.6088 4
      vertex 169.5 76 4
      vertex 170.207 75.7071 4
    endloop
  endfacet
  facet normal 0 0 -1
    outer loop
      vertex 170.491 75.1305 4
      vertex 169.5 76 4
      vertex 170.466 75.2588 4
    endloop
  endfacet
  facet normal 0 0 -1
    outer loop
      vertex 167.444 71.0906 4
      vertex 169.5 76 4
      vertex 167.585 71.0625 4
    endloop
  endfacet
  facet normal 0 0 -1
    outer loop
      vertex 167.3 71.1 4
      vertex 169.5 76 4
      vertex 167.444 71.0906 4
    endloop
  endfacet
  facet normal 0 0 -1
    outer loop
      vertex 167.156 71.0906 4
      vertex 169.5 76 4
      vertex 167.3 71.1 4
    endloop
  endfacet
  facet normal 0 0 -1
    outer loop
      vertex 164.5 76 4
      vertex 167.156 71.0906 4
      vertex 167.015 71.0625 4
    endloop
  endfacet
  facet normal 0 0 -1
    outer loop
      vertex 164.5 76 4
      vertex 167.015 71.0625 4
      vertex 166.879 71.0163 4
    endloop
  endfacet
  facet normal 0 0 -1
    outer loop
      vertex 164.5 76 4
      vertex 166.879 71.0163 4
      vertex 166.75 70.9526 4
    endloop
  endfacet
  facet normal 0 0 -1
    outer loop
      vertex 164.5 76 4
      vertex 166.75 70.9526 4
      vertex 166.63 70.8727 4
    endloop
  endfacet
  facet normal 0 0 -1
    outer loop
      vertex 164.5 76 4
      vertex 166.63 70.8727 4
      vertex 166.522 70.7778 4
    endloop
  endfacet
  facet normal 0 0 -1
    outer loop
      vertex 164.5 76 4
      vertex 166.522 70.7778 4
      vertex 166.427 70.6696 4
    endloop
  endfacet
  facet normal 0 0 -1
    outer loop
      vertex 164.5 76 4
      vertex 166.427 70.6696 4
      vertex 166.347 70.55 4
    endloop
  endfacet
  facet normal 0 0 -1
    outer loop
      vertex 164.5 76 4
      vertex 166.2 70 4
      vertex 164.5 64 4
    endloop
  endfacet
  facet normal 0 0 -1
    outer loop
      vertex 166.2 70 4
      vertex 164.5 76 4
      vertex 166.209 70.1436 4
    endloop
  endfacet
  facet normal 0 0 -1
    outer loop
      vertex 167.156 71.0906 4
      vertex 164.5 76 4
      vertex 169.5 76 4
    endloop
  endfacet
  facet normal 0 0 -1
    outer loop
      vertex 166.284 70.421 4
      vertex 164.5 76 4
      vertex 166.347 70.55 4
    endloop
  endfacet
  facet normal 0 0 -1
    outer loop
      vertex 166.237 70.2847 4
      vertex 164.5 76 4
      vertex 166.284 70.421 4
    endloop
  endfacet
  facet normal 0 0 -1
    outer loop
      vertex 166.209 70.1436 4
      vertex 164.5 76 4
      vertex 166.237 70.2847 4
    endloop
  endfacet
  facet normal 0 0 -1
    outer loop
      vertex 0 16 4
      vertex -1.7 22 4
      vertex 0 28 4
    endloop
  endfacet
  facet normal 0 0 -1
    outer loop
      vertex 0 16 4
      vertex -1.70941 21.8564 4
      vertex -1.7 22 4
    endloop
  endfacet
  facet normal 0 0 -1
    outer loop
      vertex 0 16 4
      vertex -1.73748 21.7153 4
      vertex -1.70941 21.8564 4
    endloop
  endfacet
  facet normal 0 0 -1
    outer loop
      vertex 0 16 4
      vertex -1.78373 21.579 4
      vertex -1.73748 21.7153 4
    endloop
  endfacet
  facet normal 0 0 -1
    outer loop
      vertex 0 16 4
      vertex -1.84737 21.45 4
      vertex -1.78373 21.579 4
    endloop
  endfacet
  facet normal 0 0 -1
    outer loop
      vertex 0 16 4
      vertex -1.92731 21.3304 4
      vertex -1.84737 21.45 4
    endloop
  endfacet
  facet normal 0 0 -1
    outer loop
      vertex 0 16 4
      vertex -2.02218 21.2222 4
      vertex -1.92731 21.3304 4
    endloop
  endfacet
  facet normal 0 0 -1
    outer loop
      vertex 0 16 4
      vertex -2.13036 21.1273 4
      vertex -2.02218 21.2222 4
    endloop
  endfacet
  facet normal 0 0 -1
    outer loop
      vertex 0 16 4
      vertex -2.25 21.0474 4
      vertex -2.13036 21.1273 4
    endloop
  endfacet
  facet normal 0 0 -1
    outer loop
      vertex 0 16 4
      vertex -2.37905 20.9837 4
      vertex -2.25 21.0474 4
    endloop
  endfacet
  facet normal 0 0 -1
    outer loop
      vertex 0 16 4
      vertex -2.5153 20.9375 4
      vertex -2.37905 20.9837 4
    endloop
  endfacet
  facet normal 0 0 -1
    outer loop
      vertex 0 16 4
      vertex -2.65642 20.9094 4
      vertex -2.5153 20.9375 4
    endloop
  endfacet
  facet normal 0 0 -1
    outer loop
      vertex 0 16 4
      vertex -2.8 20.9 4
      vertex -2.65642 20.9094 4
    endloop
  endfacet
  facet normal 0 0 -1
    outer loop
      vertex -5 16 4
      vertex -2.8 20.9 4
      vertex 0 16 4
    endloop
  endfacet
  facet normal -0 0 -1
    outer loop
      vertex -2.8 20.9 4
      vertex -5 16 4
      vertex -2.94358 20.9094 4
    endloop
  endfacet
  facet normal -0 0 -1
    outer loop
      vertex -2.94358 20.9094 4
      vertex -5 16 4
      vertex -3.0847 20.9375 4
    endloop
  endfacet
  facet normal 0 0 -1
    outer loop
      vertex -6 17 4
      vertex -3.0847 20.9375 4
      vertex -5 16 4
    endloop
  endfacet
  facet normal -0 0 -1
    outer loop
      vertex -3.0847 20.9375 4
      vertex -6 17 4
      vertex -3.22095 20.9837 4
    endloop
  endfacet
  facet normal -0 0 -1
    outer loop
      vertex -3.22095 20.9837 4
      vertex -6 17 4
      vertex -3.35 21.0474 4
    endloop
  endfacet
  facet normal -0 0 -1
    outer loop
      vertex -3.35 21.0474 4
      vertex -6 17 4
      vertex -3.46964 21.1273 4
    endloop
  endfacet
  facet normal -0 0 -1
    outer loop
      vertex -3.86252 21.7153 4
      vertex -6 17 4
      vertex -3.89059 21.8564 4
    endloop
  endfacet
  facet normal -0 0 -1
    outer loop
      vertex -3.81627 21.579 4
      vertex -6 17 4
      vertex -3.86252 21.7153 4
    endloop
  endfacet
  facet normal -0 0 -1
    outer loop
      vertex -3.75263 21.45 4
      vertex -6 17 4
      vertex -3.81627 21.579 4
    endloop
  endfacet
  facet normal -0 0 -1
    outer loop
      vertex -3.67269 21.3304 4
      vertex -6 17 4
      vertex -3.75263 21.45 4
    endloop
  endfacet
  facet normal -0 0 -1
    outer loop
      vertex -3.57782 21.2222 4
      vertex -6 17 4
      vertex -3.67269 21.3304 4
    endloop
  endfacet
  facet normal -0 0 -1
    outer loop
      vertex -3.46964 21.1273 4
      vertex -6 17 4
      vertex -3.57782 21.2222 4
    endloop
  endfacet
  facet normal 0 0 -1
    outer loop
      vertex -1.70941 22.1436 4
      vertex 0 28 4
      vertex -1.7 22 4
    endloop
  endfacet
  facet normal 0 0 -1
    outer loop
      vertex -1.73748 22.2847 4
      vertex 0 28 4
      vertex -1.70941 22.1436 4
    endloop
  endfacet
  facet normal 0 0 -1
    outer loop
      vertex -1.78373 22.421 4
      vertex 0 28 4
      vertex -1.73748 22.2847 4
    endloop
  endfacet
  facet normal 0 0 -1
    outer loop
      vertex -1.84737 22.55 4
      vertex 0 28 4
      vertex -1.78373 22.421 4
    endloop
  endfacet
  facet normal 0 0 -1
    outer loop
      vertex -1.92731 22.6696 4
      vertex 0 28 4
      vertex -1.84737 22.55 4
    endloop
  endfacet
  facet normal 0 0 -1
    outer loop
      vertex -2.02218 22.7778 4
      vertex 0 28 4
      vertex -1.92731 22.6696 4
    endloop
  endfacet
  facet normal 0 0 -1
    outer loop
      vertex -2.13036 22.8727 4
      vertex 0 28 4
      vertex -2.02218 22.7778 4
    endloop
  endfacet
  facet normal 0 0 -1
    outer loop
      vertex -2.25 22.9526 4
      vertex 0 28 4
      vertex -2.13036 22.8727 4
    endloop
  endfacet
  facet normal 0 0 -1
    outer loop
      vertex -2.37905 23.0163 4
      vertex 0 28 4
      vertex -2.25 22.9526 4
    endloop
  endfacet
  facet normal 0 0 -1
    outer loop
      vertex -2.5153 23.0625 4
      vertex 0 28 4
      vertex -2.37905 23.0163 4
    endloop
  endfacet
  facet normal 0 0 -1
    outer loop
      vertex -2.65642 23.0906 4
      vertex 0 28 4
      vertex -2.5153 23.0625 4
    endloop
  endfacet
  facet normal 0 0 -1
    outer loop
      vertex -2.8 23.1 4
      vertex 0 28 4
      vertex -2.65642 23.0906 4
    endloop
  endfacet
  facet normal 0 0 -1
    outer loop
      vertex -5 28 4
      vertex -2.8 23.1 4
      vertex -2.94358 23.0906 4
    endloop
  endfacet
  facet normal 0 0 -1
    outer loop
      vertex -5 28 4
      vertex -2.94358 23.0906 4
      vertex -3.0847 23.0625 4
    endloop
  endfacet
  facet normal 0 0 -1
    outer loop
      vertex -6 27 4
      vertex -3.0847 23.0625 4
      vertex -3.22095 23.0163 4
    endloop
  endfacet
  facet normal 0 0 -1
    outer loop
      vertex -6 27 4
      vertex -3.22095 23.0163 4
      vertex -3.35 22.9526 4
    endloop
  endfacet
  facet normal 0 0 -1
    outer loop
      vertex -6 27 4
      vertex -3.35 22.9526 4
      vertex -3.46964 22.8727 4
    endloop
  endfacet
  facet normal 0 0 -1
    outer loop
      vertex -6 27 4
      vertex -3.46964 22.8727 4
      vertex -3.57782 22.7778 4
    endloop
  endfacet
  facet normal 0 0 -1
    outer loop
      vertex -6 27 4
      vertex -3.57782 22.7778 4
      vertex -3.67269 22.6696 4
    endloop
  endfacet
  facet normal -0 0 -1
    outer loop
      vertex -3.89059 21.8564 4
      vertex -6 17 4
      vertex -3.9 22 4
    endloop
  endfacet
  facet normal 0 0 -1
    outer loop
      vertex -2.8 23.1 4
      vertex -5 28 4
      vertex 0 28 4
    endloop
  endfacet
  facet normal 0 0 -1
    outer loop
      vertex -6 27 4
      vertex -3.67269 22.6696 4
      vertex -3.75263 22.55 4
    endloop
  endfacet
  facet normal 0 0 -1
    outer loop
      vertex -6 27 4
      vertex -3.75263 22.55 4
      vertex -3.81627 22.421 4
    endloop
  endfacet
  facet normal 0 0 -1
    outer loop
      vertex -6 27 4
      vertex -3.81627 22.421 4
      vertex -3.86252 22.2847 4
    endloop
  endfacet
  facet normal 0 0 -1
    outer loop
      vertex -6 27 4
      vertex -3.86252 22.2847 4
      vertex -3.89059 22.1436 4
    endloop
  endfacet
  facet normal 0 0 -1
    outer loop
      vertex -6 27 4
      vertex -3.9 22 4
      vertex -6 17 4
    endloop
  endfacet
  facet normal 0 0 -1
    outer loop
      vertex -6 17 4
      vertex -5 16 4
      vertex -5.13052 16.0086 4
    endloop
  endfacet
  facet normal 0 0 -1
    outer loop
      vertex -3.9 22 4
      vertex -6 27 4
      vertex -3.89059 22.1436 4
    endloop
  endfacet
  facet normal 0 0 -1
    outer loop
      vertex -6 17 4
      vertex -5.13052 16.0086 4
      vertex -5.25882 16.0341 4
    endloop
  endfacet
  facet normal 0 0 -1
    outer loop
      vertex -3.0847 23.0625 4
      vertex -6 27 4
      vertex -5 28 4
    endloop
  endfacet
  facet normal 0 0 -1
    outer loop
      vertex -6 17 4
      vertex -5.25882 16.0341 4
      vertex -5.38269 16.0761 4
    endloop
  endfacet
  facet normal 0 0 -1
    outer loop
      vertex -5 28 4
      vertex -6 27 4
      vertex -5.13052 27.9914 4
    endloop
  endfacet
  facet normal 0 0 -1
    outer loop
      vertex -6 17 4
      vertex -5.38269 16.0761 4
      vertex -5.5 16.134 4
    endloop
  endfacet
  facet normal 0 0 -1
    outer loop
      vertex -5.13052 27.9914 4
      vertex -6 27 4
      vertex -5.25882 27.9659 4
    endloop
  endfacet
  facet normal 0 0 -1
    outer loop
      vertex -6 17 4
      vertex -5.5 16.134 4
      vertex -5.60876 16.2066 4
    endloop
  endfacet
  facet normal 0 0 -1
    outer loop
      vertex -5.25882 27.9659 4
      vertex -6 27 4
      vertex -5.38269 27.9239 4
    endloop
  endfacet
  facet normal 0 0 -1
    outer loop
      vertex -6 17 4
      vertex -5.60876 16.2066 4
      vertex -5.70711 16.2929 4
    endloop
  endfacet
  facet normal 0 0 -1
    outer loop
      vertex -5.38269 27.9239 4
      vertex -6 27 4
      vertex -5.5 27.866 4
    endloop
  endfacet
  facet normal 0 0 -1
    outer loop
      vertex -6 17 4
      vertex -5.70711 16.2929 4
      vertex -5.79335 16.3912 4
    endloop
  endfacet
  facet normal 0 0 -1
    outer loop
      vertex -5.5 27.866 4
      vertex -6 27 4
      vertex -5.60876 27.7934 4
    endloop
  endfacet
  facet normal 0 0 -1
    outer loop
      vertex -6 17 4
      vertex -5.79335 16.3912 4
      vertex -5.86603 16.5 4
    endloop
  endfacet
  facet normal 0 0 -1
    outer loop
      vertex -5.60876 27.7934 4
      vertex -6 27 4
      vertex -5.70711 27.7071 4
    endloop
  endfacet
  facet normal 0 0 -1
    outer loop
      vertex -6 17 4
      vertex -5.86603 16.5 4
      vertex -5.92387 16.6173 4
    endloop
  endfacet
  facet normal 0 0 -1
    outer loop
      vertex -5.70711 27.7071 4
      vertex -6 27 4
      vertex -5.79335 27.6088 4
    endloop
  endfacet
  facet normal 0 0 -1
    outer loop
      vertex -6 17 4
      vertex -5.92387 16.6173 4
      vertex -5.96593 16.7412 4
    endloop
  endfacet
  facet normal 0 0 -1
    outer loop
      vertex -5.79335 27.6088 4
      vertex -6 27 4
      vertex -5.86603 27.5 4
    endloop
  endfacet
  facet normal 0 0 -1
    outer loop
      vertex -6 17 4
      vertex -5.96593 16.7412 4
      vertex -5.99144 16.8695 4
    endloop
  endfacet
  facet normal 0 0 -1
    outer loop
      vertex -5.86603 27.5 4
      vertex -6 27 4
      vertex -5.92387 27.3827 4
    endloop
  endfacet
  facet normal 0 0 -1
    outer loop
      vertex -5.92387 27.3827 4
      vertex -6 27 4
      vertex -5.96593 27.2588 4
    endloop
  endfacet
  facet normal 0 0 -1
    outer loop
      vertex -5.96593 27.2588 4
      vertex -6 27 4
      vertex -5.99144 27.1305 4
    endloop
  endfacet
  facet normal 0 1 -0
    outer loop
      vertex 164.5 98 3.99
      vertex 0 98 4
      vertex 164.5 98 4
    endloop
  endfacet
  facet normal 0 1 0
    outer loop
      vertex 0 98 4
      vertex 164.5 98 3.99
      vertex 0 98 3.99
    endloop
  endfacet
  facet normal 0 -1 0
    outer loop
      vertex 158.3 0 3.99
      vertex 164.5 0 4
      vertex 158.3 0 4
    endloop
  endfacet
  facet normal 0 -1 -0
    outer loop
      vertex 164.5 0 4
      vertex 158.3 0 3.99
      vertex 164.5 0 3.99
    endloop
  endfacet
  facet normal 0 -1 0
    outer loop
      vertex 0 0 3.99
      vertex 6.2 0 4
      vertex 0 0 4
    endloop
  endfacet
  facet normal 0 -1 -0
    outer loop
      vertex 6.2 0 4
      vertex 0 0 3.99
      vertex 6.2 0 3.99
    endloop
  endfacet
  facet normal 0 -1 0
    outer loop
      vertex 21.8 0 3.99
      vertex 142.7 0 4
      vertex 21.8 0 4
    endloop
  endfacet
  facet normal 0 -1 -0
    outer loop
      vertex 142.7 0 4
      vertex 21.8 0 3.99
      vertex 142.7 0 3.99
    endloop
  endfacet
  facet normal 0 0.99916 -0.0409681
    outer loop
      vertex 164.186 97.8364 0
      vertex 0 98 3.99
      vertex 164.5 98 3.99
    endloop
  endfacet
  facet normal 0 0.99916 -0.0409681
    outer loop
      vertex 0 98 3.99
      vertex 164.186 97.8364 0
      vertex 0.314302 97.8364 0
    endloop
  endfacet
  facet normal 0.996918 0 -0.0784542
    outer loop
      vertex 164.5 78.9 3.99
      vertex 164.186 97.8364 0
      vertex 164.5 98 3.99
    endloop
  endfacet
  facet normal 0.996918 0 -0.0784542
    outer loop
      vertex 164.186 97.8364 0
      vertex 164.5 78.9 3.99
      vertex 164.186 78.7822 0
    endloop
  endfacet
  facet normal -0.996913 0 -0.0785125
    outer loop
      vertex 0 0 3.99
      vertex 0.314235 78.7822 0
      vertex 0.314235 0.0392794 0
    endloop
  endfacet
  facet normal -0.996913 0 -0.0785125
    outer loop
      vertex 0.314235 78.7822 0
      vertex 0 0 3.99
      vertex 0 78.9 3.99
    endloop
  endfacet
  facet normal 0 -0.999952 -0.00984398
    outer loop
      vertex 0.314235 0.0392794 0
      vertex 6.2 0 3.99
      vertex 0 0 3.99
    endloop
  endfacet
  facet normal 0 -0.999952 -0.00984398
    outer loop
      vertex 6.2 0 3.99
      vertex 0.314235 0.0392794 0
      vertex 6.2 0.0392794 0
    endloop
  endfacet
  facet normal -0 -0.999952 -0.00984398
    outer loop
      vertex 164.186 0.0392794 0
      vertex 158.3 0 3.99
      vertex 158.3 0.0392794 0
    endloop
  endfacet
  facet normal 0 -0.999952 -0.00984398
    outer loop
      vertex 158.3 0 3.99
      vertex 164.186 0.0392794 0
      vertex 164.5 0 3.99
    endloop
  endfacet
  facet normal 0 -0.999952 -0.00984398
    outer loop
      vertex 21.8 0.0392794 0
      vertex 142.7 0 3.99
      vertex 21.8 0 3.99
    endloop
  endfacet
  facet normal 0 -0.999952 -0.00984398
    outer loop
      vertex 142.7 0 3.99
      vertex 21.8 0.0392794 0
      vertex 142.7 0.0392794 0
    endloop
  endfacet
  facet normal 0 0.999564 -0.029511
    outer loop
      vertex 0 78.9 3.99
      vertex 0.314302 78.7822 0
      vertex 0.314235 78.7822 0
    endloop
  endfacet
  facet normal 0.996918 0 -0.0784542
    outer loop
      vertex 164.5 0 3.99
      vertex 164.186 78.7822 0
      vertex 164.5 78.9 3.99
    endloop
  endfacet
  facet normal 0.996918 0 -0.0784542
    outer loop
      vertex 164.186 78.7822 0
      vertex 164.5 0 3.99
      vertex 164.186 0.0392794 0
    endloop
  endfacet
  facet normal 0.997872 -0.0652086 0
    outer loop
      vertex 31.25 3.4 4
      vertex 31.2645 3.62189 0
      vertex 31.2645 3.62189 4
    endloop
  endfacet
  facet normal 0.997872 -0.0652086 0
    outer loop
      vertex 31.2645 3.62189 0
      vertex 31.25 3.4 4
      vertex 31.25 3.4 0
    endloop
  endfacet
  facet normal 0 -1 0
    outer loop
      vertex 32.95 5.1 0
      vertex 35.55 5.1 4
      vertex 32.95 5.1 4
    endloop
  endfacet
  facet normal 0 -1 -0
    outer loop
      vertex 35.55 5.1 4
      vertex 32.95 5.1 0
      vertex 35.55 5.1 0
    endloop
  endfacet
  facet normal 0.896789 -0.442459 0
    outer loop
      vertex 31.3794 4.05056 4
      vertex 31.4778 4.25 0
      vertex 31.4778 4.25 4
    endloop
  endfacet
  facet normal 0.896789 -0.442459 0
    outer loop
      vertex 31.4778 4.25 0
      vertex 31.3794 4.05056 4
      vertex 31.3794 4.05056 0
    endloop
  endfacet
  facet normal 0.442386 0.896825 -0
    outer loop
      vertex 32.2994 1.8294 0
      vertex 32.1 1.92776 4
      vertex 32.2994 1.8294 4
    endloop
  endfacet
  facet normal 0.442386 0.896825 0
    outer loop
      vertex 32.1 1.92776 4
      vertex 32.2994 1.8294 0
      vertex 32.1 1.92776 0
    endloop
  endfacet
  facet normal -0.98077 -0.195165 0
    outer loop
      vertex 37.2355 3.62189 0
      vertex 37.1921 3.83999 4
      vertex 37.1921 3.83999 0
    endloop
  endfacet
  facet normal -0.98077 -0.195165 0
    outer loop
      vertex 37.1921 3.83999 4
      vertex 37.2355 3.62189 0
      vertex 37.2355 3.62189 4
    endloop
  endfacet
  facet normal -0.195122 0.980779 0
    outer loop
      vertex 35.99 1.75793 0
      vertex 35.7719 1.71454 4
      vertex 35.99 1.75793 4
    endloop
  endfacet
  facet normal -0.195122 0.980779 0
    outer loop
      vertex 35.7719 1.71454 4
      vertex 35.99 1.75793 0
      vertex 35.7719 1.71454 0
    endloop
  endfacet
  facet normal -0.896789 -0.442459 0
    outer loop
      vertex 37.1206 4.05056 0
      vertex 37.0222 4.25 4
      vertex 37.0222 4.25 0
    endloop
  endfacet
  facet normal -0.896789 -0.442459 0
    outer loop
      vertex 37.0222 4.25 4
      vertex 37.1206 4.05056 0
      vertex 37.1206 4.05056 4
    endloop
  endfacet
  facet normal -0.321403 -0.946943 0
    outer loop
      vertex 35.99 5.04207 0
      vertex 36.2006 4.97059 4
      vertex 35.99 5.04207 4
    endloop
  endfacet
  facet normal -0.321403 -0.946943 -0
    outer loop
      vertex 36.2006 4.97059 4
      vertex 35.99 5.04207 0
      vertex 36.2006 4.97059 0
    endloop
  endfacet
  facet normal 0.195122 0.980779 -0
    outer loop
      vertex 32.7281 1.71454 0
      vertex 32.51 1.75793 4
      vertex 32.7281 1.71454 4
    endloop
  endfacet
  facet normal 0.195122 0.980779 0
    outer loop
      vertex 32.51 1.75793 4
      vertex 32.7281 1.71454 0
      vertex 32.51 1.75793 0
    endloop
  endfacet
  facet normal 0.831552 -0.555447 0
    outer loop
      vertex 31.4778 4.25 4
      vertex 31.6013 4.43489 0
      vertex 31.6013 4.43489 4
    endloop
  endfacet
  facet normal 0.831552 -0.555447 0
    outer loop
      vertex 31.6013 4.43489 0
      vertex 31.4778 4.25 4
      vertex 31.4778 4.25 0
    endloop
  endfacet
  facet normal -0.659319 -0.751863 0
    outer loop
      vertex 36.5849 4.7487 0
      vertex 36.7521 4.60208 4
      vertex 36.5849 4.7487 4
    endloop
  endfacet
  facet normal -0.659319 -0.751863 -0
    outer loop
      vertex 36.7521 4.60208 4
      vertex 36.5849 4.7487 0
      vertex 36.7521 4.60208 0
    endloop
  endfacet
  facet normal 0 1 -0
    outer loop
      vertex 35.55 1.7 0
      vertex 32.95 1.7 4
      vertex 35.55 1.7 4
    endloop
  endfacet
  facet normal 0 1 0
    outer loop
      vertex 32.95 1.7 4
      vertex 35.55 1.7 0
      vertex 32.95 1.7 0
    endloop
  endfacet
  facet normal -0.946901 -0.321525 0
    outer loop
      vertex 37.1921 3.83999 0
      vertex 37.1206 4.05056 4
      vertex 37.1206 4.05056 0
    endloop
  endfacet
  facet normal -0.946901 -0.321525 0
    outer loop
      vertex 37.1206 4.05056 4
      vertex 37.1921 3.83999 0
      vertex 37.1921 3.83999 4
    endloop
  endfacet
  facet normal 0.321403 -0.946943 0
    outer loop
      vertex 32.2994 4.97059 0
      vertex 32.51 5.04207 4
      vertex 32.2994 4.97059 4
    endloop
  endfacet
  facet normal 0.321403 -0.946943 0
    outer loop
      vertex 32.51 5.04207 4
      vertex 32.2994 4.97059 0
      vertex 32.51 5.04207 0
    endloop
  endfacet
  facet normal 0.946901 0.321525 0
    outer loop
      vertex 31.3794 2.74944 4
      vertex 31.3079 2.96001 0
      vertex 31.3079 2.96001 4
    endloop
  endfacet
  facet normal 0.946901 0.321525 0
    outer loop
      vertex 31.3079 2.96001 0
      vertex 31.3794 2.74944 4
      vertex 31.3794 2.74944 0
    endloop
  endfacet
  facet normal 0.0653848 -0.99786 0
    outer loop
      vertex 32.7281 5.08546 0
      vertex 32.95 5.1 4
      vertex 32.7281 5.08546 4
    endloop
  endfacet
  facet normal 0.0653848 -0.99786 0
    outer loop
      vertex 32.95 5.1 4
      vertex 32.7281 5.08546 0
      vertex 32.95 5.1 0
    endloop
  endfacet
  facet normal -0.659319 0.751863 0
    outer loop
      vertex 36.7521 2.19792 0
      vertex 36.5849 2.0513 4
      vertex 36.7521 2.19792 4
    endloop
  endfacet
  facet normal -0.659319 0.751863 0
    outer loop
      vertex 36.5849 2.0513 4
      vertex 36.7521 2.19792 0
      vertex 36.5849 2.0513 0
    endloop
  endfacet
  facet normal -0.442386 0.896825 0
    outer loop
      vertex 36.4 1.92776 0
      vertex 36.2006 1.8294 4
      vertex 36.4 1.92776 4
    endloop
  endfacet
  facet normal -0.442386 0.896825 0
    outer loop
      vertex 36.2006 1.8294 4
      vertex 36.4 1.92776 0
      vertex 36.2006 1.8294 0
    endloop
  endfacet
  facet normal -0.442349 -0.896843 0
    outer loop
      vertex 36.2006 4.97059 0
      vertex 36.4 4.87224 4
      vertex 36.2006 4.97059 4
    endloop
  endfacet
  facet normal -0.442349 -0.896843 -0
    outer loop
      vertex 36.4 4.87224 4
      vertex 36.2006 4.97059 0
      vertex 36.4 4.87224 0
    endloop
  endfacet
  facet normal 0.0653848 0.99786 -0
    outer loop
      vertex 32.95 1.7 0
      vertex 32.7281 1.71454 4
      vertex 32.95 1.7 4
    endloop
  endfacet
  facet normal 0.0653848 0.99786 0
    outer loop
      vertex 32.7281 1.71454 4
      vertex 32.95 1.7 0
      vertex 32.7281 1.71454 0
    endloop
  endfacet
  facet normal -0.831566 0.555426 0
    outer loop
      vertex 36.8987 2.3651 0
      vertex 37.0222 2.55 4
      vertex 37.0222 2.55 0
    endloop
  endfacet
  facet normal -0.831566 0.555426 0
    outer loop
      vertex 37.0222 2.55 4
      vertex 36.8987 2.3651 0
      vertex 36.8987 2.3651 4
    endloop
  endfacet
  facet normal 0.195122 -0.980779 0
    outer loop
      vertex 32.51 5.04207 0
      vertex 32.7281 5.08546 4
      vertex 32.51 5.04207 4
    endloop
  endfacet
  facet normal 0.195122 -0.980779 0
    outer loop
      vertex 32.7281 5.08546 4
      vertex 32.51 5.04207 0
      vertex 32.7281 5.08546 0
    endloop
  endfacet
  facet normal 0.831566 0.555426 0
    outer loop
      vertex 31.6013 2.3651 4
      vertex 31.4778 2.55 0
      vertex 31.4778 2.55 4
    endloop
  endfacet
  facet normal 0.831566 0.555426 0
    outer loop
      vertex 31.4778 2.55 0
      vertex 31.6013 2.3651 4
      vertex 31.6013 2.3651 0
    endloop
  endfacet
  facet normal -0.997872 -0.0652086 0
    outer loop
      vertex 37.25 3.4 0
      vertex 37.2355 3.62189 4
      vertex 37.2355 3.62189 0
    endloop
  endfacet
  facet normal -0.997872 -0.0652086 0
    outer loop
      vertex 37.2355 3.62189 4
      vertex 37.25 3.4 0
      vertex 37.25 3.4 4
    endloop
  endfacet
  facet normal -0.0653848 0.99786 0
    outer loop
      vertex 35.7719 1.71454 0
      vertex 35.55 1.7 4
      vertex 35.7719 1.71454 4
    endloop
  endfacet
  facet normal -0.0653848 0.99786 0
    outer loop
      vertex 35.55 1.7 4
      vertex 35.7719 1.71454 0
      vertex 35.55 1.7 0
    endloop
  endfacet
  facet normal -0.751869 0.659313 0
    outer loop
      vertex 36.7521 2.19792 0
      vertex 36.8987 2.3651 4
      vertex 36.8987 2.3651 0
    endloop
  endfacet
  facet normal -0.751869 0.659313 0
    outer loop
      vertex 36.8987 2.3651 4
      vertex 36.7521 2.19792 0
      vertex 36.7521 2.19792 4
    endloop
  endfacet
  facet normal 0.896789 0.442459 0
    outer loop
      vertex 31.4778 2.55 4
      vertex 31.3794 2.74944 0
      vertex 31.3794 2.74944 4
    endloop
  endfacet
  facet normal 0.896789 0.442459 0
    outer loop
      vertex 31.3794 2.74944 0
      vertex 31.4778 2.55 4
      vertex 31.4778 2.55 0
    endloop
  endfacet
  facet normal 0.659319 -0.751863 0
    outer loop
      vertex 31.7479 4.60208 0
      vertex 31.9151 4.7487 4
      vertex 31.7479 4.60208 4
    endloop
  endfacet
  facet normal 0.659319 -0.751863 0
    outer loop
      vertex 31.9151 4.7487 4
      vertex 31.7479 4.60208 0
      vertex 31.9151 4.7487 0
    endloop
  endfacet
  facet normal 0.997872 0.0652086 0
    outer loop
      vertex 31.2645 3.17811 4
      vertex 31.25 3.4 0
      vertex 31.25 3.4 4
    endloop
  endfacet
  facet normal 0.997872 0.0652086 0
    outer loop
      vertex 31.25 3.4 0
      vertex 31.2645 3.17811 4
      vertex 31.2645 3.17811 0
    endloop
  endfacet
  facet normal 0.442349 -0.896843 0
    outer loop
      vertex 32.1 4.87224 0
      vertex 32.2994 4.97059 4
      vertex 32.1 4.87224 4
    endloop
  endfacet
  facet normal 0.442349 -0.896843 0
    outer loop
      vertex 32.2994 4.97059 4
      vertex 32.1 4.87224 0
      vertex 32.2994 4.97059 0
    endloop
  endfacet
  facet normal 0.555551 -0.831483 0
    outer loop
      vertex 31.9151 4.7487 0
      vertex 32.1 4.87224 4
      vertex 31.9151 4.7487 4
    endloop
  endfacet
  facet normal 0.555551 -0.831483 0
    outer loop
      vertex 32.1 4.87224 4
      vertex 31.9151 4.7487 0
      vertex 32.1 4.87224 0
    endloop
  endfacet
  facet normal -0.896789 0.442459 0
    outer loop
      vertex 37.0222 2.55 0
      vertex 37.1206 2.74944 4
      vertex 37.1206 2.74944 0
    endloop
  endfacet
  facet normal -0.896789 0.442459 0
    outer loop
      vertex 37.1206 2.74944 4
      vertex 37.0222 2.55 0
      vertex 37.0222 2.55 4
    endloop
  endfacet
  facet normal 0.751888 -0.659291 0
    outer loop
      vertex 31.6013 4.43489 4
      vertex 31.7479 4.60208 0
      vertex 31.7479 4.60208 4
    endloop
  endfacet
  facet normal 0.751888 -0.659291 0
    outer loop
      vertex 31.7479 4.60208 0
      vertex 31.6013 4.43489 4
      vertex 31.6013 4.43489 0
    endloop
  endfacet
  facet normal -0.555551 -0.831483 0
    outer loop
      vertex 36.4 4.87224 0
      vertex 36.5849 4.7487 4
      vertex 36.4 4.87224 4
    endloop
  endfacet
  facet normal -0.555551 -0.831483 -0
    outer loop
      vertex 36.5849 4.7487 4
      vertex 36.4 4.87224 0
      vertex 36.5849 4.7487 0
    endloop
  endfacet
  facet normal -0.98077 0.195165 0
    outer loop
      vertex 37.1921 2.96001 0
      vertex 37.2355 3.17811 4
      vertex 37.2355 3.17811 0
    endloop
  endfacet
  facet normal -0.98077 0.195165 0
    outer loop
      vertex 37.2355 3.17811 4
      vertex 37.1921 2.96001 0
      vertex 37.1921 2.96001 4
    endloop
  endfacet
  facet normal -0.997872 0.0652086 0
    outer loop
      vertex 37.2355 3.17811 0
      vertex 37.25 3.4 4
      vertex 37.25 3.4 0
    endloop
  endfacet
  facet normal -0.997872 0.0652086 0
    outer loop
      vertex 37.25 3.4 4
      vertex 37.2355 3.17811 0
      vertex 37.2355 3.17811 4
    endloop
  endfacet
  facet normal 0.946901 -0.321525 0
    outer loop
      vertex 31.3079 3.83999 4
      vertex 31.3794 4.05056 0
      vertex 31.3794 4.05056 4
    endloop
  endfacet
  facet normal 0.946901 -0.321525 0
    outer loop
      vertex 31.3794 4.05056 0
      vertex 31.3079 3.83999 4
      vertex 31.3079 3.83999 0
    endloop
  endfacet
  facet normal 0.98077 -0.195165 0
    outer loop
      vertex 31.2645 3.62189 4
      vertex 31.3079 3.83999 0
      vertex 31.3079 3.83999 4
    endloop
  endfacet
  facet normal 0.98077 -0.195165 0
    outer loop
      vertex 31.3079 3.83999 0
      vertex 31.2645 3.62189 4
      vertex 31.2645 3.62189 0
    endloop
  endfacet
  facet normal -0.195122 -0.980779 0
    outer loop
      vertex 35.7719 5.08546 0
      vertex 35.99 5.04207 4
      vertex 35.7719 5.08546 4
    endloop
  endfacet
  facet normal -0.195122 -0.980779 -0
    outer loop
      vertex 35.99 5.04207 4
      vertex 35.7719 5.08546 0
      vertex 35.99 5.04207 0
    endloop
  endfacet
  facet normal -0.946901 0.321525 0
    outer loop
      vertex 37.1206 2.74944 0
      vertex 37.1921 2.96001 4
      vertex 37.1921 2.96001 0
    endloop
  endfacet
  facet normal -0.946901 0.321525 0
    outer loop
      vertex 37.1921 2.96001 4
      vertex 37.1206 2.74944 0
      vertex 37.1206 2.74944 4
    endloop
  endfacet
  facet normal 0.659319 0.751863 -0
    outer loop
      vertex 31.9151 2.0513 0
      vertex 31.7479 2.19792 4
      vertex 31.9151 2.0513 4
    endloop
  endfacet
  facet normal 0.659319 0.751863 0
    outer loop
      vertex 31.7479 2.19792 4
      vertex 31.9151 2.0513 0
      vertex 31.7479 2.19792 0
    endloop
  endfacet
  facet normal -0.0653848 -0.99786 0
    outer loop
      vertex 35.55 5.1 0
      vertex 35.7719 5.08546 4
      vertex 35.55 5.1 4
    endloop
  endfacet
  facet normal -0.0653848 -0.99786 -0
    outer loop
      vertex 35.7719 5.08546 4
      vertex 35.55 5.1 0
      vertex 35.7719 5.08546 0
    endloop
  endfacet
  facet normal 0.98077 0.195165 0
    outer loop
      vertex 31.3079 2.96001 4
      vertex 31.2645 3.17811 0
      vertex 31.2645 3.17811 4
    endloop
  endfacet
  facet normal 0.98077 0.195165 0
    outer loop
      vertex 31.2645 3.17811 0
      vertex 31.3079 2.96001 4
      vertex 31.3079 2.96001 0
    endloop
  endfacet
  facet normal 0.321363 0.946956 -0
    outer loop
      vertex 32.51 1.75793 0
      vertex 32.2994 1.8294 4
      vertex 32.51 1.75793 4
    endloop
  endfacet
  facet normal 0.321363 0.946956 0
    outer loop
      vertex 32.2994 1.8294 4
      vertex 32.51 1.75793 0
      vertex 32.2994 1.8294 0
    endloop
  endfacet
  facet normal -0.555551 0.831483 0
    outer loop
      vertex 36.5849 2.0513 0
      vertex 36.4 1.92776 4
      vertex 36.5849 2.0513 4
    endloop
  endfacet
  facet normal -0.555551 0.831483 0
    outer loop
      vertex 36.4 1.92776 4
      vertex 36.5849 2.0513 0
      vertex 36.4 1.92776 0
    endloop
  endfacet
  facet normal 0.751869 0.659313 0
    outer loop
      vertex 31.7479 2.19792 4
      vertex 31.6013 2.3651 0
      vertex 31.6013 2.3651 4
    endloop
  endfacet
  facet normal 0.751869 0.659313 0
    outer loop
      vertex 31.6013 2.3651 0
      vertex 31.7479 2.19792 4
      vertex 31.7479 2.19792 0
    endloop
  endfacet
  facet normal -0.831552 -0.555447 0
    outer loop
      vertex 37.0222 4.25 0
      vertex 36.8987 4.43489 4
      vertex 36.8987 4.43489 0
    endloop
  endfacet
  facet normal -0.831552 -0.555447 0
    outer loop
      vertex 36.8987 4.43489 4
      vertex 37.0222 4.25 0
      vertex 37.0222 4.25 4
    endloop
  endfacet
  facet normal -0.751888 -0.659291 0
    outer loop
      vertex 36.8987 4.43489 0
      vertex 36.7521 4.60208 4
      vertex 36.7521 4.60208 0
    endloop
  endfacet
  facet normal -0.751888 -0.659291 0
    outer loop
      vertex 36.7521 4.60208 4
      vertex 36.8987 4.43489 0
      vertex 36.8987 4.43489 4
    endloop
  endfacet
  facet normal -0.321363 0.946956 0
    outer loop
      vertex 36.2006 1.8294 0
      vertex 35.99 1.75793 4
      vertex 36.2006 1.8294 4
    endloop
  endfacet
  facet normal -0.321363 0.946956 0
    outer loop
      vertex 35.99 1.75793 4
      vertex 36.2006 1.8294 0
      vertex 35.99 1.75793 0
    endloop
  endfacet
  facet normal 0.555551 0.831483 -0
    outer loop
      vertex 32.1 1.92776 0
      vertex 31.9151 2.0513 4
      vertex 32.1 1.92776 4
    endloop
  endfacet
  facet normal 0.555551 0.831483 0
    outer loop
      vertex 31.9151 2.0513 4
      vertex 32.1 1.92776 0
      vertex 31.9151 2.0513 0
    endloop
  endfacet
  facet normal 0.997872 -0.0652086 0
    outer loop
      vertex 39.25 3.4 4
      vertex 39.2645 3.62189 0
      vertex 39.2645 3.62189 4
    endloop
  endfacet
  facet normal 0.997872 -0.0652086 0
    outer loop
      vertex 39.2645 3.62189 0
      vertex 39.25 3.4 4
      vertex 39.25 3.4 0
    endloop
  endfacet
  facet normal 0 -1 0
    outer loop
      vertex 40.95 5.1 0
      vertex 43.55 5.1 4
      vertex 40.95 5.1 4
    endloop
  endfacet
  facet normal 0 -1 -0
    outer loop
      vertex 43.55 5.1 4
      vertex 40.95 5.1 0
      vertex 43.55 5.1 0
    endloop
  endfacet
  facet normal 0.896789 -0.442459 0
    outer loop
      vertex 39.3794 4.05056 4
      vertex 39.4778 4.25 0
      vertex 39.4778 4.25 4
    endloop
  endfacet
  facet normal 0.896789 -0.442459 0
    outer loop
      vertex 39.4778 4.25 0
      vertex 39.3794 4.05056 4
      vertex 39.3794 4.05056 0
    endloop
  endfacet
  facet normal 0.442386 0.896825 -0
    outer loop
      vertex 40.2994 1.8294 0
      vertex 40.1 1.92776 4
      vertex 40.2994 1.8294 4
    endloop
  endfacet
  facet normal 0.442386 0.896825 0
    outer loop
      vertex 40.1 1.92776 4
      vertex 40.2994 1.8294 0
      vertex 40.1 1.92776 0
    endloop
  endfacet
  facet normal -0.98077 -0.195165 0
    outer loop
      vertex 45.2355 3.62189 0
      vertex 45.1921 3.83999 4
      vertex 45.1921 3.83999 0
    endloop
  endfacet
  facet normal -0.98077 -0.195165 0
    outer loop
      vertex 45.1921 3.83999 4
      vertex 45.2355 3.62189 0
      vertex 45.2355 3.62189 4
    endloop
  endfacet
  facet normal -0.195122 0.980779 0
    outer loop
      vertex 43.99 1.75793 0
      vertex 43.7719 1.71454 4
      vertex 43.99 1.75793 4
    endloop
  endfacet
  facet normal -0.195122 0.980779 0
    outer loop
      vertex 43.7719 1.71454 4
      vertex 43.99 1.75793 0
      vertex 43.7719 1.71454 0
    endloop
  endfacet
  facet normal -0.896789 -0.442459 0
    outer loop
      vertex 45.1206 4.05056 0
      vertex 45.0222 4.25 4
      vertex 45.0222 4.25 0
    endloop
  endfacet
  facet normal -0.896789 -0.442459 0
    outer loop
      vertex 45.0222 4.25 4
      vertex 45.1206 4.05056 0
      vertex 45.1206 4.05056 4
    endloop
  endfacet
  facet normal -0.321403 -0.946943 0
    outer loop
      vertex 43.99 5.04207 0
      vertex 44.2006 4.97059 4
      vertex 43.99 5.04207 4
    endloop
  endfacet
  facet normal -0.321403 -0.946943 -0
    outer loop
      vertex 44.2006 4.97059 4
      vertex 43.99 5.04207 0
      vertex 44.2006 4.97059 0
    endloop
  endfacet
  facet normal 0.195122 0.980779 -0
    outer loop
      vertex 40.7281 1.71454 0
      vertex 40.51 1.75793 4
      vertex 40.7281 1.71454 4
    endloop
  endfacet
  facet normal 0.195122 0.980779 0
    outer loop
      vertex 40.51 1.75793 4
      vertex 40.7281 1.71454 0
      vertex 40.51 1.75793 0
    endloop
  endfacet
  facet normal 0.831552 -0.555447 0
    outer loop
      vertex 39.4778 4.25 4
      vertex 39.6013 4.43489 0
      vertex 39.6013 4.43489 4
    endloop
  endfacet
  facet normal 0.831552 -0.555447 0
    outer loop
      vertex 39.6013 4.43489 0
      vertex 39.4778 4.25 4
      vertex 39.4778 4.25 0
    endloop
  endfacet
  facet normal -0.659319 -0.751863 0
    outer loop
      vertex 44.5849 4.7487 0
      vertex 44.7521 4.60208 4
      vertex 44.5849 4.7487 4
    endloop
  endfacet
  facet normal -0.659319 -0.751863 -0
    outer loop
      vertex 44.7521 4.60208 4
      vertex 44.5849 4.7487 0
      vertex 44.7521 4.60208 0
    endloop
  endfacet
  facet normal 0 1 -0
    outer loop
      vertex 43.55 1.7 0
      vertex 40.95 1.7 4
      vertex 43.55 1.7 4
    endloop
  endfacet
  facet normal 0 1 0
    outer loop
      vertex 40.95 1.7 4
      vertex 43.55 1.7 0
      vertex 40.95 1.7 0
    endloop
  endfacet
  facet normal -0.946901 -0.321525 0
    outer loop
      vertex 45.1921 3.83999 0
      vertex 45.1206 4.05056 4
      vertex 45.1206 4.05056 0
    endloop
  endfacet
  facet normal -0.946901 -0.321525 0
    outer loop
      vertex 45.1206 4.05056 4
      vertex 45.1921 3.83999 0
      vertex 45.1921 3.83999 4
    endloop
  endfacet
  facet normal 0.321403 -0.946943 0
    outer loop
      vertex 40.2994 4.97059 0
      vertex 40.51 5.04207 4
      vertex 40.2994 4.97059 4
    endloop
  endfacet
  facet normal 0.321403 -0.946943 0
    outer loop
      vertex 40.51 5.04207 4
      vertex 40.2994 4.97059 0
      vertex 40.51 5.04207 0
    endloop
  endfacet
  facet normal 0.946901 0.321525 0
    outer loop
      vertex 39.3794 2.74944 4
      vertex 39.3079 2.96001 0
      vertex 39.3079 2.96001 4
    endloop
  endfacet
  facet normal 0.946901 0.321525 0
    outer loop
      vertex 39.3079 2.96001 0
      vertex 39.3794 2.74944 4
      vertex 39.3794 2.74944 0
    endloop
  endfacet
  facet normal 0.0653848 -0.99786 0
    outer loop
      vertex 40.7281 5.08546 0
      vertex 40.95 5.1 4
      vertex 40.7281 5.08546 4
    endloop
  endfacet
  facet normal 0.0653848 -0.99786 0
    outer loop
      vertex 40.95 5.1 4
      vertex 40.7281 5.08546 0
      vertex 40.95 5.1 0
    endloop
  endfacet
  facet normal -0.659319 0.751863 0
    outer loop
      vertex 44.7521 2.19792 0
      vertex 44.5849 2.0513 4
      vertex 44.7521 2.19792 4
    endloop
  endfacet
  facet normal -0.659319 0.751863 0
    outer loop
      vertex 44.5849 2.0513 4
      vertex 44.7521 2.19792 0
      vertex 44.5849 2.0513 0
    endloop
  endfacet
  facet normal -0.442386 0.896825 0
    outer loop
      vertex 44.4 1.92776 0
      vertex 44.2006 1.8294 4
      vertex 44.4 1.92776 4
    endloop
  endfacet
  facet normal -0.442386 0.896825 0
    outer loop
      vertex 44.2006 1.8294 4
      vertex 44.4 1.92776 0
      vertex 44.2006 1.8294 0
    endloop
  endfacet
  facet normal -0.442349 -0.896843 0
    outer loop
      vertex 44.2006 4.97059 0
      vertex 44.4 4.87224 4
      vertex 44.2006 4.97059 4
    endloop
  endfacet
  facet normal -0.442349 -0.896843 -0
    outer loop
      vertex 44.4 4.87224 4
      vertex 44.2006 4.97059 0
      vertex 44.4 4.87224 0
    endloop
  endfacet
  facet normal 0.0653848 0.99786 -0
    outer loop
      vertex 40.95 1.7 0
      vertex 40.7281 1.71454 4
      vertex 40.95 1.7 4
    endloop
  endfacet
  facet normal 0.0653848 0.99786 0
    outer loop
      vertex 40.7281 1.71454 4
      vertex 40.95 1.7 0
      vertex 40.7281 1.71454 0
    endloop
  endfacet
  facet normal -0.831566 0.555426 0
    outer loop
      vertex 44.8987 2.3651 0
      vertex 45.0222 2.55 4
      vertex 45.0222 2.55 0
    endloop
  endfacet
  facet normal -0.831566 0.555426 0
    outer loop
      vertex 45.0222 2.55 4
      vertex 44.8987 2.3651 0
      vertex 44.8987 2.3651 4
    endloop
  endfacet
  facet normal 0.195122 -0.980779 0
    outer loop
      vertex 40.51 5.04207 0
      vertex 40.7281 5.08546 4
      vertex 40.51 5.04207 4
    endloop
  endfacet
  facet normal 0.195122 -0.980779 0
    outer loop
      vertex 40.7281 5.08546 4
      vertex 40.51 5.04207 0
      vertex 40.7281 5.08546 0
    endloop
  endfacet
  facet normal 0.831566 0.555426 0
    outer loop
      vertex 39.6013 2.3651 4
      vertex 39.4778 2.55 0
      vertex 39.4778 2.55 4
    endloop
  endfacet
  facet normal 0.831566 0.555426 0
    outer loop
      vertex 39.4778 2.55 0
      vertex 39.6013 2.3651 4
      vertex 39.6013 2.3651 0
    endloop
  endfacet
  facet normal -0.997872 -0.0652086 0
    outer loop
      vertex 45.25 3.4 0
      vertex 45.2355 3.62189 4
      vertex 45.2355 3.62189 0
    endloop
  endfacet
  facet normal -0.997872 -0.0652086 0
    outer loop
      vertex 45.2355 3.62189 4
      vertex 45.25 3.4 0
      vertex 45.25 3.4 4
    endloop
  endfacet
  facet normal -0.0653848 0.99786 0
    outer loop
      vertex 43.7719 1.71454 0
      vertex 43.55 1.7 4
      vertex 43.7719 1.71454 4
    endloop
  endfacet
  facet normal -0.0653848 0.99786 0
    outer loop
      vertex 43.55 1.7 4
      vertex 43.7719 1.71454 0
      vertex 43.55 1.7 0
    endloop
  endfacet
  facet normal -0.751869 0.659313 0
    outer loop
      vertex 44.7521 2.19792 0
      vertex 44.8987 2.3651 4
      vertex 44.8987 2.3651 0
    endloop
  endfacet
  facet normal -0.751869 0.659313 0
    outer loop
      vertex 44.8987 2.3651 4
      vertex 44.7521 2.19792 0
      vertex 44.7521 2.19792 4
    endloop
  endfacet
  facet normal 0.896789 0.442459 0
    outer loop
      vertex 39.4778 2.55 4
      vertex 39.3794 2.74944 0
      vertex 39.3794 2.74944 4
    endloop
  endfacet
  facet normal 0.896789 0.442459 0
    outer loop
      vertex 39.3794 2.74944 0
      vertex 39.4778 2.55 4
      vertex 39.4778 2.55 0
    endloop
  endfacet
  facet normal 0.659319 -0.751863 0
    outer loop
      vertex 39.7479 4.60208 0
      vertex 39.9151 4.7487 4
      vertex 39.7479 4.60208 4
    endloop
  endfacet
  facet normal 0.659319 -0.751863 0
    outer loop
      vertex 39.9151 4.7487 4
      vertex 39.7479 4.60208 0
      vertex 39.9151 4.7487 0
    endloop
  endfacet
  facet normal 0.997872 0.0652086 0
    outer loop
      vertex 39.2645 3.17811 4
      vertex 39.25 3.4 0
      vertex 39.25 3.4 4
    endloop
  endfacet
  facet normal 0.997872 0.0652086 0
    outer loop
      vertex 39.25 3.4 0
      vertex 39.2645 3.17811 4
      vertex 39.2645 3.17811 0
    endloop
  endfacet
  facet normal 0.442349 -0.896843 0
    outer loop
      vertex 40.1 4.87224 0
      vertex 40.2994 4.97059 4
      vertex 40.1 4.87224 4
    endloop
  endfacet
  facet normal 0.442349 -0.896843 0
    outer loop
      vertex 40.2994 4.97059 4
      vertex 40.1 4.87224 0
      vertex 40.2994 4.97059 0
    endloop
  endfacet
  facet normal 0.555551 -0.831483 0
    outer loop
      vertex 39.9151 4.7487 0
      vertex 40.1 4.87224 4
      vertex 39.9151 4.7487 4
    endloop
  endfacet
  facet normal 0.555551 -0.831483 0
    outer loop
      vertex 40.1 4.87224 4
      vertex 39.9151 4.7487 0
      vertex 40.1 4.87224 0
    endloop
  endfacet
  facet normal -0.896789 0.442459 0
    outer loop
      vertex 45.0222 2.55 0
      vertex 45.1206 2.74944 4
      vertex 45.1206 2.74944 0
    endloop
  endfacet
  facet normal -0.896789 0.442459 0
    outer loop
      vertex 45.1206 2.74944 4
      vertex 45.0222 2.55 0
      vertex 45.0222 2.55 4
    endloop
  endfacet
  facet normal 0.751888 -0.659291 0
    outer loop
      vertex 39.6013 4.43489 4
      vertex 39.7479 4.60208 0
      vertex 39.7479 4.60208 4
    endloop
  endfacet
  facet normal 0.751888 -0.659291 0
    outer loop
      vertex 39.7479 4.60208 0
      vertex 39.6013 4.43489 4
      vertex 39.6013 4.43489 0
    endloop
  endfacet
  facet normal -0.555551 -0.831483 0
    outer loop
      vertex 44.4 4.87224 0
      vertex 44.5849 4.7487 4
      vertex 44.4 4.87224 4
    endloop
  endfacet
  facet normal -0.555551 -0.831483 -0
    outer loop
      vertex 44.5849 4.7487 4
      vertex 44.4 4.87224 0
      vertex 44.5849 4.7487 0
    endloop
  endfacet
  facet normal -0.98077 0.195165 0
    outer loop
      vertex 45.1921 2.96001 0
      vertex 45.2355 3.17811 4
      vertex 45.2355 3.17811 0
    endloop
  endfacet
  facet normal -0.98077 0.195165 0
    outer loop
      vertex 45.2355 3.17811 4
      vertex 45.1921 2.96001 0
      vertex 45.1921 2.96001 4
    endloop
  endfacet
  facet normal -0.997872 0.0652086 0
    outer loop
      vertex 45.2355 3.17811 0
      vertex 45.25 3.4 4
      vertex 45.25 3.4 0
    endloop
  endfacet
  facet normal -0.997872 0.0652086 0
    outer loop
      vertex 45.25 3.4 4
      vertex 45.2355 3.17811 0
      vertex 45.2355 3.17811 4
    endloop
  endfacet
  facet normal 0.946901 -0.321525 0
    outer loop
      vertex 39.3079 3.83999 4
      vertex 39.3794 4.05056 0
      vertex 39.3794 4.05056 4
    endloop
  endfacet
  facet normal 0.946901 -0.321525 0
    outer loop
      vertex 39.3794 4.05056 0
      vertex 39.3079 3.83999 4
      vertex 39.3079 3.83999 0
    endloop
  endfacet
  facet normal 0.98077 -0.195165 0
    outer loop
      vertex 39.2645 3.62189 4
      vertex 39.3079 3.83999 0
      vertex 39.3079 3.83999 4
    endloop
  endfacet
  facet normal 0.98077 -0.195165 0
    outer loop
      vertex 39.3079 3.83999 0
      vertex 39.2645 3.62189 4
      vertex 39.2645 3.62189 0
    endloop
  endfacet
  facet normal -0.195122 -0.980779 0
    outer loop
      vertex 43.7719 5.08546 0
      vertex 43.99 5.04207 4
      vertex 43.7719 5.08546 4
    endloop
  endfacet
  facet normal -0.195122 -0.980779 -0
    outer loop
      vertex 43.99 5.04207 4
      vertex 43.7719 5.08546 0
      vertex 43.99 5.04207 0
    endloop
  endfacet
  facet normal -0.946901 0.321525 0
    outer loop
      vertex 45.1206 2.74944 0
      vertex 45.1921 2.96001 4
      vertex 45.1921 2.96001 0
    endloop
  endfacet
  facet normal -0.946901 0.321525 0
    outer loop
      vertex 45.1921 2.96001 4
      vertex 45.1206 2.74944 0
      vertex 45.1206 2.74944 4
    endloop
  endfacet
  facet normal 0.659319 0.751863 -0
    outer loop
      vertex 39.9151 2.0513 0
      vertex 39.7479 2.19792 4
      vertex 39.9151 2.0513 4
    endloop
  endfacet
  facet normal 0.659319 0.751863 0
    outer loop
      vertex 39.7479 2.19792 4
      vertex 39.9151 2.0513 0
      vertex 39.7479 2.19792 0
    endloop
  endfacet
  facet normal -0.0653848 -0.99786 0
    outer loop
      vertex 43.55 5.1 0
      vertex 43.7719 5.08546 4
      vertex 43.55 5.1 4
    endloop
  endfacet
  facet normal -0.0653848 -0.99786 -0
    outer loop
      vertex 43.7719 5.08546 4
      vertex 43.55 5.1 0
      vertex 43.7719 5.08546 0
    endloop
  endfacet
  facet normal 0.98077 0.195165 0
    outer loop
      vertex 39.3079 2.96001 4
      vertex 39.2645 3.17811 0
      vertex 39.2645 3.17811 4
    endloop
  endfacet
  facet normal 0.98077 0.195165 0
    outer loop
      vertex 39.2645 3.17811 0
      vertex 39.3079 2.96001 4
      vertex 39.3079 2.96001 0
    endloop
  endfacet
  facet normal 0.321363 0.946956 -0
    outer loop
      vertex 40.51 1.75793 0
      vertex 40.2994 1.8294 4
      vertex 40.51 1.75793 4
    endloop
  endfacet
  facet normal 0.321363 0.946956 0
    outer loop
      vertex 40.2994 1.8294 4
      vertex 40.51 1.75793 0
      vertex 40.2994 1.8294 0
    endloop
  endfacet
  facet normal -0.555551 0.831483 0
    outer loop
      vertex 44.5849 2.0513 0
      vertex 44.4 1.92776 4
      vertex 44.5849 2.0513 4
    endloop
  endfacet
  facet normal -0.555551 0.831483 0
    outer loop
      vertex 44.4 1.92776 4
      vertex 44.5849 2.0513 0
      vertex 44.4 1.92776 0
    endloop
  endfacet
  facet normal 0.751869 0.659313 0
    outer loop
      vertex 39.7479 2.19792 4
      vertex 39.6013 2.3651 0
      vertex 39.6013 2.3651 4
    endloop
  endfacet
  facet normal 0.751869 0.659313 0
    outer loop
      vertex 39.6013 2.3651 0
      vertex 39.7479 2.19792 4
      vertex 39.7479 2.19792 0
    endloop
  endfacet
  facet normal -0.831552 -0.555447 0
    outer loop
      vertex 45.0222 4.25 0
      vertex 44.8987 4.43489 4
      vertex 44.8987 4.43489 0
    endloop
  endfacet
  facet normal -0.831552 -0.555447 0
    outer loop
      vertex 44.8987 4.43489 4
      vertex 45.0222 4.25 0
      vertex 45.0222 4.25 4
    endloop
  endfacet
  facet normal -0.751888 -0.659291 0
    outer loop
      vertex 44.8987 4.43489 0
      vertex 44.7521 4.60208 4
      vertex 44.7521 4.60208 0
    endloop
  endfacet
  facet normal -0.751888 -0.659291 0
    outer loop
      vertex 44.7521 4.60208 4
      vertex 44.8987 4.43489 0
      vertex 44.8987 4.43489 4
    endloop
  endfacet
  facet normal -0.321363 0.946956 0
    outer loop
      vertex 44.2006 1.8294 0
      vertex 43.99 1.75793 4
      vertex 44.2006 1.8294 4
    endloop
  endfacet
  facet normal -0.321363 0.946956 0
    outer loop
      vertex 43.99 1.75793 4
      vertex 44.2006 1.8294 0
      vertex 43.99 1.75793 0
    endloop
  endfacet
  facet normal 0.555551 0.831483 -0
    outer loop
      vertex 40.1 1.92776 0
      vertex 39.9151 2.0513 4
      vertex 40.1 1.92776 4
    endloop
  endfacet
  facet normal 0.555551 0.831483 0
    outer loop
      vertex 39.9151 2.0513 4
      vertex 40.1 1.92776 0
      vertex 39.9151 2.0513 0
    endloop
  endfacet
  facet normal 0.997872 -0.0652086 0
    outer loop
      vertex 47.25 3.4 4
      vertex 47.2645 3.62189 0
      vertex 47.2645 3.62189 4
    endloop
  endfacet
  facet normal 0.997872 -0.0652086 0
    outer loop
      vertex 47.2645 3.62189 0
      vertex 47.25 3.4 4
      vertex 47.25 3.4 0
    endloop
  endfacet
  facet normal 0 -1 0
    outer loop
      vertex 48.95 5.1 0
      vertex 51.55 5.1 4
      vertex 48.95 5.1 4
    endloop
  endfacet
  facet normal 0 -1 -0
    outer loop
      vertex 51.55 5.1 4
      vertex 48.95 5.1 0
      vertex 51.55 5.1 0
    endloop
  endfacet
  facet normal 0.896789 -0.442459 0
    outer loop
      vertex 47.3794 4.05056 4
      vertex 47.4778 4.25 0
      vertex 47.4778 4.25 4
    endloop
  endfacet
  facet normal 0.896789 -0.442459 0
    outer loop
      vertex 47.4778 4.25 0
      vertex 47.3794 4.05056 4
      vertex 47.3794 4.05056 0
    endloop
  endfacet
  facet normal 0.442386 0.896825 -0
    outer loop
      vertex 48.2994 1.8294 0
      vertex 48.1 1.92776 4
      vertex 48.2994 1.8294 4
    endloop
  endfacet
  facet normal 0.442386 0.896825 0
    outer loop
      vertex 48.1 1.92776 4
      vertex 48.2994 1.8294 0
      vertex 48.1 1.92776 0
    endloop
  endfacet
  facet normal -0.98077 -0.195165 0
    outer loop
      vertex 53.2355 3.62189 0
      vertex 53.1921 3.83999 4
      vertex 53.1921 3.83999 0
    endloop
  endfacet
  facet normal -0.98077 -0.195165 0
    outer loop
      vertex 53.1921 3.83999 4
      vertex 53.2355 3.62189 0
      vertex 53.2355 3.62189 4
    endloop
  endfacet
  facet normal -0.195122 0.980779 0
    outer loop
      vertex 51.99 1.75793 0
      vertex 51.7719 1.71454 4
      vertex 51.99 1.75793 4
    endloop
  endfacet
  facet normal -0.195122 0.980779 0
    outer loop
      vertex 51.7719 1.71454 4
      vertex 51.99 1.75793 0
      vertex 51.7719 1.71454 0
    endloop
  endfacet
  facet normal -0.896789 -0.442459 0
    outer loop
      vertex 53.1206 4.05056 0
      vertex 53.0222 4.25 4
      vertex 53.0222 4.25 0
    endloop
  endfacet
  facet normal -0.896789 -0.442459 0
    outer loop
      vertex 53.0222 4.25 4
      vertex 53.1206 4.05056 0
      vertex 53.1206 4.05056 4
    endloop
  endfacet
  facet normal -0.321403 -0.946943 0
    outer loop
      vertex 51.99 5.04207 0
      vertex 52.2006 4.97059 4
      vertex 51.99 5.04207 4
    endloop
  endfacet
  facet normal -0.321403 -0.946943 -0
    outer loop
      vertex 52.2006 4.97059 4
      vertex 51.99 5.04207 0
      vertex 52.2006 4.97059 0
    endloop
  endfacet
  facet normal 0.195122 0.980779 -0
    outer loop
      vertex 48.7281 1.71454 0
      vertex 48.51 1.75793 4
      vertex 48.7281 1.71454 4
    endloop
  endfacet
  facet normal 0.195122 0.980779 0
    outer loop
      vertex 48.51 1.75793 4
      vertex 48.7281 1.71454 0
      vertex 48.51 1.75793 0
    endloop
  endfacet
  facet normal 0.831552 -0.555447 0
    outer loop
      vertex 47.4778 4.25 4
      vertex 47.6013 4.43489 0
      vertex 47.6013 4.43489 4
    endloop
  endfacet
  facet normal 0.831552 -0.555447 0
    outer loop
      vertex 47.6013 4.43489 0
      vertex 47.4778 4.25 4
      vertex 47.4778 4.25 0
    endloop
  endfacet
  facet normal -0.659319 -0.751863 0
    outer loop
      vertex 52.5849 4.7487 0
      vertex 52.7521 4.60208 4
      vertex 52.5849 4.7487 4
    endloop
  endfacet
  facet normal -0.659319 -0.751863 -0
    outer loop
      vertex 52.7521 4.60208 4
      vertex 52.5849 4.7487 0
      vertex 52.7521 4.60208 0
    endloop
  endfacet
  facet normal 0 1 -0
    outer loop
      vertex 51.55 1.7 0
      vertex 48.95 1.7 4
      vertex 51.55 1.7 4
    endloop
  endfacet
  facet normal 0 1 0
    outer loop
      vertex 48.95 1.7 4
      vertex 51.55 1.7 0
      vertex 48.95 1.7 0
    endloop
  endfacet
  facet normal -0.946901 -0.321525 0
    outer loop
      vertex 53.1921 3.83999 0
      vertex 53.1206 4.05056 4
      vertex 53.1206 4.05056 0
    endloop
  endfacet
  facet normal -0.946901 -0.321525 0
    outer loop
      vertex 53.1206 4.05056 4
      vertex 53.1921 3.83999 0
      vertex 53.1921 3.83999 4
    endloop
  endfacet
  facet normal 0.321403 -0.946943 0
    outer loop
      vertex 48.2994 4.97059 0
      vertex 48.51 5.04207 4
      vertex 48.2994 4.97059 4
    endloop
  endfacet
  facet normal 0.321403 -0.946943 0
    outer loop
      vertex 48.51 5.04207 4
      vertex 48.2994 4.97059 0
      vertex 48.51 5.04207 0
    endloop
  endfacet
  facet normal 0.946901 0.321525 0
    outer loop
      vertex 47.3794 2.74944 4
      vertex 47.3079 2.96001 0
      vertex 47.3079 2.96001 4
    endloop
  endfacet
  facet normal 0.946901 0.321525 0
    outer loop
      vertex 47.3079 2.96001 0
      vertex 47.3794 2.74944 4
      vertex 47.3794 2.74944 0
    endloop
  endfacet
  facet normal 0.0653848 -0.99786 0
    outer loop
      vertex 48.7281 5.08546 0
      vertex 48.95 5.1 4
      vertex 48.7281 5.08546 4
    endloop
  endfacet
  facet normal 0.0653848 -0.99786 0
    outer loop
      vertex 48.95 5.1 4
      vertex 48.7281 5.08546 0
      vertex 48.95 5.1 0
    endloop
  endfacet
  facet normal -0.659319 0.751863 0
    outer loop
      vertex 52.7521 2.19792 0
      vertex 52.5849 2.0513 4
      vertex 52.7521 2.19792 4
    endloop
  endfacet
  facet normal -0.659319 0.751863 0
    outer loop
      vertex 52.5849 2.0513 4
      vertex 52.7521 2.19792 0
      vertex 52.5849 2.0513 0
    endloop
  endfacet
  facet normal -0.442386 0.896825 0
    outer loop
      vertex 52.4 1.92776 0
      vertex 52.2006 1.8294 4
      vertex 52.4 1.92776 4
    endloop
  endfacet
  facet normal -0.442386 0.896825 0
    outer loop
      vertex 52.2006 1.8294 4
      vertex 52.4 1.92776 0
      vertex 52.2006 1.8294 0
    endloop
  endfacet
  facet normal -0.442349 -0.896843 0
    outer loop
      vertex 52.2006 4.97059 0
      vertex 52.4 4.87224 4
      vertex 52.2006 4.97059 4
    endloop
  endfacet
  facet normal -0.442349 -0.896843 -0
    outer loop
      vertex 52.4 4.87224 4
      vertex 52.2006 4.97059 0
      vertex 52.4 4.87224 0
    endloop
  endfacet
  facet normal 0.0653848 0.99786 -0
    outer loop
      vertex 48.95 1.7 0
      vertex 48.7281 1.71454 4
      vertex 48.95 1.7 4
    endloop
  endfacet
  facet normal 0.0653848 0.99786 0
    outer loop
      vertex 48.7281 1.71454 4
      vertex 48.95 1.7 0
      vertex 48.7281 1.71454 0
    endloop
  endfacet
  facet normal -0.751888 -0.659291 0
    outer loop
      vertex 52.8987 4.43489 0
      vertex 52.7521 4.60208 4
      vertex 52.7521 4.60208 0
    endloop
  endfacet
  facet normal -0.751888 -0.659291 0
    outer loop
      vertex 52.7521 4.60208 4
      vertex 52.8987 4.43489 0
      vertex 52.8987 4.43489 4
    endloop
  endfacet
  facet normal -0.831566 0.555426 0
    outer loop
      vertex 52.8987 2.3651 0
      vertex 53.0222 2.55 4
      vertex 53.0222 2.55 0
    endloop
  endfacet
  facet normal -0.831566 0.555426 0
    outer loop
      vertex 53.0222 2.55 4
      vertex 52.8987 2.3651 0
      vertex 52.8987 2.3651 4
    endloop
  endfacet
  facet normal 0.195122 -0.980779 0
    outer loop
      vertex 48.51 5.04207 0
      vertex 48.7281 5.08546 4
      vertex 48.51 5.04207 4
    endloop
  endfacet
  facet normal 0.195122 -0.980779 0
    outer loop
      vertex 48.7281 5.08546 4
      vertex 48.51 5.04207 0
      vertex 48.7281 5.08546 0
    endloop
  endfacet
  facet normal 0.831566 0.555426 0
    outer loop
      vertex 47.6013 2.3651 4
      vertex 47.4778 2.55 0
      vertex 47.4778 2.55 4
    endloop
  endfacet
  facet normal 0.831566 0.555426 0
    outer loop
      vertex 47.4778 2.55 0
      vertex 47.6013 2.3651 4
      vertex 47.6013 2.3651 0
    endloop
  endfacet
  facet normal -0.997872 -0.0652086 0
    outer loop
      vertex 53.25 3.4 0
      vertex 53.2355 3.62189 4
      vertex 53.2355 3.62189 0
    endloop
  endfacet
  facet normal -0.997872 -0.0652086 0
    outer loop
      vertex 53.2355 3.62189 4
      vertex 53.25 3.4 0
      vertex 53.25 3.4 4
    endloop
  endfacet
  facet normal -0.0653848 0.99786 0
    outer loop
      vertex 51.7719 1.71454 0
      vertex 51.55 1.7 4
      vertex 51.7719 1.71454 4
    endloop
  endfacet
  facet normal -0.0653848 0.99786 0
    outer loop
      vertex 51.55 1.7 4
      vertex 51.7719 1.71454 0
      vertex 51.55 1.7 0
    endloop
  endfacet
  facet normal -0.751869 0.659313 0
    outer loop
      vertex 52.7521 2.19792 0
      vertex 52.8987 2.3651 4
      vertex 52.8987 2.3651 0
    endloop
  endfacet
  facet normal -0.751869 0.659313 0
    outer loop
      vertex 52.8987 2.3651 4
      vertex 52.7521 2.19792 0
      vertex 52.7521 2.19792 4
    endloop
  endfacet
  facet normal 0.896789 0.442459 0
    outer loop
      vertex 47.4778 2.55 4
      vertex 47.3794 2.74944 0
      vertex 47.3794 2.74944 4
    endloop
  endfacet
  facet normal 0.896789 0.442459 0
    outer loop
      vertex 47.3794 2.74944 0
      vertex 47.4778 2.55 4
      vertex 47.4778 2.55 0
    endloop
  endfacet
  facet normal 0.659319 -0.751863 0
    outer loop
      vertex 47.7479 4.60208 0
      vertex 47.9151 4.7487 4
      vertex 47.7479 4.60208 4
    endloop
  endfacet
  facet normal 0.659319 -0.751863 0
    outer loop
      vertex 47.9151 4.7487 4
      vertex 47.7479 4.60208 0
      vertex 47.9151 4.7487 0
    endloop
  endfacet
  facet normal 0.997872 0.0652086 0
    outer loop
      vertex 47.2645 3.17811 4
      vertex 47.25 3.4 0
      vertex 47.25 3.4 4
    endloop
  endfacet
  facet normal 0.997872 0.0652086 0
    outer loop
      vertex 47.25 3.4 0
      vertex 47.2645 3.17811 4
      vertex 47.2645 3.17811 0
    endloop
  endfacet
  facet normal 0.442349 -0.896843 0
    outer loop
      vertex 48.1 4.87224 0
      vertex 48.2994 4.97059 4
      vertex 48.1 4.87224 4
    endloop
  endfacet
  facet normal 0.442349 -0.896843 0
    outer loop
      vertex 48.2994 4.97059 4
      vertex 48.1 4.87224 0
      vertex 48.2994 4.97059 0
    endloop
  endfacet
  facet normal 0.555551 -0.831483 0
    outer loop
      vertex 47.9151 4.7487 0
      vertex 48.1 4.87224 4
      vertex 47.9151 4.7487 4
    endloop
  endfacet
  facet normal 0.555551 -0.831483 0
    outer loop
      vertex 48.1 4.87224 4
      vertex 47.9151 4.7487 0
      vertex 48.1 4.87224 0
    endloop
  endfacet
  facet normal -0.896789 0.442459 0
    outer loop
      vertex 53.0222 2.55 0
      vertex 53.1206 2.74944 4
      vertex 53.1206 2.74944 0
    endloop
  endfacet
  facet normal -0.896789 0.442459 0
    outer loop
      vertex 53.1206 2.74944 4
      vertex 53.0222 2.55 0
      vertex 53.0222 2.55 4
    endloop
  endfacet
  facet normal 0.751888 -0.659291 0
    outer loop
      vertex 47.6013 4.43489 4
      vertex 47.7479 4.60208 0
      vertex 47.7479 4.60208 4
    endloop
  endfacet
  facet normal 0.751888 -0.659291 0
    outer loop
      vertex 47.7479 4.60208 0
      vertex 47.6013 4.43489 4
      vertex 47.6013 4.43489 0
    endloop
  endfacet
  facet normal -0.555551 -0.831483 0
    outer loop
      vertex 52.4 4.87224 0
      vertex 52.5849 4.7487 4
      vertex 52.4 4.87224 4
    endloop
  endfacet
  facet normal -0.555551 -0.831483 -0
    outer loop
      vertex 52.5849 4.7487 4
      vertex 52.4 4.87224 0
      vertex 52.5849 4.7487 0
    endloop
  endfacet
  facet normal -0.98077 0.195165 0
    outer loop
      vertex 53.1921 2.96001 0
      vertex 53.2355 3.17811 4
      vertex 53.2355 3.17811 0
    endloop
  endfacet
  facet normal -0.98077 0.195165 0
    outer loop
      vertex 53.2355 3.17811 4
      vertex 53.1921 2.96001 0
      vertex 53.1921 2.96001 4
    endloop
  endfacet
  facet normal -0.997872 0.0652086 0
    outer loop
      vertex 53.2355 3.17811 0
      vertex 53.25 3.4 4
      vertex 53.25 3.4 0
    endloop
  endfacet
  facet normal -0.997872 0.0652086 0
    outer loop
      vertex 53.25 3.4 4
      vertex 53.2355 3.17811 0
      vertex 53.2355 3.17811 4
    endloop
  endfacet
  facet normal 0.946901 -0.321525 0
    outer loop
      vertex 47.3079 3.83999 4
      vertex 47.3794 4.05056 0
      vertex 47.3794 4.05056 4
    endloop
  endfacet
  facet normal 0.946901 -0.321525 0
    outer loop
      vertex 47.3794 4.05056 0
      vertex 47.3079 3.83999 4
      vertex 47.3079 3.83999 0
    endloop
  endfacet
  facet normal 0.98077 -0.195165 0
    outer loop
      vertex 47.2645 3.62189 4
      vertex 47.3079 3.83999 0
      vertex 47.3079 3.83999 4
    endloop
  endfacet
  facet normal 0.98077 -0.195165 0
    outer loop
      vertex 47.3079 3.83999 0
      vertex 47.2645 3.62189 4
      vertex 47.2645 3.62189 0
    endloop
  endfacet
  facet normal -0.195122 -0.980779 0
    outer loop
      vertex 51.7719 5.08546 0
      vertex 51.99 5.04207 4
      vertex 51.7719 5.08546 4
    endloop
  endfacet
  facet normal -0.195122 -0.980779 -0
    outer loop
      vertex 51.99 5.04207 4
      vertex 51.7719 5.08546 0
      vertex 51.99 5.04207 0
    endloop
  endfacet
  facet normal -0.946901 0.321525 0
    outer loop
      vertex 53.1206 2.74944 0
      vertex 53.1921 2.96001 4
      vertex 53.1921 2.96001 0
    endloop
  endfacet
  facet normal -0.946901 0.321525 0
    outer loop
      vertex 53.1921 2.96001 4
      vertex 53.1206 2.74944 0
      vertex 53.1206 2.74944 4
    endloop
  endfacet
  facet normal 0.659319 0.751863 -0
    outer loop
      vertex 47.9151 2.0513 0
      vertex 47.7479 2.19792 4
      vertex 47.9151 2.0513 4
    endloop
  endfacet
  facet normal 0.659319 0.751863 0
    outer loop
      vertex 47.7479 2.19792 4
      vertex 47.9151 2.0513 0
      vertex 47.7479 2.19792 0
    endloop
  endfacet
  facet normal -0.0653848 -0.99786 0
    outer loop
      vertex 51.55 5.1 0
      vertex 51.7719 5.08546 4
      vertex 51.55 5.1 4
    endloop
  endfacet
  facet normal -0.0653848 -0.99786 -0
    outer loop
      vertex 51.7719 5.08546 4
      vertex 51.55 5.1 0
      vertex 51.7719 5.08546 0
    endloop
  endfacet
  facet normal 0.98077 0.195165 0
    outer loop
      vertex 47.3079 2.96001 4
      vertex 47.2645 3.17811 0
      vertex 47.2645 3.17811 4
    endloop
  endfacet
  facet normal 0.98077 0.195165 0
    outer loop
      vertex 47.2645 3.17811 0
      vertex 47.3079 2.96001 4
      vertex 47.3079 2.96001 0
    endloop
  endfacet
  facet normal 0.321363 0.946956 -0
    outer loop
      vertex 48.51 1.75793 0
      vertex 48.2994 1.8294 4
      vertex 48.51 1.75793 4
    endloop
  endfacet
  facet normal 0.321363 0.946956 0
    outer loop
      vertex 48.2994 1.8294 4
      vertex 48.51 1.75793 0
      vertex 48.2994 1.8294 0
    endloop
  endfacet
  facet normal -0.555551 0.831483 0
    outer loop
      vertex 52.5849 2.0513 0
      vertex 52.4 1.92776 4
      vertex 52.5849 2.0513 4
    endloop
  endfacet
  facet normal -0.555551 0.831483 0
    outer loop
      vertex 52.4 1.92776 4
      vertex 52.5849 2.0513 0
      vertex 52.4 1.92776 0
    endloop
  endfacet
  facet normal 0.751869 0.659313 0
    outer loop
      vertex 47.7479 2.19792 4
      vertex 47.6013 2.3651 0
      vertex 47.6013 2.3651 4
    endloop
  endfacet
  facet normal 0.751869 0.659313 0
    outer loop
      vertex 47.6013 2.3651 0
      vertex 47.7479 2.19792 4
      vertex 47.7479 2.19792 0
    endloop
  endfacet
  facet normal -0.831552 -0.555447 0
    outer loop
      vertex 53.0222 4.25 0
      vertex 52.8987 4.43489 4
      vertex 52.8987 4.43489 0
    endloop
  endfacet
  facet normal -0.831552 -0.555447 0
    outer loop
      vertex 52.8987 4.43489 4
      vertex 53.0222 4.25 0
      vertex 53.0222 4.25 4
    endloop
  endfacet
  facet normal -0.321363 0.946956 0
    outer loop
      vertex 52.2006 1.8294 0
      vertex 51.99 1.75793 4
      vertex 52.2006 1.8294 4
    endloop
  endfacet
  facet normal -0.321363 0.946956 0
    outer loop
      vertex 51.99 1.75793 4
      vertex 52.2006 1.8294 0
      vertex 51.99 1.75793 0
    endloop
  endfacet
  facet normal 0.555551 0.831483 -0
    outer loop
      vertex 48.1 1.92776 0
      vertex 47.9151 2.0513 4
      vertex 48.1 1.92776 4
    endloop
  endfacet
  facet normal 0.555551 0.831483 0
    outer loop
      vertex 47.9151 2.0513 4
      vertex 48.1 1.92776 0
      vertex 47.9151 2.0513 0
    endloop
  endfacet
  facet normal 0.997872 -0.0652086 0
    outer loop
      vertex 55.25 3.4 4
      vertex 55.2645 3.62189 0
      vertex 55.2645 3.62189 4
    endloop
  endfacet
  facet normal 0.997872 -0.0652086 0
    outer loop
      vertex 55.2645 3.62189 0
      vertex 55.25 3.4 4
      vertex 55.25 3.4 0
    endloop
  endfacet
  facet normal 0 -1 0
    outer loop
      vertex 56.95 5.1 0
      vertex 59.55 5.1 4
      vertex 56.95 5.1 4
    endloop
  endfacet
  facet normal 0 -1 -0
    outer loop
      vertex 59.55 5.1 4
      vertex 56.95 5.1 0
      vertex 59.55 5.1 0
    endloop
  endfacet
  facet normal 0.896789 -0.442459 0
    outer loop
      vertex 55.3794 4.05056 4
      vertex 55.4778 4.25 0
      vertex 55.4778 4.25 4
    endloop
  endfacet
  facet normal 0.896789 -0.442459 0
    outer loop
      vertex 55.4778 4.25 0
      vertex 55.3794 4.05056 4
      vertex 55.3794 4.05056 0
    endloop
  endfacet
  facet normal 0.442386 0.896825 -0
    outer loop
      vertex 56.2994 1.8294 0
      vertex 56.1 1.92776 4
      vertex 56.2994 1.8294 4
    endloop
  endfacet
  facet normal 0.442386 0.896825 0
    outer loop
      vertex 56.1 1.92776 4
      vertex 56.2994 1.8294 0
      vertex 56.1 1.92776 0
    endloop
  endfacet
  facet normal -0.98077 -0.195165 0
    outer loop
      vertex 61.2355 3.62189 0
      vertex 61.1921 3.83999 4
      vertex 61.1921 3.83999 0
    endloop
  endfacet
  facet normal -0.98077 -0.195165 0
    outer loop
      vertex 61.1921 3.83999 4
      vertex 61.2355 3.62189 0
      vertex 61.2355 3.62189 4
    endloop
  endfacet
  facet normal -0.195122 0.980779 0
    outer loop
      vertex 59.99 1.75793 0
      vertex 59.7719 1.71454 4
      vertex 59.99 1.75793 4
    endloop
  endfacet
  facet normal -0.195122 0.980779 0
    outer loop
      vertex 59.7719 1.71454 4
      vertex 59.99 1.75793 0
      vertex 59.7719 1.71454 0
    endloop
  endfacet
  facet normal -0.896789 -0.442459 0
    outer loop
      vertex 61.1206 4.05056 0
      vertex 61.0222 4.25 4
      vertex 61.0222 4.25 0
    endloop
  endfacet
  facet normal -0.896789 -0.442459 0
    outer loop
      vertex 61.0222 4.25 4
      vertex 61.1206 4.05056 0
      vertex 61.1206 4.05056 4
    endloop
  endfacet
  facet normal -0.321403 -0.946943 0
    outer loop
      vertex 59.99 5.04207 0
      vertex 60.2006 4.97059 4
      vertex 59.99 5.04207 4
    endloop
  endfacet
  facet normal -0.321403 -0.946943 -0
    outer loop
      vertex 60.2006 4.97059 4
      vertex 59.99 5.04207 0
      vertex 60.2006 4.97059 0
    endloop
  endfacet
  facet normal 0.195122 0.980779 -0
    outer loop
      vertex 56.7281 1.71454 0
      vertex 56.51 1.75793 4
      vertex 56.7281 1.71454 4
    endloop
  endfacet
  facet normal 0.195122 0.980779 0
    outer loop
      vertex 56.51 1.75793 4
      vertex 56.7281 1.71454 0
      vertex 56.51 1.75793 0
    endloop
  endfacet
  facet normal 0.831552 -0.555447 0
    outer loop
      vertex 55.4778 4.25 4
      vertex 55.6013 4.43489 0
      vertex 55.6013 4.43489 4
    endloop
  endfacet
  facet normal 0.831552 -0.555447 0
    outer loop
      vertex 55.6013 4.43489 0
      vertex 55.4778 4.25 4
      vertex 55.4778 4.25 0
    endloop
  endfacet
  facet normal -0.659319 -0.751863 0
    outer loop
      vertex 60.5849 4.7487 0
      vertex 60.7521 4.60208 4
      vertex 60.5849 4.7487 4
    endloop
  endfacet
  facet normal -0.659319 -0.751863 -0
    outer loop
      vertex 60.7521 4.60208 4
      vertex 60.5849 4.7487 0
      vertex 60.7521 4.60208 0
    endloop
  endfacet
  facet normal 0 1 -0
    outer loop
      vertex 59.55 1.7 0
      vertex 56.95 1.7 4
      vertex 59.55 1.7 4
    endloop
  endfacet
  facet normal 0 1 0
    outer loop
      vertex 56.95 1.7 4
      vertex 59.55 1.7 0
      vertex 56.95 1.7 0
    endloop
  endfacet
  facet normal -0.946901 -0.321525 0
    outer loop
      vertex 61.1921 3.83999 0
      vertex 61.1206 4.05056 4
      vertex 61.1206 4.05056 0
    endloop
  endfacet
  facet normal -0.946901 -0.321525 0
    outer loop
      vertex 61.1206 4.05056 4
      vertex 61.1921 3.83999 0
      vertex 61.1921 3.83999 4
    endloop
  endfacet
  facet normal 0.321403 -0.946943 0
    outer loop
      vertex 56.2994 4.97059 0
      vertex 56.51 5.04207 4
      vertex 56.2994 4.97059 4
    endloop
  endfacet
  facet normal 0.321403 -0.946943 0
    outer loop
      vertex 56.51 5.04207 4
      vertex 56.2994 4.97059 0
      vertex 56.51 5.04207 0
    endloop
  endfacet
  facet normal 0.946901 0.321525 0
    outer loop
      vertex 55.3794 2.74944 4
      vertex 55.3079 2.96001 0
      vertex 55.3079 2.96001 4
    endloop
  endfacet
  facet normal 0.946901 0.321525 0
    outer loop
      vertex 55.3079 2.96001 0
      vertex 55.3794 2.74944 4
      vertex 55.3794 2.74944 0
    endloop
  endfacet
  facet normal 0.0653848 -0.99786 0
    outer loop
      vertex 56.7281 5.08546 0
      vertex 56.95 5.1 4
      vertex 56.7281 5.08546 4
    endloop
  endfacet
  facet normal 0.0653848 -0.99786 0
    outer loop
      vertex 56.95 5.1 4
      vertex 56.7281 5.08546 0
      vertex 56.95 5.1 0
    endloop
  endfacet
  facet normal -0.659319 0.751863 0
    outer loop
      vertex 60.7521 2.19792 0
      vertex 60.5849 2.0513 4
      vertex 60.7521 2.19792 4
    endloop
  endfacet
  facet normal -0.659319 0.751863 0
    outer loop
      vertex 60.5849 2.0513 4
      vertex 60.7521 2.19792 0
      vertex 60.5849 2.0513 0
    endloop
  endfacet
  facet normal -0.442386 0.896825 0
    outer loop
      vertex 60.4 1.92776 0
      vertex 60.2006 1.8294 4
      vertex 60.4 1.92776 4
    endloop
  endfacet
  facet normal -0.442386 0.896825 0
    outer loop
      vertex 60.2006 1.8294 4
      vertex 60.4 1.92776 0
      vertex 60.2006 1.8294 0
    endloop
  endfacet
  facet normal -0.442349 -0.896843 0
    outer loop
      vertex 60.2006 4.97059 0
      vertex 60.4 4.87224 4
      vertex 60.2006 4.97059 4
    endloop
  endfacet
  facet normal -0.442349 -0.896843 -0
    outer loop
      vertex 60.4 4.87224 4
      vertex 60.2006 4.97059 0
      vertex 60.4 4.87224 0
    endloop
  endfacet
  facet normal 0.0653848 0.99786 -0
    outer loop
      vertex 56.95 1.7 0
      vertex 56.7281 1.71454 4
      vertex 56.95 1.7 4
    endloop
  endfacet
  facet normal 0.0653848 0.99786 0
    outer loop
      vertex 56.7281 1.71454 4
      vertex 56.95 1.7 0
      vertex 56.7281 1.71454 0
    endloop
  endfacet
  facet normal -0.831566 0.555426 0
    outer loop
      vertex 60.8987 2.3651 0
      vertex 61.0222 2.55 4
      vertex 61.0222 2.55 0
    endloop
  endfacet
  facet normal -0.831566 0.555426 0
    outer loop
      vertex 61.0222 2.55 4
      vertex 60.8987 2.3651 0
      vertex 60.8987 2.3651 4
    endloop
  endfacet
  facet normal 0.195122 -0.980779 0
    outer loop
      vertex 56.51 5.04207 0
      vertex 56.7281 5.08546 4
      vertex 56.51 5.04207 4
    endloop
  endfacet
  facet normal 0.195122 -0.980779 0
    outer loop
      vertex 56.7281 5.08546 4
      vertex 56.51 5.04207 0
      vertex 56.7281 5.08546 0
    endloop
  endfacet
  facet normal 0.831566 0.555426 0
    outer loop
      vertex 55.6013 2.3651 4
      vertex 55.4778 2.55 0
      vertex 55.4778 2.55 4
    endloop
  endfacet
  facet normal 0.831566 0.555426 0
    outer loop
      vertex 55.4778 2.55 0
      vertex 55.6013 2.3651 4
      vertex 55.6013 2.3651 0
    endloop
  endfacet
  facet normal -0.997872 -0.0652086 0
    outer loop
      vertex 61.25 3.4 0
      vertex 61.2355 3.62189 4
      vertex 61.2355 3.62189 0
    endloop
  endfacet
  facet normal -0.997872 -0.0652086 0
    outer loop
      vertex 61.2355 3.62189 4
      vertex 61.25 3.4 0
      vertex 61.25 3.4 4
    endloop
  endfacet
  facet normal -0.0653848 0.99786 0
    outer loop
      vertex 59.7719 1.71454 0
      vertex 59.55 1.7 4
      vertex 59.7719 1.71454 4
    endloop
  endfacet
  facet normal -0.0653848 0.99786 0
    outer loop
      vertex 59.55 1.7 4
      vertex 59.7719 1.71454 0
      vertex 59.55 1.7 0
    endloop
  endfacet
  facet normal -0.751869 0.659313 0
    outer loop
      vertex 60.7521 2.19792 0
      vertex 60.8987 2.3651 4
      vertex 60.8987 2.3651 0
    endloop
  endfacet
  facet normal -0.751869 0.659313 0
    outer loop
      vertex 60.8987 2.3651 4
      vertex 60.7521 2.19792 0
      vertex 60.7521 2.19792 4
    endloop
  endfacet
  facet normal 0.896789 0.442459 0
    outer loop
      vertex 55.4778 2.55 4
      vertex 55.3794 2.74944 0
      vertex 55.3794 2.74944 4
    endloop
  endfacet
  facet normal 0.896789 0.442459 0
    outer loop
      vertex 55.3794 2.74944 0
      vertex 55.4778 2.55 4
      vertex 55.4778 2.55 0
    endloop
  endfacet
  facet normal 0.659319 -0.751863 0
    outer loop
      vertex 55.7479 4.60208 0
      vertex 55.9151 4.7487 4
      vertex 55.7479 4.60208 4
    endloop
  endfacet
  facet normal 0.659319 -0.751863 0
    outer loop
      vertex 55.9151 4.7487 4
      vertex 55.7479 4.60208 0
      vertex 55.9151 4.7487 0
    endloop
  endfacet
  facet normal 0.997872 0.0652086 0
    outer loop
      vertex 55.2645 3.17811 4
      vertex 55.25 3.4 0
      vertex 55.25 3.4 4
    endloop
  endfacet
  facet normal 0.997872 0.0652086 0
    outer loop
      vertex 55.25 3.4 0
      vertex 55.2645 3.17811 4
      vertex 55.2645 3.17811 0
    endloop
  endfacet
  facet normal 0.442349 -0.896843 0
    outer loop
      vertex 56.1 4.87224 0
      vertex 56.2994 4.97059 4
      vertex 56.1 4.87224 4
    endloop
  endfacet
  facet normal 0.442349 -0.896843 0
    outer loop
      vertex 56.2994 4.97059 4
      vertex 56.1 4.87224 0
      vertex 56.2994 4.97059 0
    endloop
  endfacet
  facet normal 0.555551 -0.831483 0
    outer loop
      vertex 55.9151 4.7487 0
      vertex 56.1 4.87224 4
      vertex 55.9151 4.7487 4
    endloop
  endfacet
  facet normal 0.555551 -0.831483 0
    outer loop
      vertex 56.1 4.87224 4
      vertex 55.9151 4.7487 0
      vertex 56.1 4.87224 0
    endloop
  endfacet
  facet normal -0.896789 0.442459 0
    outer loop
      vertex 61.0222 2.55 0
      vertex 61.1206 2.74944 4
      vertex 61.1206 2.74944 0
    endloop
  endfacet
  facet normal -0.896789 0.442459 0
    outer loop
      vertex 61.1206 2.74944 4
      vertex 61.0222 2.55 0
      vertex 61.0222 2.55 4
    endloop
  endfacet
  facet normal 0.751888 -0.659291 0
    outer loop
      vertex 55.6013 4.43489 4
      vertex 55.7479 4.60208 0
      vertex 55.7479 4.60208 4
    endloop
  endfacet
  facet normal 0.751888 -0.659291 0
    outer loop
      vertex 55.7479 4.60208 0
      vertex 55.6013 4.43489 4
      vertex 55.6013 4.43489 0
    endloop
  endfacet
  facet normal -0.555551 -0.831483 0
    outer loop
      vertex 60.4 4.87224 0
      vertex 60.5849 4.7487 4
      vertex 60.4 4.87224 4
    endloop
  endfacet
  facet normal -0.555551 -0.831483 -0
    outer loop
      vertex 60.5849 4.7487 4
      vertex 60.4 4.87224 0
      vertex 60.5849 4.7487 0
    endloop
  endfacet
  facet normal -0.98077 0.195165 0
    outer loop
      vertex 61.1921 2.96001 0
      vertex 61.2355 3.17811 4
      vertex 61.2355 3.17811 0
    endloop
  endfacet
  facet normal -0.98077 0.195165 0
    outer loop
      vertex 61.2355 3.17811 4
      vertex 61.1921 2.96001 0
      vertex 61.1921 2.96001 4
    endloop
  endfacet
  facet normal -0.997872 0.0652086 0
    outer loop
      vertex 61.2355 3.17811 0
      vertex 61.25 3.4 4
      vertex 61.25 3.4 0
    endloop
  endfacet
  facet normal -0.997872 0.0652086 0
    outer loop
      vertex 61.25 3.4 4
      vertex 61.2355 3.17811 0
      vertex 61.2355 3.17811 4
    endloop
  endfacet
  facet normal 0.946901 -0.321525 0
    outer loop
      vertex 55.3079 3.83999 4
      vertex 55.3794 4.05056 0
      vertex 55.3794 4.05056 4
    endloop
  endfacet
  facet normal 0.946901 -0.321525 0
    outer loop
      vertex 55.3794 4.05056 0
      vertex 55.3079 3.83999 4
      vertex 55.3079 3.83999 0
    endloop
  endfacet
  facet normal 0.98077 -0.195165 0
    outer loop
      vertex 55.2645 3.62189 4
      vertex 55.3079 3.83999 0
      vertex 55.3079 3.83999 4
    endloop
  endfacet
  facet normal 0.98077 -0.195165 0
    outer loop
      vertex 55.3079 3.83999 0
      vertex 55.2645 3.62189 4
      vertex 55.2645 3.62189 0
    endloop
  endfacet
  facet normal -0.195122 -0.980779 0
    outer loop
      vertex 59.7719 5.08546 0
      vertex 59.99 5.04207 4
      vertex 59.7719 5.08546 4
    endloop
  endfacet
  facet normal -0.195122 -0.980779 -0
    outer loop
      vertex 59.99 5.04207 4
      vertex 59.7719 5.08546 0
      vertex 59.99 5.04207 0
    endloop
  endfacet
  facet normal -0.946901 0.321525 0
    outer loop
      vertex 61.1206 2.74944 0
      vertex 61.1921 2.96001 4
      vertex 61.1921 2.96001 0
    endloop
  endfacet
  facet normal -0.946901 0.321525 0
    outer loop
      vertex 61.1921 2.96001 4
      vertex 61.1206 2.74944 0
      vertex 61.1206 2.74944 4
    endloop
  endfacet
  facet normal 0.659319 0.751863 -0
    outer loop
      vertex 55.9151 2.0513 0
      vertex 55.7479 2.19792 4
      vertex 55.9151 2.0513 4
    endloop
  endfacet
  facet normal 0.659319 0.751863 0
    outer loop
      vertex 55.7479 2.19792 4
      vertex 55.9151 2.0513 0
      vertex 55.7479 2.19792 0
    endloop
  endfacet
  facet normal -0.0653848 -0.99786 0
    outer loop
      vertex 59.55 5.1 0
      vertex 59.7719 5.08546 4
      vertex 59.55 5.1 4
    endloop
  endfacet
  facet normal -0.0653848 -0.99786 -0
    outer loop
      vertex 59.7719 5.08546 4
      vertex 59.55 5.1 0
      vertex 59.7719 5.08546 0
    endloop
  endfacet
  facet normal 0.98077 0.195165 0
    outer loop
      vertex 55.3079 2.96001 4
      vertex 55.2645 3.17811 0
      vertex 55.2645 3.17811 4
    endloop
  endfacet
  facet normal 0.98077 0.195165 0
    outer loop
      vertex 55.2645 3.17811 0
      vertex 55.3079 2.96001 4
      vertex 55.3079 2.96001 0
    endloop
  endfacet
  facet normal 0.321363 0.946956 -0
    outer loop
      vertex 56.51 1.75793 0
      vertex 56.2994 1.8294 4
      vertex 56.51 1.75793 4
    endloop
  endfacet
  facet normal 0.321363 0.946956 0
    outer loop
      vertex 56.2994 1.8294 4
      vertex 56.51 1.75793 0
      vertex 56.2994 1.8294 0
    endloop
  endfacet
  facet normal -0.555551 0.831483 0
    outer loop
      vertex 60.5849 2.0513 0
      vertex 60.4 1.92776 4
      vertex 60.5849 2.0513 4
    endloop
  endfacet
  facet normal -0.555551 0.831483 0
    outer loop
      vertex 60.4 1.92776 4
      vertex 60.5849 2.0513 0
      vertex 60.4 1.92776 0
    endloop
  endfacet
  facet normal 0.751869 0.659313 0
    outer loop
      vertex 55.7479 2.19792 4
      vertex 55.6013 2.3651 0
      vertex 55.6013 2.3651 4
    endloop
  endfacet
  facet normal 0.751869 0.659313 0
    outer loop
      vertex 55.6013 2.3651 0
      vertex 55.7479 2.19792 4
      vertex 55.7479 2.19792 0
    endloop
  endfacet
  facet normal -0.831552 -0.555447 0
    outer loop
      vertex 61.0222 4.25 0
      vertex 60.8987 4.43489 4
      vertex 60.8987 4.43489 0
    endloop
  endfacet
  facet normal -0.831552 -0.555447 0
    outer loop
      vertex 60.8987 4.43489 4
      vertex 61.0222 4.25 0
      vertex 61.0222 4.25 4
    endloop
  endfacet
  facet normal -0.751888 -0.659291 0
    outer loop
      vertex 60.8987 4.43489 0
      vertex 60.7521 4.60208 4
      vertex 60.7521 4.60208 0
    endloop
  endfacet
  facet normal -0.751888 -0.659291 0
    outer loop
      vertex 60.7521 4.60208 4
      vertex 60.8987 4.43489 0
      vertex 60.8987 4.43489 4
    endloop
  endfacet
  facet normal -0.321363 0.946956 0
    outer loop
      vertex 60.2006 1.8294 0
      vertex 59.99 1.75793 4
      vertex 60.2006 1.8294 4
    endloop
  endfacet
  facet normal -0.321363 0.946956 0
    outer loop
      vertex 59.99 1.75793 4
      vertex 60.2006 1.8294 0
      vertex 59.99 1.75793 0
    endloop
  endfacet
  facet normal 0.555551 0.831483 -0
    outer loop
      vertex 56.1 1.92776 0
      vertex 55.9151 2.0513 4
      vertex 56.1 1.92776 4
    endloop
  endfacet
  facet normal 0.555551 0.831483 0
    outer loop
      vertex 55.9151 2.0513 4
      vertex 56.1 1.92776 0
      vertex 55.9151 2.0513 0
    endloop
  endfacet
  facet normal 0.997872 -0.0652086 0
    outer loop
      vertex 63.25 3.4 4
      vertex 63.2645 3.62189 0
      vertex 63.2645 3.62189 4
    endloop
  endfacet
  facet normal 0.997872 -0.0652086 0
    outer loop
      vertex 63.2645 3.62189 0
      vertex 63.25 3.4 4
      vertex 63.25 3.4 0
    endloop
  endfacet
  facet normal 0 -1 0
    outer loop
      vertex 64.95 5.1 0
      vertex 67.55 5.1 4
      vertex 64.95 5.1 4
    endloop
  endfacet
  facet normal 0 -1 -0
    outer loop
      vertex 67.55 5.1 4
      vertex 64.95 5.1 0
      vertex 67.55 5.1 0
    endloop
  endfacet
  facet normal 0.896789 -0.442459 0
    outer loop
      vertex 63.3794 4.05056 4
      vertex 63.4778 4.25 0
      vertex 63.4778 4.25 4
    endloop
  endfacet
  facet normal 0.896789 -0.442459 0
    outer loop
      vertex 63.4778 4.25 0
      vertex 63.3794 4.05056 4
      vertex 63.3794 4.05056 0
    endloop
  endfacet
  facet normal 0.442386 0.896825 -0
    outer loop
      vertex 64.2994 1.8294 0
      vertex 64.1 1.92776 4
      vertex 64.2994 1.8294 4
    endloop
  endfacet
  facet normal 0.442386 0.896825 0
    outer loop
      vertex 64.1 1.92776 4
      vertex 64.2994 1.8294 0
      vertex 64.1 1.92776 0
    endloop
  endfacet
  facet normal -0.98077 -0.195165 0
    outer loop
      vertex 69.2355 3.62189 0
      vertex 69.1921 3.83999 4
      vertex 69.1921 3.83999 0
    endloop
  endfacet
  facet normal -0.98077 -0.195165 0
    outer loop
      vertex 69.1921 3.83999 4
      vertex 69.2355 3.62189 0
      vertex 69.2355 3.62189 4
    endloop
  endfacet
  facet normal -0.195122 0.980779 0
    outer loop
      vertex 67.99 1.75793 0
      vertex 67.7719 1.71454 4
      vertex 67.99 1.75793 4
    endloop
  endfacet
  facet normal -0.195122 0.980779 0
    outer loop
      vertex 67.7719 1.71454 4
      vertex 67.99 1.75793 0
      vertex 67.7719 1.71454 0
    endloop
  endfacet
  facet normal -0.896789 -0.442459 0
    outer loop
      vertex 69.1206 4.05056 0
      vertex 69.0222 4.25 4
      vertex 69.0222 4.25 0
    endloop
  endfacet
  facet normal -0.896789 -0.442459 0
    outer loop
      vertex 69.0222 4.25 4
      vertex 69.1206 4.05056 0
      vertex 69.1206 4.05056 4
    endloop
  endfacet
  facet normal -0.321403 -0.946943 0
    outer loop
      vertex 67.99 5.04207 0
      vertex 68.2006 4.97059 4
      vertex 67.99 5.04207 4
    endloop
  endfacet
  facet normal -0.321403 -0.946943 -0
    outer loop
      vertex 68.2006 4.97059 4
      vertex 67.99 5.04207 0
      vertex 68.2006 4.97059 0
    endloop
  endfacet
  facet normal 0.195122 0.980779 -0
    outer loop
      vertex 64.7281 1.71454 0
      vertex 64.51 1.75793 4
      vertex 64.7281 1.71454 4
    endloop
  endfacet
  facet normal 0.195122 0.980779 0
    outer loop
      vertex 64.51 1.75793 4
      vertex 64.7281 1.71454 0
      vertex 64.51 1.75793 0
    endloop
  endfacet
  facet normal 0.831552 -0.555447 0
    outer loop
      vertex 63.4778 4.25 4
      vertex 63.6013 4.43489 0
      vertex 63.6013 4.43489 4
    endloop
  endfacet
  facet normal 0.831552 -0.555447 0
    outer loop
      vertex 63.6013 4.43489 0
      vertex 63.4778 4.25 4
      vertex 63.4778 4.25 0
    endloop
  endfacet
  facet normal -0.659319 -0.751863 0
    outer loop
      vertex 68.5849 4.7487 0
      vertex 68.7521 4.60208 4
      vertex 68.5849 4.7487 4
    endloop
  endfacet
  facet normal -0.659319 -0.751863 -0
    outer loop
      vertex 68.7521 4.60208 4
      vertex 68.5849 4.7487 0
      vertex 68.7521 4.60208 0
    endloop
  endfacet
  facet normal 0 1 -0
    outer loop
      vertex 67.55 1.7 0
      vertex 64.95 1.7 4
      vertex 67.55 1.7 4
    endloop
  endfacet
  facet normal 0 1 0
    outer loop
      vertex 64.95 1.7 4
      vertex 67.55 1.7 0
      vertex 64.95 1.7 0
    endloop
  endfacet
  facet normal -0.946901 -0.321525 0
    outer loop
      vertex 69.1921 3.83999 0
      vertex 69.1206 4.05056 4
      vertex 69.1206 4.05056 0
    endloop
  endfacet
  facet normal -0.946901 -0.321525 0
    outer loop
      vertex 69.1206 4.05056 4
      vertex 69.1921 3.83999 0
      vertex 69.1921 3.83999 4
    endloop
  endfacet
  facet normal 0.321403 -0.946943 0
    outer loop
      vertex 64.2994 4.97059 0
      vertex 64.51 5.04207 4
      vertex 64.2994 4.97059 4
    endloop
  endfacet
  facet normal 0.321403 -0.946943 0
    outer loop
      vertex 64.51 5.04207 4
      vertex 64.2994 4.97059 0
      vertex 64.51 5.04207 0
    endloop
  endfacet
  facet normal 0.946901 0.321525 0
    outer loop
      vertex 63.3794 2.74944 4
      vertex 63.3079 2.96001 0
      vertex 63.3079 2.96001 4
    endloop
  endfacet
  facet normal 0.946901 0.321525 0
    outer loop
      vertex 63.3079 2.96001 0
      vertex 63.3794 2.74944 4
      vertex 63.3794 2.74944 0
    endloop
  endfacet
  facet normal 0.0653848 -0.99786 0
    outer loop
      vertex 64.7281 5.08546 0
      vertex 64.95 5.1 4
      vertex 64.7281 5.08546 4
    endloop
  endfacet
  facet normal 0.0653848 -0.99786 0
    outer loop
      vertex 64.95 5.1 4
      vertex 64.7281 5.08546 0
      vertex 64.95 5.1 0
    endloop
  endfacet
  facet normal -0.659319 0.751863 0
    outer loop
      vertex 68.7521 2.19792 0
      vertex 68.5849 2.0513 4
      vertex 68.7521 2.19792 4
    endloop
  endfacet
  facet normal -0.659319 0.751863 0
    outer loop
      vertex 68.5849 2.0513 4
      vertex 68.7521 2.19792 0
      vertex 68.5849 2.0513 0
    endloop
  endfacet
  facet normal -0.442386 0.896825 0
    outer loop
      vertex 68.4 1.92776 0
      vertex 68.2006 1.8294 4
      vertex 68.4 1.92776 4
    endloop
  endfacet
  facet normal -0.442386 0.896825 0
    outer loop
      vertex 68.2006 1.8294 4
      vertex 68.4 1.92776 0
      vertex 68.2006 1.8294 0
    endloop
  endfacet
  facet normal -0.442349 -0.896843 0
    outer loop
      vertex 68.2006 4.97059 0
      vertex 68.4 4.87224 4
      vertex 68.2006 4.97059 4
    endloop
  endfacet
  facet normal -0.442349 -0.896843 -0
    outer loop
      vertex 68.4 4.87224 4
      vertex 68.2006 4.97059 0
      vertex 68.4 4.87224 0
    endloop
  endfacet
  facet normal 0.0653848 0.99786 -0
    outer loop
      vertex 64.95 1.7 0
      vertex 64.7281 1.71454 4
      vertex 64.95 1.7 4
    endloop
  endfacet
  facet normal 0.0653848 0.99786 0
    outer loop
      vertex 64.7281 1.71454 4
      vertex 64.95 1.7 0
      vertex 64.7281 1.71454 0
    endloop
  endfacet
  facet normal -0.751888 -0.659291 0
    outer loop
      vertex 68.8987 4.43489 0
      vertex 68.7521 4.60208 4
      vertex 68.7521 4.60208 0
    endloop
  endfacet
  facet normal -0.751888 -0.659291 0
    outer loop
      vertex 68.7521 4.60208 4
      vertex 68.8987 4.43489 0
      vertex 68.8987 4.43489 4
    endloop
  endfacet
  facet normal -0.831566 0.555426 0
    outer loop
      vertex 68.8987 2.3651 0
      vertex 69.0222 2.55 4
      vertex 69.0222 2.55 0
    endloop
  endfacet
  facet normal -0.831566 0.555426 0
    outer loop
      vertex 69.0222 2.55 4
      vertex 68.8987 2.3651 0
      vertex 68.8987 2.3651 4
    endloop
  endfacet
  facet normal 0.195122 -0.980779 0
    outer loop
      vertex 64.51 5.04207 0
      vertex 64.7281 5.08546 4
      vertex 64.51 5.04207 4
    endloop
  endfacet
  facet normal 0.195122 -0.980779 0
    outer loop
      vertex 64.7281 5.08546 4
      vertex 64.51 5.04207 0
      vertex 64.7281 5.08546 0
    endloop
  endfacet
  facet normal 0.831566 0.555426 0
    outer loop
      vertex 63.6013 2.3651 4
      vertex 63.4778 2.55 0
      vertex 63.4778 2.55 4
    endloop
  endfacet
  facet normal 0.831566 0.555426 0
    outer loop
      vertex 63.4778 2.55 0
      vertex 63.6013 2.3651 4
      vertex 63.6013 2.3651 0
    endloop
  endfacet
  facet normal -0.997872 -0.0652086 0
    outer loop
      vertex 69.25 3.4 0
      vertex 69.2355 3.62189 4
      vertex 69.2355 3.62189 0
    endloop
  endfacet
  facet normal -0.997872 -0.0652086 0
    outer loop
      vertex 69.2355 3.62189 4
      vertex 69.25 3.4 0
      vertex 69.25 3.4 4
    endloop
  endfacet
  facet normal -0.0653848 0.99786 0
    outer loop
      vertex 67.7719 1.71454 0
      vertex 67.55 1.7 4
      vertex 67.7719 1.71454 4
    endloop
  endfacet
  facet normal -0.0653848 0.99786 0
    outer loop
      vertex 67.55 1.7 4
      vertex 67.7719 1.71454 0
      vertex 67.55 1.7 0
    endloop
  endfacet
  facet normal -0.751869 0.659313 0
    outer loop
      vertex 68.7521 2.19792 0
      vertex 68.8987 2.3651 4
      vertex 68.8987 2.3651 0
    endloop
  endfacet
  facet normal -0.751869 0.659313 0
    outer loop
      vertex 68.8987 2.3651 4
      vertex 68.7521 2.19792 0
      vertex 68.7521 2.19792 4
    endloop
  endfacet
  facet normal 0.896789 0.442459 0
    outer loop
      vertex 63.4778 2.55 4
      vertex 63.3794 2.74944 0
      vertex 63.3794 2.74944 4
    endloop
  endfacet
  facet normal 0.896789 0.442459 0
    outer loop
      vertex 63.3794 2.74944 0
      vertex 63.4778 2.55 4
      vertex 63.4778 2.55 0
    endloop
  endfacet
  facet normal 0.659319 -0.751863 0
    outer loop
      vertex 63.7479 4.60208 0
      vertex 63.9151 4.7487 4
      vertex 63.7479 4.60208 4
    endloop
  endfacet
  facet normal 0.659319 -0.751863 0
    outer loop
      vertex 63.9151 4.7487 4
      vertex 63.7479 4.60208 0
      vertex 63.9151 4.7487 0
    endloop
  endfacet
  facet normal 0.997872 0.0652086 0
    outer loop
      vertex 63.2645 3.17811 4
      vertex 63.25 3.4 0
      vertex 63.25 3.4 4
    endloop
  endfacet
  facet normal 0.997872 0.0652086 0
    outer loop
      vertex 63.25 3.4 0
      vertex 63.2645 3.17811 4
      vertex 63.2645 3.17811 0
    endloop
  endfacet
  facet normal 0.442349 -0.896843 0
    outer loop
      vertex 64.1 4.87224 0
      vertex 64.2994 4.97059 4
      vertex 64.1 4.87224 4
    endloop
  endfacet
  facet normal 0.442349 -0.896843 0
    outer loop
      vertex 64.2994 4.97059 4
      vertex 64.1 4.87224 0
      vertex 64.2994 4.97059 0
    endloop
  endfacet
  facet normal 0.555551 -0.831483 0
    outer loop
      vertex 63.9151 4.7487 0
      vertex 64.1 4.87224 4
      vertex 63.9151 4.7487 4
    endloop
  endfacet
  facet normal 0.555551 -0.831483 0
    outer loop
      vertex 64.1 4.87224 4
      vertex 63.9151 4.7487 0
      vertex 64.1 4.87224 0
    endloop
  endfacet
  facet normal -0.896789 0.442459 0
    outer loop
      vertex 69.0222 2.55 0
      vertex 69.1206 2.74944 4
      vertex 69.1206 2.74944 0
    endloop
  endfacet
  facet normal -0.896789 0.442459 0
    outer loop
      vertex 69.1206 2.74944 4
      vertex 69.0222 2.55 0
      vertex 69.0222 2.55 4
    endloop
  endfacet
  facet normal 0.751888 -0.659291 0
    outer loop
      vertex 63.6013 4.43489 4
      vertex 63.7479 4.60208 0
      vertex 63.7479 4.60208 4
    endloop
  endfacet
  facet normal 0.751888 -0.659291 0
    outer loop
      vertex 63.7479 4.60208 0
      vertex 63.6013 4.43489 4
      vertex 63.6013 4.43489 0
    endloop
  endfacet
  facet normal -0.555551 -0.831483 0
    outer loop
      vertex 68.4 4.87224 0
      vertex 68.5849 4.7487 4
      vertex 68.4 4.87224 4
    endloop
  endfacet
  facet normal -0.555551 -0.831483 -0
    outer loop
      vertex 68.5849 4.7487 4
      vertex 68.4 4.87224 0
      vertex 68.5849 4.7487 0
    endloop
  endfacet
  facet normal -0.98077 0.195165 0
    outer loop
      vertex 69.1921 2.96001 0
      vertex 69.2355 3.17811 4
      vertex 69.2355 3.17811 0
    endloop
  endfacet
  facet normal -0.98077 0.195165 0
    outer loop
      vertex 69.2355 3.17811 4
      vertex 69.1921 2.96001 0
      vertex 69.1921 2.96001 4
    endloop
  endfacet
  facet normal -0.997872 0.0652086 0
    outer loop
      vertex 69.2355 3.17811 0
      vertex 69.25 3.4 4
      vertex 69.25 3.4 0
    endloop
  endfacet
  facet normal -0.997872 0.0652086 0
    outer loop
      vertex 69.25 3.4 4
      vertex 69.2355 3.17811 0
      vertex 69.2355 3.17811 4
    endloop
  endfacet
  facet normal 0.946901 -0.321525 0
    outer loop
      vertex 63.3079 3.83999 4
      vertex 63.3794 4.05056 0
      vertex 63.3794 4.05056 4
    endloop
  endfacet
  facet normal 0.946901 -0.321525 0
    outer loop
      vertex 63.3794 4.05056 0
      vertex 63.3079 3.83999 4
      vertex 63.3079 3.83999 0
    endloop
  endfacet
  facet normal 0.98077 -0.195165 0
    outer loop
      vertex 63.2645 3.62189 4
      vertex 63.3079 3.83999 0
      vertex 63.3079 3.83999 4
    endloop
  endfacet
  facet normal 0.98077 -0.195165 0
    outer loop
      vertex 63.3079 3.83999 0
      vertex 63.2645 3.62189 4
      vertex 63.2645 3.62189 0
    endloop
  endfacet
  facet normal -0.195122 -0.980779 0
    outer loop
      vertex 67.7719 5.08546 0
      vertex 67.99 5.04207 4
      vertex 67.7719 5.08546 4
    endloop
  endfacet
  facet normal -0.195122 -0.980779 -0
    outer loop
      vertex 67.99 5.04207 4
      vertex 67.7719 5.08546 0
      vertex 67.99 5.04207 0
    endloop
  endfacet
  facet normal -0.946901 0.321525 0
    outer loop
      vertex 69.1206 2.74944 0
      vertex 69.1921 2.96001 4
      vertex 69.1921 2.96001 0
    endloop
  endfacet
  facet normal -0.946901 0.321525 0
    outer loop
      vertex 69.1921 2.96001 4
      vertex 69.1206 2.74944 0
      vertex 69.1206 2.74944 4
    endloop
  endfacet
  facet normal 0.659319 0.751863 -0
    outer loop
      vertex 63.9151 2.0513 0
      vertex 63.7479 2.19792 4
      vertex 63.9151 2.0513 4
    endloop
  endfacet
  facet normal 0.659319 0.751863 0
    outer loop
      vertex 63.7479 2.19792 4
      vertex 63.9151 2.0513 0
      vertex 63.7479 2.19792 0
    endloop
  endfacet
  facet normal -0.0653848 -0.99786 0
    outer loop
      vertex 67.55 5.1 0
      vertex 67.7719 5.08546 4
      vertex 67.55 5.1 4
    endloop
  endfacet
  facet normal -0.0653848 -0.99786 -0
    outer loop
      vertex 67.7719 5.08546 4
      vertex 67.55 5.1 0
      vertex 67.7719 5.08546 0
    endloop
  endfacet
  facet normal 0.98077 0.195165 0
    outer loop
      vertex 63.3079 2.96001 4
      vertex 63.2645 3.17811 0
      vertex 63.2645 3.17811 4
    endloop
  endfacet
  facet normal 0.98077 0.195165 0
    outer loop
      vertex 63.2645 3.17811 0
      vertex 63.3079 2.96001 4
      vertex 63.3079 2.96001 0
    endloop
  endfacet
  facet normal 0.321363 0.946956 -0
    outer loop
      vertex 64.51 1.75793 0
      vertex 64.2994 1.8294 4
      vertex 64.51 1.75793 4
    endloop
  endfacet
  facet normal 0.321363 0.946956 0
    outer loop
      vertex 64.2994 1.8294 4
      vertex 64.51 1.75793 0
      vertex 64.2994 1.8294 0
    endloop
  endfacet
  facet normal -0.555551 0.831483 0
    outer loop
      vertex 68.5849 2.0513 0
      vertex 68.4 1.92776 4
      vertex 68.5849 2.0513 4
    endloop
  endfacet
  facet normal -0.555551 0.831483 0
    outer loop
      vertex 68.4 1.92776 4
      vertex 68.5849 2.0513 0
      vertex 68.4 1.92776 0
    endloop
  endfacet
  facet normal 0.751869 0.659313 0
    outer loop
      vertex 63.7479 2.19792 4
      vertex 63.6013 2.3651 0
      vertex 63.6013 2.3651 4
    endloop
  endfacet
  facet normal 0.751869 0.659313 0
    outer loop
      vertex 63.6013 2.3651 0
      vertex 63.7479 2.19792 4
      vertex 63.7479 2.19792 0
    endloop
  endfacet
  facet normal -0.831552 -0.555447 0
    outer loop
      vertex 69.0222 4.25 0
      vertex 68.8987 4.43489 4
      vertex 68.8987 4.43489 0
    endloop
  endfacet
  facet normal -0.831552 -0.555447 0
    outer loop
      vertex 68.8987 4.43489 4
      vertex 69.0222 4.25 0
      vertex 69.0222 4.25 4
    endloop
  endfacet
  facet normal -0.321363 0.946956 0
    outer loop
      vertex 68.2006 1.8294 0
      vertex 67.99 1.75793 4
      vertex 68.2006 1.8294 4
    endloop
  endfacet
  facet normal -0.321363 0.946956 0
    outer loop
      vertex 67.99 1.75793 4
      vertex 68.2006 1.8294 0
      vertex 67.99 1.75793 0
    endloop
  endfacet
  facet normal 0.555551 0.831483 -0
    outer loop
      vertex 64.1 1.92776 0
      vertex 63.9151 2.0513 4
      vertex 64.1 1.92776 4
    endloop
  endfacet
  facet normal 0.555551 0.831483 0
    outer loop
      vertex 63.9151 2.0513 4
      vertex 64.1 1.92776 0
      vertex 63.9151 2.0513 0
    endloop
  endfacet
  facet normal 0.997872 -0.0652086 0
    outer loop
      vertex 71.25 3.4 4
      vertex 71.2645 3.62189 0
      vertex 71.2645 3.62189 4
    endloop
  endfacet
  facet normal 0.997872 -0.0652086 0
    outer loop
      vertex 71.2645 3.62189 0
      vertex 71.25 3.4 4
      vertex 71.25 3.4 0
    endloop
  endfacet
  facet normal 0 -1 0
    outer loop
      vertex 72.95 5.1 0
      vertex 75.55 5.1 4
      vertex 72.95 5.1 4
    endloop
  endfacet
  facet normal 0 -1 -0
    outer loop
      vertex 75.55 5.1 4
      vertex 72.95 5.1 0
      vertex 75.55 5.1 0
    endloop
  endfacet
  facet normal 0.896789 -0.442459 0
    outer loop
      vertex 71.3794 4.05056 4
      vertex 71.4778 4.25 0
      vertex 71.4778 4.25 4
    endloop
  endfacet
  facet normal 0.896789 -0.442459 0
    outer loop
      vertex 71.4778 4.25 0
      vertex 71.3794 4.05056 4
      vertex 71.3794 4.05056 0
    endloop
  endfacet
  facet normal 0.442386 0.896825 -0
    outer loop
      vertex 72.2994 1.8294 0
      vertex 72.1 1.92776 4
      vertex 72.2994 1.8294 4
    endloop
  endfacet
  facet normal 0.442386 0.896825 0
    outer loop
      vertex 72.1 1.92776 4
      vertex 72.2994 1.8294 0
      vertex 72.1 1.92776 0
    endloop
  endfacet
  facet normal -0.98077 -0.195165 0
    outer loop
      vertex 77.2355 3.62189 0
      vertex 77.1921 3.83999 4
      vertex 77.1921 3.83999 0
    endloop
  endfacet
  facet normal -0.98077 -0.195165 0
    outer loop
      vertex 77.1921 3.83999 4
      vertex 77.2355 3.62189 0
      vertex 77.2355 3.62189 4
    endloop
  endfacet
  facet normal -0.195122 0.980779 0
    outer loop
      vertex 75.99 1.75793 0
      vertex 75.7719 1.71454 4
      vertex 75.99 1.75793 4
    endloop
  endfacet
  facet normal -0.195122 0.980779 0
    outer loop
      vertex 75.7719 1.71454 4
      vertex 75.99 1.75793 0
      vertex 75.7719 1.71454 0
    endloop
  endfacet
  facet normal -0.896789 -0.442459 0
    outer loop
      vertex 77.1206 4.05056 0
      vertex 77.0222 4.25 4
      vertex 77.0222 4.25 0
    endloop
  endfacet
  facet normal -0.896789 -0.442459 0
    outer loop
      vertex 77.0222 4.25 4
      vertex 77.1206 4.05056 0
      vertex 77.1206 4.05056 4
    endloop
  endfacet
  facet normal -0.321403 -0.946943 0
    outer loop
      vertex 75.99 5.04207 0
      vertex 76.2006 4.97059 4
      vertex 75.99 5.04207 4
    endloop
  endfacet
  facet normal -0.321403 -0.946943 -0
    outer loop
      vertex 76.2006 4.97059 4
      vertex 75.99 5.04207 0
      vertex 76.2006 4.97059 0
    endloop
  endfacet
  facet normal 0.195122 0.980779 -0
    outer loop
      vertex 72.7281 1.71454 0
      vertex 72.51 1.75793 4
      vertex 72.7281 1.71454 4
    endloop
  endfacet
  facet normal 0.195122 0.980779 0
    outer loop
      vertex 72.51 1.75793 4
      vertex 72.7281 1.71454 0
      vertex 72.51 1.75793 0
    endloop
  endfacet
  facet normal 0.831552 -0.555447 0
    outer loop
      vertex 71.4778 4.25 4
      vertex 71.6013 4.43489 0
      vertex 71.6013 4.43489 4
    endloop
  endfacet
  facet normal 0.831552 -0.555447 0
    outer loop
      vertex 71.6013 4.43489 0
      vertex 71.4778 4.25 4
      vertex 71.4778 4.25 0
    endloop
  endfacet
  facet normal -0.659319 -0.751863 0
    outer loop
      vertex 76.5849 4.7487 0
      vertex 76.7521 4.60208 4
      vertex 76.5849 4.7487 4
    endloop
  endfacet
  facet normal -0.659319 -0.751863 -0
    outer loop
      vertex 76.7521 4.60208 4
      vertex 76.5849 4.7487 0
      vertex 76.7521 4.60208 0
    endloop
  endfacet
  facet normal 0 1 -0
    outer loop
      vertex 75.55 1.7 0
      vertex 72.95 1.7 4
      vertex 75.55 1.7 4
    endloop
  endfacet
  facet normal 0 1 0
    outer loop
      vertex 72.95 1.7 4
      vertex 75.55 1.7 0
      vertex 72.95 1.7 0
    endloop
  endfacet
  facet normal -0.946901 -0.321525 0
    outer loop
      vertex 77.1921 3.83999 0
      vertex 77.1206 4.05056 4
      vertex 77.1206 4.05056 0
    endloop
  endfacet
  facet normal -0.946901 -0.321525 0
    outer loop
      vertex 77.1206 4.05056 4
      vertex 77.1921 3.83999 0
      vertex 77.1921 3.83999 4
    endloop
  endfacet
  facet normal 0.321403 -0.946943 0
    outer loop
      vertex 72.2994 4.97059 0
      vertex 72.51 5.04207 4
      vertex 72.2994 4.97059 4
    endloop
  endfacet
  facet normal 0.321403 -0.946943 0
    outer loop
      vertex 72.51 5.04207 4
      vertex 72.2994 4.97059 0
      vertex 72.51 5.04207 0
    endloop
  endfacet
  facet normal 0.946901 0.321525 0
    outer loop
      vertex 71.3794 2.74944 4
      vertex 71.3079 2.96001 0
      vertex 71.3079 2.96001 4
    endloop
  endfacet
  facet normal 0.946901 0.321525 0
    outer loop
      vertex 71.3079 2.96001 0
      vertex 71.3794 2.74944 4
      vertex 71.3794 2.74944 0
    endloop
  endfacet
  facet normal 0.0653848 -0.99786 0
    outer loop
      vertex 72.7281 5.08546 0
      vertex 72.95 5.1 4
      vertex 72.7281 5.08546 4
    endloop
  endfacet
  facet normal 0.0653848 -0.99786 0
    outer loop
      vertex 72.95 5.1 4
      vertex 72.7281 5.08546 0
      vertex 72.95 5.1 0
    endloop
  endfacet
  facet normal -0.659319 0.751863 0
    outer loop
      vertex 76.7521 2.19792 0
      vertex 76.5849 2.0513 4
      vertex 76.7521 2.19792 4
    endloop
  endfacet
  facet normal -0.659319 0.751863 0
    outer loop
      vertex 76.5849 2.0513 4
      vertex 76.7521 2.19792 0
      vertex 76.5849 2.0513 0
    endloop
  endfacet
  facet normal -0.442386 0.896825 0
    outer loop
      vertex 76.4 1.92776 0
      vertex 76.2006 1.8294 4
      vertex 76.4 1.92776 4
    endloop
  endfacet
  facet normal -0.442386 0.896825 0
    outer loop
      vertex 76.2006 1.8294 4
      vertex 76.4 1.92776 0
      vertex 76.2006 1.8294 0
    endloop
  endfacet
  facet normal -0.442349 -0.896843 0
    outer loop
      vertex 76.2006 4.97059 0
      vertex 76.4 4.87224 4
      vertex 76.2006 4.97059 4
    endloop
  endfacet
  facet normal -0.442349 -0.896843 -0
    outer loop
      vertex 76.4 4.87224 4
      vertex 76.2006 4.97059 0
      vertex 76.4 4.87224 0
    endloop
  endfacet
  facet normal 0.0653848 0.99786 -0
    outer loop
      vertex 72.95 1.7 0
      vertex 72.7281 1.71454 4
      vertex 72.95 1.7 4
    endloop
  endfacet
  facet normal 0.0653848 0.99786 0
    outer loop
      vertex 72.7281 1.71454 4
      vertex 72.95 1.7 0
      vertex 72.7281 1.71454 0
    endloop
  endfacet
  facet normal -0.751888 -0.659291 0
    outer loop
      vertex 76.8987 4.43489 0
      vertex 76.7521 4.60208 4
      vertex 76.7521 4.60208 0
    endloop
  endfacet
  facet normal -0.751888 -0.659291 0
    outer loop
      vertex 76.7521 4.60208 4
      vertex 76.8987 4.43489 0
      vertex 76.8987 4.43489 4
    endloop
  endfacet
  facet normal -0.831566 0.555426 0
    outer loop
      vertex 76.8987 2.3651 0
      vertex 77.0222 2.55 4
      vertex 77.0222 2.55 0
    endloop
  endfacet
  facet normal -0.831566 0.555426 0
    outer loop
      vertex 77.0222 2.55 4
      vertex 76.8987 2.3651 0
      vertex 76.8987 2.3651 4
    endloop
  endfacet
  facet normal 0.195122 -0.980779 0
    outer loop
      vertex 72.51 5.04207 0
      vertex 72.7281 5.08546 4
      vertex 72.51 5.04207 4
    endloop
  endfacet
  facet normal 0.195122 -0.980779 0
    outer loop
      vertex 72.7281 5.08546 4
      vertex 72.51 5.04207 0
      vertex 72.7281 5.08546 0
    endloop
  endfacet
  facet normal 0.831566 0.555426 0
    outer loop
      vertex 71.6013 2.3651 4
      vertex 71.4778 2.55 0
      vertex 71.4778 2.55 4
    endloop
  endfacet
  facet normal 0.831566 0.555426 0
    outer loop
      vertex 71.4778 2.55 0
      vertex 71.6013 2.3651 4
      vertex 71.6013 2.3651 0
    endloop
  endfacet
  facet normal -0.997872 -0.0652086 0
    outer loop
      vertex 77.25 3.4 0
      vertex 77.2355 3.62189 4
      vertex 77.2355 3.62189 0
    endloop
  endfacet
  facet normal -0.997872 -0.0652086 0
    outer loop
      vertex 77.2355 3.62189 4
      vertex 77.25 3.4 0
      vertex 77.25 3.4 4
    endloop
  endfacet
  facet normal -0.0653848 0.99786 0
    outer loop
      vertex 75.7719 1.71454 0
      vertex 75.55 1.7 4
      vertex 75.7719 1.71454 4
    endloop
  endfacet
  facet normal -0.0653848 0.99786 0
    outer loop
      vertex 75.55 1.7 4
      vertex 75.7719 1.71454 0
      vertex 75.55 1.7 0
    endloop
  endfacet
  facet normal -0.751869 0.659313 0
    outer loop
      vertex 76.7521 2.19792 0
      vertex 76.8987 2.3651 4
      vertex 76.8987 2.3651 0
    endloop
  endfacet
  facet normal -0.751869 0.659313 0
    outer loop
      vertex 76.8987 2.3651 4
      vertex 76.7521 2.19792 0
      vertex 76.7521 2.19792 4
    endloop
  endfacet
  facet normal 0.896789 0.442459 0
    outer loop
      vertex 71.4778 2.55 4
      vertex 71.3794 2.74944 0
      vertex 71.3794 2.74944 4
    endloop
  endfacet
  facet normal 0.896789 0.442459 0
    outer loop
      vertex 71.3794 2.74944 0
      vertex 71.4778 2.55 4
      vertex 71.4778 2.55 0
    endloop
  endfacet
  facet normal 0.659319 -0.751863 0
    outer loop
      vertex 71.7479 4.60208 0
      vertex 71.9151 4.7487 4
      vertex 71.7479 4.60208 4
    endloop
  endfacet
  facet normal 0.659319 -0.751863 0
    outer loop
      vertex 71.9151 4.7487 4
      vertex 71.7479 4.60208 0
      vertex 71.9151 4.7487 0
    endloop
  endfacet
  facet normal 0.997872 0.0652086 0
    outer loop
      vertex 71.2645 3.17811 4
      vertex 71.25 3.4 0
      vertex 71.25 3.4 4
    endloop
  endfacet
  facet normal 0.997872 0.0652086 0
    outer loop
      vertex 71.25 3.4 0
      vertex 71.2645 3.17811 4
      vertex 71.2645 3.17811 0
    endloop
  endfacet
  facet normal 0.442349 -0.896843 0
    outer loop
      vertex 72.1 4.87224 0
      vertex 72.2994 4.97059 4
      vertex 72.1 4.87224 4
    endloop
  endfacet
  facet normal 0.442349 -0.896843 0
    outer loop
      vertex 72.2994 4.97059 4
      vertex 72.1 4.87224 0
      vertex 72.2994 4.97059 0
    endloop
  endfacet
  facet normal 0.555551 -0.831483 0
    outer loop
      vertex 71.9151 4.7487 0
      vertex 72.1 4.87224 4
      vertex 71.9151 4.7487 4
    endloop
  endfacet
  facet normal 0.555551 -0.831483 0
    outer loop
      vertex 72.1 4.87224 4
      vertex 71.9151 4.7487 0
      vertex 72.1 4.87224 0
    endloop
  endfacet
  facet normal -0.896789 0.442459 0
    outer loop
      vertex 77.0222 2.55 0
      vertex 77.1206 2.74944 4
      vertex 77.1206 2.74944 0
    endloop
  endfacet
  facet normal -0.896789 0.442459 0
    outer loop
      vertex 77.1206 2.74944 4
      vertex 77.0222 2.55 0
      vertex 77.0222 2.55 4
    endloop
  endfacet
  facet normal 0.751888 -0.659291 0
    outer loop
      vertex 71.6013 4.43489 4
      vertex 71.7479 4.60208 0
      vertex 71.7479 4.60208 4
    endloop
  endfacet
  facet normal 0.751888 -0.659291 0
    outer loop
      vertex 71.7479 4.60208 0
      vertex 71.6013 4.43489 4
      vertex 71.6013 4.43489 0
    endloop
  endfacet
  facet normal -0.555551 -0.831483 0
    outer loop
      vertex 76.4 4.87224 0
      vertex 76.5849 4.7487 4
      vertex 76.4 4.87224 4
    endloop
  endfacet
  facet normal -0.555551 -0.831483 -0
    outer loop
      vertex 76.5849 4.7487 4
      vertex 76.4 4.87224 0
      vertex 76.5849 4.7487 0
    endloop
  endfacet
  facet normal -0.98077 0.195165 0
    outer loop
      vertex 77.1921 2.96001 0
      vertex 77.2355 3.17811 4
      vertex 77.2355 3.17811 0
    endloop
  endfacet
  facet normal -0.98077 0.195165 0
    outer loop
      vertex 77.2355 3.17811 4
      vertex 77.1921 2.96001 0
      vertex 77.1921 2.96001 4
    endloop
  endfacet
  facet normal -0.997872 0.0652086 0
    outer loop
      vertex 77.2355 3.17811 0
      vertex 77.25 3.4 4
      vertex 77.25 3.4 0
    endloop
  endfacet
  facet normal -0.997872 0.0652086 0
    outer loop
      vertex 77.25 3.4 4
      vertex 77.2355 3.17811 0
      vertex 77.2355 3.17811 4
    endloop
  endfacet
  facet normal 0.946901 -0.321525 0
    outer loop
      vertex 71.3079 3.83999 4
      vertex 71.3794 4.05056 0
      vertex 71.3794 4.05056 4
    endloop
  endfacet
  facet normal 0.946901 -0.321525 0
    outer loop
      vertex 71.3794 4.05056 0
      vertex 71.3079 3.83999 4
      vertex 71.3079 3.83999 0
    endloop
  endfacet
  facet normal 0.98077 -0.195165 0
    outer loop
      vertex 71.2645 3.62189 4
      vertex 71.3079 3.83999 0
      vertex 71.3079 3.83999 4
    endloop
  endfacet
  facet normal 0.98077 -0.195165 0
    outer loop
      vertex 71.3079 3.83999 0
      vertex 71.2645 3.62189 4
      vertex 71.2645 3.62189 0
    endloop
  endfacet
  facet normal -0.195122 -0.980779 0
    outer loop
      vertex 75.7719 5.08546 0
      vertex 75.99 5.04207 4
      vertex 75.7719 5.08546 4
    endloop
  endfacet
  facet normal -0.195122 -0.980779 -0
    outer loop
      vertex 75.99 5.04207 4
      vertex 75.7719 5.08546 0
      vertex 75.99 5.04207 0
    endloop
  endfacet
  facet normal -0.946901 0.321525 0
    outer loop
      vertex 77.1206 2.74944 0
      vertex 77.1921 2.96001 4
      vertex 77.1921 2.96001 0
    endloop
  endfacet
  facet normal -0.946901 0.321525 0
    outer loop
      vertex 77.1921 2.96001 4
      vertex 77.1206 2.74944 0
      vertex 77.1206 2.74944 4
    endloop
  endfacet
  facet normal 0.659319 0.751863 -0
    outer loop
      vertex 71.9151 2.0513 0
      vertex 71.7479 2.19792 4
      vertex 71.9151 2.0513 4
    endloop
  endfacet
  facet normal 0.659319 0.751863 0
    outer loop
      vertex 71.7479 2.19792 4
      vertex 71.9151 2.0513 0
      vertex 71.7479 2.19792 0
    endloop
  endfacet
  facet normal -0.0653848 -0.99786 0
    outer loop
      vertex 75.55 5.1 0
      vertex 75.7719 5.08546 4
      vertex 75.55 5.1 4
    endloop
  endfacet
  facet normal -0.0653848 -0.99786 -0
    outer loop
      vertex 75.7719 5.08546 4
      vertex 75.55 5.1 0
      vertex 75.7719 5.08546 0
    endloop
  endfacet
  facet normal 0.98077 0.195165 0
    outer loop
      vertex 71.3079 2.96001 4
      vertex 71.2645 3.17811 0
      vertex 71.2645 3.17811 4
    endloop
  endfacet
  facet normal 0.98077 0.195165 0
    outer loop
      vertex 71.2645 3.17811 0
      vertex 71.3079 2.96001 4
      vertex 71.3079 2.96001 0
    endloop
  endfacet
  facet normal 0.321363 0.946956 -0
    outer loop
      vertex 72.51 1.75793 0
      vertex 72.2994 1.8294 4
      vertex 72.51 1.75793 4
    endloop
  endfacet
  facet normal 0.321363 0.946956 0
    outer loop
      vertex 72.2994 1.8294 4
      vertex 72.51 1.75793 0
      vertex 72.2994 1.8294 0
    endloop
  endfacet
  facet normal -0.555551 0.831483 0
    outer loop
      vertex 76.5849 2.0513 0
      vertex 76.4 1.92776 4
      vertex 76.5849 2.0513 4
    endloop
  endfacet
  facet normal -0.555551 0.831483 0
    outer loop
      vertex 76.4 1.92776 4
      vertex 76.5849 2.0513 0
      vertex 76.4 1.92776 0
    endloop
  endfacet
  facet normal 0.751869 0.659313 0
    outer loop
      vertex 71.7479 2.19792 4
      vertex 71.6013 2.3651 0
      vertex 71.6013 2.3651 4
    endloop
  endfacet
  facet normal 0.751869 0.659313 0
    outer loop
      vertex 71.6013 2.3651 0
      vertex 71.7479 2.19792 4
      vertex 71.7479 2.19792 0
    endloop
  endfacet
  facet normal -0.831552 -0.555447 0
    outer loop
      vertex 77.0222 4.25 0
      vertex 76.8987 4.43489 4
      vertex 76.8987 4.43489 0
    endloop
  endfacet
  facet normal -0.831552 -0.555447 0
    outer loop
      vertex 76.8987 4.43489 4
      vertex 77.0222 4.25 0
      vertex 77.0222 4.25 4
    endloop
  endfacet
  facet normal -0.321363 0.946956 0
    outer loop
      vertex 76.2006 1.8294 0
      vertex 75.99 1.75793 4
      vertex 76.2006 1.8294 4
    endloop
  endfacet
  facet normal -0.321363 0.946956 0
    outer loop
      vertex 75.99 1.75793 4
      vertex 76.2006 1.8294 0
      vertex 75.99 1.75793 0
    endloop
  endfacet
  facet normal 0.555551 0.831483 -0
    outer loop
      vertex 72.1 1.92776 0
      vertex 71.9151 2.0513 4
      vertex 72.1 1.92776 4
    endloop
  endfacet
  facet normal 0.555551 0.831483 0
    outer loop
      vertex 71.9151 2.0513 4
      vertex 72.1 1.92776 0
      vertex 71.9151 2.0513 0
    endloop
  endfacet
  facet normal 0.997872 -0.0652086 0
    outer loop
      vertex 79.25 3.4 4
      vertex 79.2645 3.62189 0
      vertex 79.2645 3.62189 4
    endloop
  endfacet
  facet normal 0.997872 -0.0652086 0
    outer loop
      vertex 79.2645 3.62189 0
      vertex 79.25 3.4 4
      vertex 79.25 3.4 0
    endloop
  endfacet
  facet normal 0 -1 0
    outer loop
      vertex 80.95 5.1 0
      vertex 83.55 5.1 4
      vertex 80.95 5.1 4
    endloop
  endfacet
  facet normal 0 -1 -0
    outer loop
      vertex 83.55 5.1 4
      vertex 80.95 5.1 0
      vertex 83.55 5.1 0
    endloop
  endfacet
  facet normal 0.896789 -0.442459 0
    outer loop
      vertex 79.3794 4.05056 4
      vertex 79.4778 4.25 0
      vertex 79.4778 4.25 4
    endloop
  endfacet
  facet normal 0.896789 -0.442459 0
    outer loop
      vertex 79.4778 4.25 0
      vertex 79.3794 4.05056 4
      vertex 79.3794 4.05056 0
    endloop
  endfacet
  facet normal 0.442386 0.896825 -0
    outer loop
      vertex 80.2994 1.8294 0
      vertex 80.1 1.92776 4
      vertex 80.2994 1.8294 4
    endloop
  endfacet
  facet normal 0.442386 0.896825 0
    outer loop
      vertex 80.1 1.92776 4
      vertex 80.2994 1.8294 0
      vertex 80.1 1.92776 0
    endloop
  endfacet
  facet normal -0.98077 -0.195165 0
    outer loop
      vertex 85.2355 3.62189 0
      vertex 85.1921 3.83999 4
      vertex 85.1921 3.83999 0
    endloop
  endfacet
  facet normal -0.98077 -0.195165 0
    outer loop
      vertex 85.1921 3.83999 4
      vertex 85.2355 3.62189 0
      vertex 85.2355 3.62189 4
    endloop
  endfacet
  facet normal -0.195122 0.980779 0
    outer loop
      vertex 83.99 1.75793 0
      vertex 83.7719 1.71454 4
      vertex 83.99 1.75793 4
    endloop
  endfacet
  facet normal -0.195122 0.980779 0
    outer loop
      vertex 83.7719 1.71454 4
      vertex 83.99 1.75793 0
      vertex 83.7719 1.71454 0
    endloop
  endfacet
  facet normal -0.896789 -0.442459 0
    outer loop
      vertex 85.1206 4.05056 0
      vertex 85.0222 4.25 4
      vertex 85.0222 4.25 0
    endloop
  endfacet
  facet normal -0.896789 -0.442459 0
    outer loop
      vertex 85.0222 4.25 4
      vertex 85.1206 4.05056 0
      vertex 85.1206 4.05056 4
    endloop
  endfacet
  facet normal -0.321403 -0.946943 0
    outer loop
      vertex 83.99 5.04207 0
      vertex 84.2006 4.97059 4
      vertex 83.99 5.04207 4
    endloop
  endfacet
  facet normal -0.321403 -0.946943 -0
    outer loop
      vertex 84.2006 4.97059 4
      vertex 83.99 5.04207 0
      vertex 84.2006 4.97059 0
    endloop
  endfacet
  facet normal 0.195122 0.980779 -0
    outer loop
      vertex 80.7281 1.71454 0
      vertex 80.51 1.75793 4
      vertex 80.7281 1.71454 4
    endloop
  endfacet
  facet normal 0.195122 0.980779 0
    outer loop
      vertex 80.51 1.75793 4
      vertex 80.7281 1.71454 0
      vertex 80.51 1.75793 0
    endloop
  endfacet
  facet normal 0.831552 -0.555447 0
    outer loop
      vertex 79.4778 4.25 4
      vertex 79.6013 4.43489 0
      vertex 79.6013 4.43489 4
    endloop
  endfacet
  facet normal 0.831552 -0.555447 0
    outer loop
      vertex 79.6013 4.43489 0
      vertex 79.4778 4.25 4
      vertex 79.4778 4.25 0
    endloop
  endfacet
  facet normal -0.659319 -0.751863 0
    outer loop
      vertex 84.5849 4.7487 0
      vertex 84.7521 4.60208 4
      vertex 84.5849 4.7487 4
    endloop
  endfacet
  facet normal -0.659319 -0.751863 -0
    outer loop
      vertex 84.7521 4.60208 4
      vertex 84.5849 4.7487 0
      vertex 84.7521 4.60208 0
    endloop
  endfacet
  facet normal 0 1 -0
    outer loop
      vertex 83.55 1.7 0
      vertex 80.95 1.7 4
      vertex 83.55 1.7 4
    endloop
  endfacet
  facet normal 0 1 0
    outer loop
      vertex 80.95 1.7 4
      vertex 83.55 1.7 0
      vertex 80.95 1.7 0
    endloop
  endfacet
  facet normal -0.946901 -0.321525 0
    outer loop
      vertex 85.1921 3.83999 0
      vertex 85.1206 4.05056 4
      vertex 85.1206 4.05056 0
    endloop
  endfacet
  facet normal -0.946901 -0.321525 0
    outer loop
      vertex 85.1206 4.05056 4
      vertex 85.1921 3.83999 0
      vertex 85.1921 3.83999 4
    endloop
  endfacet
  facet normal 0.321403 -0.946943 0
    outer loop
      vertex 80.2994 4.97059 0
      vertex 80.51 5.04207 4
      vertex 80.2994 4.97059 4
    endloop
  endfacet
  facet normal 0.321403 -0.946943 0
    outer loop
      vertex 80.51 5.04207 4
      vertex 80.2994 4.97059 0
      vertex 80.51 5.04207 0
    endloop
  endfacet
  facet normal 0.946901 0.321525 0
    outer loop
      vertex 79.3794 2.74944 4
      vertex 79.3079 2.96001 0
      vertex 79.3079 2.96001 4
    endloop
  endfacet
  facet normal 0.946901 0.321525 0
    outer loop
      vertex 79.3079 2.96001 0
      vertex 79.3794 2.74944 4
      vertex 79.3794 2.74944 0
    endloop
  endfacet
  facet normal 0.0653848 -0.99786 0
    outer loop
      vertex 80.7281 5.08546 0
      vertex 80.95 5.1 4
      vertex 80.7281 5.08546 4
    endloop
  endfacet
  facet normal 0.0653848 -0.99786 0
    outer loop
      vertex 80.95 5.1 4
      vertex 80.7281 5.08546 0
      vertex 80.95 5.1 0
    endloop
  endfacet
  facet normal -0.659319 0.751863 0
    outer loop
      vertex 84.7521 2.19792 0
      vertex 84.5849 2.0513 4
      vertex 84.7521 2.19792 4
    endloop
  endfacet
  facet normal -0.659319 0.751863 0
    outer loop
      vertex 84.5849 2.0513 4
      vertex 84.7521 2.19792 0
      vertex 84.5849 2.0513 0
    endloop
  endfacet
  facet normal -0.442386 0.896825 0
    outer loop
      vertex 84.4 1.92776 0
      vertex 84.2006 1.8294 4
      vertex 84.4 1.92776 4
    endloop
  endfacet
  facet normal -0.442386 0.896825 0
    outer loop
      vertex 84.2006 1.8294 4
      vertex 84.4 1.92776 0
      vertex 84.2006 1.8294 0
    endloop
  endfacet
  facet normal -0.442349 -0.896843 0
    outer loop
      vertex 84.2006 4.97059 0
      vertex 84.4 4.87224 4
      vertex 84.2006 4.97059 4
    endloop
  endfacet
  facet normal -0.442349 -0.896843 -0
    outer loop
      vertex 84.4 4.87224 4
      vertex 84.2006 4.97059 0
      vertex 84.4 4.87224 0
    endloop
  endfacet
  facet normal 0.0653848 0.99786 -0
    outer loop
      vertex 80.95 1.7 0
      vertex 80.7281 1.71454 4
      vertex 80.95 1.7 4
    endloop
  endfacet
  facet normal 0.0653848 0.99786 0
    outer loop
      vertex 80.7281 1.71454 4
      vertex 80.95 1.7 0
      vertex 80.7281 1.71454 0
    endloop
  endfacet
  facet normal -0.751888 -0.659291 0
    outer loop
      vertex 84.8987 4.43489 0
      vertex 84.7521 4.60208 4
      vertex 84.7521 4.60208 0
    endloop
  endfacet
  facet normal -0.751888 -0.659291 0
    outer loop
      vertex 84.7521 4.60208 4
      vertex 84.8987 4.43489 0
      vertex 84.8987 4.43489 4
    endloop
  endfacet
  facet normal -0.831566 0.555426 0
    outer loop
      vertex 84.8987 2.3651 0
      vertex 85.0222 2.55 4
      vertex 85.0222 2.55 0
    endloop
  endfacet
  facet normal -0.831566 0.555426 0
    outer loop
      vertex 85.0222 2.55 4
      vertex 84.8987 2.3651 0
      vertex 84.8987 2.3651 4
    endloop
  endfacet
  facet normal 0.195122 -0.980779 0
    outer loop
      vertex 80.51 5.04207 0
      vertex 80.7281 5.08546 4
      vertex 80.51 5.04207 4
    endloop
  endfacet
  facet normal 0.195122 -0.980779 0
    outer loop
      vertex 80.7281 5.08546 4
      vertex 80.51 5.04207 0
      vertex 80.7281 5.08546 0
    endloop
  endfacet
  facet normal 0.831566 0.555426 0
    outer loop
      vertex 79.6013 2.3651 4
      vertex 79.4778 2.55 0
      vertex 79.4778 2.55 4
    endloop
  endfacet
  facet normal 0.831566 0.555426 0
    outer loop
      vertex 79.4778 2.55 0
      vertex 79.6013 2.3651 4
      vertex 79.6013 2.3651 0
    endloop
  endfacet
  facet normal -0.997872 -0.0652086 0
    outer loop
      vertex 85.25 3.4 0
      vertex 85.2355 3.62189 4
      vertex 85.2355 3.62189 0
    endloop
  endfacet
  facet normal -0.997872 -0.0652086 0
    outer loop
      vertex 85.2355 3.62189 4
      vertex 85.25 3.4 0
      vertex 85.25 3.4 4
    endloop
  endfacet
  facet normal -0.0653848 0.99786 0
    outer loop
      vertex 83.7719 1.71454 0
      vertex 83.55 1.7 4
      vertex 83.7719 1.71454 4
    endloop
  endfacet
  facet normal -0.0653848 0.99786 0
    outer loop
      vertex 83.55 1.7 4
      vertex 83.7719 1.71454 0
      vertex 83.55 1.7 0
    endloop
  endfacet
  facet normal -0.751869 0.659313 0
    outer loop
      vertex 84.7521 2.19792 0
      vertex 84.8987 2.3651 4
      vertex 84.8987 2.3651 0
    endloop
  endfacet
  facet normal -0.751869 0.659313 0
    outer loop
      vertex 84.8987 2.3651 4
      vertex 84.7521 2.19792 0
      vertex 84.7521 2.19792 4
    endloop
  endfacet
  facet normal 0.896789 0.442459 0
    outer loop
      vertex 79.4778 2.55 4
      vertex 79.3794 2.74944 0
      vertex 79.3794 2.74944 4
    endloop
  endfacet
  facet normal 0.896789 0.442459 0
    outer loop
      vertex 79.3794 2.74944 0
      vertex 79.4778 2.55 4
      vertex 79.4778 2.55 0
    endloop
  endfacet
  facet normal 0.659319 -0.751863 0
    outer loop
      vertex 79.7479 4.60208 0
      vertex 79.9151 4.7487 4
      vertex 79.7479 4.60208 4
    endloop
  endfacet
  facet normal 0.659319 -0.751863 0
    outer loop
      vertex 79.9151 4.7487 4
      vertex 79.7479 4.60208 0
      vertex 79.9151 4.7487 0
    endloop
  endfacet
  facet normal 0.997872 0.0652086 0
    outer loop
      vertex 79.2645 3.17811 4
      vertex 79.25 3.4 0
      vertex 79.25 3.4 4
    endloop
  endfacet
  facet normal 0.997872 0.0652086 0
    outer loop
      vertex 79.25 3.4 0
      vertex 79.2645 3.17811 4
      vertex 79.2645 3.17811 0
    endloop
  endfacet
  facet normal 0.442349 -0.896843 0
    outer loop
      vertex 80.1 4.87224 0
      vertex 80.2994 4.97059 4
      vertex 80.1 4.87224 4
    endloop
  endfacet
  facet normal 0.442349 -0.896843 0
    outer loop
      vertex 80.2994 4.97059 4
      vertex 80.1 4.87224 0
      vertex 80.2994 4.97059 0
    endloop
  endfacet
  facet normal 0.555551 -0.831483 0
    outer loop
      vertex 79.9151 4.7487 0
      vertex 80.1 4.87224 4
      vertex 79.9151 4.7487 4
    endloop
  endfacet
  facet normal 0.555551 -0.831483 0
    outer loop
      vertex 80.1 4.87224 4
      vertex 79.9151 4.7487 0
      vertex 80.1 4.87224 0
    endloop
  endfacet
  facet normal -0.896789 0.442459 0
    outer loop
      vertex 85.0222 2.55 0
      vertex 85.1206 2.74944 4
      vertex 85.1206 2.74944 0
    endloop
  endfacet
  facet normal -0.896789 0.442459 0
    outer loop
      vertex 85.1206 2.74944 4
      vertex 85.0222 2.55 0
      vertex 85.0222 2.55 4
    endloop
  endfacet
  facet normal 0.751888 -0.659291 0
    outer loop
      vertex 79.6013 4.43489 4
      vertex 79.7479 4.60208 0
      vertex 79.7479 4.60208 4
    endloop
  endfacet
  facet normal 0.751888 -0.659291 0
    outer loop
      vertex 79.7479 4.60208 0
      vertex 79.6013 4.43489 4
      vertex 79.6013 4.43489 0
    endloop
  endfacet
  facet normal -0.555551 -0.831483 0
    outer loop
      vertex 84.4 4.87224 0
      vertex 84.5849 4.7487 4
      vertex 84.4 4.87224 4
    endloop
  endfacet
  facet normal -0.555551 -0.831483 -0
    outer loop
      vertex 84.5849 4.7487 4
      vertex 84.4 4.87224 0
      vertex 84.5849 4.7487 0
    endloop
  endfacet
  facet normal -0.98077 0.195165 0
    outer loop
      vertex 85.1921 2.96001 0
      vertex 85.2355 3.17811 4
      vertex 85.2355 3.17811 0
    endloop
  endfacet
  facet normal -0.98077 0.195165 0
    outer loop
      vertex 85.2355 3.17811 4
      vertex 85.1921 2.96001 0
      vertex 85.1921 2.96001 4
    endloop
  endfacet
  facet normal -0.997872 0.0652086 0
    outer loop
      vertex 85.2355 3.17811 0
      vertex 85.25 3.4 4
      vertex 85.25 3.4 0
    endloop
  endfacet
  facet normal -0.997872 0.0652086 0
    outer loop
      vertex 85.25 3.4 4
      vertex 85.2355 3.17811 0
      vertex 85.2355 3.17811 4
    endloop
  endfacet
  facet normal 0.946901 -0.321525 0
    outer loop
      vertex 79.3079 3.83999 4
      vertex 79.3794 4.05056 0
      vertex 79.3794 4.05056 4
    endloop
  endfacet
  facet normal 0.946901 -0.321525 0
    outer loop
      vertex 79.3794 4.05056 0
      vertex 79.3079 3.83999 4
      vertex 79.3079 3.83999 0
    endloop
  endfacet
  facet normal 0.98077 -0.195165 0
    outer loop
      vertex 79.2645 3.62189 4
      vertex 79.3079 3.83999 0
      vertex 79.3079 3.83999 4
    endloop
  endfacet
  facet normal 0.98077 -0.195165 0
    outer loop
      vertex 79.3079 3.83999 0
      vertex 79.2645 3.62189 4
      vertex 79.2645 3.62189 0
    endloop
  endfacet
  facet normal -0.195122 -0.980779 0
    outer loop
      vertex 83.7719 5.08546 0
      vertex 83.99 5.04207 4
      vertex 83.7719 5.08546 4
    endloop
  endfacet
  facet normal -0.195122 -0.980779 -0
    outer loop
      vertex 83.99 5.04207 4
      vertex 83.7719 5.08546 0
      vertex 83.99 5.04207 0
    endloop
  endfacet
  facet normal -0.946901 0.321525 0
    outer loop
      vertex 85.1206 2.74944 0
      vertex 85.1921 2.96001 4
      vertex 85.1921 2.96001 0
    endloop
  endfacet
  facet normal -0.946901 0.321525 0
    outer loop
      vertex 85.1921 2.96001 4
      vertex 85.1206 2.74944 0
      vertex 85.1206 2.74944 4
    endloop
  endfacet
  facet normal 0.659319 0.751863 -0
    outer loop
      vertex 79.9151 2.0513 0
      vertex 79.7479 2.19792 4
      vertex 79.9151 2.0513 4
    endloop
  endfacet
  facet normal 0.659319 0.751863 0
    outer loop
      vertex 79.7479 2.19792 4
      vertex 79.9151 2.0513 0
      vertex 79.7479 2.19792 0
    endloop
  endfacet
  facet normal -0.0653848 -0.99786 0
    outer loop
      vertex 83.55 5.1 0
      vertex 83.7719 5.08546 4
      vertex 83.55 5.1 4
    endloop
  endfacet
  facet normal -0.0653848 -0.99786 -0
    outer loop
      vertex 83.7719 5.08546 4
      vertex 83.55 5.1 0
      vertex 83.7719 5.08546 0
    endloop
  endfacet
  facet normal 0.98077 0.195165 0
    outer loop
      vertex 79.3079 2.96001 4
      vertex 79.2645 3.17811 0
      vertex 79.2645 3.17811 4
    endloop
  endfacet
  facet normal 0.98077 0.195165 0
    outer loop
      vertex 79.2645 3.17811 0
      vertex 79.3079 2.96001 4
      vertex 79.3079 2.96001 0
    endloop
  endfacet
  facet normal 0.321363 0.946956 -0
    outer loop
      vertex 80.51 1.75793 0
      vertex 80.2994 1.8294 4
      vertex 80.51 1.75793 4
    endloop
  endfacet
  facet normal 0.321363 0.946956 0
    outer loop
      vertex 80.2994 1.8294 4
      vertex 80.51 1.75793 0
      vertex 80.2994 1.8294 0
    endloop
  endfacet
  facet normal -0.555551 0.831483 0
    outer loop
      vertex 84.5849 2.0513 0
      vertex 84.4 1.92776 4
      vertex 84.5849 2.0513 4
    endloop
  endfacet
  facet normal -0.555551 0.831483 0
    outer loop
      vertex 84.4 1.92776 4
      vertex 84.5849 2.0513 0
      vertex 84.4 1.92776 0
    endloop
  endfacet
  facet normal 0.751869 0.659313 0
    outer loop
      vertex 79.7479 2.19792 4
      vertex 79.6013 2.3651 0
      vertex 79.6013 2.3651 4
    endloop
  endfacet
  facet normal 0.751869 0.659313 0
    outer loop
      vertex 79.6013 2.3651 0
      vertex 79.7479 2.19792 4
      vertex 79.7479 2.19792 0
    endloop
  endfacet
  facet normal -0.831552 -0.555447 0
    outer loop
      vertex 85.0222 4.25 0
      vertex 84.8987 4.43489 4
      vertex 84.8987 4.43489 0
    endloop
  endfacet
  facet normal -0.831552 -0.555447 0
    outer loop
      vertex 84.8987 4.43489 4
      vertex 85.0222 4.25 0
      vertex 85.0222 4.25 4
    endloop
  endfacet
  facet normal -0.321363 0.946956 0
    outer loop
      vertex 84.2006 1.8294 0
      vertex 83.99 1.75793 4
      vertex 84.2006 1.8294 4
    endloop
  endfacet
  facet normal -0.321363 0.946956 0
    outer loop
      vertex 83.99 1.75793 4
      vertex 84.2006 1.8294 0
      vertex 83.99 1.75793 0
    endloop
  endfacet
  facet normal 0.555551 0.831483 -0
    outer loop
      vertex 80.1 1.92776 0
      vertex 79.9151 2.0513 4
      vertex 80.1 1.92776 4
    endloop
  endfacet
  facet normal 0.555551 0.831483 0
    outer loop
      vertex 79.9151 2.0513 4
      vertex 80.1 1.92776 0
      vertex 79.9151 2.0513 0
    endloop
  endfacet
  facet normal 0.997872 -0.0652086 0
    outer loop
      vertex 87.25 3.4 4
      vertex 87.2645 3.62189 0
      vertex 87.2645 3.62189 4
    endloop
  endfacet
  facet normal 0.997872 -0.0652086 0
    outer loop
      vertex 87.2645 3.62189 0
      vertex 87.25 3.4 4
      vertex 87.25 3.4 0
    endloop
  endfacet
  facet normal 0 -1 0
    outer loop
      vertex 88.95 5.1 0
      vertex 91.55 5.1 4
      vertex 88.95 5.1 4
    endloop
  endfacet
  facet normal 0 -1 -0
    outer loop
      vertex 91.55 5.1 4
      vertex 88.95 5.1 0
      vertex 91.55 5.1 0
    endloop
  endfacet
  facet normal 0.896789 -0.442459 0
    outer loop
      vertex 87.3794 4.05056 4
      vertex 87.4778 4.25 0
      vertex 87.4778 4.25 4
    endloop
  endfacet
  facet normal 0.896789 -0.442459 0
    outer loop
      vertex 87.4778 4.25 0
      vertex 87.3794 4.05056 4
      vertex 87.3794 4.05056 0
    endloop
  endfacet
  facet normal 0.442386 0.896825 -0
    outer loop
      vertex 88.2994 1.8294 0
      vertex 88.1 1.92776 4
      vertex 88.2994 1.8294 4
    endloop
  endfacet
  facet normal 0.442386 0.896825 0
    outer loop
      vertex 88.1 1.92776 4
      vertex 88.2994 1.8294 0
      vertex 88.1 1.92776 0
    endloop
  endfacet
  facet normal -0.98077 -0.195165 0
    outer loop
      vertex 93.2355 3.62189 0
      vertex 93.1921 3.83999 4
      vertex 93.1921 3.83999 0
    endloop
  endfacet
  facet normal -0.98077 -0.195165 0
    outer loop
      vertex 93.1921 3.83999 4
      vertex 93.2355 3.62189 0
      vertex 93.2355 3.62189 4
    endloop
  endfacet
  facet normal -0.195122 0.980779 0
    outer loop
      vertex 91.99 1.75793 0
      vertex 91.7719 1.71454 4
      vertex 91.99 1.75793 4
    endloop
  endfacet
  facet normal -0.195122 0.980779 0
    outer loop
      vertex 91.7719 1.71454 4
      vertex 91.99 1.75793 0
      vertex 91.7719 1.71454 0
    endloop
  endfacet
  facet normal -0.896789 -0.442459 0
    outer loop
      vertex 93.1206 4.05056 0
      vertex 93.0222 4.25 4
      vertex 93.0222 4.25 0
    endloop
  endfacet
  facet normal -0.896789 -0.442459 0
    outer loop
      vertex 93.0222 4.25 4
      vertex 93.1206 4.05056 0
      vertex 93.1206 4.05056 4
    endloop
  endfacet
  facet normal -0.321403 -0.946943 0
    outer loop
      vertex 91.99 5.04207 0
      vertex 92.2006 4.97059 4
      vertex 91.99 5.04207 4
    endloop
  endfacet
  facet normal -0.321403 -0.946943 -0
    outer loop
      vertex 92.2006 4.97059 4
      vertex 91.99 5.04207 0
      vertex 92.2006 4.97059 0
    endloop
  endfacet
  facet normal 0.195122 0.980779 -0
    outer loop
      vertex 88.7281 1.71454 0
      vertex 88.51 1.75793 4
      vertex 88.7281 1.71454 4
    endloop
  endfacet
  facet normal 0.195122 0.980779 0
    outer loop
      vertex 88.51 1.75793 4
      vertex 88.7281 1.71454 0
      vertex 88.51 1.75793 0
    endloop
  endfacet
  facet normal 0.831552 -0.555447 0
    outer loop
      vertex 87.4778 4.25 4
      vertex 87.6013 4.43489 0
      vertex 87.6013 4.43489 4
    endloop
  endfacet
  facet normal 0.831552 -0.555447 0
    outer loop
      vertex 87.6013 4.43489 0
      vertex 87.4778 4.25 4
      vertex 87.4778 4.25 0
    endloop
  endfacet
  facet normal -0.659319 -0.751863 0
    outer loop
      vertex 92.5849 4.7487 0
      vertex 92.7521 4.60208 4
      vertex 92.5849 4.7487 4
    endloop
  endfacet
  facet normal -0.659319 -0.751863 -0
    outer loop
      vertex 92.7521 4.60208 4
      vertex 92.5849 4.7487 0
      vertex 92.7521 4.60208 0
    endloop
  endfacet
  facet normal 0 1 -0
    outer loop
      vertex 91.55 1.7 0
      vertex 88.95 1.7 4
      vertex 91.55 1.7 4
    endloop
  endfacet
  facet normal 0 1 0
    outer loop
      vertex 88.95 1.7 4
      vertex 91.55 1.7 0
      vertex 88.95 1.7 0
    endloop
  endfacet
  facet normal -0.946901 -0.321525 0
    outer loop
      vertex 93.1921 3.83999 0
      vertex 93.1206 4.05056 4
      vertex 93.1206 4.05056 0
    endloop
  endfacet
  facet normal -0.946901 -0.321525 0
    outer loop
      vertex 93.1206 4.05056 4
      vertex 93.1921 3.83999 0
      vertex 93.1921 3.83999 4
    endloop
  endfacet
  facet normal 0.321403 -0.946943 0
    outer loop
      vertex 88.2994 4.97059 0
      vertex 88.51 5.04207 4
      vertex 88.2994 4.97059 4
    endloop
  endfacet
  facet normal 0.321403 -0.946943 0
    outer loop
      vertex 88.51 5.04207 4
      vertex 88.2994 4.97059 0
      vertex 88.51 5.04207 0
    endloop
  endfacet
  facet normal 0.946901 0.321525 0
    outer loop
      vertex 87.3794 2.74944 4
      vertex 87.3079 2.96001 0
      vertex 87.3079 2.96001 4
    endloop
  endfacet
  facet normal 0.946901 0.321525 0
    outer loop
      vertex 87.3079 2.96001 0
      vertex 87.3794 2.74944 4
      vertex 87.3794 2.74944 0
    endloop
  endfacet
  facet normal 0.0653848 -0.99786 0
    outer loop
      vertex 88.7281 5.08546 0
      vertex 88.95 5.1 4
      vertex 88.7281 5.08546 4
    endloop
  endfacet
  facet normal 0.0653848 -0.99786 0
    outer loop
      vertex 88.95 5.1 4
      vertex 88.7281 5.08546 0
      vertex 88.95 5.1 0
    endloop
  endfacet
  facet normal -0.659319 0.751863 0
    outer loop
      vertex 92.7521 2.19792 0
      vertex 92.5849 2.0513 4
      vertex 92.7521 2.19792 4
    endloop
  endfacet
  facet normal -0.659319 0.751863 0
    outer loop
      vertex 92.5849 2.0513 4
      vertex 92.7521 2.19792 0
      vertex 92.5849 2.0513 0
    endloop
  endfacet
  facet normal -0.442386 0.896825 0
    outer loop
      vertex 92.4 1.92776 0
      vertex 92.2006 1.8294 4
      vertex 92.4 1.92776 4
    endloop
  endfacet
  facet normal -0.442386 0.896825 0
    outer loop
      vertex 92.2006 1.8294 4
      vertex 92.4 1.92776 0
      vertex 92.2006 1.8294 0
    endloop
  endfacet
  facet normal -0.442349 -0.896843 0
    outer loop
      vertex 92.2006 4.97059 0
      vertex 92.4 4.87224 4
      vertex 92.2006 4.97059 4
    endloop
  endfacet
  facet normal -0.442349 -0.896843 -0
    outer loop
      vertex 92.4 4.87224 4
      vertex 92.2006 4.97059 0
      vertex 92.4 4.87224 0
    endloop
  endfacet
  facet normal 0.0653848 0.99786 -0
    outer loop
      vertex 88.95 1.7 0
      vertex 88.7281 1.71454 4
      vertex 88.95 1.7 4
    endloop
  endfacet
  facet normal 0.0653848 0.99786 0
    outer loop
      vertex 88.7281 1.71454 4
      vertex 88.95 1.7 0
      vertex 88.7281 1.71454 0
    endloop
  endfacet
  facet normal -0.751888 -0.659291 0
    outer loop
      vertex 92.8987 4.43489 0
      vertex 92.7521 4.60208 4
      vertex 92.7521 4.60208 0
    endloop
  endfacet
  facet normal -0.751888 -0.659291 0
    outer loop
      vertex 92.7521 4.60208 4
      vertex 92.8987 4.43489 0
      vertex 92.8987 4.43489 4
    endloop
  endfacet
  facet normal -0.831566 0.555426 0
    outer loop
      vertex 92.8987 2.3651 0
      vertex 93.0222 2.55 4
      vertex 93.0222 2.55 0
    endloop
  endfacet
  facet normal -0.831566 0.555426 0
    outer loop
      vertex 93.0222 2.55 4
      vertex 92.8987 2.3651 0
      vertex 92.8987 2.3651 4
    endloop
  endfacet
  facet normal 0.195122 -0.980779 0
    outer loop
      vertex 88.51 5.04207 0
      vertex 88.7281 5.08546 4
      vertex 88.51 5.04207 4
    endloop
  endfacet
  facet normal 0.195122 -0.980779 0
    outer loop
      vertex 88.7281 5.08546 4
      vertex 88.51 5.04207 0
      vertex 88.7281 5.08546 0
    endloop
  endfacet
  facet normal 0.831566 0.555426 0
    outer loop
      vertex 87.6013 2.3651 4
      vertex 87.4778 2.55 0
      vertex 87.4778 2.55 4
    endloop
  endfacet
  facet normal 0.831566 0.555426 0
    outer loop
      vertex 87.4778 2.55 0
      vertex 87.6013 2.3651 4
      vertex 87.6013 2.3651 0
    endloop
  endfacet
  facet normal -0.997872 -0.0652086 0
    outer loop
      vertex 93.25 3.4 0
      vertex 93.2355 3.62189 4
      vertex 93.2355 3.62189 0
    endloop
  endfacet
  facet normal -0.997872 -0.0652086 0
    outer loop
      vertex 93.2355 3.62189 4
      vertex 93.25 3.4 0
      vertex 93.25 3.4 4
    endloop
  endfacet
  facet normal -0.0653848 0.99786 0
    outer loop
      vertex 91.7719 1.71454 0
      vertex 91.55 1.7 4
      vertex 91.7719 1.71454 4
    endloop
  endfacet
  facet normal -0.0653848 0.99786 0
    outer loop
      vertex 91.55 1.7 4
      vertex 91.7719 1.71454 0
      vertex 91.55 1.7 0
    endloop
  endfacet
  facet normal -0.751869 0.659313 0
    outer loop
      vertex 92.7521 2.19792 0
      vertex 92.8987 2.3651 4
      vertex 92.8987 2.3651 0
    endloop
  endfacet
  facet normal -0.751869 0.659313 0
    outer loop
      vertex 92.8987 2.3651 4
      vertex 92.7521 2.19792 0
      vertex 92.7521 2.19792 4
    endloop
  endfacet
  facet normal 0.896789 0.442459 0
    outer loop
      vertex 87.4778 2.55 4
      vertex 87.3794 2.74944 0
      vertex 87.3794 2.74944 4
    endloop
  endfacet
  facet normal 0.896789 0.442459 0
    outer loop
      vertex 87.3794 2.74944 0
      vertex 87.4778 2.55 4
      vertex 87.4778 2.55 0
    endloop
  endfacet
  facet normal 0.659319 -0.751863 0
    outer loop
      vertex 87.7479 4.60208 0
      vertex 87.9151 4.7487 4
      vertex 87.7479 4.60208 4
    endloop
  endfacet
  facet normal 0.659319 -0.751863 0
    outer loop
      vertex 87.9151 4.7487 4
      vertex 87.7479 4.60208 0
      vertex 87.9151 4.7487 0
    endloop
  endfacet
  facet normal 0.997872 0.0652086 0
    outer loop
      vertex 87.2645 3.17811 4
      vertex 87.25 3.4 0
      vertex 87.25 3.4 4
    endloop
  endfacet
  facet normal 0.997872 0.0652086 0
    outer loop
      vertex 87.25 3.4 0
      vertex 87.2645 3.17811 4
      vertex 87.2645 3.17811 0
    endloop
  endfacet
  facet normal 0.442349 -0.896843 0
    outer loop
      vertex 88.1 4.87224 0
      vertex 88.2994 4.97059 4
      vertex 88.1 4.87224 4
    endloop
  endfacet
  facet normal 0.442349 -0.896843 0
    outer loop
      vertex 88.2994 4.97059 4
      vertex 88.1 4.87224 0
      vertex 88.2994 4.97059 0
    endloop
  endfacet
  facet normal 0.555551 -0.831483 0
    outer loop
      vertex 87.9151 4.7487 0
      vertex 88.1 4.87224 4
      vertex 87.9151 4.7487 4
    endloop
  endfacet
  facet normal 0.555551 -0.831483 0
    outer loop
      vertex 88.1 4.87224 4
      vertex 87.9151 4.7487 0
      vertex 88.1 4.87224 0
    endloop
  endfacet
  facet normal -0.896789 0.442459 0
    outer loop
      vertex 93.0222 2.55 0
      vertex 93.1206 2.74944 4
      vertex 93.1206 2.74944 0
    endloop
  endfacet
  facet normal -0.896789 0.442459 0
    outer loop
      vertex 93.1206 2.74944 4
      vertex 93.0222 2.55 0
      vertex 93.0222 2.55 4
    endloop
  endfacet
  facet normal 0.751888 -0.659291 0
    outer loop
      vertex 87.6013 4.43489 4
      vertex 87.7479 4.60208 0
      vertex 87.7479 4.60208 4
    endloop
  endfacet
  facet normal 0.751888 -0.659291 0
    outer loop
      vertex 87.7479 4.60208 0
      vertex 87.6013 4.43489 4
      vertex 87.6013 4.43489 0
    endloop
  endfacet
  facet normal -0.555551 -0.831483 0
    outer loop
      vertex 92.4 4.87224 0
      vertex 92.5849 4.7487 4
      vertex 92.4 4.87224 4
    endloop
  endfacet
  facet normal -0.555551 -0.831483 -0
    outer loop
      vertex 92.5849 4.7487 4
      vertex 92.4 4.87224 0
      vertex 92.5849 4.7487 0
    endloop
  endfacet
  facet normal -0.98077 0.195165 0
    outer loop
      vertex 93.1921 2.96001 0
      vertex 93.2355 3.17811 4
      vertex 93.2355 3.17811 0
    endloop
  endfacet
  facet normal -0.98077 0.195165 0
    outer loop
      vertex 93.2355 3.17811 4
      vertex 93.1921 2.96001 0
      vertex 93.1921 2.96001 4
    endloop
  endfacet
  facet normal -0.997872 0.0652086 0
    outer loop
      vertex 93.2355 3.17811 0
      vertex 93.25 3.4 4
      vertex 93.25 3.4 0
    endloop
  endfacet
  facet normal -0.997872 0.0652086 0
    outer loop
      vertex 93.25 3.4 4
      vertex 93.2355 3.17811 0
      vertex 93.2355 3.17811 4
    endloop
  endfacet
  facet normal 0.946901 -0.321525 0
    outer loop
      vertex 87.3079 3.83999 4
      vertex 87.3794 4.05056 0
      vertex 87.3794 4.05056 4
    endloop
  endfacet
  facet normal 0.946901 -0.321525 0
    outer loop
      vertex 87.3794 4.05056 0
      vertex 87.3079 3.83999 4
      vertex 87.3079 3.83999 0
    endloop
  endfacet
  facet normal 0.98077 -0.195165 0
    outer loop
      vertex 87.2645 3.62189 4
      vertex 87.3079 3.83999 0
      vertex 87.3079 3.83999 4
    endloop
  endfacet
  facet normal 0.98077 -0.195165 0
    outer loop
      vertex 87.3079 3.83999 0
      vertex 87.2645 3.62189 4
      vertex 87.2645 3.62189 0
    endloop
  endfacet
  facet normal -0.195122 -0.980779 0
    outer loop
      vertex 91.7719 5.08546 0
      vertex 91.99 5.04207 4
      vertex 91.7719 5.08546 4
    endloop
  endfacet
  facet normal -0.195122 -0.980779 -0
    outer loop
      vertex 91.99 5.04207 4
      vertex 91.7719 5.08546 0
      vertex 91.99 5.04207 0
    endloop
  endfacet
  facet normal -0.946901 0.321525 0
    outer loop
      vertex 93.1206 2.74944 0
      vertex 93.1921 2.96001 4
      vertex 93.1921 2.96001 0
    endloop
  endfacet
  facet normal -0.946901 0.321525 0
    outer loop
      vertex 93.1921 2.96001 4
      vertex 93.1206 2.74944 0
      vertex 93.1206 2.74944 4
    endloop
  endfacet
  facet normal 0.659319 0.751863 -0
    outer loop
      vertex 87.9151 2.0513 0
      vertex 87.7479 2.19792 4
      vertex 87.9151 2.0513 4
    endloop
  endfacet
  facet normal 0.659319 0.751863 0
    outer loop
      vertex 87.7479 2.19792 4
      vertex 87.9151 2.0513 0
      vertex 87.7479 2.19792 0
    endloop
  endfacet
  facet normal -0.0653848 -0.99786 0
    outer loop
      vertex 91.55 5.1 0
      vertex 91.7719 5.08546 4
      vertex 91.55 5.1 4
    endloop
  endfacet
  facet normal -0.0653848 -0.99786 -0
    outer loop
      vertex 91.7719 5.08546 4
      vertex 91.55 5.1 0
      vertex 91.7719 5.08546 0
    endloop
  endfacet
  facet normal 0.98077 0.195165 0
    outer loop
      vertex 87.3079 2.96001 4
      vertex 87.2645 3.17811 0
      vertex 87.2645 3.17811 4
    endloop
  endfacet
  facet normal 0.98077 0.195165 0
    outer loop
      vertex 87.2645 3.17811 0
      vertex 87.3079 2.96001 4
      vertex 87.3079 2.96001 0
    endloop
  endfacet
  facet normal 0.321363 0.946956 -0
    outer loop
      vertex 88.51 1.75793 0
      vertex 88.2994 1.8294 4
      vertex 88.51 1.75793 4
    endloop
  endfacet
  facet normal 0.321363 0.946956 0
    outer loop
      vertex 88.2994 1.8294 4
      vertex 88.51 1.75793 0
      vertex 88.2994 1.8294 0
    endloop
  endfacet
  facet normal -0.555551 0.831483 0
    outer loop
      vertex 92.5849 2.0513 0
      vertex 92.4 1.92776 4
      vertex 92.5849 2.0513 4
    endloop
  endfacet
  facet normal -0.555551 0.831483 0
    outer loop
      vertex 92.4 1.92776 4
      vertex 92.5849 2.0513 0
      vertex 92.4 1.92776 0
    endloop
  endfacet
  facet normal 0.751869 0.659313 0
    outer loop
      vertex 87.7479 2.19792 4
      vertex 87.6013 2.3651 0
      vertex 87.6013 2.3651 4
    endloop
  endfacet
  facet normal 0.751869 0.659313 0
    outer loop
      vertex 87.6013 2.3651 0
      vertex 87.7479 2.19792 4
      vertex 87.7479 2.19792 0
    endloop
  endfacet
  facet normal -0.831552 -0.555447 0
    outer loop
      vertex 93.0222 4.25 0
      vertex 92.8987 4.43489 4
      vertex 92.8987 4.43489 0
    endloop
  endfacet
  facet normal -0.831552 -0.555447 0
    outer loop
      vertex 92.8987 4.43489 4
      vertex 93.0222 4.25 0
      vertex 93.0222 4.25 4
    endloop
  endfacet
  facet normal -0.321363 0.946956 0
    outer loop
      vertex 92.2006 1.8294 0
      vertex 91.99 1.75793 4
      vertex 92.2006 1.8294 4
    endloop
  endfacet
  facet normal -0.321363 0.946956 0
    outer loop
      vertex 91.99 1.75793 4
      vertex 92.2006 1.8294 0
      vertex 91.99 1.75793 0
    endloop
  endfacet
  facet normal 0.555551 0.831483 -0
    outer loop
      vertex 88.1 1.92776 0
      vertex 87.9151 2.0513 4
      vertex 88.1 1.92776 4
    endloop
  endfacet
  facet normal 0.555551 0.831483 0
    outer loop
      vertex 87.9151 2.0513 4
      vertex 88.1 1.92776 0
      vertex 87.9151 2.0513 0
    endloop
  endfacet
  facet normal 0.997872 -0.0652086 0
    outer loop
      vertex 95.25 3.4 4
      vertex 95.2645 3.62189 0
      vertex 95.2645 3.62189 4
    endloop
  endfacet
  facet normal 0.997872 -0.0652086 0
    outer loop
      vertex 95.2645 3.62189 0
      vertex 95.25 3.4 4
      vertex 95.25 3.4 0
    endloop
  endfacet
  facet normal 0 -1 0
    outer loop
      vertex 96.95 5.1 0
      vertex 99.55 5.1 4
      vertex 96.95 5.1 4
    endloop
  endfacet
  facet normal 0 -1 -0
    outer loop
      vertex 99.55 5.1 4
      vertex 96.95 5.1 0
      vertex 99.55 5.1 0
    endloop
  endfacet
  facet normal 0.896789 -0.442459 0
    outer loop
      vertex 95.3794 4.05056 4
      vertex 95.4778 4.25 0
      vertex 95.4778 4.25 4
    endloop
  endfacet
  facet normal 0.896789 -0.442459 0
    outer loop
      vertex 95.4778 4.25 0
      vertex 95.3794 4.05056 4
      vertex 95.3794 4.05056 0
    endloop
  endfacet
  facet normal 0.442386 0.896825 -0
    outer loop
      vertex 96.2994 1.8294 0
      vertex 96.1 1.92776 4
      vertex 96.2994 1.8294 4
    endloop
  endfacet
  facet normal 0.442386 0.896825 0
    outer loop
      vertex 96.1 1.92776 4
      vertex 96.2994 1.8294 0
      vertex 96.1 1.92776 0
    endloop
  endfacet
  facet normal -0.981113 -0.193434 0
    outer loop
      vertex 101.235 3.62189 0
      vertex 101.192 3.83999 4
      vertex 101.192 3.83999 0
    endloop
  endfacet
  facet normal -0.981113 -0.193434 0
    outer loop
      vertex 101.192 3.83999 4
      vertex 101.235 3.62189 0
      vertex 101.235 3.62189 4
    endloop
  endfacet
  facet normal -0.195122 0.980779 0
    outer loop
      vertex 99.99 1.75793 0
      vertex 99.7719 1.71454 4
      vertex 99.99 1.75793 4
    endloop
  endfacet
  facet normal -0.195122 0.980779 0
    outer loop
      vertex 99.7719 1.71454 4
      vertex 99.99 1.75793 0
      vertex 99.7719 1.71454 0
    endloop
  endfacet
  facet normal -0.895717 -0.444625 0
    outer loop
      vertex 101.121 4.05056 0
      vertex 101.022 4.25 4
      vertex 101.022 4.25 0
    endloop
  endfacet
  facet normal -0.895717 -0.444625 0
    outer loop
      vertex 101.022 4.25 4
      vertex 101.121 4.05056 0
      vertex 101.121 4.05056 4
    endloop
  endfacet
  facet normal -0.320856 -0.947128 0
    outer loop
      vertex 99.99 5.04207 0
      vertex 100.201 4.97059 4
      vertex 99.99 5.04207 4
    endloop
  endfacet
  facet normal -0.320856 -0.947128 -0
    outer loop
      vertex 100.201 4.97059 4
      vertex 99.99 5.04207 0
      vertex 100.201 4.97059 0
    endloop
  endfacet
  facet normal 0.195122 0.980779 -0
    outer loop
      vertex 96.7281 1.71454 0
      vertex 96.51 1.75793 4
      vertex 96.7281 1.71454 4
    endloop
  endfacet
  facet normal 0.195122 0.980779 0
    outer loop
      vertex 96.51 1.75793 4
      vertex 96.7281 1.71454 0
      vertex 96.51 1.75793 0
    endloop
  endfacet
  facet normal 0.831552 -0.555447 0
    outer loop
      vertex 95.4778 4.25 4
      vertex 95.6013 4.43489 0
      vertex 95.6013 4.43489 4
    endloop
  endfacet
  facet normal 0.831552 -0.555447 0
    outer loop
      vertex 95.6013 4.43489 0
      vertex 95.4778 4.25 4
      vertex 95.4778 4.25 0
    endloop
  endfacet
  facet normal -0.659765 -0.751472 0
    outer loop
      vertex 100.585 4.7487 0
      vertex 100.752 4.60208 4
      vertex 100.585 4.7487 4
    endloop
  endfacet
  facet normal -0.659765 -0.751472 -0
    outer loop
      vertex 100.752 4.60208 4
      vertex 100.585 4.7487 0
      vertex 100.752 4.60208 0
    endloop
  endfacet
  facet normal 0 1 -0
    outer loop
      vertex 99.55 1.7 0
      vertex 96.95 1.7 4
      vertex 99.55 1.7 4
    endloop
  endfacet
  facet normal 0 1 0
    outer loop
      vertex 96.95 1.7 4
      vertex 99.55 1.7 0
      vertex 96.95 1.7 0
    endloop
  endfacet
  facet normal -0.947584 -0.319506 0
    outer loop
      vertex 101.192 3.83999 0
      vertex 101.121 4.05056 4
      vertex 101.121 4.05056 0
    endloop
  endfacet
  facet normal -0.947584 -0.319506 0
    outer loop
      vertex 101.121 4.05056 4
      vertex 101.192 3.83999 0
      vertex 101.192 3.83999 4
    endloop
  endfacet
  facet normal 0.321403 -0.946943 0
    outer loop
      vertex 96.2994 4.97059 0
      vertex 96.51 5.04207 4
      vertex 96.2994 4.97059 4
    endloop
  endfacet
  facet normal 0.321403 -0.946943 0
    outer loop
      vertex 96.51 5.04207 4
      vertex 96.2994 4.97059 0
      vertex 96.51 5.04207 0
    endloop
  endfacet
  facet normal 0.946901 0.321525 0
    outer loop
      vertex 95.3794 2.74944 4
      vertex 95.3079 2.96001 0
      vertex 95.3079 2.96001 4
    endloop
  endfacet
  facet normal 0.946901 0.321525 0
    outer loop
      vertex 95.3079 2.96001 0
      vertex 95.3794 2.74944 4
      vertex 95.3794 2.74944 0
    endloop
  endfacet
  facet normal 0.0653848 -0.99786 0
    outer loop
      vertex 96.7281 5.08546 0
      vertex 96.95 5.1 4
      vertex 96.7281 5.08546 4
    endloop
  endfacet
  facet normal 0.0653848 -0.99786 0
    outer loop
      vertex 96.95 5.1 4
      vertex 96.7281 5.08546 0
      vertex 96.95 5.1 0
    endloop
  endfacet
  facet normal -0.659765 0.751472 0
    outer loop
      vertex 100.752 2.19792 0
      vertex 100.585 2.0513 4
      vertex 100.752 2.19792 4
    endloop
  endfacet
  facet normal -0.659765 0.751472 0
    outer loop
      vertex 100.585 2.0513 4
      vertex 100.752 2.19792 0
      vertex 100.585 2.0513 0
    endloop
  endfacet
  facet normal -0.4431 0.896472 0
    outer loop
      vertex 100.4 1.92776 0
      vertex 100.201 1.8294 4
      vertex 100.4 1.92776 4
    endloop
  endfacet
  facet normal -0.4431 0.896472 0
    outer loop
      vertex 100.201 1.8294 4
      vertex 100.4 1.92776 0
      vertex 100.201 1.8294 0
    endloop
  endfacet
  facet normal -0.443064 -0.89649 0
    outer loop
      vertex 100.201 4.97059 0
      vertex 100.4 4.87224 4
      vertex 100.201 4.97059 4
    endloop
  endfacet
  facet normal -0.443064 -0.89649 -0
    outer loop
      vertex 100.4 4.87224 4
      vertex 100.201 4.97059 0
      vertex 100.4 4.87224 0
    endloop
  endfacet
  facet normal 0.0653848 0.99786 -0
    outer loop
      vertex 96.95 1.7 0
      vertex 96.7281 1.71454 4
      vertex 96.95 1.7 4
    endloop
  endfacet
  facet normal 0.0653848 0.99786 0
    outer loop
      vertex 96.7281 1.71454 4
      vertex 96.95 1.7 0
      vertex 96.7281 1.71454 0
    endloop
  endfacet
  facet normal -0.832604 0.553869 0
    outer loop
      vertex 100.899 2.3651 0
      vertex 101.022 2.55 4
      vertex 101.022 2.55 0
    endloop
  endfacet
  facet normal -0.832604 0.553869 0
    outer loop
      vertex 101.022 2.55 4
      vertex 100.899 2.3651 0
      vertex 100.899 2.3651 4
    endloop
  endfacet
  facet normal 0.195122 -0.980779 0
    outer loop
      vertex 96.51 5.04207 0
      vertex 96.7281 5.08546 4
      vertex 96.51 5.04207 4
    endloop
  endfacet
  facet normal 0.195122 -0.980779 0
    outer loop
      vertex 96.7281 5.08546 4
      vertex 96.51 5.04207 0
      vertex 96.7281 5.08546 0
    endloop
  endfacet
  facet normal 0.831566 0.555426 0
    outer loop
      vertex 95.6013 2.3651 4
      vertex 95.4778 2.55 0
      vertex 95.4778 2.55 4
    endloop
  endfacet
  facet normal 0.831566 0.555426 0
    outer loop
      vertex 95.4778 2.55 0
      vertex 95.6013 2.3651 4
      vertex 95.6013 2.3651 0
    endloop
  endfacet
  facet normal -0.997723 -0.0674471 0
    outer loop
      vertex 101.25 3.4 0
      vertex 101.235 3.62189 4
      vertex 101.235 3.62189 0
    endloop
  endfacet
  facet normal -0.997723 -0.0674471 0
    outer loop
      vertex 101.235 3.62189 4
      vertex 101.25 3.4 0
      vertex 101.25 3.4 4
    endloop
  endfacet
  facet normal -0.0653848 0.99786 0
    outer loop
      vertex 99.7719 1.71454 0
      vertex 99.55 1.7 4
      vertex 99.7719 1.71454 4
    endloop
  endfacet
  facet normal -0.0653848 0.99786 0
    outer loop
      vertex 99.55 1.7 4
      vertex 99.7719 1.71454 0
      vertex 99.55 1.7 0
    endloop
  endfacet
  facet normal -0.750977 0.660328 0
    outer loop
      vertex 100.752 2.19792 0
      vertex 100.899 2.3651 4
      vertex 100.899 2.3651 0
    endloop
  endfacet
  facet normal -0.750977 0.660328 0
    outer loop
      vertex 100.899 2.3651 4
      vertex 100.752 2.19792 0
      vertex 100.752 2.19792 4
    endloop
  endfacet
  facet normal 0.896789 0.442459 0
    outer loop
      vertex 95.4778 2.55 4
      vertex 95.3794 2.74944 0
      vertex 95.3794 2.74944 4
    endloop
  endfacet
  facet normal 0.896789 0.442459 0
    outer loop
      vertex 95.3794 2.74944 0
      vertex 95.4778 2.55 4
      vertex 95.4778 2.55 0
    endloop
  endfacet
  facet normal 0.659319 -0.751863 0
    outer loop
      vertex 95.7479 4.60208 0
      vertex 95.9151 4.7487 4
      vertex 95.7479 4.60208 4
    endloop
  endfacet
  facet normal 0.659319 -0.751863 0
    outer loop
      vertex 95.9151 4.7487 4
      vertex 95.7479 4.60208 0
      vertex 95.9151 4.7487 0
    endloop
  endfacet
  facet normal 0.997872 0.0652086 0
    outer loop
      vertex 95.2645 3.17811 4
      vertex 95.25 3.4 0
      vertex 95.25 3.4 4
    endloop
  endfacet
  facet normal 0.997872 0.0652086 0
    outer loop
      vertex 95.25 3.4 0
      vertex 95.2645 3.17811 4
      vertex 95.2645 3.17811 0
    endloop
  endfacet
  facet normal 0.442349 -0.896843 0
    outer loop
      vertex 96.1 4.87224 0
      vertex 96.2994 4.97059 4
      vertex 96.1 4.87224 4
    endloop
  endfacet
  facet normal 0.442349 -0.896843 0
    outer loop
      vertex 96.2994 4.97059 4
      vertex 96.1 4.87224 0
      vertex 96.2994 4.97059 0
    endloop
  endfacet
  facet normal 0.555551 -0.831483 0
    outer loop
      vertex 95.9151 4.7487 0
      vertex 96.1 4.87224 4
      vertex 95.9151 4.7487 4
    endloop
  endfacet
  facet normal 0.555551 -0.831483 0
    outer loop
      vertex 96.1 4.87224 4
      vertex 95.9151 4.7487 0
      vertex 96.1 4.87224 0
    endloop
  endfacet
  facet normal -0.895717 0.444625 0
    outer loop
      vertex 101.022 2.55 0
      vertex 101.121 2.74944 4
      vertex 101.121 2.74944 0
    endloop
  endfacet
  facet normal -0.895717 0.444625 0
    outer loop
      vertex 101.121 2.74944 4
      vertex 101.022 2.55 0
      vertex 101.022 2.55 4
    endloop
  endfacet
  facet normal 0.751888 -0.659291 0
    outer loop
      vertex 95.6013 4.43489 4
      vertex 95.7479 4.60208 0
      vertex 95.7479 4.60208 4
    endloop
  endfacet
  facet normal 0.751888 -0.659291 0
    outer loop
      vertex 95.7479 4.60208 0
      vertex 95.6013 4.43489 4
      vertex 95.6013 4.43489 0
    endloop
  endfacet
  facet normal -0.555343 -0.831621 0
    outer loop
      vertex 100.4 4.87224 0
      vertex 100.585 4.7487 4
      vertex 100.4 4.87224 4
    endloop
  endfacet
  facet normal -0.555343 -0.831621 -0
    outer loop
      vertex 100.585 4.7487 4
      vertex 100.4 4.87224 0
      vertex 100.585 4.7487 0
    endloop
  endfacet
  facet normal -0.981113 0.193434 0
    outer loop
      vertex 101.192 2.96001 0
      vertex 101.235 3.17811 4
      vertex 101.235 3.17811 0
    endloop
  endfacet
  facet normal -0.981113 0.193434 0
    outer loop
      vertex 101.235 3.17811 4
      vertex 101.192 2.96001 0
      vertex 101.192 2.96001 4
    endloop
  endfacet
  facet normal -0.997723 0.0674471 0
    outer loop
      vertex 101.235 3.17811 0
      vertex 101.25 3.4 4
      vertex 101.25 3.4 0
    endloop
  endfacet
  facet normal -0.997723 0.0674471 0
    outer loop
      vertex 101.25 3.4 4
      vertex 101.235 3.17811 0
      vertex 101.235 3.17811 4
    endloop
  endfacet
  facet normal 0.946901 -0.321525 0
    outer loop
      vertex 95.3079 3.83999 4
      vertex 95.3794 4.05056 0
      vertex 95.3794 4.05056 4
    endloop
  endfacet
  facet normal 0.946901 -0.321525 0
    outer loop
      vertex 95.3794 4.05056 0
      vertex 95.3079 3.83999 4
      vertex 95.3079 3.83999 0
    endloop
  endfacet
  facet normal 0.98077 -0.195165 0
    outer loop
      vertex 95.2645 3.62189 4
      vertex 95.3079 3.83999 0
      vertex 95.3079 3.83999 4
    endloop
  endfacet
  facet normal 0.98077 -0.195165 0
    outer loop
      vertex 95.3079 3.83999 0
      vertex 95.2645 3.62189 4
      vertex 95.2645 3.62189 0
    endloop
  endfacet
  facet normal -0.195122 -0.980779 0
    outer loop
      vertex 99.7719 5.08546 0
      vertex 99.99 5.04207 4
      vertex 99.7719 5.08546 4
    endloop
  endfacet
  facet normal -0.195122 -0.980779 -0
    outer loop
      vertex 99.99 5.04207 4
      vertex 99.7719 5.08546 0
      vertex 99.99 5.04207 0
    endloop
  endfacet
  facet normal -0.947584 0.319506 0
    outer loop
      vertex 101.121 2.74944 0
      vertex 101.192 2.96001 4
      vertex 101.192 2.96001 0
    endloop
  endfacet
  facet normal -0.947584 0.319506 0
    outer loop
      vertex 101.192 2.96001 4
      vertex 101.121 2.74944 0
      vertex 101.121 2.74944 4
    endloop
  endfacet
  facet normal 0.659319 0.751863 -0
    outer loop
      vertex 95.9151 2.0513 0
      vertex 95.7479 2.19792 4
      vertex 95.9151 2.0513 4
    endloop
  endfacet
  facet normal 0.659319 0.751863 0
    outer loop
      vertex 95.7479 2.19792 4
      vertex 95.9151 2.0513 0
      vertex 95.7479 2.19792 0
    endloop
  endfacet
  facet normal -0.0653848 -0.99786 0
    outer loop
      vertex 99.55 5.1 0
      vertex 99.7719 5.08546 4
      vertex 99.55 5.1 4
    endloop
  endfacet
  facet normal -0.0653848 -0.99786 -0
    outer loop
      vertex 99.7719 5.08546 4
      vertex 99.55 5.1 0
      vertex 99.7719 5.08546 0
    endloop
  endfacet
  facet normal 0.98077 0.195165 0
    outer loop
      vertex 95.3079 2.96001 4
      vertex 95.2645 3.17811 0
      vertex 95.2645 3.17811 4
    endloop
  endfacet
  facet normal 0.98077 0.195165 0
    outer loop
      vertex 95.2645 3.17811 0
      vertex 95.3079 2.96001 4
      vertex 95.3079 2.96001 0
    endloop
  endfacet
  facet normal 0.321363 0.946956 -0
    outer loop
      vertex 96.51 1.75793 0
      vertex 96.2994 1.8294 4
      vertex 96.51 1.75793 4
    endloop
  endfacet
  facet normal 0.321363 0.946956 0
    outer loop
      vertex 96.2994 1.8294 4
      vertex 96.51 1.75793 0
      vertex 96.2994 1.8294 0
    endloop
  endfacet
  facet normal -0.555343 0.831621 0
    outer loop
      vertex 100.585 2.0513 0
      vertex 100.4 1.92776 4
      vertex 100.585 2.0513 4
    endloop
  endfacet
  facet normal -0.555343 0.831621 0
    outer loop
      vertex 100.4 1.92776 4
      vertex 100.585 2.0513 0
      vertex 100.4 1.92776 0
    endloop
  endfacet
  facet normal 0.751869 0.659313 0
    outer loop
      vertex 95.7479 2.19792 4
      vertex 95.6013 2.3651 0
      vertex 95.6013 2.3651 4
    endloop
  endfacet
  facet normal 0.751869 0.659313 0
    outer loop
      vertex 95.6013 2.3651 0
      vertex 95.7479 2.19792 4
      vertex 95.7479 2.19792 0
    endloop
  endfacet
  facet normal -0.83259 -0.553889 0
    outer loop
      vertex 101.022 4.25 0
      vertex 100.899 4.43489 4
      vertex 100.899 4.43489 0
    endloop
  endfacet
  facet normal -0.83259 -0.553889 0
    outer loop
      vertex 100.899 4.43489 4
      vertex 101.022 4.25 0
      vertex 101.022 4.25 4
    endloop
  endfacet
  facet normal -0.750997 -0.660306 0
    outer loop
      vertex 100.899 4.43489 0
      vertex 100.752 4.60208 4
      vertex 100.752 4.60208 0
    endloop
  endfacet
  facet normal -0.750997 -0.660306 0
    outer loop
      vertex 100.752 4.60208 4
      vertex 100.899 4.43489 0
      vertex 100.899 4.43489 4
    endloop
  endfacet
  facet normal -0.320816 0.947141 0
    outer loop
      vertex 100.201 1.8294 0
      vertex 99.99 1.75793 4
      vertex 100.201 1.8294 4
    endloop
  endfacet
  facet normal -0.320816 0.947141 0
    outer loop
      vertex 99.99 1.75793 4
      vertex 100.201 1.8294 0
      vertex 99.99 1.75793 0
    endloop
  endfacet
  facet normal 0.555551 0.831483 -0
    outer loop
      vertex 96.1 1.92776 0
      vertex 95.9151 2.0513 4
      vertex 96.1 1.92776 4
    endloop
  endfacet
  facet normal 0.555551 0.831483 0
    outer loop
      vertex 95.9151 2.0513 4
      vertex 96.1 1.92776 0
      vertex 95.9151 2.0513 0
    endloop
  endfacet
  facet normal 0.997723 -0.0674471 0
    outer loop
      vertex 103.25 3.4 4
      vertex 103.265 3.62189 0
      vertex 103.265 3.62189 4
    endloop
  endfacet
  facet normal 0.997723 -0.0674471 0
    outer loop
      vertex 103.265 3.62189 0
      vertex 103.25 3.4 4
      vertex 103.25 3.4 0
    endloop
  endfacet
  facet normal 0 -1 0
    outer loop
      vertex 104.95 5.1 0
      vertex 107.55 5.1 4
      vertex 104.95 5.1 4
    endloop
  endfacet
  facet normal 0 -1 -0
    outer loop
      vertex 107.55 5.1 4
      vertex 104.95 5.1 0
      vertex 107.55 5.1 0
    endloop
  endfacet
  facet normal 0.895717 -0.444625 0
    outer loop
      vertex 103.379 4.05056 4
      vertex 103.478 4.25 0
      vertex 103.478 4.25 4
    endloop
  endfacet
  facet normal 0.895717 -0.444625 0
    outer loop
      vertex 103.478 4.25 0
      vertex 103.379 4.05056 4
      vertex 103.379 4.05056 0
    endloop
  endfacet
  facet normal 0.4431 0.896472 -0
    outer loop
      vertex 104.299 1.8294 0
      vertex 104.1 1.92776 4
      vertex 104.299 1.8294 4
    endloop
  endfacet
  facet normal 0.4431 0.896472 0
    outer loop
      vertex 104.1 1.92776 4
      vertex 104.299 1.8294 0
      vertex 104.1 1.92776 0
    endloop
  endfacet
  facet normal -0.981113 -0.193434 0
    outer loop
      vertex 109.235 3.62189 0
      vertex 109.192 3.83999 4
      vertex 109.192 3.83999 0
    endloop
  endfacet
  facet normal -0.981113 -0.193434 0
    outer loop
      vertex 109.192 3.83999 4
      vertex 109.235 3.62189 0
      vertex 109.235 3.62189 4
    endloop
  endfacet
  facet normal -0.195208 0.980762 0
    outer loop
      vertex 107.99 1.75793 0
      vertex 107.772 1.71454 4
      vertex 107.99 1.75793 4
    endloop
  endfacet
  facet normal -0.195208 0.980762 0
    outer loop
      vertex 107.772 1.71454 4
      vertex 107.99 1.75793 0
      vertex 107.772 1.71454 0
    endloop
  endfacet
  facet normal -0.895717 -0.444625 0
    outer loop
      vertex 109.121 4.05056 0
      vertex 109.022 4.25 4
      vertex 109.022 4.25 0
    endloop
  endfacet
  facet normal -0.895717 -0.444625 0
    outer loop
      vertex 109.022 4.25 4
      vertex 109.121 4.05056 0
      vertex 109.121 4.05056 4
    endloop
  endfacet
  facet normal -0.320856 -0.947128 0
    outer loop
      vertex 107.99 5.04207 0
      vertex 108.201 4.97059 4
      vertex 107.99 5.04207 4
    endloop
  endfacet
  facet normal -0.320856 -0.947128 -0
    outer loop
      vertex 108.201 4.97059 4
      vertex 107.99 5.04207 0
      vertex 108.201 4.97059 0
    endloop
  endfacet
  facet normal 0.195208 0.980762 -0
    outer loop
      vertex 104.728 1.71454 0
      vertex 104.51 1.75793 4
      vertex 104.728 1.71454 4
    endloop
  endfacet
  facet normal 0.195208 0.980762 0
    outer loop
      vertex 104.51 1.75793 4
      vertex 104.728 1.71454 0
      vertex 104.51 1.75793 0
    endloop
  endfacet
  facet normal 0.83259 -0.553889 0
    outer loop
      vertex 103.478 4.25 4
      vertex 103.601 4.43489 0
      vertex 103.601 4.43489 4
    endloop
  endfacet
  facet normal 0.83259 -0.553889 0
    outer loop
      vertex 103.601 4.43489 0
      vertex 103.478 4.25 4
      vertex 103.478 4.25 0
    endloop
  endfacet
  facet normal -0.659765 -0.751472 0
    outer loop
      vertex 108.585 4.7487 0
      vertex 108.752 4.60208 4
      vertex 108.585 4.7487 4
    endloop
  endfacet
  facet normal -0.659765 -0.751472 -0
    outer loop
      vertex 108.752 4.60208 4
      vertex 108.585 4.7487 0
      vertex 108.752 4.60208 0
    endloop
  endfacet
  facet normal 0 1 -0
    outer loop
      vertex 107.55 1.7 0
      vertex 104.95 1.7 4
      vertex 107.55 1.7 4
    endloop
  endfacet
  facet normal 0 1 0
    outer loop
      vertex 104.95 1.7 4
      vertex 107.55 1.7 0
      vertex 104.95 1.7 0
    endloop
  endfacet
  facet normal -0.947584 -0.319506 0
    outer loop
      vertex 109.192 3.83999 0
      vertex 109.121 4.05056 4
      vertex 109.121 4.05056 0
    endloop
  endfacet
  facet normal -0.947584 -0.319506 0
    outer loop
      vertex 109.121 4.05056 4
      vertex 109.192 3.83999 0
      vertex 109.192 3.83999 4
    endloop
  endfacet
  facet normal 0.320856 -0.947128 0
    outer loop
      vertex 104.299 4.97059 0
      vertex 104.51 5.04207 4
      vertex 104.299 4.97059 4
    endloop
  endfacet
  facet normal 0.320856 -0.947128 0
    outer loop
      vertex 104.51 5.04207 4
      vertex 104.299 4.97059 0
      vertex 104.51 5.04207 0
    endloop
  endfacet
  facet normal 0.947584 0.319506 0
    outer loop
      vertex 103.379 2.74944 4
      vertex 103.308 2.96001 0
      vertex 103.308 2.96001 4
    endloop
  endfacet
  facet normal 0.947584 0.319506 0
    outer loop
      vertex 103.308 2.96001 0
      vertex 103.379 2.74944 4
      vertex 103.379 2.74944 0
    endloop
  endfacet
  facet normal 0.0653555 -0.997862 0
    outer loop
      vertex 104.728 5.08546 0
      vertex 104.95 5.1 4
      vertex 104.728 5.08546 4
    endloop
  endfacet
  facet normal 0.0653555 -0.997862 0
    outer loop
      vertex 104.95 5.1 4
      vertex 104.728 5.08546 0
      vertex 104.95 5.1 0
    endloop
  endfacet
  facet normal -0.659765 0.751472 0
    outer loop
      vertex 108.752 2.19792 0
      vertex 108.585 2.0513 4
      vertex 108.752 2.19792 4
    endloop
  endfacet
  facet normal -0.659765 0.751472 0
    outer loop
      vertex 108.585 2.0513 4
      vertex 108.752 2.19792 0
      vertex 108.585 2.0513 0
    endloop
  endfacet
  facet normal -0.4431 0.896472 0
    outer loop
      vertex 108.4 1.92776 0
      vertex 108.201 1.8294 4
      vertex 108.4 1.92776 4
    endloop
  endfacet
  facet normal -0.4431 0.896472 0
    outer loop
      vertex 108.201 1.8294 4
      vertex 108.4 1.92776 0
      vertex 108.201 1.8294 0
    endloop
  endfacet
  facet normal -0.443064 -0.89649 0
    outer loop
      vertex 108.201 4.97059 0
      vertex 108.4 4.87224 4
      vertex 108.201 4.97059 4
    endloop
  endfacet
  facet normal -0.443064 -0.89649 -0
    outer loop
      vertex 108.4 4.87224 4
      vertex 108.201 4.97059 0
      vertex 108.4 4.87224 0
    endloop
  endfacet
  facet normal 0.0653555 0.997862 -0
    outer loop
      vertex 104.95 1.7 0
      vertex 104.728 1.71454 4
      vertex 104.95 1.7 4
    endloop
  endfacet
  facet normal 0.0653555 0.997862 0
    outer loop
      vertex 104.728 1.71454 4
      vertex 104.95 1.7 0
      vertex 104.728 1.71454 0
    endloop
  endfacet
  facet normal -0.832604 0.553869 0
    outer loop
      vertex 108.899 2.3651 0
      vertex 109.022 2.55 4
      vertex 109.022 2.55 0
    endloop
  endfacet
  facet normal -0.832604 0.553869 0
    outer loop
      vertex 109.022 2.55 4
      vertex 108.899 2.3651 0
      vertex 108.899 2.3651 4
    endloop
  endfacet
  facet normal 0.195208 -0.980762 0
    outer loop
      vertex 104.51 5.04207 0
      vertex 104.728 5.08546 4
      vertex 104.51 5.04207 4
    endloop
  endfacet
  facet normal 0.195208 -0.980762 0
    outer loop
      vertex 104.728 5.08546 4
      vertex 104.51 5.04207 0
      vertex 104.728 5.08546 0
    endloop
  endfacet
  facet normal 0.832604 0.553869 0
    outer loop
      vertex 103.601 2.3651 4
      vertex 103.478 2.55 0
      vertex 103.478 2.55 4
    endloop
  endfacet
  facet normal 0.832604 0.553869 0
    outer loop
      vertex 103.478 2.55 0
      vertex 103.601 2.3651 4
      vertex 103.601 2.3651 0
    endloop
  endfacet
  facet normal -0.997723 -0.0674471 0
    outer loop
      vertex 109.25 3.4 0
      vertex 109.235 3.62189 4
      vertex 109.235 3.62189 0
    endloop
  endfacet
  facet normal -0.997723 -0.0674471 0
    outer loop
      vertex 109.235 3.62189 4
      vertex 109.25 3.4 0
      vertex 109.25 3.4 4
    endloop
  endfacet
  facet normal -0.0653555 0.997862 0
    outer loop
      vertex 107.772 1.71454 0
      vertex 107.55 1.7 4
      vertex 107.772 1.71454 4
    endloop
  endfacet
  facet normal -0.0653555 0.997862 0
    outer loop
      vertex 107.55 1.7 4
      vertex 107.772 1.71454 0
      vertex 107.55 1.7 0
    endloop
  endfacet
  facet normal -0.750977 0.660328 0
    outer loop
      vertex 108.752 2.19792 0
      vertex 108.899 2.3651 4
      vertex 108.899 2.3651 0
    endloop
  endfacet
  facet normal -0.750977 0.660328 0
    outer loop
      vertex 108.899 2.3651 4
      vertex 108.752 2.19792 0
      vertex 108.752 2.19792 4
    endloop
  endfacet
  facet normal 0.895717 0.444625 0
    outer loop
      vertex 103.478 2.55 4
      vertex 103.379 2.74944 0
      vertex 103.379 2.74944 4
    endloop
  endfacet
  facet normal 0.895717 0.444625 0
    outer loop
      vertex 103.379 2.74944 0
      vertex 103.478 2.55 4
      vertex 103.478 2.55 0
    endloop
  endfacet
  facet normal 0.659765 -0.751472 0
    outer loop
      vertex 103.748 4.60208 0
      vertex 103.915 4.7487 4
      vertex 103.748 4.60208 4
    endloop
  endfacet
  facet normal 0.659765 -0.751472 0
    outer loop
      vertex 103.915 4.7487 4
      vertex 103.748 4.60208 0
      vertex 103.915 4.7487 0
    endloop
  endfacet
  facet normal 0.997723 0.0674471 0
    outer loop
      vertex 103.265 3.17811 4
      vertex 103.25 3.4 0
      vertex 103.25 3.4 4
    endloop
  endfacet
  facet normal 0.997723 0.0674471 0
    outer loop
      vertex 103.25 3.4 0
      vertex 103.265 3.17811 4
      vertex 103.265 3.17811 0
    endloop
  endfacet
  facet normal 0.443064 -0.89649 0
    outer loop
      vertex 104.1 4.87224 0
      vertex 104.299 4.97059 4
      vertex 104.1 4.87224 4
    endloop
  endfacet
  facet normal 0.443064 -0.89649 0
    outer loop
      vertex 104.299 4.97059 4
      vertex 104.1 4.87224 0
      vertex 104.299 4.97059 0
    endloop
  endfacet
  facet normal 0.555343 -0.831621 0
    outer loop
      vertex 103.915 4.7487 0
      vertex 104.1 4.87224 4
      vertex 103.915 4.7487 4
    endloop
  endfacet
  facet normal 0.555343 -0.831621 0
    outer loop
      vertex 104.1 4.87224 4
      vertex 103.915 4.7487 0
      vertex 104.1 4.87224 0
    endloop
  endfacet
  facet normal -0.895717 0.444625 0
    outer loop
      vertex 109.022 2.55 0
      vertex 109.121 2.74944 4
      vertex 109.121 2.74944 0
    endloop
  endfacet
  facet normal -0.895717 0.444625 0
    outer loop
      vertex 109.121 2.74944 4
      vertex 109.022 2.55 0
      vertex 109.022 2.55 4
    endloop
  endfacet
  facet normal 0.750997 -0.660306 0
    outer loop
      vertex 103.601 4.43489 4
      vertex 103.748 4.60208 0
      vertex 103.748 4.60208 4
    endloop
  endfacet
  facet normal 0.750997 -0.660306 0
    outer loop
      vertex 103.748 4.60208 0
      vertex 103.601 4.43489 4
      vertex 103.601 4.43489 0
    endloop
  endfacet
  facet normal -0.555343 -0.831621 0
    outer loop
      vertex 108.4 4.87224 0
      vertex 108.585 4.7487 4
      vertex 108.4 4.87224 4
    endloop
  endfacet
  facet normal -0.555343 -0.831621 -0
    outer loop
      vertex 108.585 4.7487 4
      vertex 108.4 4.87224 0
      vertex 108.585 4.7487 0
    endloop
  endfacet
  facet normal -0.981113 0.193434 0
    outer loop
      vertex 109.192 2.96001 0
      vertex 109.235 3.17811 4
      vertex 109.235 3.17811 0
    endloop
  endfacet
  facet normal -0.981113 0.193434 0
    outer loop
      vertex 109.235 3.17811 4
      vertex 109.192 2.96001 0
      vertex 109.192 2.96001 4
    endloop
  endfacet
  facet normal -0.997723 0.0674471 0
    outer loop
      vertex 109.235 3.17811 0
      vertex 109.25 3.4 4
      vertex 109.25 3.4 0
    endloop
  endfacet
  facet normal -0.997723 0.0674471 0
    outer loop
      vertex 109.25 3.4 4
      vertex 109.235 3.17811 0
      vertex 109.235 3.17811 4
    endloop
  endfacet
  facet normal 0.947584 -0.319506 0
    outer loop
      vertex 103.308 3.83999 4
      vertex 103.379 4.05056 0
      vertex 103.379 4.05056 4
    endloop
  endfacet
  facet normal 0.947584 -0.319506 0
    outer loop
      vertex 103.379 4.05056 0
      vertex 103.308 3.83999 4
      vertex 103.308 3.83999 0
    endloop
  endfacet
  facet normal 0.981113 -0.193434 0
    outer loop
      vertex 103.265 3.62189 4
      vertex 103.308 3.83999 0
      vertex 103.308 3.83999 4
    endloop
  endfacet
  facet normal 0.981113 -0.193434 0
    outer loop
      vertex 103.308 3.83999 0
      vertex 103.265 3.62189 4
      vertex 103.265 3.62189 0
    endloop
  endfacet
  facet normal -0.195208 -0.980762 0
    outer loop
      vertex 107.772 5.08546 0
      vertex 107.99 5.04207 4
      vertex 107.772 5.08546 4
    endloop
  endfacet
  facet normal -0.195208 -0.980762 -0
    outer loop
      vertex 107.99 5.04207 4
      vertex 107.772 5.08546 0
      vertex 107.99 5.04207 0
    endloop
  endfacet
  facet normal -0.947584 0.319506 0
    outer loop
      vertex 109.121 2.74944 0
      vertex 109.192 2.96001 4
      vertex 109.192 2.96001 0
    endloop
  endfacet
  facet normal -0.947584 0.319506 0
    outer loop
      vertex 109.192 2.96001 4
      vertex 109.121 2.74944 0
      vertex 109.121 2.74944 4
    endloop
  endfacet
  facet normal 0.659765 0.751472 -0
    outer loop
      vertex 103.915 2.0513 0
      vertex 103.748 2.19792 4
      vertex 103.915 2.0513 4
    endloop
  endfacet
  facet normal 0.659765 0.751472 0
    outer loop
      vertex 103.748 2.19792 4
      vertex 103.915 2.0513 0
      vertex 103.748 2.19792 0
    endloop
  endfacet
  facet normal -0.0653555 -0.997862 0
    outer loop
      vertex 107.55 5.1 0
      vertex 107.772 5.08546 4
      vertex 107.55 5.1 4
    endloop
  endfacet
  facet normal -0.0653555 -0.997862 -0
    outer loop
      vertex 107.772 5.08546 4
      vertex 107.55 5.1 0
      vertex 107.772 5.08546 0
    endloop
  endfacet
  facet normal 0.981113 0.193434 0
    outer loop
      vertex 103.308 2.96001 4
      vertex 103.265 3.17811 0
      vertex 103.265 3.17811 4
    endloop
  endfacet
  facet normal 0.981113 0.193434 0
    outer loop
      vertex 103.265 3.17811 0
      vertex 103.308 2.96001 4
      vertex 103.308 2.96001 0
    endloop
  endfacet
  facet normal 0.320816 0.947141 -0
    outer loop
      vertex 104.51 1.75793 0
      vertex 104.299 1.8294 4
      vertex 104.51 1.75793 4
    endloop
  endfacet
  facet normal 0.320816 0.947141 0
    outer loop
      vertex 104.299 1.8294 4
      vertex 104.51 1.75793 0
      vertex 104.299 1.8294 0
    endloop
  endfacet
  facet normal -0.555343 0.831621 0
    outer loop
      vertex 108.585 2.0513 0
      vertex 108.4 1.92776 4
      vertex 108.585 2.0513 4
    endloop
  endfacet
  facet normal -0.555343 0.831621 0
    outer loop
      vertex 108.4 1.92776 4
      vertex 108.585 2.0513 0
      vertex 108.4 1.92776 0
    endloop
  endfacet
  facet normal 0.750977 0.660328 0
    outer loop
      vertex 103.748 2.19792 4
      vertex 103.601 2.3651 0
      vertex 103.601 2.3651 4
    endloop
  endfacet
  facet normal 0.750977 0.660328 0
    outer loop
      vertex 103.601 2.3651 0
      vertex 103.748 2.19792 4
      vertex 103.748 2.19792 0
    endloop
  endfacet
  facet normal -0.83259 -0.553889 0
    outer loop
      vertex 109.022 4.25 0
      vertex 108.899 4.43489 4
      vertex 108.899 4.43489 0
    endloop
  endfacet
  facet normal -0.83259 -0.553889 0
    outer loop
      vertex 108.899 4.43489 4
      vertex 109.022 4.25 0
      vertex 109.022 4.25 4
    endloop
  endfacet
  facet normal -0.750997 -0.660306 0
    outer loop
      vertex 108.899 4.43489 0
      vertex 108.752 4.60208 4
      vertex 108.752 4.60208 0
    endloop
  endfacet
  facet normal -0.750997 -0.660306 0
    outer loop
      vertex 108.752 4.60208 4
      vertex 108.899 4.43489 0
      vertex 108.899 4.43489 4
    endloop
  endfacet
  facet normal -0.320816 0.947141 0
    outer loop
      vertex 108.201 1.8294 0
      vertex 107.99 1.75793 4
      vertex 108.201 1.8294 4
    endloop
  endfacet
  facet normal -0.320816 0.947141 0
    outer loop
      vertex 107.99 1.75793 4
      vertex 108.201 1.8294 0
      vertex 107.99 1.75793 0
    endloop
  endfacet
  facet normal 0.555343 0.831621 -0
    outer loop
      vertex 104.1 1.92776 0
      vertex 103.915 2.0513 4
      vertex 104.1 1.92776 4
    endloop
  endfacet
  facet normal 0.555343 0.831621 0
    outer loop
      vertex 103.915 2.0513 4
      vertex 104.1 1.92776 0
      vertex 103.915 2.0513 0
    endloop
  endfacet
  facet normal 0.997723 -0.0674471 0
    outer loop
      vertex 111.25 3.4 4
      vertex 111.265 3.62189 0
      vertex 111.265 3.62189 4
    endloop
  endfacet
  facet normal 0.997723 -0.0674471 0
    outer loop
      vertex 111.265 3.62189 0
      vertex 111.25 3.4 4
      vertex 111.25 3.4 0
    endloop
  endfacet
  facet normal 0 -1 0
    outer loop
      vertex 112.95 5.1 0
      vertex 115.55 5.1 4
      vertex 112.95 5.1 4
    endloop
  endfacet
  facet normal 0 -1 -0
    outer loop
      vertex 115.55 5.1 4
      vertex 112.95 5.1 0
      vertex 115.55 5.1 0
    endloop
  endfacet
  facet normal 0.895717 -0.444625 0
    outer loop
      vertex 111.379 4.05056 4
      vertex 111.478 4.25 0
      vertex 111.478 4.25 4
    endloop
  endfacet
  facet normal 0.895717 -0.444625 0
    outer loop
      vertex 111.478 4.25 0
      vertex 111.379 4.05056 4
      vertex 111.379 4.05056 0
    endloop
  endfacet
  facet normal 0.4431 0.896472 -0
    outer loop
      vertex 112.299 1.8294 0
      vertex 112.1 1.92776 4
      vertex 112.299 1.8294 4
    endloop
  endfacet
  facet normal 0.4431 0.896472 0
    outer loop
      vertex 112.1 1.92776 4
      vertex 112.299 1.8294 0
      vertex 112.1 1.92776 0
    endloop
  endfacet
  facet normal -0.981113 -0.193434 0
    outer loop
      vertex 117.235 3.62189 0
      vertex 117.192 3.83999 4
      vertex 117.192 3.83999 0
    endloop
  endfacet
  facet normal -0.981113 -0.193434 0
    outer loop
      vertex 117.192 3.83999 4
      vertex 117.235 3.62189 0
      vertex 117.235 3.62189 4
    endloop
  endfacet
  facet normal -0.195208 0.980762 0
    outer loop
      vertex 115.99 1.75793 0
      vertex 115.772 1.71454 4
      vertex 115.99 1.75793 4
    endloop
  endfacet
  facet normal -0.195208 0.980762 0
    outer loop
      vertex 115.772 1.71454 4
      vertex 115.99 1.75793 0
      vertex 115.772 1.71454 0
    endloop
  endfacet
  facet normal -0.895717 -0.444625 0
    outer loop
      vertex 117.121 4.05056 0
      vertex 117.022 4.25 4
      vertex 117.022 4.25 0
    endloop
  endfacet
  facet normal -0.895717 -0.444625 0
    outer loop
      vertex 117.022 4.25 4
      vertex 117.121 4.05056 0
      vertex 117.121 4.05056 4
    endloop
  endfacet
  facet normal -0.320856 -0.947128 0
    outer loop
      vertex 115.99 5.04207 0
      vertex 116.201 4.97059 4
      vertex 115.99 5.04207 4
    endloop
  endfacet
  facet normal -0.320856 -0.947128 -0
    outer loop
      vertex 116.201 4.97059 4
      vertex 115.99 5.04207 0
      vertex 116.201 4.97059 0
    endloop
  endfacet
  facet normal 0.195208 0.980762 -0
    outer loop
      vertex 112.728 1.71454 0
      vertex 112.51 1.75793 4
      vertex 112.728 1.71454 4
    endloop
  endfacet
  facet normal 0.195208 0.980762 0
    outer loop
      vertex 112.51 1.75793 4
      vertex 112.728 1.71454 0
      vertex 112.51 1.75793 0
    endloop
  endfacet
  facet normal 0.83259 -0.553889 0
    outer loop
      vertex 111.478 4.25 4
      vertex 111.601 4.43489 0
      vertex 111.601 4.43489 4
    endloop
  endfacet
  facet normal 0.83259 -0.553889 0
    outer loop
      vertex 111.601 4.43489 0
      vertex 111.478 4.25 4
      vertex 111.478 4.25 0
    endloop
  endfacet
  facet normal -0.659765 -0.751472 0
    outer loop
      vertex 116.585 4.7487 0
      vertex 116.752 4.60208 4
      vertex 116.585 4.7487 4
    endloop
  endfacet
  facet normal -0.659765 -0.751472 -0
    outer loop
      vertex 116.752 4.60208 4
      vertex 116.585 4.7487 0
      vertex 116.752 4.60208 0
    endloop
  endfacet
  facet normal 0 1 -0
    outer loop
      vertex 115.55 1.7 0
      vertex 112.95 1.7 4
      vertex 115.55 1.7 4
    endloop
  endfacet
  facet normal 0 1 0
    outer loop
      vertex 112.95 1.7 4
      vertex 115.55 1.7 0
      vertex 112.95 1.7 0
    endloop
  endfacet
  facet normal -0.947584 -0.319506 0
    outer loop
      vertex 117.192 3.83999 0
      vertex 117.121 4.05056 4
      vertex 117.121 4.05056 0
    endloop
  endfacet
  facet normal -0.947584 -0.319506 0
    outer loop
      vertex 117.121 4.05056 4
      vertex 117.192 3.83999 0
      vertex 117.192 3.83999 4
    endloop
  endfacet
  facet normal 0.320856 -0.947128 0
    outer loop
      vertex 112.299 4.97059 0
      vertex 112.51 5.04207 4
      vertex 112.299 4.97059 4
    endloop
  endfacet
  facet normal 0.320856 -0.947128 0
    outer loop
      vertex 112.51 5.04207 4
      vertex 112.299 4.97059 0
      vertex 112.51 5.04207 0
    endloop
  endfacet
  facet normal 0.947584 0.319506 0
    outer loop
      vertex 111.379 2.74944 4
      vertex 111.308 2.96001 0
      vertex 111.308 2.96001 4
    endloop
  endfacet
  facet normal 0.947584 0.319506 0
    outer loop
      vertex 111.308 2.96001 0
      vertex 111.379 2.74944 4
      vertex 111.379 2.74944 0
    endloop
  endfacet
  facet normal 0.0653555 -0.997862 0
    outer loop
      vertex 112.728 5.08546 0
      vertex 112.95 5.1 4
      vertex 112.728 5.08546 4
    endloop
  endfacet
  facet normal 0.0653555 -0.997862 0
    outer loop
      vertex 112.95 5.1 4
      vertex 112.728 5.08546 0
      vertex 112.95 5.1 0
    endloop
  endfacet
  facet normal -0.659765 0.751472 0
    outer loop
      vertex 116.752 2.19792 0
      vertex 116.585 2.0513 4
      vertex 116.752 2.19792 4
    endloop
  endfacet
  facet normal -0.659765 0.751472 0
    outer loop
      vertex 116.585 2.0513 4
      vertex 116.752 2.19792 0
      vertex 116.585 2.0513 0
    endloop
  endfacet
  facet normal -0.4431 0.896472 0
    outer loop
      vertex 116.4 1.92776 0
      vertex 116.201 1.8294 4
      vertex 116.4 1.92776 4
    endloop
  endfacet
  facet normal -0.4431 0.896472 0
    outer loop
      vertex 116.201 1.8294 4
      vertex 116.4 1.92776 0
      vertex 116.201 1.8294 0
    endloop
  endfacet
  facet normal -0.443064 -0.89649 0
    outer loop
      vertex 116.201 4.97059 0
      vertex 116.4 4.87224 4
      vertex 116.201 4.97059 4
    endloop
  endfacet
  facet normal -0.443064 -0.89649 -0
    outer loop
      vertex 116.4 4.87224 4
      vertex 116.201 4.97059 0
      vertex 116.4 4.87224 0
    endloop
  endfacet
  facet normal 0.0653555 0.997862 -0
    outer loop
      vertex 112.95 1.7 0
      vertex 112.728 1.71454 4
      vertex 112.95 1.7 4
    endloop
  endfacet
  facet normal 0.0653555 0.997862 0
    outer loop
      vertex 112.728 1.71454 4
      vertex 112.95 1.7 0
      vertex 112.728 1.71454 0
    endloop
  endfacet
  facet normal -0.832604 0.553869 0
    outer loop
      vertex 116.899 2.3651 0
      vertex 117.022 2.55 4
      vertex 117.022 2.55 0
    endloop
  endfacet
  facet normal -0.832604 0.553869 0
    outer loop
      vertex 117.022 2.55 4
      vertex 116.899 2.3651 0
      vertex 116.899 2.3651 4
    endloop
  endfacet
  facet normal 0.195208 -0.980762 0
    outer loop
      vertex 112.51 5.04207 0
      vertex 112.728 5.08546 4
      vertex 112.51 5.04207 4
    endloop
  endfacet
  facet normal 0.195208 -0.980762 0
    outer loop
      vertex 112.728 5.08546 4
      vertex 112.51 5.04207 0
      vertex 112.728 5.08546 0
    endloop
  endfacet
  facet normal 0.832604 0.553869 0
    outer loop
      vertex 111.601 2.3651 4
      vertex 111.478 2.55 0
      vertex 111.478 2.55 4
    endloop
  endfacet
  facet normal 0.832604 0.553869 0
    outer loop
      vertex 111.478 2.55 0
      vertex 111.601 2.3651 4
      vertex 111.601 2.3651 0
    endloop
  endfacet
  facet normal -0.997723 -0.0674471 0
    outer loop
      vertex 117.25 3.4 0
      vertex 117.235 3.62189 4
      vertex 117.235 3.62189 0
    endloop
  endfacet
  facet normal -0.997723 -0.0674471 0
    outer loop
      vertex 117.235 3.62189 4
      vertex 117.25 3.4 0
      vertex 117.25 3.4 4
    endloop
  endfacet
  facet normal -0.0653555 0.997862 0
    outer loop
      vertex 115.772 1.71454 0
      vertex 115.55 1.7 4
      vertex 115.772 1.71454 4
    endloop
  endfacet
  facet normal -0.0653555 0.997862 0
    outer loop
      vertex 115.55 1.7 4
      vertex 115.772 1.71454 0
      vertex 115.55 1.7 0
    endloop
  endfacet
  facet normal -0.750977 0.660328 0
    outer loop
      vertex 116.752 2.19792 0
      vertex 116.899 2.3651 4
      vertex 116.899 2.3651 0
    endloop
  endfacet
  facet normal -0.750977 0.660328 0
    outer loop
      vertex 116.899 2.3651 4
      vertex 116.752 2.19792 0
      vertex 116.752 2.19792 4
    endloop
  endfacet
  facet normal 0.895717 0.444625 0
    outer loop
      vertex 111.478 2.55 4
      vertex 111.379 2.74944 0
      vertex 111.379 2.74944 4
    endloop
  endfacet
  facet normal 0.895717 0.444625 0
    outer loop
      vertex 111.379 2.74944 0
      vertex 111.478 2.55 4
      vertex 111.478 2.55 0
    endloop
  endfacet
  facet normal 0.659765 -0.751472 0
    outer loop
      vertex 111.748 4.60208 0
      vertex 111.915 4.7487 4
      vertex 111.748 4.60208 4
    endloop
  endfacet
  facet normal 0.659765 -0.751472 0
    outer loop
      vertex 111.915 4.7487 4
      vertex 111.748 4.60208 0
      vertex 111.915 4.7487 0
    endloop
  endfacet
  facet normal 0.997723 0.0674471 0
    outer loop
      vertex 111.265 3.17811 4
      vertex 111.25 3.4 0
      vertex 111.25 3.4 4
    endloop
  endfacet
  facet normal 0.997723 0.0674471 0
    outer loop
      vertex 111.25 3.4 0
      vertex 111.265 3.17811 4
      vertex 111.265 3.17811 0
    endloop
  endfacet
  facet normal 0.443064 -0.89649 0
    outer loop
      vertex 112.1 4.87224 0
      vertex 112.299 4.97059 4
      vertex 112.1 4.87224 4
    endloop
  endfacet
  facet normal 0.443064 -0.89649 0
    outer loop
      vertex 112.299 4.97059 4
      vertex 112.1 4.87224 0
      vertex 112.299 4.97059 0
    endloop
  endfacet
  facet normal 0.555343 -0.831621 0
    outer loop
      vertex 111.915 4.7487 0
      vertex 112.1 4.87224 4
      vertex 111.915 4.7487 4
    endloop
  endfacet
  facet normal 0.555343 -0.831621 0
    outer loop
      vertex 112.1 4.87224 4
      vertex 111.915 4.7487 0
      vertex 112.1 4.87224 0
    endloop
  endfacet
  facet normal -0.895717 0.444625 0
    outer loop
      vertex 117.022 2.55 0
      vertex 117.121 2.74944 4
      vertex 117.121 2.74944 0
    endloop
  endfacet
  facet normal -0.895717 0.444625 0
    outer loop
      vertex 117.121 2.74944 4
      vertex 117.022 2.55 0
      vertex 117.022 2.55 4
    endloop
  endfacet
  facet normal 0.750997 -0.660306 0
    outer loop
      vertex 111.601 4.43489 4
      vertex 111.748 4.60208 0
      vertex 111.748 4.60208 4
    endloop
  endfacet
  facet normal 0.750997 -0.660306 0
    outer loop
      vertex 111.748 4.60208 0
      vertex 111.601 4.43489 4
      vertex 111.601 4.43489 0
    endloop
  endfacet
  facet normal -0.555343 -0.831621 0
    outer loop
      vertex 116.4 4.87224 0
      vertex 116.585 4.7487 4
      vertex 116.4 4.87224 4
    endloop
  endfacet
  facet normal -0.555343 -0.831621 -0
    outer loop
      vertex 116.585 4.7487 4
      vertex 116.4 4.87224 0
      vertex 116.585 4.7487 0
    endloop
  endfacet
  facet normal -0.981113 0.193434 0
    outer loop
      vertex 117.192 2.96001 0
      vertex 117.235 3.17811 4
      vertex 117.235 3.17811 0
    endloop
  endfacet
  facet normal -0.981113 0.193434 0
    outer loop
      vertex 117.235 3.17811 4
      vertex 117.192 2.96001 0
      vertex 117.192 2.96001 4
    endloop
  endfacet
  facet normal -0.997723 0.0674471 0
    outer loop
      vertex 117.235 3.17811 0
      vertex 117.25 3.4 4
      vertex 117.25 3.4 0
    endloop
  endfacet
  facet normal -0.997723 0.0674471 0
    outer loop
      vertex 117.25 3.4 4
      vertex 117.235 3.17811 0
      vertex 117.235 3.17811 4
    endloop
  endfacet
  facet normal 0.947584 -0.319506 0
    outer loop
      vertex 111.308 3.83999 4
      vertex 111.379 4.05056 0
      vertex 111.379 4.05056 4
    endloop
  endfacet
  facet normal 0.947584 -0.319506 0
    outer loop
      vertex 111.379 4.05056 0
      vertex 111.308 3.83999 4
      vertex 111.308 3.83999 0
    endloop
  endfacet
  facet normal 0.981113 -0.193434 0
    outer loop
      vertex 111.265 3.62189 4
      vertex 111.308 3.83999 0
      vertex 111.308 3.83999 4
    endloop
  endfacet
  facet normal 0.981113 -0.193434 0
    outer loop
      vertex 111.308 3.83999 0
      vertex 111.265 3.62189 4
      vertex 111.265 3.62189 0
    endloop
  endfacet
  facet normal -0.195208 -0.980762 0
    outer loop
      vertex 115.772 5.08546 0
      vertex 115.99 5.04207 4
      vertex 115.772 5.08546 4
    endloop
  endfacet
  facet normal -0.195208 -0.980762 -0
    outer loop
      vertex 115.99 5.04207 4
      vertex 115.772 5.08546 0
      vertex 115.99 5.04207 0
    endloop
  endfacet
  facet normal -0.947584 0.319506 0
    outer loop
      vertex 117.121 2.74944 0
      vertex 117.192 2.96001 4
      vertex 117.192 2.96001 0
    endloop
  endfacet
  facet normal -0.947584 0.319506 0
    outer loop
      vertex 117.192 2.96001 4
      vertex 117.121 2.74944 0
      vertex 117.121 2.74944 4
    endloop
  endfacet
  facet normal 0.659765 0.751472 -0
    outer loop
      vertex 111.915 2.0513 0
      vertex 111.748 2.19792 4
      vertex 111.915 2.0513 4
    endloop
  endfacet
  facet normal 0.659765 0.751472 0
    outer loop
      vertex 111.748 2.19792 4
      vertex 111.915 2.0513 0
      vertex 111.748 2.19792 0
    endloop
  endfacet
  facet normal -0.0653555 -0.997862 0
    outer loop
      vertex 115.55 5.1 0
      vertex 115.772 5.08546 4
      vertex 115.55 5.1 4
    endloop
  endfacet
  facet normal -0.0653555 -0.997862 -0
    outer loop
      vertex 115.772 5.08546 4
      vertex 115.55 5.1 0
      vertex 115.772 5.08546 0
    endloop
  endfacet
  facet normal 0.981113 0.193434 0
    outer loop
      vertex 111.308 2.96001 4
      vertex 111.265 3.17811 0
      vertex 111.265 3.17811 4
    endloop
  endfacet
  facet normal 0.981113 0.193434 0
    outer loop
      vertex 111.265 3.17811 0
      vertex 111.308 2.96001 4
      vertex 111.308 2.96001 0
    endloop
  endfacet
  facet normal 0.320816 0.947141 -0
    outer loop
      vertex 112.51 1.75793 0
      vertex 112.299 1.8294 4
      vertex 112.51 1.75793 4
    endloop
  endfacet
  facet normal 0.320816 0.947141 0
    outer loop
      vertex 112.299 1.8294 4
      vertex 112.51 1.75793 0
      vertex 112.299 1.8294 0
    endloop
  endfacet
  facet normal -0.555343 0.831621 0
    outer loop
      vertex 116.585 2.0513 0
      vertex 116.4 1.92776 4
      vertex 116.585 2.0513 4
    endloop
  endfacet
  facet normal -0.555343 0.831621 0
    outer loop
      vertex 116.4 1.92776 4
      vertex 116.585 2.0513 0
      vertex 116.4 1.92776 0
    endloop
  endfacet
  facet normal 0.750977 0.660328 0
    outer loop
      vertex 111.748 2.19792 4
      vertex 111.601 2.3651 0
      vertex 111.601 2.3651 4
    endloop
  endfacet
  facet normal 0.750977 0.660328 0
    outer loop
      vertex 111.601 2.3651 0
      vertex 111.748 2.19792 4
      vertex 111.748 2.19792 0
    endloop
  endfacet
  facet normal -0.83259 -0.553889 0
    outer loop
      vertex 117.022 4.25 0
      vertex 116.899 4.43489 4
      vertex 116.899 4.43489 0
    endloop
  endfacet
  facet normal -0.83259 -0.553889 0
    outer loop
      vertex 116.899 4.43489 4
      vertex 117.022 4.25 0
      vertex 117.022 4.25 4
    endloop
  endfacet
  facet normal -0.750997 -0.660306 0
    outer loop
      vertex 116.899 4.43489 0
      vertex 116.752 4.60208 4
      vertex 116.752 4.60208 0
    endloop
  endfacet
  facet normal -0.750997 -0.660306 0
    outer loop
      vertex 116.752 4.60208 4
      vertex 116.899 4.43489 0
      vertex 116.899 4.43489 4
    endloop
  endfacet
  facet normal -0.320816 0.947141 0
    outer loop
      vertex 116.201 1.8294 0
      vertex 115.99 1.75793 4
      vertex 116.201 1.8294 4
    endloop
  endfacet
  facet normal -0.320816 0.947141 0
    outer loop
      vertex 115.99 1.75793 4
      vertex 116.201 1.8294 0
      vertex 115.99 1.75793 0
    endloop
  endfacet
  facet normal 0.555343 0.831621 -0
    outer loop
      vertex 112.1 1.92776 0
      vertex 111.915 2.0513 4
      vertex 112.1 1.92776 4
    endloop
  endfacet
  facet normal 0.555343 0.831621 0
    outer loop
      vertex 111.915 2.0513 4
      vertex 112.1 1.92776 0
      vertex 111.915 2.0513 0
    endloop
  endfacet
  facet normal 0.997723 -0.0674471 0
    outer loop
      vertex 119.25 3.4 4
      vertex 119.265 3.62189 0
      vertex 119.265 3.62189 4
    endloop
  endfacet
  facet normal 0.997723 -0.0674471 0
    outer loop
      vertex 119.265 3.62189 0
      vertex 119.25 3.4 4
      vertex 119.25 3.4 0
    endloop
  endfacet
  facet normal 0 -1 0
    outer loop
      vertex 120.95 5.1 0
      vertex 123.55 5.1 4
      vertex 120.95 5.1 4
    endloop
  endfacet
  facet normal 0 -1 -0
    outer loop
      vertex 123.55 5.1 4
      vertex 120.95 5.1 0
      vertex 123.55 5.1 0
    endloop
  endfacet
  facet normal 0.895717 -0.444625 0
    outer loop
      vertex 119.379 4.05056 4
      vertex 119.478 4.25 0
      vertex 119.478 4.25 4
    endloop
  endfacet
  facet normal 0.895717 -0.444625 0
    outer loop
      vertex 119.478 4.25 0
      vertex 119.379 4.05056 4
      vertex 119.379 4.05056 0
    endloop
  endfacet
  facet normal 0.4431 0.896472 -0
    outer loop
      vertex 120.299 1.8294 0
      vertex 120.1 1.92776 4
      vertex 120.299 1.8294 4
    endloop
  endfacet
  facet normal 0.4431 0.896472 0
    outer loop
      vertex 120.1 1.92776 4
      vertex 120.299 1.8294 0
      vertex 120.1 1.92776 0
    endloop
  endfacet
  facet normal -0.981113 -0.193434 0
    outer loop
      vertex 125.235 3.62189 0
      vertex 125.192 3.83999 4
      vertex 125.192 3.83999 0
    endloop
  endfacet
  facet normal -0.981113 -0.193434 0
    outer loop
      vertex 125.192 3.83999 4
      vertex 125.235 3.62189 0
      vertex 125.235 3.62189 4
    endloop
  endfacet
  facet normal -0.195208 0.980762 0
    outer loop
      vertex 123.99 1.75793 0
      vertex 123.772 1.71454 4
      vertex 123.99 1.75793 4
    endloop
  endfacet
  facet normal -0.195208 0.980762 0
    outer loop
      vertex 123.772 1.71454 4
      vertex 123.99 1.75793 0
      vertex 123.772 1.71454 0
    endloop
  endfacet
  facet normal -0.895717 -0.444625 0
    outer loop
      vertex 125.121 4.05056 0
      vertex 125.022 4.25 4
      vertex 125.022 4.25 0
    endloop
  endfacet
  facet normal -0.895717 -0.444625 0
    outer loop
      vertex 125.022 4.25 4
      vertex 125.121 4.05056 0
      vertex 125.121 4.05056 4
    endloop
  endfacet
  facet normal -0.320856 -0.947128 0
    outer loop
      vertex 123.99 5.04207 0
      vertex 124.201 4.97059 4
      vertex 123.99 5.04207 4
    endloop
  endfacet
  facet normal -0.320856 -0.947128 -0
    outer loop
      vertex 124.201 4.97059 4
      vertex 123.99 5.04207 0
      vertex 124.201 4.97059 0
    endloop
  endfacet
  facet normal 0.195208 0.980762 -0
    outer loop
      vertex 120.728 1.71454 0
      vertex 120.51 1.75793 4
      vertex 120.728 1.71454 4
    endloop
  endfacet
  facet normal 0.195208 0.980762 0
    outer loop
      vertex 120.51 1.75793 4
      vertex 120.728 1.71454 0
      vertex 120.51 1.75793 0
    endloop
  endfacet
  facet normal 0.83259 -0.553889 0
    outer loop
      vertex 119.478 4.25 4
      vertex 119.601 4.43489 0
      vertex 119.601 4.43489 4
    endloop
  endfacet
  facet normal 0.83259 -0.553889 0
    outer loop
      vertex 119.601 4.43489 0
      vertex 119.478 4.25 4
      vertex 119.478 4.25 0
    endloop
  endfacet
  facet normal -0.659765 -0.751472 0
    outer loop
      vertex 124.585 4.7487 0
      vertex 124.752 4.60208 4
      vertex 124.585 4.7487 4
    endloop
  endfacet
  facet normal -0.659765 -0.751472 -0
    outer loop
      vertex 124.752 4.60208 4
      vertex 124.585 4.7487 0
      vertex 124.752 4.60208 0
    endloop
  endfacet
  facet normal 0 1 -0
    outer loop
      vertex 123.55 1.7 0
      vertex 120.95 1.7 4
      vertex 123.55 1.7 4
    endloop
  endfacet
  facet normal 0 1 0
    outer loop
      vertex 120.95 1.7 4
      vertex 123.55 1.7 0
      vertex 120.95 1.7 0
    endloop
  endfacet
  facet normal -0.947584 -0.319506 0
    outer loop
      vertex 125.192 3.83999 0
      vertex 125.121 4.05056 4
      vertex 125.121 4.05056 0
    endloop
  endfacet
  facet normal -0.947584 -0.319506 0
    outer loop
      vertex 125.121 4.05056 4
      vertex 125.192 3.83999 0
      vertex 125.192 3.83999 4
    endloop
  endfacet
  facet normal 0.320856 -0.947128 0
    outer loop
      vertex 120.299 4.97059 0
      vertex 120.51 5.04207 4
      vertex 120.299 4.97059 4
    endloop
  endfacet
  facet normal 0.320856 -0.947128 0
    outer loop
      vertex 120.51 5.04207 4
      vertex 120.299 4.97059 0
      vertex 120.51 5.04207 0
    endloop
  endfacet
  facet normal 0.947584 0.319506 0
    outer loop
      vertex 119.379 2.74944 4
      vertex 119.308 2.96001 0
      vertex 119.308 2.96001 4
    endloop
  endfacet
  facet normal 0.947584 0.319506 0
    outer loop
      vertex 119.308 2.96001 0
      vertex 119.379 2.74944 4
      vertex 119.379 2.74944 0
    endloop
  endfacet
  facet normal 0.0653555 -0.997862 0
    outer loop
      vertex 120.728 5.08546 0
      vertex 120.95 5.1 4
      vertex 120.728 5.08546 4
    endloop
  endfacet
  facet normal 0.0653555 -0.997862 0
    outer loop
      vertex 120.95 5.1 4
      vertex 120.728 5.08546 0
      vertex 120.95 5.1 0
    endloop
  endfacet
  facet normal -0.659765 0.751472 0
    outer loop
      vertex 124.752 2.19792 0
      vertex 124.585 2.0513 4
      vertex 124.752 2.19792 4
    endloop
  endfacet
  facet normal -0.659765 0.751472 0
    outer loop
      vertex 124.585 2.0513 4
      vertex 124.752 2.19792 0
      vertex 124.585 2.0513 0
    endloop
  endfacet
  facet normal -0.4431 0.896472 0
    outer loop
      vertex 124.4 1.92776 0
      vertex 124.201 1.8294 4
      vertex 124.4 1.92776 4
    endloop
  endfacet
  facet normal -0.4431 0.896472 0
    outer loop
      vertex 124.201 1.8294 4
      vertex 124.4 1.92776 0
      vertex 124.201 1.8294 0
    endloop
  endfacet
  facet normal -0.443064 -0.89649 0
    outer loop
      vertex 124.201 4.97059 0
      vertex 124.4 4.87224 4
      vertex 124.201 4.97059 4
    endloop
  endfacet
  facet normal -0.443064 -0.89649 -0
    outer loop
      vertex 124.4 4.87224 4
      vertex 124.201 4.97059 0
      vertex 124.4 4.87224 0
    endloop
  endfacet
  facet normal 0.0653555 0.997862 -0
    outer loop
      vertex 120.95 1.7 0
      vertex 120.728 1.71454 4
      vertex 120.95 1.7 4
    endloop
  endfacet
  facet normal 0.0653555 0.997862 0
    outer loop
      vertex 120.728 1.71454 4
      vertex 120.95 1.7 0
      vertex 120.728 1.71454 0
    endloop
  endfacet
  facet normal -0.750997 -0.660306 0
    outer loop
      vertex 124.899 4.43489 0
      vertex 124.752 4.60208 4
      vertex 124.752 4.60208 0
    endloop
  endfacet
  facet normal -0.750997 -0.660306 0
    outer loop
      vertex 124.752 4.60208 4
      vertex 124.899 4.43489 0
      vertex 124.899 4.43489 4
    endloop
  endfacet
  facet normal -0.832604 0.553869 0
    outer loop
      vertex 124.899 2.3651 0
      vertex 125.022 2.55 4
      vertex 125.022 2.55 0
    endloop
  endfacet
  facet normal -0.832604 0.553869 0
    outer loop
      vertex 125.022 2.55 4
      vertex 124.899 2.3651 0
      vertex 124.899 2.3651 4
    endloop
  endfacet
  facet normal 0.195208 -0.980762 0
    outer loop
      vertex 120.51 5.04207 0
      vertex 120.728 5.08546 4
      vertex 120.51 5.04207 4
    endloop
  endfacet
  facet normal 0.195208 -0.980762 0
    outer loop
      vertex 120.728 5.08546 4
      vertex 120.51 5.04207 0
      vertex 120.728 5.08546 0
    endloop
  endfacet
  facet normal 0.832604 0.553869 0
    outer loop
      vertex 119.601 2.3651 4
      vertex 119.478 2.55 0
      vertex 119.478 2.55 4
    endloop
  endfacet
  facet normal 0.832604 0.553869 0
    outer loop
      vertex 119.478 2.55 0
      vertex 119.601 2.3651 4
      vertex 119.601 2.3651 0
    endloop
  endfacet
  facet normal -0.997723 -0.0674471 0
    outer loop
      vertex 125.25 3.4 0
      vertex 125.235 3.62189 4
      vertex 125.235 3.62189 0
    endloop
  endfacet
  facet normal -0.997723 -0.0674471 0
    outer loop
      vertex 125.235 3.62189 4
      vertex 125.25 3.4 0
      vertex 125.25 3.4 4
    endloop
  endfacet
  facet normal -0.0653555 0.997862 0
    outer loop
      vertex 123.772 1.71454 0
      vertex 123.55 1.7 4
      vertex 123.772 1.71454 4
    endloop
  endfacet
  facet normal -0.0653555 0.997862 0
    outer loop
      vertex 123.55 1.7 4
      vertex 123.772 1.71454 0
      vertex 123.55 1.7 0
    endloop
  endfacet
  facet normal -0.750977 0.660328 0
    outer loop
      vertex 124.752 2.19792 0
      vertex 124.899 2.3651 4
      vertex 124.899 2.3651 0
    endloop
  endfacet
  facet normal -0.750977 0.660328 0
    outer loop
      vertex 124.899 2.3651 4
      vertex 124.752 2.19792 0
      vertex 124.752 2.19792 4
    endloop
  endfacet
  facet normal 0.895717 0.444625 0
    outer loop
      vertex 119.478 2.55 4
      vertex 119.379 2.74944 0
      vertex 119.379 2.74944 4
    endloop
  endfacet
  facet normal 0.895717 0.444625 0
    outer loop
      vertex 119.379 2.74944 0
      vertex 119.478 2.55 4
      vertex 119.478 2.55 0
    endloop
  endfacet
  facet normal 0.659765 -0.751472 0
    outer loop
      vertex 119.748 4.60208 0
      vertex 119.915 4.7487 4
      vertex 119.748 4.60208 4
    endloop
  endfacet
  facet normal 0.659765 -0.751472 0
    outer loop
      vertex 119.915 4.7487 4
      vertex 119.748 4.60208 0
      vertex 119.915 4.7487 0
    endloop
  endfacet
  facet normal 0.997723 0.0674471 0
    outer loop
      vertex 119.265 3.17811 4
      vertex 119.25 3.4 0
      vertex 119.25 3.4 4
    endloop
  endfacet
  facet normal 0.997723 0.0674471 0
    outer loop
      vertex 119.25 3.4 0
      vertex 119.265 3.17811 4
      vertex 119.265 3.17811 0
    endloop
  endfacet
  facet normal 0.443064 -0.89649 0
    outer loop
      vertex 120.1 4.87224 0
      vertex 120.299 4.97059 4
      vertex 120.1 4.87224 4
    endloop
  endfacet
  facet normal 0.443064 -0.89649 0
    outer loop
      vertex 120.299 4.97059 4
      vertex 120.1 4.87224 0
      vertex 120.299 4.97059 0
    endloop
  endfacet
  facet normal 0.555343 -0.831621 0
    outer loop
      vertex 119.915 4.7487 0
      vertex 120.1 4.87224 4
      vertex 119.915 4.7487 4
    endloop
  endfacet
  facet normal 0.555343 -0.831621 0
    outer loop
      vertex 120.1 4.87224 4
      vertex 119.915 4.7487 0
      vertex 120.1 4.87224 0
    endloop
  endfacet
  facet normal -0.895717 0.444625 0
    outer loop
      vertex 125.022 2.55 0
      vertex 125.121 2.74944 4
      vertex 125.121 2.74944 0
    endloop
  endfacet
  facet normal -0.895717 0.444625 0
    outer loop
      vertex 125.121 2.74944 4
      vertex 125.022 2.55 0
      vertex 125.022 2.55 4
    endloop
  endfacet
  facet normal 0.750997 -0.660306 0
    outer loop
      vertex 119.601 4.43489 4
      vertex 119.748 4.60208 0
      vertex 119.748 4.60208 4
    endloop
  endfacet
  facet normal 0.750997 -0.660306 0
    outer loop
      vertex 119.748 4.60208 0
      vertex 119.601 4.43489 4
      vertex 119.601 4.43489 0
    endloop
  endfacet
  facet normal -0.555343 -0.831621 0
    outer loop
      vertex 124.4 4.87224 0
      vertex 124.585 4.7487 4
      vertex 124.4 4.87224 4
    endloop
  endfacet
  facet normal -0.555343 -0.831621 -0
    outer loop
      vertex 124.585 4.7487 4
      vertex 124.4 4.87224 0
      vertex 124.585 4.7487 0
    endloop
  endfacet
  facet normal -0.981113 0.193434 0
    outer loop
      vertex 125.192 2.96001 0
      vertex 125.235 3.17811 4
      vertex 125.235 3.17811 0
    endloop
  endfacet
  facet normal -0.981113 0.193434 0
    outer loop
      vertex 125.235 3.17811 4
      vertex 125.192 2.96001 0
      vertex 125.192 2.96001 4
    endloop
  endfacet
  facet normal -0.997723 0.0674471 0
    outer loop
      vertex 125.235 3.17811 0
      vertex 125.25 3.4 4
      vertex 125.25 3.4 0
    endloop
  endfacet
  facet normal -0.997723 0.0674471 0
    outer loop
      vertex 125.25 3.4 4
      vertex 125.235 3.17811 0
      vertex 125.235 3.17811 4
    endloop
  endfacet
  facet normal 0.947584 -0.319506 0
    outer loop
      vertex 119.308 3.83999 4
      vertex 119.379 4.05056 0
      vertex 119.379 4.05056 4
    endloop
  endfacet
  facet normal 0.947584 -0.319506 0
    outer loop
      vertex 119.379 4.05056 0
      vertex 119.308 3.83999 4
      vertex 119.308 3.83999 0
    endloop
  endfacet
  facet normal 0.981113 -0.193434 0
    outer loop
      vertex 119.265 3.62189 4
      vertex 119.308 3.83999 0
      vertex 119.308 3.83999 4
    endloop
  endfacet
  facet normal 0.981113 -0.193434 0
    outer loop
      vertex 119.308 3.83999 0
      vertex 119.265 3.62189 4
      vertex 119.265 3.62189 0
    endloop
  endfacet
  facet normal -0.195208 -0.980762 0
    outer loop
      vertex 123.772 5.08546 0
      vertex 123.99 5.04207 4
      vertex 123.772 5.08546 4
    endloop
  endfacet
  facet normal -0.195208 -0.980762 -0
    outer loop
      vertex 123.99 5.04207 4
      vertex 123.772 5.08546 0
      vertex 123.99 5.04207 0
    endloop
  endfacet
  facet normal -0.947584 0.319506 0
    outer loop
      vertex 125.121 2.74944 0
      vertex 125.192 2.96001 4
      vertex 125.192 2.96001 0
    endloop
  endfacet
  facet normal -0.947584 0.319506 0
    outer loop
      vertex 125.192 2.96001 4
      vertex 125.121 2.74944 0
      vertex 125.121 2.74944 4
    endloop
  endfacet
  facet normal 0.659765 0.751472 -0
    outer loop
      vertex 119.915 2.0513 0
      vertex 119.748 2.19792 4
      vertex 119.915 2.0513 4
    endloop
  endfacet
  facet normal 0.659765 0.751472 0
    outer loop
      vertex 119.748 2.19792 4
      vertex 119.915 2.0513 0
      vertex 119.748 2.19792 0
    endloop
  endfacet
  facet normal -0.0653555 -0.997862 0
    outer loop
      vertex 123.55 5.1 0
      vertex 123.772 5.08546 4
      vertex 123.55 5.1 4
    endloop
  endfacet
  facet normal -0.0653555 -0.997862 -0
    outer loop
      vertex 123.772 5.08546 4
      vertex 123.55 5.1 0
      vertex 123.772 5.08546 0
    endloop
  endfacet
  facet normal 0.981113 0.193434 0
    outer loop
      vertex 119.308 2.96001 4
      vertex 119.265 3.17811 0
      vertex 119.265 3.17811 4
    endloop
  endfacet
  facet normal 0.981113 0.193434 0
    outer loop
      vertex 119.265 3.17811 0
      vertex 119.308 2.96001 4
      vertex 119.308 2.96001 0
    endloop
  endfacet
  facet normal 0.320816 0.947141 -0
    outer loop
      vertex 120.51 1.75793 0
      vertex 120.299 1.8294 4
      vertex 120.51 1.75793 4
    endloop
  endfacet
  facet normal 0.320816 0.947141 0
    outer loop
      vertex 120.299 1.8294 4
      vertex 120.51 1.75793 0
      vertex 120.299 1.8294 0
    endloop
  endfacet
  facet normal -0.555343 0.831621 0
    outer loop
      vertex 124.585 2.0513 0
      vertex 124.4 1.92776 4
      vertex 124.585 2.0513 4
    endloop
  endfacet
  facet normal -0.555343 0.831621 0
    outer loop
      vertex 124.4 1.92776 4
      vertex 124.585 2.0513 0
      vertex 124.4 1.92776 0
    endloop
  endfacet
  facet normal 0.750977 0.660328 0
    outer loop
      vertex 119.748 2.19792 4
      vertex 119.601 2.3651 0
      vertex 119.601 2.3651 4
    endloop
  endfacet
  facet normal 0.750977 0.660328 0
    outer loop
      vertex 119.601 2.3651 0
      vertex 119.748 2.19792 4
      vertex 119.748 2.19792 0
    endloop
  endfacet
  facet normal -0.83259 -0.553889 0
    outer loop
      vertex 125.022 4.25 0
      vertex 124.899 4.43489 4
      vertex 124.899 4.43489 0
    endloop
  endfacet
  facet normal -0.83259 -0.553889 0
    outer loop
      vertex 124.899 4.43489 4
      vertex 125.022 4.25 0
      vertex 125.022 4.25 4
    endloop
  endfacet
  facet normal -0.320816 0.947141 0
    outer loop
      vertex 124.201 1.8294 0
      vertex 123.99 1.75793 4
      vertex 124.201 1.8294 4
    endloop
  endfacet
  facet normal -0.320816 0.947141 0
    outer loop
      vertex 123.99 1.75793 4
      vertex 124.201 1.8294 0
      vertex 123.99 1.75793 0
    endloop
  endfacet
  facet normal 0.555343 0.831621 -0
    outer loop
      vertex 120.1 1.92776 0
      vertex 119.915 2.0513 4
      vertex 120.1 1.92776 4
    endloop
  endfacet
  facet normal 0.555343 0.831621 0
    outer loop
      vertex 119.915 2.0513 4
      vertex 120.1 1.92776 0
      vertex 119.915 2.0513 0
    endloop
  endfacet
  facet normal 0.997723 -0.0674471 0
    outer loop
      vertex 127.25 3.4 4
      vertex 127.265 3.62189 0
      vertex 127.265 3.62189 4
    endloop
  endfacet
  facet normal 0.997723 -0.0674471 0
    outer loop
      vertex 127.265 3.62189 0
      vertex 127.25 3.4 4
      vertex 127.25 3.4 0
    endloop
  endfacet
  facet normal 0 -1 0
    outer loop
      vertex 128.95 5.1 0
      vertex 131.55 5.1 4
      vertex 128.95 5.1 4
    endloop
  endfacet
  facet normal 0 -1 -0
    outer loop
      vertex 131.55 5.1 4
      vertex 128.95 5.1 0
      vertex 131.55 5.1 0
    endloop
  endfacet
  facet normal 0.895717 -0.444625 0
    outer loop
      vertex 127.379 4.05056 4
      vertex 127.478 4.25 0
      vertex 127.478 4.25 4
    endloop
  endfacet
  facet normal 0.895717 -0.444625 0
    outer loop
      vertex 127.478 4.25 0
      vertex 127.379 4.05056 4
      vertex 127.379 4.05056 0
    endloop
  endfacet
  facet normal 0.4431 0.896472 -0
    outer loop
      vertex 128.299 1.8294 0
      vertex 128.1 1.92776 4
      vertex 128.299 1.8294 4
    endloop
  endfacet
  facet normal 0.4431 0.896472 0
    outer loop
      vertex 128.1 1.92776 4
      vertex 128.299 1.8294 0
      vertex 128.1 1.92776 0
    endloop
  endfacet
  facet normal -0.981113 -0.193434 0
    outer loop
      vertex 133.235 3.62189 0
      vertex 133.192 3.83999 4
      vertex 133.192 3.83999 0
    endloop
  endfacet
  facet normal -0.981113 -0.193434 0
    outer loop
      vertex 133.192 3.83999 4
      vertex 133.235 3.62189 0
      vertex 133.235 3.62189 4
    endloop
  endfacet
  facet normal -0.195208 0.980762 0
    outer loop
      vertex 131.99 1.75793 0
      vertex 131.772 1.71454 4
      vertex 131.99 1.75793 4
    endloop
  endfacet
  facet normal -0.195208 0.980762 0
    outer loop
      vertex 131.772 1.71454 4
      vertex 131.99 1.75793 0
      vertex 131.772 1.71454 0
    endloop
  endfacet
  facet normal -0.895717 -0.444625 0
    outer loop
      vertex 133.121 4.05056 0
      vertex 133.022 4.25 4
      vertex 133.022 4.25 0
    endloop
  endfacet
  facet normal -0.895717 -0.444625 0
    outer loop
      vertex 133.022 4.25 4
      vertex 133.121 4.05056 0
      vertex 133.121 4.05056 4
    endloop
  endfacet
  facet normal -0.320856 -0.947128 0
    outer loop
      vertex 131.99 5.04207 0
      vertex 132.201 4.97059 4
      vertex 131.99 5.04207 4
    endloop
  endfacet
  facet normal -0.320856 -0.947128 -0
    outer loop
      vertex 132.201 4.97059 4
      vertex 131.99 5.04207 0
      vertex 132.201 4.97059 0
    endloop
  endfacet
  facet normal 0.195208 0.980762 -0
    outer loop
      vertex 128.728 1.71454 0
      vertex 128.51 1.75793 4
      vertex 128.728 1.71454 4
    endloop
  endfacet
  facet normal 0.195208 0.980762 0
    outer loop
      vertex 128.51 1.75793 4
      vertex 128.728 1.71454 0
      vertex 128.51 1.75793 0
    endloop
  endfacet
  facet normal 0.83259 -0.553889 0
    outer loop
      vertex 127.478 4.25 4
      vertex 127.601 4.43489 0
      vertex 127.601 4.43489 4
    endloop
  endfacet
  facet normal 0.83259 -0.553889 0
    outer loop
      vertex 127.601 4.43489 0
      vertex 127.478 4.25 4
      vertex 127.478 4.25 0
    endloop
  endfacet
  facet normal -0.659765 -0.751472 0
    outer loop
      vertex 132.585 4.7487 0
      vertex 132.752 4.60208 4
      vertex 132.585 4.7487 4
    endloop
  endfacet
  facet normal -0.659765 -0.751472 -0
    outer loop
      vertex 132.752 4.60208 4
      vertex 132.585 4.7487 0
      vertex 132.752 4.60208 0
    endloop
  endfacet
  facet normal 0 1 -0
    outer loop
      vertex 131.55 1.7 0
      vertex 128.95 1.7 4
      vertex 131.55 1.7 4
    endloop
  endfacet
  facet normal 0 1 0
    outer loop
      vertex 128.95 1.7 4
      vertex 131.55 1.7 0
      vertex 128.95 1.7 0
    endloop
  endfacet
  facet normal -0.947584 -0.319506 0
    outer loop
      vertex 133.192 3.83999 0
      vertex 133.121 4.05056 4
      vertex 133.121 4.05056 0
    endloop
  endfacet
  facet normal -0.947584 -0.319506 0
    outer loop
      vertex 133.121 4.05056 4
      vertex 133.192 3.83999 0
      vertex 133.192 3.83999 4
    endloop
  endfacet
  facet normal 0.320856 -0.947128 0
    outer loop
      vertex 128.299 4.97059 0
      vertex 128.51 5.04207 4
      vertex 128.299 4.97059 4
    endloop
  endfacet
  facet normal 0.320856 -0.947128 0
    outer loop
      vertex 128.51 5.04207 4
      vertex 128.299 4.97059 0
      vertex 128.51 5.04207 0
    endloop
  endfacet
  facet normal 0.947584 0.319506 0
    outer loop
      vertex 127.379 2.74944 4
      vertex 127.308 2.96001 0
      vertex 127.308 2.96001 4
    endloop
  endfacet
  facet normal 0.947584 0.319506 0
    outer loop
      vertex 127.308 2.96001 0
      vertex 127.379 2.74944 4
      vertex 127.379 2.74944 0
    endloop
  endfacet
  facet normal 0.0653555 -0.997862 0
    outer loop
      vertex 128.728 5.08546 0
      vertex 128.95 5.1 4
      vertex 128.728 5.08546 4
    endloop
  endfacet
  facet normal 0.0653555 -0.997862 0
    outer loop
      vertex 128.95 5.1 4
      vertex 128.728 5.08546 0
      vertex 128.95 5.1 0
    endloop
  endfacet
  facet normal -0.659765 0.751472 0
    outer loop
      vertex 132.752 2.19792 0
      vertex 132.585 2.0513 4
      vertex 132.752 2.19792 4
    endloop
  endfacet
  facet normal -0.659765 0.751472 0
    outer loop
      vertex 132.585 2.0513 4
      vertex 132.752 2.19792 0
      vertex 132.585 2.0513 0
    endloop
  endfacet
  facet normal -0.4431 0.896472 0
    outer loop
      vertex 132.4 1.92776 0
      vertex 132.201 1.8294 4
      vertex 132.4 1.92776 4
    endloop
  endfacet
  facet normal -0.4431 0.896472 0
    outer loop
      vertex 132.201 1.8294 4
      vertex 132.4 1.92776 0
      vertex 132.201 1.8294 0
    endloop
  endfacet
  facet normal -0.443064 -0.89649 0
    outer loop
      vertex 132.201 4.97059 0
      vertex 132.4 4.87224 4
      vertex 132.201 4.97059 4
    endloop
  endfacet
  facet normal -0.443064 -0.89649 -0
    outer loop
      vertex 132.4 4.87224 4
      vertex 132.201 4.97059 0
      vertex 132.4 4.87224 0
    endloop
  endfacet
  facet normal 0.0653555 0.997862 -0
    outer loop
      vertex 128.95 1.7 0
      vertex 128.728 1.71454 4
      vertex 128.95 1.7 4
    endloop
  endfacet
  facet normal 0.0653555 0.997862 0
    outer loop
      vertex 128.728 1.71454 4
      vertex 128.95 1.7 0
      vertex 128.728 1.71454 0
    endloop
  endfacet
  facet normal -0.832604 0.553869 0
    outer loop
      vertex 132.899 2.3651 0
      vertex 133.022 2.55 4
      vertex 133.022 2.55 0
    endloop
  endfacet
  facet normal -0.832604 0.553869 0
    outer loop
      vertex 133.022 2.55 4
      vertex 132.899 2.3651 0
      vertex 132.899 2.3651 4
    endloop
  endfacet
  facet normal 0.195208 -0.980762 0
    outer loop
      vertex 128.51 5.04207 0
      vertex 128.728 5.08546 4
      vertex 128.51 5.04207 4
    endloop
  endfacet
  facet normal 0.195208 -0.980762 0
    outer loop
      vertex 128.728 5.08546 4
      vertex 128.51 5.04207 0
      vertex 128.728 5.08546 0
    endloop
  endfacet
  facet normal 0.832604 0.553869 0
    outer loop
      vertex 127.601 2.3651 4
      vertex 127.478 2.55 0
      vertex 127.478 2.55 4
    endloop
  endfacet
  facet normal 0.832604 0.553869 0
    outer loop
      vertex 127.478 2.55 0
      vertex 127.601 2.3651 4
      vertex 127.601 2.3651 0
    endloop
  endfacet
  facet normal -0.997723 -0.0674471 0
    outer loop
      vertex 133.25 3.4 0
      vertex 133.235 3.62189 4
      vertex 133.235 3.62189 0
    endloop
  endfacet
  facet normal -0.997723 -0.0674471 0
    outer loop
      vertex 133.235 3.62189 4
      vertex 133.25 3.4 0
      vertex 133.25 3.4 4
    endloop
  endfacet
  facet normal -0.0653555 0.997862 0
    outer loop
      vertex 131.772 1.71454 0
      vertex 131.55 1.7 4
      vertex 131.772 1.71454 4
    endloop
  endfacet
  facet normal -0.0653555 0.997862 0
    outer loop
      vertex 131.55 1.7 4
      vertex 131.772 1.71454 0
      vertex 131.55 1.7 0
    endloop
  endfacet
  facet normal -0.750977 0.660328 0
    outer loop
      vertex 132.752 2.19792 0
      vertex 132.899 2.3651 4
      vertex 132.899 2.3651 0
    endloop
  endfacet
  facet normal -0.750977 0.660328 0
    outer loop
      vertex 132.899 2.3651 4
      vertex 132.752 2.19792 0
      vertex 132.752 2.19792 4
    endloop
  endfacet
  facet normal 0.895717 0.444625 0
    outer loop
      vertex 127.478 2.55 4
      vertex 127.379 2.74944 0
      vertex 127.379 2.74944 4
    endloop
  endfacet
  facet normal 0.895717 0.444625 0
    outer loop
      vertex 127.379 2.74944 0
      vertex 127.478 2.55 4
      vertex 127.478 2.55 0
    endloop
  endfacet
  facet normal 0.659765 -0.751472 0
    outer loop
      vertex 127.748 4.60208 0
      vertex 127.915 4.7487 4
      vertex 127.748 4.60208 4
    endloop
  endfacet
  facet normal 0.659765 -0.751472 0
    outer loop
      vertex 127.915 4.7487 4
      vertex 127.748 4.60208 0
      vertex 127.915 4.7487 0
    endloop
  endfacet
  facet normal 0.997723 0.0674471 0
    outer loop
      vertex 127.265 3.17811 4
      vertex 127.25 3.4 0
      vertex 127.25 3.4 4
    endloop
  endfacet
  facet normal 0.997723 0.0674471 0
    outer loop
      vertex 127.25 3.4 0
      vertex 127.265 3.17811 4
      vertex 127.265 3.17811 0
    endloop
  endfacet
  facet normal 0.443064 -0.89649 0
    outer loop
      vertex 128.1 4.87224 0
      vertex 128.299 4.97059 4
      vertex 128.1 4.87224 4
    endloop
  endfacet
  facet normal 0.443064 -0.89649 0
    outer loop
      vertex 128.299 4.97059 4
      vertex 128.1 4.87224 0
      vertex 128.299 4.97059 0
    endloop
  endfacet
  facet normal 0.555343 -0.831621 0
    outer loop
      vertex 127.915 4.7487 0
      vertex 128.1 4.87224 4
      vertex 127.915 4.7487 4
    endloop
  endfacet
  facet normal 0.555343 -0.831621 0
    outer loop
      vertex 128.1 4.87224 4
      vertex 127.915 4.7487 0
      vertex 128.1 4.87224 0
    endloop
  endfacet
  facet normal -0.895717 0.444625 0
    outer loop
      vertex 133.022 2.55 0
      vertex 133.121 2.74944 4
      vertex 133.121 2.74944 0
    endloop
  endfacet
  facet normal -0.895717 0.444625 0
    outer loop
      vertex 133.121 2.74944 4
      vertex 133.022 2.55 0
      vertex 133.022 2.55 4
    endloop
  endfacet
  facet normal 0.750997 -0.660306 0
    outer loop
      vertex 127.601 4.43489 4
      vertex 127.748 4.60208 0
      vertex 127.748 4.60208 4
    endloop
  endfacet
  facet normal 0.750997 -0.660306 0
    outer loop
      vertex 127.748 4.60208 0
      vertex 127.601 4.43489 4
      vertex 127.601 4.43489 0
    endloop
  endfacet
  facet normal -0.555343 -0.831621 0
    outer loop
      vertex 132.4 4.87224 0
      vertex 132.585 4.7487 4
      vertex 132.4 4.87224 4
    endloop
  endfacet
  facet normal -0.555343 -0.831621 -0
    outer loop
      vertex 132.585 4.7487 4
      vertex 132.4 4.87224 0
      vertex 132.585 4.7487 0
    endloop
  endfacet
  facet normal -0.981113 0.193434 0
    outer loop
      vertex 133.192 2.96001 0
      vertex 133.235 3.17811 4
      vertex 133.235 3.17811 0
    endloop
  endfacet
  facet normal -0.981113 0.193434 0
    outer loop
      vertex 133.235 3.17811 4
      vertex 133.192 2.96001 0
      vertex 133.192 2.96001 4
    endloop
  endfacet
  facet normal -0.997723 0.0674471 0
    outer loop
      vertex 133.235 3.17811 0
      vertex 133.25 3.4 4
      vertex 133.25 3.4 0
    endloop
  endfacet
  facet normal -0.997723 0.0674471 0
    outer loop
      vertex 133.25 3.4 4
      vertex 133.235 3.17811 0
      vertex 133.235 3.17811 4
    endloop
  endfacet
  facet normal 0.947584 -0.319506 0
    outer loop
      vertex 127.308 3.83999 4
      vertex 127.379 4.05056 0
      vertex 127.379 4.05056 4
    endloop
  endfacet
  facet normal 0.947584 -0.319506 0
    outer loop
      vertex 127.379 4.05056 0
      vertex 127.308 3.83999 4
      vertex 127.308 3.83999 0
    endloop
  endfacet
  facet normal 0.981113 -0.193434 0
    outer loop
      vertex 127.265 3.62189 4
      vertex 127.308 3.83999 0
      vertex 127.308 3.83999 4
    endloop
  endfacet
  facet normal 0.981113 -0.193434 0
    outer loop
      vertex 127.308 3.83999 0
      vertex 127.265 3.62189 4
      vertex 127.265 3.62189 0
    endloop
  endfacet
  facet normal -0.195208 -0.980762 0
    outer loop
      vertex 131.772 5.08546 0
      vertex 131.99 5.04207 4
      vertex 131.772 5.08546 4
    endloop
  endfacet
  facet normal -0.195208 -0.980762 -0
    outer loop
      vertex 131.99 5.04207 4
      vertex 131.772 5.08546 0
      vertex 131.99 5.04207 0
    endloop
  endfacet
  facet normal -0.947584 0.319506 0
    outer loop
      vertex 133.121 2.74944 0
      vertex 133.192 2.96001 4
      vertex 133.192 2.96001 0
    endloop
  endfacet
  facet normal -0.947584 0.319506 0
    outer loop
      vertex 133.192 2.96001 4
      vertex 133.121 2.74944 0
      vertex 133.121 2.74944 4
    endloop
  endfacet
  facet normal 0.659765 0.751472 -0
    outer loop
      vertex 127.915 2.0513 0
      vertex 127.748 2.19792 4
      vertex 127.915 2.0513 4
    endloop
  endfacet
  facet normal 0.659765 0.751472 0
    outer loop
      vertex 127.748 2.19792 4
      vertex 127.915 2.0513 0
      vertex 127.748 2.19792 0
    endloop
  endfacet
  facet normal -0.0653555 -0.997862 0
    outer loop
      vertex 131.55 5.1 0
      vertex 131.772 5.08546 4
      vertex 131.55 5.1 4
    endloop
  endfacet
  facet normal -0.0653555 -0.997862 -0
    outer loop
      vertex 131.772 5.08546 4
      vertex 131.55 5.1 0
      vertex 131.772 5.08546 0
    endloop
  endfacet
  facet normal 0.981113 0.193434 0
    outer loop
      vertex 127.308 2.96001 4
      vertex 127.265 3.17811 0
      vertex 127.265 3.17811 4
    endloop
  endfacet
  facet normal 0.981113 0.193434 0
    outer loop
      vertex 127.265 3.17811 0
      vertex 127.308 2.96001 4
      vertex 127.308 2.96001 0
    endloop
  endfacet
  facet normal 0.320816 0.947141 -0
    outer loop
      vertex 128.51 1.75793 0
      vertex 128.299 1.8294 4
      vertex 128.51 1.75793 4
    endloop
  endfacet
  facet normal 0.320816 0.947141 0
    outer loop
      vertex 128.299 1.8294 4
      vertex 128.51 1.75793 0
      vertex 128.299 1.8294 0
    endloop
  endfacet
  facet normal -0.555343 0.831621 0
    outer loop
      vertex 132.585 2.0513 0
      vertex 132.4 1.92776 4
      vertex 132.585 2.0513 4
    endloop
  endfacet
  facet normal -0.555343 0.831621 0
    outer loop
      vertex 132.4 1.92776 4
      vertex 132.585 2.0513 0
      vertex 132.4 1.92776 0
    endloop
  endfacet
  facet normal 0.750977 0.660328 0
    outer loop
      vertex 127.748 2.19792 4
      vertex 127.601 2.3651 0
      vertex 127.601 2.3651 4
    endloop
  endfacet
  facet normal 0.750977 0.660328 0
    outer loop
      vertex 127.601 2.3651 0
      vertex 127.748 2.19792 4
      vertex 127.748 2.19792 0
    endloop
  endfacet
  facet normal -0.83259 -0.553889 0
    outer loop
      vertex 133.022 4.25 0
      vertex 132.899 4.43489 4
      vertex 132.899 4.43489 0
    endloop
  endfacet
  facet normal -0.83259 -0.553889 0
    outer loop
      vertex 132.899 4.43489 4
      vertex 133.022 4.25 0
      vertex 133.022 4.25 4
    endloop
  endfacet
  facet normal -0.750997 -0.660306 0
    outer loop
      vertex 132.899 4.43489 0
      vertex 132.752 4.60208 4
      vertex 132.752 4.60208 0
    endloop
  endfacet
  facet normal -0.750997 -0.660306 0
    outer loop
      vertex 132.752 4.60208 4
      vertex 132.899 4.43489 0
      vertex 132.899 4.43489 4
    endloop
  endfacet
  facet normal -0.320816 0.947141 0
    outer loop
      vertex 132.201 1.8294 0
      vertex 131.99 1.75793 4
      vertex 132.201 1.8294 4
    endloop
  endfacet
  facet normal -0.320816 0.947141 0
    outer loop
      vertex 131.99 1.75793 4
      vertex 132.201 1.8294 0
      vertex 131.99 1.75793 0
    endloop
  endfacet
  facet normal 0.555343 0.831621 -0
    outer loop
      vertex 128.1 1.92776 0
      vertex 127.915 2.0513 4
      vertex 128.1 1.92776 4
    endloop
  endfacet
  facet normal 0.555343 0.831621 0
    outer loop
      vertex 127.915 2.0513 4
      vertex 128.1 1.92776 0
      vertex 127.915 2.0513 0
    endloop
  endfacet
  facet normal -1 0 0
    outer loop
      vertex 21.8 0.0392794 0
      vertex 21.8 5.3 4
      vertex 21.8 5.3 0
    endloop
  endfacet
  facet normal -1 0 0
    outer loop
      vertex 21.8 0 3.99
      vertex 21.8 5.3 4
      vertex 21.8 0.0392794 0
    endloop
  endfacet
  facet normal -1 -0 0
    outer loop
      vertex 21.8 5.3 4
      vertex 21.8 0 3.99
      vertex 21.8 0 4
    endloop
  endfacet
  facet normal 1 0 0
    outer loop
      vertex 6.2 5.3 4
      vertex 6.2 0.0392794 0
      vertex 6.2 5.3 0
    endloop
  endfacet
  facet normal 1 0 0
    outer loop
      vertex 6.2 0 3.99
      vertex 6.2 5.3 4
      vertex 6.2 0 4
    endloop
  endfacet
  facet normal 1 0 0
    outer loop
      vertex 6.2 5.3 4
      vertex 6.2 0 3.99
      vertex 6.2 0.0392794 0
    endloop
  endfacet
  facet normal 0 -1 0
    outer loop
      vertex 6.2 5.3 0
      vertex 21.8 5.3 4
      vertex 6.2 5.3 4
    endloop
  endfacet
  facet normal 0 -1 -0
    outer loop
      vertex 21.8 5.3 4
      vertex 6.2 5.3 0
      vertex 21.8 5.3 0
    endloop
  endfacet
  facet normal -1 0 0
    outer loop
      vertex 158.3 0.0392794 0
      vertex 158.3 5.3 4
      vertex 158.3 5.3 0
    endloop
  endfacet
  facet normal -1 0 0
    outer loop
      vertex 158.3 0 3.99
      vertex 158.3 5.3 4
      vertex 158.3 0.0392794 0
    endloop
  endfacet
  facet normal -1 -0 0
    outer loop
      vertex 158.3 5.3 4
      vertex 158.3 0 3.99
      vertex 158.3 0 4
    endloop
  endfacet
  facet normal 1 0 0
    outer loop
      vertex 142.7 5.3 4
      vertex 142.7 0.0392794 0
      vertex 142.7 5.3 0
    endloop
  endfacet
  facet normal 1 0 0
    outer loop
      vertex 142.7 0 3.99
      vertex 142.7 5.3 4
      vertex 142.7 0 4
    endloop
  endfacet
  facet normal 1 0 0
    outer loop
      vertex 142.7 5.3 4
      vertex 142.7 0 3.99
      vertex 142.7 0.0392794 0
    endloop
  endfacet
  facet normal 0 -1 0
    outer loop
      vertex 142.7 5.3 0
      vertex 158.3 5.3 4
      vertex 142.7 5.3 4
    endloop
  endfacet
  facet normal 0 -1 -0
    outer loop
      vertex 158.3 5.3 4
      vertex 142.7 5.3 0
      vertex 158.3 5.3 0
    endloop
  endfacet
  facet normal -0.0653771 0.997861 0
    outer loop
      vertex 157.411 6.6171 0
      vertex 157.15 6.6 4
      vertex 157.411 6.6171 4
    endloop
  endfacet
  facet normal -0.0653771 0.997861 0
    outer loop
      vertex 157.15 6.6 4
      vertex 157.411 6.6171 0
      vertex 157.15 6.6 0
    endloop
  endfacet
  facet normal -0.947066 -0.321039 0
    outer loop
      vertex 159.082 92.9176 0
      vertex 158.998 93.1654 4
      vertex 158.998 93.1654 0
    endloop
  endfacet
  facet normal -0.947066 -0.321039 0
    outer loop
      vertex 158.998 93.1654 4
      vertex 159.082 92.9176 0
      vertex 159.082 92.9176 4
    endloop
  endfacet
  facet normal 1 -0 0
    outer loop
      vertex 5.35 8.6 4
      vertex 5.35 92.4 0
      vertex 5.35 92.4 4
    endloop
  endfacet
  facet normal 1 0 0
    outer loop
      vertex 5.35 92.4 0
      vertex 5.35 8.6 4
      vertex 5.35 8.6 0
    endloop
  endfacet
  facet normal -0.997886 -0.0649964 0
    outer loop
      vertex 159.15 92.4 0
      vertex 159.133 92.661 4
      vertex 159.133 92.661 0
    endloop
  endfacet
  facet normal -0.997886 -0.0649964 0
    outer loop
      vertex 159.133 92.661 4
      vertex 159.15 92.4 0
      vertex 159.15 92.4 4
    endloop
  endfacet
  facet normal 0.0653646 0.997861 -0
    outer loop
      vertex 7.35 6.6 0
      vertex 7.08895 6.6171 4
      vertex 7.35 6.6 4
    endloop
  endfacet
  facet normal 0.0653646 0.997861 0
    outer loop
      vertex 7.08895 6.6171 4
      vertex 7.35 6.6 0
      vertex 7.08895 6.6171 0
    endloop
  endfacet
  facet normal 0.997861 -0.0653771 0
    outer loop
      vertex 5.35 92.4 4
      vertex 5.3671 92.661 0
      vertex 5.3671 92.661 4
    endloop
  endfacet
  facet normal 0.997861 -0.0653771 0
    outer loop
      vertex 5.3671 92.661 0
      vertex 5.35 92.4 4
      vertex 5.35 92.4 0
    endloop
  endfacet
  facet normal 0.751863 0.659319 0
    outer loop
      vertex 5.93578 7.18578 4
      vertex 5.7633 7.38247 0
      vertex 5.7633 7.38247 4
    endloop
  endfacet
  facet normal 0.751863 0.659319 0
    outer loop
      vertex 5.7633 7.38247 0
      vertex 5.93578 7.18578 4
      vertex 5.93578 7.18578 0
    endloop
  endfacet
  facet normal 0.946961 -0.321348 0
    outer loop
      vertex 5.41815 92.9176 4
      vertex 5.50224 93.1654 0
      vertex 5.50224 93.1654 4
    endloop
  endfacet
  facet normal 0.946961 -0.321348 0
    outer loop
      vertex 5.50224 93.1654 0
      vertex 5.41815 92.9176 4
      vertex 5.41815 92.9176 0
    endloop
  endfacet
  facet normal 0 1 -0
    outer loop
      vertex 157.15 6.6 0
      vertex 7.35 6.6 4
      vertex 157.15 6.6 4
    endloop
  endfacet
  facet normal 0 1 0
    outer loop
      vertex 7.35 6.6 4
      vertex 157.15 6.6 0
      vertex 7.35 6.6 0
    endloop
  endfacet
  facet normal 0.442268 -0.896883 0
    outer loop
      vertex 6.35 94.132 0
      vertex 6.58463 94.2477 4
      vertex 6.35 94.132 4
    endloop
  endfacet
  facet normal 0.442268 -0.896883 0
    outer loop
      vertex 6.58463 94.2477 4
      vertex 6.35 94.132 0
      vertex 6.58463 94.2477 0
    endloop
  endfacet
  facet normal 0.83145 0.5556 0
    outer loop
      vertex 5.7633 7.38247 4
      vertex 5.61794 7.6 0
      vertex 5.61794 7.6 4
    endloop
  endfacet
  facet normal 0.83145 0.5556 0
    outer loop
      vertex 5.61794 7.6 0
      vertex 5.7633 7.38247 4
      vertex 5.7633 7.38247 0
    endloop
  endfacet
  facet normal -0.980815 -0.19494 0
    outer loop
      vertex 159.133 92.661 0
      vertex 159.082 92.9176 4
      vertex 159.082 92.9176 0
    endloop
  endfacet
  facet normal -0.980815 -0.19494 0
    outer loop
      vertex 159.082 92.9176 4
      vertex 159.133 92.661 0
      vertex 159.133 92.661 4
    endloop
  endfacet
  facet normal 0 -1 0
    outer loop
      vertex 7.35 94.4 0
      vertex 102.45 94.4 4
      vertex 7.35 94.4 4
    endloop
  endfacet
  facet normal 0 -1 -0
    outer loop
      vertex 102.45 94.4 4
      vertex 7.35 94.4 0
      vertex 102.45 94.4 0
    endloop
  endfacet
  facet normal 0 -1 0
    outer loop
      vertex 110.45 94.4 0
      vertex 157.15 94.4 4
      vertex 110.45 94.4 4
    endloop
  endfacet
  facet normal 0 -1 -0
    outer loop
      vertex 157.15 94.4 4
      vertex 110.45 94.4 0
      vertex 157.15 94.4 0
    endloop
  endfacet
  facet normal 0.195131 0.980777 -0
    outer loop
      vertex 7.08895 6.6171 0
      vertex 6.83236 6.66815 4
      vertex 7.08895 6.6171 4
    endloop
  endfacet
  facet normal 0.195131 0.980777 0
    outer loop
      vertex 6.83236 6.66815 4
      vertex 7.08895 6.6171 0
      vertex 6.83236 6.66815 0
    endloop
  endfacet
  facet normal -0.0653771 -0.997861 0
    outer loop
      vertex 157.15 94.4 0
      vertex 157.411 94.3829 4
      vertex 157.15 94.4 4
    endloop
  endfacet
  facet normal -0.0653771 -0.997861 -0
    outer loop
      vertex 157.411 94.3829 4
      vertex 157.15 94.4 0
      vertex 157.411 94.3829 0
    endloop
  endfacet
  facet normal 0.195315 -0.980741 0
    outer loop
      vertex 6.83236 94.3318 0
      vertex 7.08895 94.3829 4
      vertex 6.83236 94.3318 4
    endloop
  endfacet
  facet normal 0.195315 -0.980741 0
    outer loop
      vertex 7.08895 94.3829 4
      vertex 6.83236 94.3318 0
      vertex 7.08895 94.3829 0
    endloop
  endfacet
  facet normal -0.195015 -0.9808 0
    outer loop
      vertex 157.411 94.3829 0
      vertex 157.668 94.3318 4
      vertex 157.411 94.3829 4
    endloop
  endfacet
  facet normal -0.195015 -0.9808 -0
    outer loop
      vertex 157.668 94.3318 4
      vertex 157.411 94.3829 0
      vertex 157.668 94.3318 0
    endloop
  endfacet
  facet normal 0.442268 0.896883 -0
    outer loop
      vertex 6.58463 6.75224 0
      vertex 6.35 6.86794 4
      vertex 6.58463 6.75224 4
    endloop
  endfacet
  facet normal 0.442268 0.896883 0
    outer loop
      vertex 6.35 6.86794 4
      vertex 6.58463 6.75224 0
      vertex 6.35 6.86794 0
    endloop
  endfacet
  facet normal 0.0653646 -0.997861 0
    outer loop
      vertex 7.08895 94.3829 0
      vertex 7.35 94.4 4
      vertex 7.08895 94.3829 4
    endloop
  endfacet
  facet normal 0.0653646 -0.997861 0
    outer loop
      vertex 7.35 94.4 4
      vertex 7.08895 94.3829 0
      vertex 7.35 94.4 0
    endloop
  endfacet
  facet normal 0.980779 -0.195124 0
    outer loop
      vertex 5.3671 92.661 4
      vertex 5.41815 92.9176 0
      vertex 5.41815 92.9176 4
    endloop
  endfacet
  facet normal 0.980779 -0.195124 0
    outer loop
      vertex 5.41815 92.9176 0
      vertex 5.3671 92.661 4
      vertex 5.3671 92.661 0
    endloop
  endfacet
  facet normal -0.322315 -0.946632 0
    outer loop
      vertex 157.668 94.3318 0
      vertex 157.915 94.2477 4
      vertex 157.668 94.3318 4
    endloop
  endfacet
  facet normal -0.322315 -0.946632 -0
    outer loop
      vertex 157.915 94.2477 4
      vertex 157.668 94.3318 0
      vertex 157.915 94.2477 0
    endloop
  endfacet
  facet normal -0.660671 -0.750676 0
    outer loop
      vertex 158.368 93.9867 0
      vertex 158.564 93.8142 4
      vertex 158.368 93.9867 4
    endloop
  endfacet
  facet normal -0.660671 -0.750676 -0
    outer loop
      vertex 158.564 93.8142 4
      vertex 158.368 93.9867 0
      vertex 158.564 93.8142 0
    endloop
  endfacet
  facet normal -0.441708 -0.897159 0
    outer loop
      vertex 157.915 94.2477 0
      vertex 158.15 94.132 4
      vertex 157.915 94.2477 4
    endloop
  endfacet
  facet normal -0.441708 -0.897159 -0
    outer loop
      vertex 158.15 94.132 4
      vertex 157.915 94.2477 0
      vertex 158.15 94.132 0
    endloop
  endfacet
  facet normal 0.321429 0.946934 -0
    outer loop
      vertex 6.83236 6.66815 0
      vertex 6.58463 6.75224 4
      vertex 6.83236 6.66815 4
    endloop
  endfacet
  facet normal 0.321429 0.946934 0
    outer loop
      vertex 6.58463 6.75224 4
      vertex 6.83236 6.66815 0
      vertex 6.58463 6.75224 0
    endloop
  endfacet
  facet normal 0.997861 0.0653646 0
    outer loop
      vertex 5.3671 8.33895 4
      vertex 5.35 8.6 0
      vertex 5.35 8.6 4
    endloop
  endfacet
  facet normal 0.997861 0.0653646 0
    outer loop
      vertex 5.35 8.6 0
      vertex 5.3671 8.33895 4
      vertex 5.3671 8.33895 0
    endloop
  endfacet
  facet normal 0.659362 -0.751826 0
    outer loop
      vertex 5.93578 93.8142 0
      vertex 6.13247 93.9867 4
      vertex 5.93578 93.8142 4
    endloop
  endfacet
  facet normal 0.659362 -0.751826 0
    outer loop
      vertex 6.13247 93.9867 4
      vertex 5.93578 93.8142 0
      vertex 6.13247 93.9867 0
    endloop
  endfacet
  facet normal 0.980777 0.195131 0
    outer loop
      vertex 5.41815 8.08236 4
      vertex 5.3671 8.33895 0
      vertex 5.3671 8.33895 4
    endloop
  endfacet
  facet normal 0.980777 0.195131 0
    outer loop
      vertex 5.3671 8.33895 0
      vertex 5.41815 8.08236 4
      vertex 5.41815 8.08236 0
    endloop
  endfacet
  facet normal -0.83205 -0.5547 0
    outer loop
      vertex 158.882 93.4 0
      vertex 158.737 93.6175 4
      vertex 158.737 93.6175 0
    endloop
  endfacet
  facet normal -0.83205 -0.5547 0
    outer loop
      vertex 158.737 93.6175 4
      vertex 158.882 93.4 0
      vertex 158.882 93.4 4
    endloop
  endfacet
  facet normal -0.832086 0.554647 0
    outer loop
      vertex 158.737 7.38247 0
      vertex 158.882 7.6 4
      vertex 158.882 7.6 0
    endloop
  endfacet
  facet normal -0.832086 0.554647 0
    outer loop
      vertex 158.882 7.6 4
      vertex 158.737 7.38247 0
      vertex 158.737 7.38247 4
    endloop
  endfacet
  facet normal 0.896883 0.442268 0
    outer loop
      vertex 5.61794 7.6 4
      vertex 5.50224 7.83463 0
      vertex 5.50224 7.83463 4
    endloop
  endfacet
  facet normal 0.896883 0.442268 0
    outer loop
      vertex 5.50224 7.83463 0
      vertex 5.61794 7.6 4
      vertex 5.61794 7.6 0
    endloop
  endfacet
  facet normal -1 0 0
    outer loop
      vertex 159.15 8.6 0
      vertex 159.15 92.4 4
      vertex 159.15 92.4 0
    endloop
  endfacet
  facet normal -1 -0 0
    outer loop
      vertex 159.15 92.4 4
      vertex 159.15 8.6 0
      vertex 159.15 8.6 4
    endloop
  endfacet
  facet normal -0.997886 0.064984 0
    outer loop
      vertex 159.133 8.33895 0
      vertex 159.15 8.6 4
      vertex 159.15 8.6 0
    endloop
  endfacet
  facet normal -0.997886 0.064984 0
    outer loop
      vertex 159.15 8.6 4
      vertex 159.133 8.33895 0
      vertex 159.133 8.33895 4
    endloop
  endfacet
  facet normal 0.555441 -0.831556 0
    outer loop
      vertex 6.13247 93.9867 0
      vertex 6.35 94.132 4
      vertex 6.13247 93.9867 4
    endloop
  endfacet
  facet normal 0.555441 -0.831556 0
    outer loop
      vertex 6.35 94.132 4
      vertex 6.13247 93.9867 0
      vertex 6.35 94.132 0
    endloop
  endfacet
  facet normal 0.831415 -0.555653 0
    outer loop
      vertex 5.61794 93.4 4
      vertex 5.7633 93.6175 0
      vertex 5.7633 93.6175 4
    endloop
  endfacet
  facet normal 0.831415 -0.555653 0
    outer loop
      vertex 5.7633 93.6175 0
      vertex 5.61794 93.4 4
      vertex 5.61794 93.4 0
    endloop
  endfacet
  facet normal -0.322281 0.946644 0
    outer loop
      vertex 157.915 6.75224 0
      vertex 157.668 6.66815 4
      vertex 157.915 6.75224 4
    endloop
  endfacet
  facet normal -0.322281 0.946644 0
    outer loop
      vertex 157.668 6.66815 4
      vertex 157.915 6.75224 0
      vertex 157.668 6.66815 0
    endloop
  endfacet
  facet normal -0.980814 0.194947 0
    outer loop
      vertex 159.082 8.08236 0
      vertex 159.133 8.33895 4
      vertex 159.133 8.33895 0
    endloop
  endfacet
  facet normal -0.980814 0.194947 0
    outer loop
      vertex 159.133 8.33895 4
      vertex 159.082 8.08236 0
      vertex 159.082 8.08236 4
    endloop
  endfacet
  facet normal 0.659319 0.751863 -0
    outer loop
      vertex 6.13247 7.0133 0
      vertex 5.93578 7.18578 4
      vertex 6.13247 7.0133 4
    endloop
  endfacet
  facet normal 0.659319 0.751863 0
    outer loop
      vertex 5.93578 7.18578 4
      vertex 6.13247 7.0133 0
      vertex 5.93578 7.18578 0
    endloop
  endfacet
  facet normal 0.321463 -0.946922 0
    outer loop
      vertex 6.58463 94.2477 0
      vertex 6.83236 94.3318 4
      vertex 6.58463 94.2477 4
    endloop
  endfacet
  facet normal 0.321463 -0.946922 0
    outer loop
      vertex 6.83236 94.3318 4
      vertex 6.58463 94.2477 0
      vertex 6.83236 94.3318 0
    endloop
  endfacet
  facet normal 0.89686 -0.442314 0
    outer loop
      vertex 5.50224 93.1654 4
      vertex 5.61794 93.4 0
      vertex 5.61794 93.4 4
    endloop
  endfacet
  facet normal 0.89686 -0.442314 0
    outer loop
      vertex 5.61794 93.4 0
      vertex 5.50224 93.1654 4
      vertex 5.50224 93.1654 0
    endloop
  endfacet
  facet normal -0.896405 -0.443235 0
    outer loop
      vertex 158.998 93.1654 0
      vertex 158.882 93.4 4
      vertex 158.882 93.4 0
    endloop
  endfacet
  facet normal -0.896405 -0.443235 0
    outer loop
      vertex 158.882 93.4 4
      vertex 158.998 93.1654 0
      vertex 158.998 93.1654 4
    endloop
  endfacet
  facet normal 0.946934 0.321429 0
    outer loop
      vertex 5.50224 7.83463 4
      vertex 5.41815 8.08236 0
      vertex 5.41815 8.08236 4
    endloop
  endfacet
  facet normal 0.946934 0.321429 0
    outer loop
      vertex 5.41815 8.08236 0
      vertex 5.50224 7.83463 4
      vertex 5.50224 7.83463 0
    endloop
  endfacet
  facet normal 0.5556 0.83145 -0
    outer loop
      vertex 6.35 6.86794 0
      vertex 6.13247 7.0133 4
      vertex 6.35 6.86794 4
    endloop
  endfacet
  facet normal 0.5556 0.83145 0
    outer loop
      vertex 6.13247 7.0133 4
      vertex 6.35 6.86794 0
      vertex 6.13247 7.0133 0
    endloop
  endfacet
  facet normal -0.660628 0.750714 0
    outer loop
      vertex 158.564 7.18578 0
      vertex 158.368 7.0133 4
      vertex 158.564 7.18578 4
    endloop
  endfacet
  facet normal -0.660628 0.750714 0
    outer loop
      vertex 158.368 7.0133 4
      vertex 158.564 7.18578 0
      vertex 158.368 7.0133 0
    endloop
  endfacet
  facet normal -0.750895 -0.660421 0
    outer loop
      vertex 158.737 93.6175 0
      vertex 158.564 93.8142 4
      vertex 158.564 93.8142 0
    endloop
  endfacet
  facet normal -0.750895 -0.660421 0
    outer loop
      vertex 158.564 93.8142 4
      vertex 158.737 93.6175 0
      vertex 158.737 93.6175 4
    endloop
  endfacet
  facet normal -0.441708 0.897159 0
    outer loop
      vertex 158.15 6.86794 0
      vertex 157.915 6.75224 4
      vertex 158.15 6.86794 4
    endloop
  endfacet
  facet normal -0.441708 0.897159 0
    outer loop
      vertex 157.915 6.75224 4
      vertex 158.15 6.86794 0
      vertex 157.915 6.75224 0
    endloop
  endfacet
  facet normal -0.194832 0.980837 0
    outer loop
      vertex 157.668 6.66815 0
      vertex 157.411 6.6171 4
      vertex 157.668 6.66815 4
    endloop
  endfacet
  facet normal -0.194832 0.980837 0
    outer loop
      vertex 157.411 6.6171 4
      vertex 157.668 6.66815 0
      vertex 157.411 6.6171 0
    endloop
  endfacet
  facet normal -0.554771 0.832003 0
    outer loop
      vertex 158.368 7.0133 0
      vertex 158.15 6.86794 4
      vertex 158.368 7.0133 4
    endloop
  endfacet
  facet normal -0.554771 0.832003 0
    outer loop
      vertex 158.15 6.86794 4
      vertex 158.368 7.0133 0
      vertex 158.15 6.86794 0
    endloop
  endfacet
  facet normal -0.896428 0.44319 0
    outer loop
      vertex 158.882 7.6 0
      vertex 158.998 7.83463 4
      vertex 158.998 7.83463 0
    endloop
  endfacet
  facet normal -0.896428 0.44319 0
    outer loop
      vertex 158.998 7.83463 4
      vertex 158.882 7.6 0
      vertex 158.882 7.6 4
    endloop
  endfacet
  facet normal 0.75188 -0.6593 0
    outer loop
      vertex 5.7633 93.6175 4
      vertex 5.93578 93.8142 0
      vertex 5.93578 93.8142 4
    endloop
  endfacet
  facet normal 0.75188 -0.6593 0
    outer loop
      vertex 5.93578 93.8142 0
      vertex 5.7633 93.6175 4
      vertex 5.7633 93.6175 0
    endloop
  endfacet
  facet normal -0.750879 0.66044 0
    outer loop
      vertex 158.564 7.18578 0
      vertex 158.737 7.38247 4
      vertex 158.737 7.38247 0
    endloop
  endfacet
  facet normal -0.750879 0.66044 0
    outer loop
      vertex 158.737 7.38247 4
      vertex 158.564 7.18578 0
      vertex 158.564 7.18578 4
    endloop
  endfacet
  facet normal -0.554612 -0.832109 0
    outer loop
      vertex 158.15 94.132 0
      vertex 158.368 93.9867 4
      vertex 158.15 94.132 4
    endloop
  endfacet
  facet normal -0.554612 -0.832109 -0
    outer loop
      vertex 158.368 93.9867 4
      vertex 158.15 94.132 0
      vertex 158.368 93.9867 0
    endloop
  endfacet
  facet normal -0.947038 0.321121 0
    outer loop
      vertex 158.998 7.83463 0
      vertex 159.082 8.08236 4
      vertex 159.082 8.08236 0
    endloop
  endfacet
  facet normal -0.947038 0.321121 0
    outer loop
      vertex 159.082 8.08236 4
      vertex 158.998 7.83463 0
      vertex 158.998 7.83463 4
    endloop
  endfacet
  facet normal -1 0 0
    outer loop
      vertex 110.45 94.4 0
      vertex 110.45 95.6 4
      vertex 110.45 95.6 0
    endloop
  endfacet
  facet normal -1 -0 0
    outer loop
      vertex 110.45 95.6 4
      vertex 110.45 94.4 0
      vertex 110.45 94.4 4
    endloop
  endfacet
  facet normal 1 -0 0
    outer loop
      vertex 102.45 94.4 4
      vertex 102.45 95.6 0
      vertex 102.45 95.6 4
    endloop
  endfacet
  facet normal 1 0 0
    outer loop
      vertex 102.45 95.6 0
      vertex 102.45 94.4 4
      vertex 102.45 94.4 0
    endloop
  endfacet
  facet normal 0 -1 0
    outer loop
      vertex 102.45 95.6 0
      vertex 110.45 95.6 4
      vertex 102.45 95.6 4
    endloop
  endfacet
  facet normal 0 -1 -0
    outer loop
      vertex 110.45 95.6 4
      vertex 102.45 95.6 0
      vertex 110.45 95.6 0
    endloop
  endfacet
  facet normal 1 -0 0
    outer loop
      vertex 4.8 16 8.2
      vertex 4.8 28 4
      vertex 4.8 28 8.2
    endloop
  endfacet
  facet normal 1 0 0
    outer loop
      vertex 4.8 28 4
      vertex 4.8 16 8.2
      vertex 4.8 16 4
    endloop
  endfacet
  facet normal 0 0 1
    outer loop
      vertex 4.8 28 8.2
      vertex -1.7 22 8.2
      vertex 4.8 16 8.2
    endloop
  endfacet
  facet normal 0 0 1
    outer loop
      vertex 4.8 28 8.2
      vertex -1.70941 22.1436 8.2
      vertex -1.7 22 8.2
    endloop
  endfacet
  facet normal 0 0 1
    outer loop
      vertex 4.8 28 8.2
      vertex -1.73748 22.2847 8.2
      vertex -1.70941 22.1436 8.2
    endloop
  endfacet
  facet normal 0 0 1
    outer loop
      vertex 4.8 28 8.2
      vertex -1.78373 22.421 8.2
      vertex -1.73748 22.2847 8.2
    endloop
  endfacet
  facet normal 0 0 1
    outer loop
      vertex 4.8 28 8.2
      vertex -1.84737 22.55 8.2
      vertex -1.78373 22.421 8.2
    endloop
  endfacet
  facet normal 0 0 1
    outer loop
      vertex 4.8 28 8.2
      vertex -1.92731 22.6696 8.2
      vertex -1.84737 22.55 8.2
    endloop
  endfacet
  facet normal 0 0 1
    outer loop
      vertex 4.8 28 8.2
      vertex -2.02218 22.7778 8.2
      vertex -1.92731 22.6696 8.2
    endloop
  endfacet
  facet normal 0 0 1
    outer loop
      vertex 4.8 28 8.2
      vertex -2.13036 22.8727 8.2
      vertex -2.02218 22.7778 8.2
    endloop
  endfacet
  facet normal 0 0 1
    outer loop
      vertex 4.8 28 8.2
      vertex -2.25 22.9526 8.2
      vertex -2.13036 22.8727 8.2
    endloop
  endfacet
  facet normal 0 0 1
    outer loop
      vertex 4.8 28 8.2
      vertex -2.37905 23.0163 8.2
      vertex -2.25 22.9526 8.2
    endloop
  endfacet
  facet normal -0 0 1
    outer loop
      vertex -5 28 8.2
      vertex -2.37905 23.0163 8.2
      vertex 4.8 28 8.2
    endloop
  endfacet
  facet normal 0 0 1
    outer loop
      vertex -2.37905 23.0163 8.2
      vertex -5 28 8.2
      vertex -2.5153 23.0625 8.2
    endloop
  endfacet
  facet normal 0 0 1
    outer loop
      vertex -2.5153 23.0625 8.2
      vertex -5 28 8.2
      vertex -2.65642 23.0906 8.2
    endloop
  endfacet
  facet normal 0 0 1
    outer loop
      vertex -2.65642 23.0906 8.2
      vertex -5 28 8.2
      vertex -2.8 23.1 8.2
    endloop
  endfacet
  facet normal 0 0 1
    outer loop
      vertex -2.8 23.1 8.2
      vertex -5 28 8.2
      vertex -2.94358 23.0906 8.2
    endloop
  endfacet
  facet normal 0 0 1
    outer loop
      vertex -2.94358 23.0906 8.2
      vertex -5 28 8.2
      vertex -3.0847 23.0625 8.2
    endloop
  endfacet
  facet normal -0 0 1
    outer loop
      vertex -6 27 8.2
      vertex -3.0847 23.0625 8.2
      vertex -5 28 8.2
    endloop
  endfacet
  facet normal 0 0 1
    outer loop
      vertex -3.86252 22.2847 8.2
      vertex -6 27 8.2
      vertex -3.89059 22.1436 8.2
    endloop
  endfacet
  facet normal 0 0 1
    outer loop
      vertex -3.81627 22.421 8.2
      vertex -6 27 8.2
      vertex -3.86252 22.2847 8.2
    endloop
  endfacet
  facet normal 0 0 1
    outer loop
      vertex -3.75263 22.55 8.2
      vertex -6 27 8.2
      vertex -3.81627 22.421 8.2
    endloop
  endfacet
  facet normal 0 0 1
    outer loop
      vertex -3.67269 22.6696 8.2
      vertex -6 27 8.2
      vertex -3.75263 22.55 8.2
    endloop
  endfacet
  facet normal 0 0 1
    outer loop
      vertex -3.57782 22.7778 8.2
      vertex -6 27 8.2
      vertex -3.67269 22.6696 8.2
    endloop
  endfacet
  facet normal 0 0 1
    outer loop
      vertex -3.46964 22.8727 8.2
      vertex -6 27 8.2
      vertex -3.57782 22.7778 8.2
    endloop
  endfacet
  facet normal 0 0 1
    outer loop
      vertex -3.35 22.9526 8.2
      vertex -6 27 8.2
      vertex -3.46964 22.8727 8.2
    endloop
  endfacet
  facet normal 0 0 1
    outer loop
      vertex -3.22095 23.0163 8.2
      vertex -6 27 8.2
      vertex -3.35 22.9526 8.2
    endloop
  endfacet
  facet normal 0 0 1
    outer loop
      vertex -3.0847 23.0625 8.2
      vertex -6 27 8.2
      vertex -3.22095 23.0163 8.2
    endloop
  endfacet
  facet normal -0 0 1
    outer loop
      vertex -1.70941 21.8564 8.2
      vertex 4.8 16 8.2
      vertex -1.7 22 8.2
    endloop
  endfacet
  facet normal -0 0 1
    outer loop
      vertex -1.73748 21.7153 8.2
      vertex 4.8 16 8.2
      vertex -1.70941 21.8564 8.2
    endloop
  endfacet
  facet normal -0 0 1
    outer loop
      vertex -1.78373 21.579 8.2
      vertex 4.8 16 8.2
      vertex -1.73748 21.7153 8.2
    endloop
  endfacet
  facet normal -0 0 1
    outer loop
      vertex -1.84737 21.45 8.2
      vertex 4.8 16 8.2
      vertex -1.78373 21.579 8.2
    endloop
  endfacet
  facet normal -0 0 1
    outer loop
      vertex -1.92731 21.3304 8.2
      vertex 4.8 16 8.2
      vertex -1.84737 21.45 8.2
    endloop
  endfacet
  facet normal -0 0 1
    outer loop
      vertex -2.02218 21.2222 8.2
      vertex 4.8 16 8.2
      vertex -1.92731 21.3304 8.2
    endloop
  endfacet
  facet normal -0 0 1
    outer loop
      vertex -2.13036 21.1273 8.2
      vertex 4.8 16 8.2
      vertex -2.02218 21.2222 8.2
    endloop
  endfacet
  facet normal -0 0 1
    outer loop
      vertex -2.25 21.0474 8.2
      vertex 4.8 16 8.2
      vertex -2.13036 21.1273 8.2
    endloop
  endfacet
  facet normal -0 0 1
    outer loop
      vertex -2.37905 20.9837 8.2
      vertex 4.8 16 8.2
      vertex -2.25 21.0474 8.2
    endloop
  endfacet
  facet normal 0 0 1
    outer loop
      vertex -5 16 8.2
      vertex -2.37905 20.9837 8.2
      vertex -2.5153 20.9375 8.2
    endloop
  endfacet
  facet normal 0 0 1
    outer loop
      vertex -5 16 8.2
      vertex -2.5153 20.9375 8.2
      vertex -2.65642 20.9094 8.2
    endloop
  endfacet
  facet normal 0 0 1
    outer loop
      vertex -5 16 8.2
      vertex -2.65642 20.9094 8.2
      vertex -2.8 20.9 8.2
    endloop
  endfacet
  facet normal 0 0 1
    outer loop
      vertex -5 16 8.2
      vertex -2.8 20.9 8.2
      vertex -2.94358 20.9094 8.2
    endloop
  endfacet
  facet normal 0 0 1
    outer loop
      vertex -5 16 8.2
      vertex -2.94358 20.9094 8.2
      vertex -3.0847 20.9375 8.2
    endloop
  endfacet
  facet normal 0 0 1
    outer loop
      vertex -6 17 8.2
      vertex -3.0847 20.9375 8.2
      vertex -3.22095 20.9837 8.2
    endloop
  endfacet
  facet normal 0 0 1
    outer loop
      vertex -6 17 8.2
      vertex -3.22095 20.9837 8.2
      vertex -3.35 21.0474 8.2
    endloop
  endfacet
  facet normal 0 0 1
    outer loop
      vertex -3.89059 22.1436 8.2
      vertex -6 27 8.2
      vertex -3.9 22 8.2
    endloop
  endfacet
  facet normal 0 0 1
    outer loop
      vertex -2.37905 20.9837 8.2
      vertex -5 16 8.2
      vertex 4.8 16 8.2
    endloop
  endfacet
  facet normal 0 0 1
    outer loop
      vertex -6 17 8.2
      vertex -3.35 21.0474 8.2
      vertex -3.46964 21.1273 8.2
    endloop
  endfacet
  facet normal 0 0 1
    outer loop
      vertex -6 17 8.2
      vertex -3.46964 21.1273 8.2
      vertex -3.57782 21.2222 8.2
    endloop
  endfacet
  facet normal 0 0 1
    outer loop
      vertex -6 17 8.2
      vertex -3.57782 21.2222 8.2
      vertex -3.67269 21.3304 8.2
    endloop
  endfacet
  facet normal 0 0 1
    outer loop
      vertex -6 17 8.2
      vertex -3.67269 21.3304 8.2
      vertex -3.75263 21.45 8.2
    endloop
  endfacet
  facet normal 0 0 1
    outer loop
      vertex -6 17 8.2
      vertex -3.75263 21.45 8.2
      vertex -3.81627 21.579 8.2
    endloop
  endfacet
  facet normal 0 0 1
    outer loop
      vertex -6 17 8.2
      vertex -3.81627 21.579 8.2
      vertex -3.86252 21.7153 8.2
    endloop
  endfacet
  facet normal 0 0 1
    outer loop
      vertex -6 17 8.2
      vertex -3.86252 21.7153 8.2
      vertex -3.89059 21.8564 8.2
    endloop
  endfacet
  facet normal 0 0 1
    outer loop
      vertex -6 17 8.2
      vertex -3.9 22 8.2
      vertex -6 27 8.2
    endloop
  endfacet
  facet normal 0 0 1
    outer loop
      vertex -6 27 8.2
      vertex -5 28 8.2
      vertex -5.13052 27.9914 8.2
    endloop
  endfacet
  facet normal 0 0 1
    outer loop
      vertex -3.9 22 8.2
      vertex -6 17 8.2
      vertex -3.89059 21.8564 8.2
    endloop
  endfacet
  facet normal 0 0 1
    outer loop
      vertex -6 27 8.2
      vertex -5.13052 27.9914 8.2
      vertex -5.25882 27.9659 8.2
    endloop
  endfacet
  facet normal 0 0 1
    outer loop
      vertex -3.0847 20.9375 8.2
      vertex -6 17 8.2
      vertex -5 16 8.2
    endloop
  endfacet
  facet normal 0 0 1
    outer loop
      vertex -6 27 8.2
      vertex -5.25882 27.9659 8.2
      vertex -5.38269 27.9239 8.2
    endloop
  endfacet
  facet normal 0 0 1
    outer loop
      vertex -5 16 8.2
      vertex -6 17 8.2
      vertex -5.13052 16.0086 8.2
    endloop
  endfacet
  facet normal 0 0 1
    outer loop
      vertex -6 27 8.2
      vertex -5.38269 27.9239 8.2
      vertex -5.5 27.866 8.2
    endloop
  endfacet
  facet normal 0 0 1
    outer loop
      vertex -5.13052 16.0086 8.2
      vertex -6 17 8.2
      vertex -5.25882 16.0341 8.2
    endloop
  endfacet
  facet normal 0 0 1
    outer loop
      vertex -6 27 8.2
      vertex -5.5 27.866 8.2
      vertex -5.60876 27.7934 8.2
    endloop
  endfacet
  facet normal 0 0 1
    outer loop
      vertex -5.25882 16.0341 8.2
      vertex -6 17 8.2
      vertex -5.38269 16.0761 8.2
    endloop
  endfacet
  facet normal 0 0 1
    outer loop
      vertex -6 27 8.2
      vertex -5.60876 27.7934 8.2
      vertex -5.70711 27.7071 8.2
    endloop
  endfacet
  facet normal 0 0 1
    outer loop
      vertex -5.38269 16.0761 8.2
      vertex -6 17 8.2
      vertex -5.5 16.134 8.2
    endloop
  endfacet
  facet normal 0 0 1
    outer loop
      vertex -6 27 8.2
      vertex -5.70711 27.7071 8.2
      vertex -5.79335 27.6088 8.2
    endloop
  endfacet
  facet normal 0 0 1
    outer loop
      vertex -5.5 16.134 8.2
      vertex -6 17 8.2
      vertex -5.60876 16.2066 8.2
    endloop
  endfacet
  facet normal 0 0 1
    outer loop
      vertex -6 27 8.2
      vertex -5.79335 27.6088 8.2
      vertex -5.86603 27.5 8.2
    endloop
  endfacet
  facet normal 0 0 1
    outer loop
      vertex -5.60876 16.2066 8.2
      vertex -6 17 8.2
      vertex -5.70711 16.2929 8.2
    endloop
  endfacet
  facet normal 0 0 1
    outer loop
      vertex -6 27 8.2
      vertex -5.86603 27.5 8.2
      vertex -5.92387 27.3827 8.2
    endloop
  endfacet
  facet normal 0 0 1
    outer loop
      vertex -5.70711 16.2929 8.2
      vertex -6 17 8.2
      vertex -5.79335 16.3912 8.2
    endloop
  endfacet
  facet normal 0 0 1
    outer loop
      vertex -6 27 8.2
      vertex -5.92387 27.3827 8.2
      vertex -5.96593 27.2588 8.2
    endloop
  endfacet
  facet normal 0 0 1
    outer loop
      vertex -5.79335 16.3912 8.2
      vertex -6 17 8.2
      vertex -5.86603 16.5 8.2
    endloop
  endfacet
  facet normal 0 0 1
    outer loop
      vertex -6 27 8.2
      vertex -5.96593 27.2588 8.2
      vertex -5.99144 27.1305 8.2
    endloop
  endfacet
  facet normal 0 0 1
    outer loop
      vertex -5.86603 16.5 8.2
      vertex -6 17 8.2
      vertex -5.92387 16.6173 8.2
    endloop
  endfacet
  facet normal 0 0 1
    outer loop
      vertex -5.92387 16.6173 8.2
      vertex -6 17 8.2
      vertex -5.96593 16.7412 8.2
    endloop
  endfacet
  facet normal 0 0 1
    outer loop
      vertex -5.96593 16.7412 8.2
      vertex -6 17 8.2
      vertex -5.99144 16.8695 8.2
    endloop
  endfacet
  facet normal 0 1 0
    outer loop
      vertex 4.8 28 8.2
      vertex -0.650005 28 6.2
      vertex -5 28 8.2
    endloop
  endfacet
  facet normal 0 1 -0
    outer loop
      vertex 4.8 28 4
      vertex -0.650005 28 6.2
      vertex 4.8 28 8.2
    endloop
  endfacet
  facet normal 0 1 0
    outer loop
      vertex -0.650005 28 6.2
      vertex 0 28 4
      vertex -0.650005 28 4.4
    endloop
  endfacet
  facet normal 0 1 0
    outer loop
      vertex -0.650005 28 6.2
      vertex 4.8 28 4
      vertex 0 28 4
    endloop
  endfacet
  facet normal 0 1 -0
    outer loop
      vertex -4.94999 28 6.2
      vertex -5 28 8.2
      vertex -0.650005 28 6.2
    endloop
  endfacet
  facet normal 0 1 0
    outer loop
      vertex -5 28 4
      vertex -4.94999 28 6.2
      vertex -4.94999 28 4.4
    endloop
  endfacet
  facet normal 0 1 0
    outer loop
      vertex -5 28 4
      vertex -0.650005 28 4.4
      vertex 0 28 4
    endloop
  endfacet
  facet normal 0 1 0
    outer loop
      vertex -4.94999 28 6.2
      vertex -5 28 4
      vertex -5 28 8.2
    endloop
  endfacet
  facet normal 0 1 0
    outer loop
      vertex -0.650005 28 4.4
      vertex -5 28 4
      vertex -4.94999 28 4.4
    endloop
  endfacet
  facet normal 0 -1 0
    outer loop
      vertex 0 16 4
      vertex -5 16 8.2
      vertex -5 16 4
    endloop
  endfacet
  facet normal 0 -1 0
    outer loop
      vertex -5 16 8.2
      vertex 0 16 4
      vertex 4.8 16 8.2
    endloop
  endfacet
  facet normal 0 -1 -0
    outer loop
      vertex 4.8 16 8.2
      vertex 0 16 4
      vertex 4.8 16 4
    endloop
  endfacet
  facet normal 0 0 1
    outer loop
      vertex 169.5 28 8.2
      vertex 170.5 27 8.2
      vertex 170.491 27.1305 8.2
    endloop
  endfacet
  facet normal 0 0 1
    outer loop
      vertex 170.5 27 8.2
      vertex 168.4 22 8.2
      vertex 170.5 17 8.2
    endloop
  endfacet
  facet normal 0 0 1
    outer loop
      vertex 169.5 28 8.2
      vertex 170.491 27.1305 8.2
      vertex 170.466 27.2588 8.2
    endloop
  endfacet
  facet normal -0 0 1
    outer loop
      vertex 168.391 21.8564 8.2
      vertex 170.5 17 8.2
      vertex 168.4 22 8.2
    endloop
  endfacet
  facet normal 0 0 1
    outer loop
      vertex 169.5 28 8.2
      vertex 170.466 27.2588 8.2
      vertex 170.424 27.3827 8.2
    endloop
  endfacet
  facet normal -0 0 1
    outer loop
      vertex 168.363 21.7153 8.2
      vertex 170.5 17 8.2
      vertex 168.391 21.8564 8.2
    endloop
  endfacet
  facet normal 0 0 1
    outer loop
      vertex 169.5 28 8.2
      vertex 170.424 27.3827 8.2
      vertex 170.366 27.5 8.2
    endloop
  endfacet
  facet normal -0 0 1
    outer loop
      vertex 168.316 21.579 8.2
      vertex 170.5 17 8.2
      vertex 168.363 21.7153 8.2
    endloop
  endfacet
  facet normal 0 0 1
    outer loop
      vertex 169.5 28 8.2
      vertex 170.366 27.5 8.2
      vertex 170.293 27.6088 8.2
    endloop
  endfacet
  facet normal -0 0 1
    outer loop
      vertex 168.253 21.45 8.2
      vertex 170.5 17 8.2
      vertex 168.316 21.579 8.2
    endloop
  endfacet
  facet normal 0 0 1
    outer loop
      vertex 169.5 28 8.2
      vertex 170.293 27.6088 8.2
      vertex 170.207 27.7071 8.2
    endloop
  endfacet
  facet normal -0 0 1
    outer loop
      vertex 168.173 21.3304 8.2
      vertex 170.5 17 8.2
      vertex 168.253 21.45 8.2
    endloop
  endfacet
  facet normal 0 0 1
    outer loop
      vertex 169.5 28 8.2
      vertex 170.207 27.7071 8.2
      vertex 170.109 27.7934 8.2
    endloop
  endfacet
  facet normal -0 0 1
    outer loop
      vertex 168.078 21.2222 8.2
      vertex 170.5 17 8.2
      vertex 168.173 21.3304 8.2
    endloop
  endfacet
  facet normal 0 0 1
    outer loop
      vertex 169.5 28 8.2
      vertex 170.109 27.7934 8.2
      vertex 170 27.866 8.2
    endloop
  endfacet
  facet normal -0 0 1
    outer loop
      vertex 167.97 21.1273 8.2
      vertex 170.5 17 8.2
      vertex 168.078 21.2222 8.2
    endloop
  endfacet
  facet normal 0 0 1
    outer loop
      vertex 169.5 28 8.2
      vertex 170 27.866 8.2
      vertex 169.883 27.9239 8.2
    endloop
  endfacet
  facet normal -0 0 1
    outer loop
      vertex 167.85 21.0474 8.2
      vertex 170.5 17 8.2
      vertex 167.97 21.1273 8.2
    endloop
  endfacet
  facet normal 0 0 1
    outer loop
      vertex 169.5 28 8.2
      vertex 169.883 27.9239 8.2
      vertex 169.759 27.9659 8.2
    endloop
  endfacet
  facet normal -0 0 1
    outer loop
      vertex 167.721 20.9837 8.2
      vertex 170.5 17 8.2
      vertex 167.85 21.0474 8.2
    endloop
  endfacet
  facet normal 0 0 1
    outer loop
      vertex 169.5 28 8.2
      vertex 169.759 27.9659 8.2
      vertex 169.631 27.9914 8.2
    endloop
  endfacet
  facet normal -0 0 1
    outer loop
      vertex 167.585 20.9375 8.2
      vertex 170.5 17 8.2
      vertex 167.721 20.9837 8.2
    endloop
  endfacet
  facet normal 0 0 1
    outer loop
      vertex 170.5 27 8.2
      vertex 169.5 28 8.2
      vertex 167.585 23.0625 8.2
    endloop
  endfacet
  facet normal 0 -0 1
    outer loop
      vertex 169.5 16 8.2
      vertex 170.5 17 8.2
      vertex 167.585 20.9375 8.2
    endloop
  endfacet
  facet normal 0 0 1
    outer loop
      vertex 170.5 17 8.2
      vertex 169.5 16 8.2
      vertex 170.491 16.8695 8.2
    endloop
  endfacet
  facet normal 0 0 1
    outer loop
      vertex 170.5 27 8.2
      vertex 168.391 22.1436 8.2
      vertex 168.4 22 8.2
    endloop
  endfacet
  facet normal 0 0 1
    outer loop
      vertex 170.5 27 8.2
      vertex 168.363 22.2847 8.2
      vertex 168.391 22.1436 8.2
    endloop
  endfacet
  facet normal 0 0 1
    outer loop
      vertex 170.5 27 8.2
      vertex 168.316 22.421 8.2
      vertex 168.363 22.2847 8.2
    endloop
  endfacet
  facet normal 0 0 1
    outer loop
      vertex 170.5 27 8.2
      vertex 168.253 22.55 8.2
      vertex 168.316 22.421 8.2
    endloop
  endfacet
  facet normal 0 0 1
    outer loop
      vertex 170.5 27 8.2
      vertex 168.173 22.6696 8.2
      vertex 168.253 22.55 8.2
    endloop
  endfacet
  facet normal 0 0 1
    outer loop
      vertex 170.5 27 8.2
      vertex 168.078 22.7778 8.2
      vertex 168.173 22.6696 8.2
    endloop
  endfacet
  facet normal 0 0 1
    outer loop
      vertex 170.5 27 8.2
      vertex 167.97 22.8727 8.2
      vertex 168.078 22.7778 8.2
    endloop
  endfacet
  facet normal 0 0 1
    outer loop
      vertex 170.5 27 8.2
      vertex 167.85 22.9526 8.2
      vertex 167.97 22.8727 8.2
    endloop
  endfacet
  facet normal 0 0 1
    outer loop
      vertex 170.5 27 8.2
      vertex 167.721 23.0163 8.2
      vertex 167.85 22.9526 8.2
    endloop
  endfacet
  facet normal 0 0 1
    outer loop
      vertex 170.5 27 8.2
      vertex 167.585 23.0625 8.2
      vertex 167.721 23.0163 8.2
    endloop
  endfacet
  facet normal 0 0 1
    outer loop
      vertex 169.5 28 8.2
      vertex 167.444 23.0906 8.2
      vertex 167.585 23.0625 8.2
    endloop
  endfacet
  facet normal 0 0 1
    outer loop
      vertex 169.5 28 8.2
      vertex 167.3 23.1 8.2
      vertex 167.444 23.0906 8.2
    endloop
  endfacet
  facet normal 0 0 1
    outer loop
      vertex 169.5 28 8.2
      vertex 167.156 23.0906 8.2
      vertex 167.3 23.1 8.2
    endloop
  endfacet
  facet normal 0 0 1
    outer loop
      vertex 169.5 28 8.2
      vertex 167.015 23.0625 8.2
      vertex 167.156 23.0906 8.2
    endloop
  endfacet
  facet normal 0 0 1
    outer loop
      vertex 169.5 28 8.2
      vertex 166.879 23.0163 8.2
      vertex 167.015 23.0625 8.2
    endloop
  endfacet
  facet normal 0 0 1
    outer loop
      vertex 169.5 28 8.2
      vertex 166.75 22.9526 8.2
      vertex 166.879 23.0163 8.2
    endloop
  endfacet
  facet normal -0 0 1
    outer loop
      vertex 159.7 27 8.2
      vertex 166.75 22.9526 8.2
      vertex 169.5 28 8.2
    endloop
  endfacet
  facet normal 0 0 1
    outer loop
      vertex 166.75 22.9526 8.2
      vertex 159.7 27 8.2
      vertex 166.63 22.8727 8.2
    endloop
  endfacet
  facet normal 0 0 1
    outer loop
      vertex 166.63 22.8727 8.2
      vertex 159.7 27 8.2
      vertex 166.522 22.7778 8.2
    endloop
  endfacet
  facet normal 0 0 1
    outer loop
      vertex 166.284 22.421 8.2
      vertex 159.7 27 8.2
      vertex 166.237 22.2847 8.2
    endloop
  endfacet
  facet normal 0 0 1
    outer loop
      vertex 166.347 22.55 8.2
      vertex 159.7 27 8.2
      vertex 166.284 22.421 8.2
    endloop
  endfacet
  facet normal 0 0 1
    outer loop
      vertex 166.427 22.6696 8.2
      vertex 159.7 27 8.2
      vertex 166.347 22.55 8.2
    endloop
  endfacet
  facet normal 0 0 1
    outer loop
      vertex 166.522 22.7778 8.2
      vertex 159.7 27 8.2
      vertex 166.427 22.6696 8.2
    endloop
  endfacet
  facet normal 0 0 1
    outer loop
      vertex 159.7 27 8.2
      vertex 169.5 28 8.2
      vertex 159.7 28 8.2
    endloop
  endfacet
  facet normal 0 0 1
    outer loop
      vertex 170.466 16.7412 8.2
      vertex 169.5 16 8.2
      vertex 170.424 16.6173 8.2
    endloop
  endfacet
  facet normal 0 0 1
    outer loop
      vertex 170.424 16.6173 8.2
      vertex 169.5 16 8.2
      vertex 170.366 16.5 8.2
    endloop
  endfacet
  facet normal 0 0 1
    outer loop
      vertex 170.366 16.5 8.2
      vertex 169.5 16 8.2
      vertex 170.293 16.3912 8.2
    endloop
  endfacet
  facet normal 0 0 1
    outer loop
      vertex 170.207 16.2929 8.2
      vertex 169.5 16 8.2
      vertex 170.109 16.2066 8.2
    endloop
  endfacet
  facet normal 0 0 1
    outer loop
      vertex 170.109 16.2066 8.2
      vertex 169.5 16 8.2
      vertex 170 16.134 8.2
    endloop
  endfacet
  facet normal 0 0 1
    outer loop
      vertex 170 16.134 8.2
      vertex 169.5 16 8.2
      vertex 169.883 16.0761 8.2
    endloop
  endfacet
  facet normal 0 0 1
    outer loop
      vertex 169.883 16.0761 8.2
      vertex 169.5 16 8.2
      vertex 169.759 16.0341 8.2
    endloop
  endfacet
  facet normal 0 0 1
    outer loop
      vertex 169.759 16.0341 8.2
      vertex 169.5 16 8.2
      vertex 169.631 16.0086 8.2
    endloop
  endfacet
  facet normal 0 0 1
    outer loop
      vertex 170.293 16.3912 8.2
      vertex 169.5 16 8.2
      vertex 170.207 16.2929 8.2
    endloop
  endfacet
  facet normal 0 0 1
    outer loop
      vertex 170.491 16.8695 8.2
      vertex 169.5 16 8.2
      vertex 170.466 16.7412 8.2
    endloop
  endfacet
  facet normal -0 0 1
    outer loop
      vertex 167.444 20.9094 8.2
      vertex 169.5 16 8.2
      vertex 167.585 20.9375 8.2
    endloop
  endfacet
  facet normal -0 0 1
    outer loop
      vertex 167.3 20.9 8.2
      vertex 169.5 16 8.2
      vertex 167.444 20.9094 8.2
    endloop
  endfacet
  facet normal 0 0 1
    outer loop
      vertex 167.156 20.9094 8.2
      vertex 169.5 16 8.2
      vertex 167.3 20.9 8.2
    endloop
  endfacet
  facet normal 0 0 1
    outer loop
      vertex 167.015 20.9375 8.2
      vertex 169.5 16 8.2
      vertex 167.156 20.9094 8.2
    endloop
  endfacet
  facet normal 0 0 1
    outer loop
      vertex 166.879 20.9837 8.2
      vertex 169.5 16 8.2
      vertex 167.015 20.9375 8.2
    endloop
  endfacet
  facet normal 0 0 1
    outer loop
      vertex 166.75 21.0474 8.2
      vertex 169.5 16 8.2
      vertex 166.879 20.9837 8.2
    endloop
  endfacet
  facet normal 0 0 1
    outer loop
      vertex 159.7 17 8.2
      vertex 166.75 21.0474 8.2
      vertex 166.63 21.1273 8.2
    endloop
  endfacet
  facet normal 0 0 1
    outer loop
      vertex 159.7 17 8.2
      vertex 166.63 21.1273 8.2
      vertex 166.522 21.2222 8.2
    endloop
  endfacet
  facet normal 0 0 1
    outer loop
      vertex 159.7 17 8.2
      vertex 166.522 21.2222 8.2
      vertex 166.427 21.3304 8.2
    endloop
  endfacet
  facet normal 0 0 1
    outer loop
      vertex 159.7 17 8.2
      vertex 166.427 21.3304 8.2
      vertex 166.347 21.45 8.2
    endloop
  endfacet
  facet normal 0 0 1
    outer loop
      vertex 166.237 22.2847 8.2
      vertex 159.7 27 8.2
      vertex 166.209 22.1436 8.2
    endloop
  endfacet
  facet normal 0 0 1
    outer loop
      vertex 166.209 22.1436 8.2
      vertex 159.7 27 8.2
      vertex 166.2 22 8.2
    endloop
  endfacet
  facet normal 0 0 1
    outer loop
      vertex 159.7 17 8.2
      vertex 166.2 22 8.2
      vertex 159.7 27 8.2
    endloop
  endfacet
  facet normal 0 0 1
    outer loop
      vertex 166.2 22 8.2
      vertex 159.7 17 8.2
      vertex 166.209 21.8564 8.2
    endloop
  endfacet
  facet normal 0 0 1
    outer loop
      vertex 166.209 21.8564 8.2
      vertex 159.7 17 8.2
      vertex 166.237 21.7153 8.2
    endloop
  endfacet
  facet normal 0 0 1
    outer loop
      vertex 166.237 21.7153 8.2
      vertex 159.7 17 8.2
      vertex 166.284 21.579 8.2
    endloop
  endfacet
  facet normal 0 0 1
    outer loop
      vertex 166.284 21.579 8.2
      vertex 159.7 17 8.2
      vertex 166.347 21.45 8.2
    endloop
  endfacet
  facet normal 0 0 1
    outer loop
      vertex 166.75 21.0474 8.2
      vertex 159.7 17 8.2
      vertex 169.5 16 8.2
    endloop
  endfacet
  facet normal 0 0 1
    outer loop
      vertex 169.5 16 8.2
      vertex 159.7 17 8.2
      vertex 159.7 16 8.2
    endloop
  endfacet
  facet normal -1 0 0
    outer loop
      vertex 159.7 16 4
      vertex 159.7 17 8.2
      vertex 159.7 17 4
    endloop
  endfacet
  facet normal -1 -0 0
    outer loop
      vertex 159.7 17 8.2
      vertex 159.7 16 4
      vertex 159.7 16 8.2
    endloop
  endfacet
  facet normal -1 0 0
    outer loop
      vertex 159.7 27 4
      vertex 159.7 28 8.2
      vertex 159.7 28 4
    endloop
  endfacet
  facet normal -1 -0 0
    outer loop
      vertex 159.7 28 8.2
      vertex 159.7 27 4
      vertex 159.7 27 8.2
    endloop
  endfacet
  facet normal 0 1 0
    outer loop
      vertex 165.15 28 6.2
      vertex 169.5 28 8.2
      vertex 169.45 28 6.2
    endloop
  endfacet
  facet normal 0 1 -0
    outer loop
      vertex 169.5 28 4
      vertex 169.45 28 6.2
      vertex 169.5 28 8.2
    endloop
  endfacet
  facet normal 0 1 0
    outer loop
      vertex 169.45 28 4.4
      vertex 169.5 28 4
      vertex 165.15 28 4.4
    endloop
  endfacet
  facet normal 0 1 0
    outer loop
      vertex 169.45 28 6.2
      vertex 169.5 28 4
      vertex 169.45 28 4.4
    endloop
  endfacet
  facet normal 0 1 0
    outer loop
      vertex 169.5 28 8.2
      vertex 165.15 28 6.2
      vertex 159.7 28 8.2
    endloop
  endfacet
  facet normal 0 1 0
    outer loop
      vertex 164.5 28 4
      vertex 165.15 28 6.2
      vertex 165.15 28 4.4
    endloop
  endfacet
  facet normal 0 1 0
    outer loop
      vertex 164.5 28 4
      vertex 165.15 28 4.4
      vertex 169.5 28 4
    endloop
  endfacet
  facet normal 0 1 0
    outer loop
      vertex 159.7 28 4
      vertex 165.15 28 6.2
      vertex 164.5 28 4
    endloop
  endfacet
  facet normal 0 1 0
    outer loop
      vertex 165.15 28 6.2
      vertex 159.7 28 4
      vertex 159.7 28 8.2
    endloop
  endfacet
  facet normal 0 -1 0
    outer loop
      vertex 164.5 16 4
      vertex 159.7 16 8.2
      vertex 159.7 16 4
    endloop
  endfacet
  facet normal 0 -1 0
    outer loop
      vertex 159.7 16 8.2
      vertex 164.5 16 4
      vertex 169.5 16 8.2
    endloop
  endfacet
  facet normal 0 -1 -0
    outer loop
      vertex 169.5 16 8.2
      vertex 164.5 16 4
      vertex 169.5 16 4
    endloop
  endfacet
  facet normal 1 -0 0
    outer loop
      vertex 4.8 64 8.2
      vertex 4.8 76 4
      vertex 4.8 76 8.2
    endloop
  endfacet
  facet normal 1 0 0
    outer loop
      vertex 4.8 76 4
      vertex 4.8 64 8.2
      vertex 4.8 64 4
    endloop
  endfacet
  facet normal 0 0 1
    outer loop
      vertex 4.8 76 8.2
      vertex -1.7 70 8.2
      vertex 4.8 64 8.2
    endloop
  endfacet
  facet normal 0 0 1
    outer loop
      vertex 4.8 76 8.2
      vertex -1.70941 70.1436 8.2
      vertex -1.7 70 8.2
    endloop
  endfacet
  facet normal 0 0 1
    outer loop
      vertex 4.8 76 8.2
      vertex -1.73748 70.2847 8.2
      vertex -1.70941 70.1436 8.2
    endloop
  endfacet
  facet normal 0 0 1
    outer loop
      vertex 4.8 76 8.2
      vertex -1.78373 70.421 8.2
      vertex -1.73748 70.2847 8.2
    endloop
  endfacet
  facet normal 0 0 1
    outer loop
      vertex 4.8 76 8.2
      vertex -1.84737 70.55 8.2
      vertex -1.78373 70.421 8.2
    endloop
  endfacet
  facet normal 0 0 1
    outer loop
      vertex 4.8 76 8.2
      vertex -1.92731 70.6696 8.2
      vertex -1.84737 70.55 8.2
    endloop
  endfacet
  facet normal 0 0 1
    outer loop
      vertex 4.8 76 8.2
      vertex -2.02218 70.7778 8.2
      vertex -1.92731 70.6696 8.2
    endloop
  endfacet
  facet normal 0 0 1
    outer loop
      vertex 4.8 76 8.2
      vertex -2.13036 70.8727 8.2
      vertex -2.02218 70.7778 8.2
    endloop
  endfacet
  facet normal 0 0 1
    outer loop
      vertex 4.8 76 8.2
      vertex -2.25 70.9526 8.2
      vertex -2.13036 70.8727 8.2
    endloop
  endfacet
  facet normal 0 0 1
    outer loop
      vertex 4.8 76 8.2
      vertex -2.37905 71.0163 8.2
      vertex -2.25 70.9526 8.2
    endloop
  endfacet
  facet normal -0 0 1
    outer loop
      vertex -5 76 8.2
      vertex -2.37905 71.0163 8.2
      vertex 4.8 76 8.2
    endloop
  endfacet
  facet normal 0 0 1
    outer loop
      vertex -2.37905 71.0163 8.2
      vertex -5 76 8.2
      vertex -2.5153 71.0625 8.2
    endloop
  endfacet
  facet normal 0 0 1
    outer loop
      vertex -2.5153 71.0625 8.2
      vertex -5 76 8.2
      vertex -2.65642 71.0906 8.2
    endloop
  endfacet
  facet normal 0 0 1
    outer loop
      vertex -2.65642 71.0906 8.2
      vertex -5 76 8.2
      vertex -2.8 71.1 8.2
    endloop
  endfacet
  facet normal 0 0 1
    outer loop
      vertex -2.8 71.1 8.2
      vertex -5 76 8.2
      vertex -2.94358 71.0906 8.2
    endloop
  endfacet
  facet normal 0 0 1
    outer loop
      vertex -2.94358 71.0906 8.2
      vertex -5 76 8.2
      vertex -3.0847 71.0625 8.2
    endloop
  endfacet
  facet normal -0 0 1
    outer loop
      vertex -6 75 8.2
      vertex -3.0847 71.0625 8.2
      vertex -5 76 8.2
    endloop
  endfacet
  facet normal 0 0 1
    outer loop
      vertex -3.86252 70.2847 8.2
      vertex -6 75 8.2
      vertex -3.89059 70.1436 8.2
    endloop
  endfacet
  facet normal 0 0 1
    outer loop
      vertex -3.81627 70.421 8.2
      vertex -6 75 8.2
      vertex -3.86252 70.2847 8.2
    endloop
  endfacet
  facet normal 0 0 1
    outer loop
      vertex -3.75263 70.55 8.2
      vertex -6 75 8.2
      vertex -3.81627 70.421 8.2
    endloop
  endfacet
  facet normal 0 0 1
    outer loop
      vertex -3.67269 70.6696 8.2
      vertex -6 75 8.2
      vertex -3.75263 70.55 8.2
    endloop
  endfacet
  facet normal 0 0 1
    outer loop
      vertex -3.57782 70.7778 8.2
      vertex -6 75 8.2
      vertex -3.67269 70.6696 8.2
    endloop
  endfacet
  facet normal 0 0 1
    outer loop
      vertex -3.46964 70.8727 8.2
      vertex -6 75 8.2
      vertex -3.57782 70.7778 8.2
    endloop
  endfacet
  facet normal 0 0 1
    outer loop
      vertex -3.35 70.9526 8.2
      vertex -6 75 8.2
      vertex -3.46964 70.8727 8.2
    endloop
  endfacet
  facet normal 0 0 1
    outer loop
      vertex -3.22095 71.0163 8.2
      vertex -6 75 8.2
      vertex -3.35 70.9526 8.2
    endloop
  endfacet
  facet normal 0 0 1
    outer loop
      vertex -3.0847 71.0625 8.2
      vertex -6 75 8.2
      vertex -3.22095 71.0163 8.2
    endloop
  endfacet
  facet normal -0 0 1
    outer loop
      vertex -1.70941 69.8564 8.2
      vertex 4.8 64 8.2
      vertex -1.7 70 8.2
    endloop
  endfacet
  facet normal -0 0 1
    outer loop
      vertex -1.73748 69.7153 8.2
      vertex 4.8 64 8.2
      vertex -1.70941 69.8564 8.2
    endloop
  endfacet
  facet normal -0 0 1
    outer loop
      vertex -1.78373 69.579 8.2
      vertex 4.8 64 8.2
      vertex -1.73748 69.7153 8.2
    endloop
  endfacet
  facet normal -0 0 1
    outer loop
      vertex -1.84737 69.45 8.2
      vertex 4.8 64 8.2
      vertex -1.78373 69.579 8.2
    endloop
  endfacet
  facet normal -0 0 1
    outer loop
      vertex -1.92731 69.3304 8.2
      vertex 4.8 64 8.2
      vertex -1.84737 69.45 8.2
    endloop
  endfacet
  facet normal -0 0 1
    outer loop
      vertex -2.02218 69.2222 8.2
      vertex 4.8 64 8.2
      vertex -1.92731 69.3304 8.2
    endloop
  endfacet
  facet normal -0 0 1
    outer loop
      vertex -2.13036 69.1273 8.2
      vertex 4.8 64 8.2
      vertex -2.02218 69.2222 8.2
    endloop
  endfacet
  facet normal -0 0 1
    outer loop
      vertex -2.25 69.0474 8.2
      vertex 4.8 64 8.2
      vertex -2.13036 69.1273 8.2
    endloop
  endfacet
  facet normal -0 0 1
    outer loop
      vertex -2.37905 68.9837 8.2
      vertex 4.8 64 8.2
      vertex -2.25 69.0474 8.2
    endloop
  endfacet
  facet normal 0 0 1
    outer loop
      vertex -5 64 8.2
      vertex -2.37905 68.9837 8.2
      vertex -2.5153 68.9375 8.2
    endloop
  endfacet
  facet normal 0 0 1
    outer loop
      vertex -5 64 8.2
      vertex -2.5153 68.9375 8.2
      vertex -2.65642 68.9094 8.2
    endloop
  endfacet
  facet normal 0 0 1
    outer loop
      vertex -5 64 8.2
      vertex -2.65642 68.9094 8.2
      vertex -2.8 68.9 8.2
    endloop
  endfacet
  facet normal 0 0 1
    outer loop
      vertex -5 64 8.2
      vertex -2.8 68.9 8.2
      vertex -2.94358 68.9094 8.2
    endloop
  endfacet
  facet normal 0 0 1
    outer loop
      vertex -5 64 8.2
      vertex -2.94358 68.9094 8.2
      vertex -3.0847 68.9375 8.2
    endloop
  endfacet
  facet normal 0 0 1
    outer loop
      vertex -6 65 8.2
      vertex -3.0847 68.9375 8.2
      vertex -3.22095 68.9837 8.2
    endloop
  endfacet
  facet normal 0 0 1
    outer loop
      vertex -6 65 8.2
      vertex -3.22095 68.9837 8.2
      vertex -3.35 69.0474 8.2
    endloop
  endfacet
  facet normal 0 0 1
    outer loop
      vertex -3.89059 70.1436 8.2
      vertex -6 75 8.2
      vertex -3.9 70 8.2
    endloop
  endfacet
  facet normal 0 0 1
    outer loop
      vertex -2.37905 68.9837 8.2
      vertex -5 64 8.2
      vertex 4.8 64 8.2
    endloop
  endfacet
  facet normal 0 0 1
    outer loop
      vertex -6 65 8.2
      vertex -3.35 69.0474 8.2
      vertex -3.46964 69.1273 8.2
    endloop
  endfacet
  facet normal 0 0 1
    outer loop
      vertex -6 65 8.2
      vertex -3.46964 69.1273 8.2
      vertex -3.57782 69.2222 8.2
    endloop
  endfacet
  facet normal 0 0 1
    outer loop
      vertex -6 65 8.2
      vertex -3.57782 69.2222 8.2
      vertex -3.67269 69.3304 8.2
    endloop
  endfacet
  facet normal 0 0 1
    outer loop
      vertex -6 65 8.2
      vertex -3.67269 69.3304 8.2
      vertex -3.75263 69.45 8.2
    endloop
  endfacet
  facet normal 0 0 1
    outer loop
      vertex -6 65 8.2
      vertex -3.75263 69.45 8.2
      vertex -3.81627 69.579 8.2
    endloop
  endfacet
  facet normal 0 0 1
    outer loop
      vertex -6 65 8.2
      vertex -3.81627 69.579 8.2
      vertex -3.86252 69.7153 8.2
    endloop
  endfacet
  facet normal 0 0 1
    outer loop
      vertex -6 65 8.2
      vertex -3.86252 69.7153 8.2
      vertex -3.89059 69.8564 8.2
    endloop
  endfacet
  facet normal 0 0 1
    outer loop
      vertex -6 65 8.2
      vertex -3.9 70 8.2
      vertex -6 75 8.2
    endloop
  endfacet
  facet normal 0 0 1
    outer loop
      vertex -6 75 8.2
      vertex -5 76 8.2
      vertex -5.13052 75.9914 8.2
    endloop
  endfacet
  facet normal 0 0 1
    outer loop
      vertex -3.9 70 8.2
      vertex -6 65 8.2
      vertex -3.89059 69.8564 8.2
    endloop
  endfacet
  facet normal 0 0 1
    outer loop
      vertex -6 75 8.2
      vertex -5.13052 75.9914 8.2
      vertex -5.25882 75.9659 8.2
    endloop
  endfacet
  facet normal 0 0 1
    outer loop
      vertex -3.0847 68.9375 8.2
      vertex -6 65 8.2
      vertex -5 64 8.2
    endloop
  endfacet
  facet normal 0 0 1
    outer loop
      vertex -6 75 8.2
      vertex -5.25882 75.9659 8.2
      vertex -5.38269 75.9239 8.2
    endloop
  endfacet
  facet normal 0 0 1
    outer loop
      vertex -5 64 8.2
      vertex -6 65 8.2
      vertex -5.13052 64.0086 8.2
    endloop
  endfacet
  facet normal 0 0 1
    outer loop
      vertex -6 75 8.2
      vertex -5.38269 75.9239 8.2
      vertex -5.5 75.866 8.2
    endloop
  endfacet
  facet normal 0 0 1
    outer loop
      vertex -5.13052 64.0086 8.2
      vertex -6 65 8.2
      vertex -5.25882 64.0341 8.2
    endloop
  endfacet
  facet normal 0 0 1
    outer loop
      vertex -6 75 8.2
      vertex -5.5 75.866 8.2
      vertex -5.60876 75.7934 8.2
    endloop
  endfacet
  facet normal 0 0 1
    outer loop
      vertex -5.25882 64.0341 8.2
      vertex -6 65 8.2
      vertex -5.38269 64.0761 8.2
    endloop
  endfacet
  facet normal 0 0 1
    outer loop
      vertex -6 75 8.2
      vertex -5.60876 75.7934 8.2
      vertex -5.70711 75.7071 8.2
    endloop
  endfacet
  facet normal 0 0 1
    outer loop
      vertex -5.38269 64.0761 8.2
      vertex -6 65 8.2
      vertex -5.5 64.134 8.2
    endloop
  endfacet
  facet normal 0 0 1
    outer loop
      vertex -6 75 8.2
      vertex -5.70711 75.7071 8.2
      vertex -5.79335 75.6088 8.2
    endloop
  endfacet
  facet normal 0 0 1
    outer loop
      vertex -5.5 64.134 8.2
      vertex -6 65 8.2
      vertex -5.60876 64.2066 8.2
    endloop
  endfacet
  facet normal 0 0 1
    outer loop
      vertex -6 75 8.2
      vertex -5.79335 75.6088 8.2
      vertex -5.86603 75.5 8.2
    endloop
  endfacet
  facet normal 0 0 1
    outer loop
      vertex -5.60876 64.2066 8.2
      vertex -6 65 8.2
      vertex -5.70711 64.2929 8.2
    endloop
  endfacet
  facet normal 0 0 1
    outer loop
      vertex -6 75 8.2
      vertex -5.86603 75.5 8.2
      vertex -5.92387 75.3827 8.2
    endloop
  endfacet
  facet normal 0 0 1
    outer loop
      vertex -5.70711 64.2929 8.2
      vertex -6 65 8.2
      vertex -5.79335 64.3912 8.2
    endloop
  endfacet
  facet normal 0 0 1
    outer loop
      vertex -6 75 8.2
      vertex -5.92387 75.3827 8.2
      vertex -5.96593 75.2588 8.2
    endloop
  endfacet
  facet normal 0 0 1
    outer loop
      vertex -5.79335 64.3912 8.2
      vertex -6 65 8.2
      vertex -5.86603 64.5 8.2
    endloop
  endfacet
  facet normal 0 0 1
    outer loop
      vertex -6 75 8.2
      vertex -5.96593 75.2588 8.2
      vertex -5.99144 75.1305 8.2
    endloop
  endfacet
  facet normal 0 0 1
    outer loop
      vertex -5.86603 64.5 8.2
      vertex -6 65 8.2
      vertex -5.92387 64.6173 8.2
    endloop
  endfacet
  facet normal 0 0 1
    outer loop
      vertex -5.92387 64.6173 8.2
      vertex -6 65 8.2
      vertex -5.96593 64.7412 8.2
    endloop
  endfacet
  facet normal 0 0 1
    outer loop
      vertex -5.96593 64.7412 8.2
      vertex -6 65 8.2
      vertex -5.99144 64.8695 8.2
    endloop
  endfacet
  facet normal 0 1 0
    outer loop
      vertex 4.8 76 8.2
      vertex -0.650005 76 6.2
      vertex -5 76 8.2
    endloop
  endfacet
  facet normal 0 1 -0
    outer loop
      vertex 4.8 76 4
      vertex -0.650005 76 6.2
      vertex 4.8 76 8.2
    endloop
  endfacet
  facet normal 0 1 0
    outer loop
      vertex -0.650005 76 6.2
      vertex 0 76 4
      vertex -0.650005 76 4.4
    endloop
  endfacet
  facet normal 0 1 0
    outer loop
      vertex -0.650005 76 6.2
      vertex 4.8 76 4
      vertex 0 76 4
    endloop
  endfacet
  facet normal 0 1 -0
    outer loop
      vertex -4.94999 76 6.2
      vertex -5 76 8.2
      vertex -0.650005 76 6.2
    endloop
  endfacet
  facet normal 0 1 0
    outer loop
      vertex -5 76 4
      vertex -4.94999 76 6.2
      vertex -4.94999 76 4.4
    endloop
  endfacet
  facet normal 0 1 0
    outer loop
      vertex -5 76 4
      vertex -0.650005 76 4.4
      vertex 0 76 4
    endloop
  endfacet
  facet normal 0 1 0
    outer loop
      vertex -4.94999 76 6.2
      vertex -5 76 4
      vertex -5 76 8.2
    endloop
  endfacet
  facet normal 0 1 0
    outer loop
      vertex -0.650005 76 4.4
      vertex -5 76 4
      vertex -4.94999 76 4.4
    endloop
  endfacet
  facet normal 0 -1 0
    outer loop
      vertex 0 64 4
      vertex -5 64 8.2
      vertex -5 64 4
    endloop
  endfacet
  facet normal 0 -1 0
    outer loop
      vertex -5 64 8.2
      vertex 0 64 4
      vertex 4.8 64 8.2
    endloop
  endfacet
  facet normal 0 -1 -0
    outer loop
      vertex 4.8 64 8.2
      vertex 0 64 4
      vertex 4.8 64 4
    endloop
  endfacet
  facet normal 0 0 1
    outer loop
      vertex 169.5 76 8.2
      vertex 170.5 75 8.2
      vertex 170.491 75.1305 8.2
    endloop
  endfacet
  facet normal 0 0 1
    outer loop
      vertex 170.5 75 8.2
      vertex 168.4 70 8.2
      vertex 170.5 65 8.2
    endloop
  endfacet
  facet normal 0 0 1
    outer loop
      vertex 169.5 76 8.2
      vertex 170.491 75.1305 8.2
      vertex 170.466 75.2588 8.2
    endloop
  endfacet
  facet normal -0 0 1
    outer loop
      vertex 168.391 69.8564 8.2
      vertex 170.5 65 8.2
      vertex 168.4 70 8.2
    endloop
  endfacet
  facet normal 0 0 1
    outer loop
      vertex 169.5 76 8.2
      vertex 170.466 75.2588 8.2
      vertex 170.424 75.3827 8.2
    endloop
  endfacet
  facet normal -0 0 1
    outer loop
      vertex 168.363 69.7153 8.2
      vertex 170.5 65 8.2
      vertex 168.391 69.8564 8.2
    endloop
  endfacet
  facet normal 0 0 1
    outer loop
      vertex 169.5 76 8.2
      vertex 170.424 75.3827 8.2
      vertex 170.366 75.5 8.2
    endloop
  endfacet
  facet normal -0 0 1
    outer loop
      vertex 168.316 69.579 8.2
      vertex 170.5 65 8.2
      vertex 168.363 69.7153 8.2
    endloop
  endfacet
  facet normal 0 0 1
    outer loop
      vertex 169.5 76 8.2
      vertex 170.366 75.5 8.2
      vertex 170.293 75.6088 8.2
    endloop
  endfacet
  facet normal -0 0 1
    outer loop
      vertex 168.253 69.45 8.2
      vertex 170.5 65 8.2
      vertex 168.316 69.579 8.2
    endloop
  endfacet
  facet normal 0 0 1
    outer loop
      vertex 169.5 76 8.2
      vertex 170.293 75.6088 8.2
      vertex 170.207 75.7071 8.2
    endloop
  endfacet
  facet normal -0 0 1
    outer loop
      vertex 168.173 69.3304 8.2
      vertex 170.5 65 8.2
      vertex 168.253 69.45 8.2
    endloop
  endfacet
  facet normal 0 0 1
    outer loop
      vertex 169.5 76 8.2
      vertex 170.207 75.7071 8.2
      vertex 170.109 75.7934 8.2
    endloop
  endfacet
  facet normal -0 0 1
    outer loop
      vertex 168.078 69.2222 8.2
      vertex 170.5 65 8.2
      vertex 168.173 69.3304 8.2
    endloop
  endfacet
  facet normal 0 0 1
    outer loop
      vertex 169.5 76 8.2
      vertex 170.109 75.7934 8.2
      vertex 170 75.866 8.2
    endloop
  endfacet
  facet normal -0 0 1
    outer loop
      vertex 167.97 69.1273 8.2
      vertex 170.5 65 8.2
      vertex 168.078 69.2222 8.2
    endloop
  endfacet
  facet normal 0 0 1
    outer loop
      vertex 169.5 76 8.2
      vertex 170 75.866 8.2
      vertex 169.883 75.9239 8.2
    endloop
  endfacet
  facet normal -0 0 1
    outer loop
      vertex 167.85 69.0474 8.2
      vertex 170.5 65 8.2
      vertex 167.97 69.1273 8.2
    endloop
  endfacet
  facet normal 0 0 1
    outer loop
      vertex 169.5 76 8.2
      vertex 169.883 75.9239 8.2
      vertex 169.759 75.9659 8.2
    endloop
  endfacet
  facet normal -0 0 1
    outer loop
      vertex 167.721 68.9837 8.2
      vertex 170.5 65 8.2
      vertex 167.85 69.0474 8.2
    endloop
  endfacet
  facet normal 0 0 1
    outer loop
      vertex 169.5 76 8.2
      vertex 169.759 75.9659 8.2
      vertex 169.631 75.9914 8.2
    endloop
  endfacet
  facet normal -0 0 1
    outer loop
      vertex 167.585 68.9375 8.2
      vertex 170.5 65 8.2
      vertex 167.721 68.9837 8.2
    endloop
  endfacet
  facet normal 0 0 1
    outer loop
      vertex 170.5 75 8.2
      vertex 169.5 76 8.2
      vertex 167.585 71.0625 8.2
    endloop
  endfacet
  facet normal 0 -0 1
    outer loop
      vertex 169.5 64 8.2
      vertex 170.5 65 8.2
      vertex 167.585 68.9375 8.2
    endloop
  endfacet
  facet normal 0 0 1
    outer loop
      vertex 170.5 65 8.2
      vertex 169.5 64 8.2
      vertex 170.491 64.8695 8.2
    endloop
  endfacet
  facet normal 0 0 1
    outer loop
      vertex 170.5 75 8.2
      vertex 168.391 70.1436 8.2
      vertex 168.4 70 8.2
    endloop
  endfacet
  facet normal 0 0 1
    outer loop
      vertex 170.5 75 8.2
      vertex 168.363 70.2847 8.2
      vertex 168.391 70.1436 8.2
    endloop
  endfacet
  facet normal 0 0 1
    outer loop
      vertex 170.5 75 8.2
      vertex 168.316 70.421 8.2
      vertex 168.363 70.2847 8.2
    endloop
  endfacet
  facet normal 0 0 1
    outer loop
      vertex 170.5 75 8.2
      vertex 168.253 70.55 8.2
      vertex 168.316 70.421 8.2
    endloop
  endfacet
  facet normal 0 0 1
    outer loop
      vertex 170.5 75 8.2
      vertex 168.173 70.6696 8.2
      vertex 168.253 70.55 8.2
    endloop
  endfacet
  facet normal 0 0 1
    outer loop
      vertex 170.5 75 8.2
      vertex 168.078 70.7778 8.2
      vertex 168.173 70.6696 8.2
    endloop
  endfacet
  facet normal 0 0 1
    outer loop
      vertex 170.5 75 8.2
      vertex 167.97 70.8727 8.2
      vertex 168.078 70.7778 8.2
    endloop
  endfacet
  facet normal 0 0 1
    outer loop
      vertex 170.5 75 8.2
      vertex 167.85 70.9526 8.2
      vertex 167.97 70.8727 8.2
    endloop
  endfacet
  facet normal 0 0 1
    outer loop
      vertex 170.5 75 8.2
      vertex 167.721 71.0163 8.2
      vertex 167.85 70.9526 8.2
    endloop
  endfacet
  facet normal 0 0 1
    outer loop
      vertex 170.5 75 8.2
      vertex 167.585 71.0625 8.2
      vertex 167.721 71.0163 8.2
    endloop
  endfacet
  facet normal 0 0 1
    outer loop
      vertex 169.5 76 8.2
      vertex 167.444 71.0906 8.2
      vertex 167.585 71.0625 8.2
    endloop
  endfacet
  facet normal 0 0 1
    outer loop
      vertex 169.5 76 8.2
      vertex 167.3 71.1 8.2
      vertex 167.444 71.0906 8.2
    endloop
  endfacet
  facet normal 0 0 1
    outer loop
      vertex 169.5 76 8.2
      vertex 167.156 71.0906 8.2
      vertex 167.3 71.1 8.2
    endloop
  endfacet
  facet normal 0 0 1
    outer loop
      vertex 169.5 76 8.2
      vertex 167.015 71.0625 8.2
      vertex 167.156 71.0906 8.2
    endloop
  endfacet
  facet normal 0 0 1
    outer loop
      vertex 169.5 76 8.2
      vertex 166.879 71.0163 8.2
      vertex 167.015 71.0625 8.2
    endloop
  endfacet
  facet normal 0 0 1
    outer loop
      vertex 169.5 76 8.2
      vertex 166.75 70.9526 8.2
      vertex 166.879 71.0163 8.2
    endloop
  endfacet
  facet normal -0 0 1
    outer loop
      vertex 159.7 75 8.2
      vertex 166.75 70.9526 8.2
      vertex 169.5 76 8.2
    endloop
  endfacet
  facet normal 0 0 1
    outer loop
      vertex 166.75 70.9526 8.2
      vertex 159.7 75 8.2
      vertex 166.63 70.8727 8.2
    endloop
  endfacet
  facet normal 0 0 1
    outer loop
      vertex 166.63 70.8727 8.2
      vertex 159.7 75 8.2
      vertex 166.522 70.7778 8.2
    endloop
  endfacet
  facet normal 0 0 1
    outer loop
      vertex 166.284 70.421 8.2
      vertex 159.7 75 8.2
      vertex 166.237 70.2847 8.2
    endloop
  endfacet
  facet normal 0 0 1
    outer loop
      vertex 166.347 70.55 8.2
      vertex 159.7 75 8.2
      vertex 166.284 70.421 8.2
    endloop
  endfacet
  facet normal 0 0 1
    outer loop
      vertex 166.427 70.6696 8.2
      vertex 159.7 75 8.2
      vertex 166.347 70.55 8.2
    endloop
  endfacet
  facet normal 0 0 1
    outer loop
      vertex 166.522 70.7778 8.2
      vertex 159.7 75 8.2
      vertex 166.427 70.6696 8.2
    endloop
  endfacet
  facet normal 0 0 1
    outer loop
      vertex 159.7 75 8.2
      vertex 169.5 76 8.2
      vertex 159.7 76 8.2
    endloop
  endfacet
  facet normal 0 0 1
    outer loop
      vertex 170.466 64.7412 8.2
      vertex 169.5 64 8.2
      vertex 170.424 64.6173 8.2
    endloop
  endfacet
  facet normal 0 0 1
    outer loop
      vertex 170.424 64.6173 8.2
      vertex 169.5 64 8.2
      vertex 170.366 64.5 8.2
    endloop
  endfacet
  facet normal 0 0 1
    outer loop
      vertex 170.366 64.5 8.2
      vertex 169.5 64 8.2
      vertex 170.293 64.3912 8.2
    endloop
  endfacet
  facet normal 0 0 1
    outer loop
      vertex 170.207 64.2929 8.2
      vertex 169.5 64 8.2
      vertex 170.109 64.2066 8.2
    endloop
  endfacet
  facet normal 0 0 1
    outer loop
      vertex 170.109 64.2066 8.2
      vertex 169.5 64 8.2
      vertex 170 64.134 8.2
    endloop
  endfacet
  facet normal 0 0 1
    outer loop
      vertex 170 64.134 8.2
      vertex 169.5 64 8.2
      vertex 169.883 64.0761 8.2
    endloop
  endfacet
  facet normal 0 0 1
    outer loop
      vertex 169.883 64.0761 8.2
      vertex 169.5 64 8.2
      vertex 169.759 64.0341 8.2
    endloop
  endfacet
  facet normal 0 0 1
    outer loop
      vertex 169.759 64.0341 8.2
      vertex 169.5 64 8.2
      vertex 169.631 64.0086 8.2
    endloop
  endfacet
  facet normal 0 0 1
    outer loop
      vertex 170.293 64.3912 8.2
      vertex 169.5 64 8.2
      vertex 170.207 64.2929 8.2
    endloop
  endfacet
  facet normal 0 0 1
    outer loop
      vertex 170.491 64.8695 8.2
      vertex 169.5 64 8.2
      vertex 170.466 64.7412 8.2
    endloop
  endfacet
  facet normal -0 0 1
    outer loop
      vertex 167.444 68.9094 8.2
      vertex 169.5 64 8.2
      vertex 167.585 68.9375 8.2
    endloop
  endfacet
  facet normal -0 0 1
    outer loop
      vertex 167.3 68.9 8.2
      vertex 169.5 64 8.2
      vertex 167.444 68.9094 8.2
    endloop
  endfacet
  facet normal 0 0 1
    outer loop
      vertex 167.156 68.9094 8.2
      vertex 169.5 64 8.2
      vertex 167.3 68.9 8.2
    endloop
  endfacet
  facet normal 0 0 1
    outer loop
      vertex 167.015 68.9375 8.2
      vertex 169.5 64 8.2
      vertex 167.156 68.9094 8.2
    endloop
  endfacet
  facet normal 0 0 1
    outer loop
      vertex 166.879 68.9837 8.2
      vertex 169.5 64 8.2
      vertex 167.015 68.9375 8.2
    endloop
  endfacet
  facet normal 0 0 1
    outer loop
      vertex 166.75 69.0474 8.2
      vertex 169.5 64 8.2
      vertex 166.879 68.9837 8.2
    endloop
  endfacet
  facet normal 0 0 1
    outer loop
      vertex 159.7 65 8.2
      vertex 166.75 69.0474 8.2
      vertex 166.63 69.1273 8.2
    endloop
  endfacet
  facet normal 0 0 1
    outer loop
      vertex 159.7 65 8.2
      vertex 166.63 69.1273 8.2
      vertex 166.522 69.2222 8.2
    endloop
  endfacet
  facet normal 0 0 1
    outer loop
      vertex 159.7 65 8.2
      vertex 166.522 69.2222 8.2
      vertex 166.427 69.3304 8.2
    endloop
  endfacet
  facet normal 0 0 1
    outer loop
      vertex 159.7 65 8.2
      vertex 166.427 69.3304 8.2
      vertex 166.347 69.45 8.2
    endloop
  endfacet
  facet normal 0 0 1
    outer loop
      vertex 166.237 70.2847 8.2
      vertex 159.7 75 8.2
      vertex 166.209 70.1436 8.2
    endloop
  endfacet
  facet normal 0 0 1
    outer loop
      vertex 166.209 70.1436 8.2
      vertex 159.7 75 8.2
      vertex 166.2 70 8.2
    endloop
  endfacet
  facet normal 0 0 1
    outer loop
      vertex 159.7 65 8.2
      vertex 166.2 70 8.2
      vertex 159.7 75 8.2
    endloop
  endfacet
  facet normal 0 0 1
    outer loop
      vertex 166.2 70 8.2
      vertex 159.7 65 8.2
      vertex 166.209 69.8564 8.2
    endloop
  endfacet
  facet normal 0 0 1
    outer loop
      vertex 166.209 69.8564 8.2
      vertex 159.7 65 8.2
      vertex 166.237 69.7153 8.2
    endloop
  endfacet
  facet normal 0 0 1
    outer loop
      vertex 166.237 69.7153 8.2
      vertex 159.7 65 8.2
      vertex 166.284 69.579 8.2
    endloop
  endfacet
  facet normal 0 0 1
    outer loop
      vertex 166.284 69.579 8.2
      vertex 159.7 65 8.2
      vertex 166.347 69.45 8.2
    endloop
  endfacet
  facet normal 0 0 1
    outer loop
      vertex 166.75 69.0474 8.2
      vertex 159.7 65 8.2
      vertex 169.5 64 8.2
    endloop
  endfacet
  facet normal 0 0 1
    outer loop
      vertex 169.5 64 8.2
      vertex 159.7 65 8.2
      vertex 159.7 64 8.2
    endloop
  endfacet
  facet normal -1 0 0
    outer loop
      vertex 159.7 64 4
      vertex 159.7 65 8.2
      vertex 159.7 65 4
    endloop
  endfacet
  facet normal -1 -0 0
    outer loop
      vertex 159.7 65 8.2
      vertex 159.7 64 4
      vertex 159.7 64 8.2
    endloop
  endfacet
  facet normal -1 0 0
    outer loop
      vertex 159.7 75 4
      vertex 159.7 76 8.2
      vertex 159.7 76 4
    endloop
  endfacet
  facet normal -1 -0 0
    outer loop
      vertex 159.7 76 8.2
      vertex 159.7 75 4
      vertex 159.7 75 8.2
    endloop
  endfacet
  facet normal 0 1 0
    outer loop
      vertex 165.15 76 6.2
      vertex 169.5 76 8.2
      vertex 169.45 76 6.2
    endloop
  endfacet
  facet normal 0 1 -0
    outer loop
      vertex 169.5 76 4
      vertex 169.45 76 6.2
      vertex 169.5 76 8.2
    endloop
  endfacet
  facet normal 0 1 0
    outer loop
      vertex 169.45 76 4.4
      vertex 169.5 76 4
      vertex 165.15 76 4.4
    endloop
  endfacet
  facet normal 0 1 0
    outer loop
      vertex 169.45 76 6.2
      vertex 169.5 76 4
      vertex 169.45 76 4.4
    endloop
  endfacet
  facet normal 0 1 0
    outer loop
      vertex 169.5 76 8.2
      vertex 165.15 76 6.2
      vertex 159.7 76 8.2
    endloop
  endfacet
  facet normal 0 1 0
    outer loop
      vertex 164.5 76 4
      vertex 165.15 76 6.2
      vertex 165.15 76 4.4
    endloop
  endfacet
  facet normal 0 1 0
    outer loop
      vertex 164.5 76 4
      vertex 165.15 76 4.4
      vertex 169.5 76 4
    endloop
  endfacet
  facet normal 0 1 0
    outer loop
      vertex 159.7 76 4
      vertex 165.15 76 6.2
      vertex 164.5 76 4
    endloop
  endfacet
  facet normal 0 1 0
    outer loop
      vertex 165.15 76 6.2
      vertex 159.7 76 4
      vertex 159.7 76 8.2
    endloop
  endfacet
  facet normal 0 -1 0
    outer loop
      vertex 164.5 64 4
      vertex 159.7 64 8.2
      vertex 159.7 64 4
    endloop
  endfacet
  facet normal 0 -1 0
    outer loop
      vertex 159.7 64 8.2
      vertex 164.5 64 4
      vertex 169.5 64 8.2
    endloop
  endfacet
  facet normal 0 -1 -0
    outer loop
      vertex 169.5 64 8.2
      vertex 164.5 64 4
      vertex 169.5 64 4
    endloop
  endfacet
  facet normal -0.0657477 0.997836 0
    outer loop
      vertex -5 76 4
      vertex -5.13052 75.9914 8.2
      vertex -5 76 8.2
    endloop
  endfacet
  facet normal -0.0657477 0.997836 0
    outer loop
      vertex -5.13052 75.9914 8.2
      vertex -5 76 4
      vertex -5.13052 75.9914 4
    endloop
  endfacet
  facet normal -0.19494 0.980815 0
    outer loop
      vertex -5.13052 75.9914 4
      vertex -5.25882 75.9659 8.2
      vertex -5.13052 75.9914 8.2
    endloop
  endfacet
  facet normal -0.19494 0.980815 0
    outer loop
      vertex -5.25882 75.9659 8.2
      vertex -5.13052 75.9914 4
      vertex -5.25882 75.9659 4
    endloop
  endfacet
  facet normal -0.321109 0.947042 0
    outer loop
      vertex -5.25882 75.9659 4
      vertex -5.38269 75.9239 8.2
      vertex -5.25882 75.9659 8.2
    endloop
  endfacet
  facet normal -0.321109 0.947042 0
    outer loop
      vertex -5.38269 75.9239 8.2
      vertex -5.25882 75.9659 4
      vertex -5.38269 75.9239 4
    endloop
  endfacet
  facet normal -0.442591 0.896724 0
    outer loop
      vertex -5.38269 75.9239 4
      vertex -5.5 75.866 8.2
      vertex -5.38269 75.9239 8.2
    endloop
  endfacet
  facet normal -0.442591 0.896724 0
    outer loop
      vertex -5.5 75.866 8.2
      vertex -5.38269 75.9239 4
      vertex -5.5 75.866 4
    endloop
  endfacet
  facet normal -0.555194 0.831721 0
    outer loop
      vertex -5.5 75.866 4
      vertex -5.60876 75.7934 8.2
      vertex -5.5 75.866 8.2
    endloop
  endfacet
  facet normal -0.555194 0.831721 0
    outer loop
      vertex -5.60876 75.7934 8.2
      vertex -5.5 75.866 4
      vertex -5.60876 75.7934 4
    endloop
  endfacet
  facet normal -0.659559 0.751653 0
    outer loop
      vertex -5.60876 75.7934 4
      vertex -5.70711 75.7071 8.2
      vertex -5.60876 75.7934 8.2
    endloop
  endfacet
  facet normal -0.659559 0.751653 0
    outer loop
      vertex -5.70711 75.7071 8.2
      vertex -5.60876 75.7934 4
      vertex -5.70711 75.7071 4
    endloop
  endfacet
  facet normal -0.751714 0.659489 0
    outer loop
      vertex -5.79335 75.6088 4
      vertex -5.70711 75.7071 8.2
      vertex -5.70711 75.7071 4
    endloop
  endfacet
  facet normal -0.751714 0.659489 0
    outer loop
      vertex -5.70711 75.7071 8.2
      vertex -5.79335 75.6088 4
      vertex -5.79335 75.6088 8.2
    endloop
  endfacet
  facet normal -0.831533 0.555476 0
    outer loop
      vertex -5.86603 75.5 4
      vertex -5.79335 75.6088 8.2
      vertex -5.79335 75.6088 4
    endloop
  endfacet
  facet normal -0.831533 0.555476 0
    outer loop
      vertex -5.79335 75.6088 8.2
      vertex -5.86603 75.5 4
      vertex -5.86603 75.5 8.2
    endloop
  endfacet
  facet normal -0.896891 0.442252 0
    outer loop
      vertex -5.92387 75.3827 4
      vertex -5.86603 75.5 8.2
      vertex -5.86603 75.5 4
    endloop
  endfacet
  facet normal -0.896891 0.442252 0
    outer loop
      vertex -5.86603 75.5 8.2
      vertex -5.92387 75.3827 4
      vertex -5.92387 75.3827 8.2
    endloop
  endfacet
  facet normal -0.946926 0.321451 0
    outer loop
      vertex -5.96593 75.2588 4
      vertex -5.92387 75.3827 8.2
      vertex -5.92387 75.3827 4
    endloop
  endfacet
  facet normal -0.946926 0.321451 0
    outer loop
      vertex -5.92387 75.3827 8.2
      vertex -5.96593 75.2588 4
      vertex -5.96593 75.2588 8.2
    endloop
  endfacet
  facet normal -0.980801 0.195013 0
    outer loop
      vertex -5.99144 75.1305 4
      vertex -5.96593 75.2588 8.2
      vertex -5.96593 75.2588 4
    endloop
  endfacet
  facet normal -0.980801 0.195013 0
    outer loop
      vertex -5.96593 75.2588 8.2
      vertex -5.99144 75.1305 4
      vertex -5.99144 75.1305 8.2
    endloop
  endfacet
  facet normal -0.997856 0.0654532 0
    outer loop
      vertex -6 75 4
      vertex -5.99144 75.1305 8.2
      vertex -5.99144 75.1305 4
    endloop
  endfacet
  facet normal -0.997856 0.0654532 0
    outer loop
      vertex -5.99144 75.1305 8.2
      vertex -6 75 4
      vertex -6 75 8.2
    endloop
  endfacet
  facet normal -1 0 0
    outer loop
      vertex -6 65 4
      vertex -6 75 8.2
      vertex -6 75 4
    endloop
  endfacet
  facet normal -1 -0 0
    outer loop
      vertex -6 75 8.2
      vertex -6 65 4
      vertex -6 65 8.2
    endloop
  endfacet
  facet normal -0.997856 -0.0654532 0
    outer loop
      vertex -5.99144 64.8695 4
      vertex -6 65 8.2
      vertex -6 65 4
    endloop
  endfacet
  facet normal -0.997856 -0.0654532 0
    outer loop
      vertex -6 65 8.2
      vertex -5.99144 64.8695 4
      vertex -5.99144 64.8695 8.2
    endloop
  endfacet
  facet normal -0.980801 -0.195013 0
    outer loop
      vertex -5.96593 64.7412 4
      vertex -5.99144 64.8695 8.2
      vertex -5.99144 64.8695 4
    endloop
  endfacet
  facet normal -0.980801 -0.195013 0
    outer loop
      vertex -5.99144 64.8695 8.2
      vertex -5.96593 64.7412 4
      vertex -5.96593 64.7412 8.2
    endloop
  endfacet
  facet normal -0.946926 -0.321451 0
    outer loop
      vertex -5.92387 64.6173 4
      vertex -5.96593 64.7412 8.2
      vertex -5.96593 64.7412 4
    endloop
  endfacet
  facet normal -0.946926 -0.321451 0
    outer loop
      vertex -5.96593 64.7412 8.2
      vertex -5.92387 64.6173 4
      vertex -5.92387 64.6173 8.2
    endloop
  endfacet
  facet normal -0.896891 -0.442252 0
    outer loop
      vertex -5.86603 64.5 4
      vertex -5.92387 64.6173 8.2
      vertex -5.92387 64.6173 4
    endloop
  endfacet
  facet normal -0.896891 -0.442252 0
    outer loop
      vertex -5.92387 64.6173 8.2
      vertex -5.86603 64.5 4
      vertex -5.86603 64.5 8.2
    endloop
  endfacet
  facet normal -0.831533 -0.555476 0
    outer loop
      vertex -5.79335 64.3912 4
      vertex -5.86603 64.5 8.2
      vertex -5.86603 64.5 4
    endloop
  endfacet
  facet normal -0.831533 -0.555476 0
    outer loop
      vertex -5.86603 64.5 8.2
      vertex -5.79335 64.3912 4
      vertex -5.79335 64.3912 8.2
    endloop
  endfacet
  facet normal -0.751714 -0.659489 0
    outer loop
      vertex -5.70711 64.2929 4
      vertex -5.79335 64.3912 8.2
      vertex -5.79335 64.3912 4
    endloop
  endfacet
  facet normal -0.751714 -0.659489 0
    outer loop
      vertex -5.79335 64.3912 8.2
      vertex -5.70711 64.2929 4
      vertex -5.70711 64.2929 8.2
    endloop
  endfacet
  facet normal -0.659559 -0.751653 0
    outer loop
      vertex -5.70711 64.2929 4
      vertex -5.60876 64.2066 8.2
      vertex -5.70711 64.2929 8.2
    endloop
  endfacet
  facet normal -0.659559 -0.751653 -0
    outer loop
      vertex -5.60876 64.2066 8.2
      vertex -5.70711 64.2929 4
      vertex -5.60876 64.2066 4
    endloop
  endfacet
  facet normal -0.555194 -0.831721 0
    outer loop
      vertex -5.60876 64.2066 4
      vertex -5.5 64.134 8.2
      vertex -5.60876 64.2066 8.2
    endloop
  endfacet
  facet normal -0.555194 -0.831721 -0
    outer loop
      vertex -5.5 64.134 8.2
      vertex -5.60876 64.2066 4
      vertex -5.5 64.134 4
    endloop
  endfacet
  facet normal -0.442591 -0.896724 0
    outer loop
      vertex -5.5 64.134 4
      vertex -5.38269 64.0761 8.2
      vertex -5.5 64.134 8.2
    endloop
  endfacet
  facet normal -0.442591 -0.896724 -0
    outer loop
      vertex -5.38269 64.0761 8.2
      vertex -5.5 64.134 4
      vertex -5.38269 64.0761 4
    endloop
  endfacet
  facet normal -0.321109 -0.947042 0
    outer loop
      vertex -5.38269 64.0761 4
      vertex -5.25882 64.0341 8.2
      vertex -5.38269 64.0761 8.2
    endloop
  endfacet
  facet normal -0.321109 -0.947042 -0
    outer loop
      vertex -5.25882 64.0341 8.2
      vertex -5.38269 64.0761 4
      vertex -5.25882 64.0341 4
    endloop
  endfacet
  facet normal -0.19494 -0.980815 0
    outer loop
      vertex -5.25882 64.0341 4
      vertex -5.13052 64.0086 8.2
      vertex -5.25882 64.0341 8.2
    endloop
  endfacet
  facet normal -0.19494 -0.980815 -0
    outer loop
      vertex -5.13052 64.0086 8.2
      vertex -5.25882 64.0341 4
      vertex -5.13052 64.0086 4
    endloop
  endfacet
  facet normal -0.0657477 -0.997836 0
    outer loop
      vertex -5.13052 64.0086 4
      vertex -5 64 8.2
      vertex -5.13052 64.0086 8.2
    endloop
  endfacet
  facet normal -0.0657477 -0.997836 -0
    outer loop
      vertex -5 64 8.2
      vertex -5.13052 64.0086 4
      vertex -5 64 4
    endloop
  endfacet
  facet normal 0.195379 -0.980728 0
    outer loop
      vertex 169.631 64.0086 4
      vertex 169.759 64.0341 8.2
      vertex 169.631 64.0086 8.2
    endloop
  endfacet
  facet normal 0.195379 -0.980728 0
    outer loop
      vertex 169.759 64.0341 8.2
      vertex 169.631 64.0086 4
      vertex 169.759 64.0341 4
    endloop
  endfacet
  facet normal 0.320807 -0.947145 0
    outer loop
      vertex 169.759 64.0341 4
      vertex 169.883 64.0761 8.2
      vertex 169.759 64.0341 8.2
    endloop
  endfacet
  facet normal 0.320807 -0.947145 0
    outer loop
      vertex 169.883 64.0761 8.2
      vertex 169.759 64.0341 4
      vertex 169.883 64.0761 4
    endloop
  endfacet
  facet normal 0.443533 -0.896258 0
    outer loop
      vertex 169.883 64.0761 4
      vertex 170 64.134 8.2
      vertex 169.883 64.0761 8.2
    endloop
  endfacet
  facet normal 0.443533 -0.896258 0
    outer loop
      vertex 170 64.134 8.2
      vertex 169.883 64.0761 4
      vertex 170 64.134 4
    endloop
  endfacet
  facet normal 0.554348 -0.832285 0
    outer loop
      vertex 170 64.134 4
      vertex 170.109 64.2066 8.2
      vertex 170 64.134 8.2
    endloop
  endfacet
  facet normal 0.554348 -0.832285 0
    outer loop
      vertex 170.109 64.2066 8.2
      vertex 170 64.134 4
      vertex 170.109 64.2066 4
    endloop
  endfacet
  facet normal 0.660887 -0.750486 0
    outer loop
      vertex 170.109 64.2066 4
      vertex 170.207 64.2929 8.2
      vertex 170.109 64.2066 8.2
    endloop
  endfacet
  facet normal 0.660887 -0.750486 0
    outer loop
      vertex 170.207 64.2929 8.2
      vertex 170.109 64.2066 4
      vertex 170.207 64.2929 4
    endloop
  endfacet
  facet normal 0.752624 -0.65845 0
    outer loop
      vertex 170.207 64.2929 8.2
      vertex 170.293 64.3912 4
      vertex 170.293 64.3912 8.2
    endloop
  endfacet
  facet normal 0.752624 -0.65845 0
    outer loop
      vertex 170.293 64.3912 4
      vertex 170.207 64.2929 8.2
      vertex 170.207 64.2929 4
    endloop
  endfacet
  facet normal 0.830403 -0.557164 0
    outer loop
      vertex 170.293 64.3912 8.2
      vertex 170.366 64.5 4
      vertex 170.366 64.5 8.2
    endloop
  endfacet
  facet normal 0.830403 -0.557164 0
    outer loop
      vertex 170.366 64.5 4
      vertex 170.293 64.3912 8.2
      vertex 170.293 64.3912 4
    endloop
  endfacet
  facet normal 0.896405 -0.443235 0
    outer loop
      vertex 170.366 64.5 8.2
      vertex 170.424 64.6173 4
      vertex 170.424 64.6173 8.2
    endloop
  endfacet
  facet normal 0.896405 -0.443235 0
    outer loop
      vertex 170.424 64.6173 4
      vertex 170.366 64.5 8.2
      vertex 170.366 64.5 4
    endloop
  endfacet
  facet normal 0.947066 -0.321039 0
    outer loop
      vertex 170.424 64.6173 8.2
      vertex 170.466 64.7412 4
      vertex 170.466 64.7412 8.2
    endloop
  endfacet
  facet normal 0.947066 -0.321039 0
    outer loop
      vertex 170.466 64.7412 4
      vertex 170.424 64.6173 8.2
      vertex 170.424 64.6173 4
    endloop
  endfacet
  facet normal 0.98154 -0.191259 0
    outer loop
      vertex 170.466 64.7412 8.2
      vertex 170.491 64.8695 4
      vertex 170.491 64.8695 8.2
    endloop
  endfacet
  facet normal 0.98154 -0.191259 0
    outer loop
      vertex 170.491 64.8695 4
      vertex 170.466 64.7412 8.2
      vertex 170.466 64.7412 4
    endloop
  endfacet
  facet normal 0.99763 -0.0688021 0
    outer loop
      vertex 170.491 64.8695 8.2
      vertex 170.5 65 4
      vertex 170.5 65 8.2
    endloop
  endfacet
  facet normal 0.99763 -0.0688021 0
    outer loop
      vertex 170.5 65 4
      vertex 170.491 64.8695 8.2
      vertex 170.491 64.8695 4
    endloop
  endfacet
  facet normal 1 -0 0
    outer loop
      vertex 170.5 65 8.2
      vertex 170.5 75 4
      vertex 170.5 75 8.2
    endloop
  endfacet
  facet normal 1 0 0
    outer loop
      vertex 170.5 75 4
      vertex 170.5 65 8.2
      vertex 170.5 65 4
    endloop
  endfacet
  facet normal 0.99763 0.0688021 0
    outer loop
      vertex 170.5 75 8.2
      vertex 170.491 75.1305 4
      vertex 170.491 75.1305 8.2
    endloop
  endfacet
  facet normal 0.99763 0.0688021 0
    outer loop
      vertex 170.491 75.1305 4
      vertex 170.5 75 8.2
      vertex 170.5 75 4
    endloop
  endfacet
  facet normal 0.98154 0.191259 0
    outer loop
      vertex 170.491 75.1305 8.2
      vertex 170.466 75.2588 4
      vertex 170.466 75.2588 8.2
    endloop
  endfacet
  facet normal 0.98154 0.191259 0
    outer loop
      vertex 170.466 75.2588 4
      vertex 170.491 75.1305 8.2
      vertex 170.491 75.1305 4
    endloop
  endfacet
  facet normal 0.947066 0.321039 0
    outer loop
      vertex 170.466 75.2588 8.2
      vertex 170.424 75.3827 4
      vertex 170.424 75.3827 8.2
    endloop
  endfacet
  facet normal 0.947066 0.321039 0
    outer loop
      vertex 170.424 75.3827 4
      vertex 170.466 75.2588 8.2
      vertex 170.466 75.2588 4
    endloop
  endfacet
  facet normal 0.896405 0.443235 0
    outer loop
      vertex 170.424 75.3827 8.2
      vertex 170.366 75.5 4
      vertex 170.366 75.5 8.2
    endloop
  endfacet
  facet normal 0.896405 0.443235 0
    outer loop
      vertex 170.366 75.5 4
      vertex 170.424 75.3827 8.2
      vertex 170.424 75.3827 4
    endloop
  endfacet
  facet normal 0.830403 0.557164 0
    outer loop
      vertex 170.366 75.5 8.2
      vertex 170.293 75.6088 4
      vertex 170.293 75.6088 8.2
    endloop
  endfacet
  facet normal 0.830403 0.557164 0
    outer loop
      vertex 170.293 75.6088 4
      vertex 170.366 75.5 8.2
      vertex 170.366 75.5 4
    endloop
  endfacet
  facet normal 0.752624 0.65845 0
    outer loop
      vertex 170.293 75.6088 8.2
      vertex 170.207 75.7071 4
      vertex 170.207 75.7071 8.2
    endloop
  endfacet
  facet normal 0.752624 0.65845 0
    outer loop
      vertex 170.207 75.7071 4
      vertex 170.293 75.6088 8.2
      vertex 170.293 75.6088 4
    endloop
  endfacet
  facet normal 0.660887 0.750486 -0
    outer loop
      vertex 170.207 75.7071 4
      vertex 170.109 75.7934 8.2
      vertex 170.207 75.7071 8.2
    endloop
  endfacet
  facet normal 0.660887 0.750486 0
    outer loop
      vertex 170.109 75.7934 8.2
      vertex 170.207 75.7071 4
      vertex 170.109 75.7934 4
    endloop
  endfacet
  facet normal 0.554348 0.832285 -0
    outer loop
      vertex 170.109 75.7934 4
      vertex 170 75.866 8.2
      vertex 170.109 75.7934 8.2
    endloop
  endfacet
  facet normal 0.554348 0.832285 0
    outer loop
      vertex 170 75.866 8.2
      vertex 170.109 75.7934 4
      vertex 170 75.866 4
    endloop
  endfacet
  facet normal 0.443533 0.896258 -0
    outer loop
      vertex 170 75.866 4
      vertex 169.883 75.9239 8.2
      vertex 170 75.866 8.2
    endloop
  endfacet
  facet normal 0.443533 0.896258 0
    outer loop
      vertex 169.883 75.9239 8.2
      vertex 170 75.866 4
      vertex 169.883 75.9239 4
    endloop
  endfacet
  facet normal 0.320807 0.947145 -0
    outer loop
      vertex 169.883 75.9239 4
      vertex 169.759 75.9659 8.2
      vertex 169.883 75.9239 8.2
    endloop
  endfacet
  facet normal 0.320807 0.947145 0
    outer loop
      vertex 169.759 75.9659 8.2
      vertex 169.883 75.9239 4
      vertex 169.759 75.9659 4
    endloop
  endfacet
  facet normal 0.195379 0.980728 -0
    outer loop
      vertex 169.759 75.9659 4
      vertex 169.631 75.9914 8.2
      vertex 169.759 75.9659 8.2
    endloop
  endfacet
  facet normal 0.195379 0.980728 0
    outer loop
      vertex 169.631 75.9914 8.2
      vertex 169.759 75.9659 4
      vertex 169.631 75.9914 4
    endloop
  endfacet
  facet normal 0.0655078 0.997852 -0
    outer loop
      vertex 169.631 75.9914 4
      vertex 169.5 76 8.2
      vertex 169.631 75.9914 8.2
    endloop
  endfacet
  facet normal 0.0655078 0.997852 0
    outer loop
      vertex 169.5 76 8.2
      vertex 169.631 75.9914 4
      vertex 169.5 76 4
    endloop
  endfacet
  facet normal -1 0 0
    outer loop
      vertex 159.7 65 4
      vertex 159.7 75 8.2
      vertex 159.7 75 4
    endloop
  endfacet
  facet normal -1 -0 0
    outer loop
      vertex 159.7 75 8.2
      vertex 159.7 65 4
      vertex 159.7 65 8.2
    endloop
  endfacet
  facet normal 0.0655078 -0.997852 0
    outer loop
      vertex 169.5 64 4
      vertex 169.631 64.0086 8.2
      vertex 169.5 64 8.2
    endloop
  endfacet
  facet normal 0.0655078 -0.997852 0
    outer loop
      vertex 169.631 64.0086 8.2
      vertex 169.5 64 4
      vertex 169.631 64.0086 4
    endloop
  endfacet
  facet normal -0.0657477 0.997836 0
    outer loop
      vertex -5 28 4
      vertex -5.13052 27.9914 8.2
      vertex -5 28 8.2
    endloop
  endfacet
  facet normal -0.0657477 0.997836 0
    outer loop
      vertex -5.13052 27.9914 8.2
      vertex -5 28 4
      vertex -5.13052 27.9914 4
    endloop
  endfacet
  facet normal -0.19494 0.980815 0
    outer loop
      vertex -5.13052 27.9914 4
      vertex -5.25882 27.9659 8.2
      vertex -5.13052 27.9914 8.2
    endloop
  endfacet
  facet normal -0.19494 0.980815 0
    outer loop
      vertex -5.25882 27.9659 8.2
      vertex -5.13052 27.9914 4
      vertex -5.25882 27.9659 4
    endloop
  endfacet
  facet normal -0.321109 0.947042 0
    outer loop
      vertex -5.25882 27.9659 4
      vertex -5.38269 27.9239 8.2
      vertex -5.25882 27.9659 8.2
    endloop
  endfacet
  facet normal -0.321109 0.947042 0
    outer loop
      vertex -5.38269 27.9239 8.2
      vertex -5.25882 27.9659 4
      vertex -5.38269 27.9239 4
    endloop
  endfacet
  facet normal -0.442591 0.896724 0
    outer loop
      vertex -5.38269 27.9239 4
      vertex -5.5 27.866 8.2
      vertex -5.38269 27.9239 8.2
    endloop
  endfacet
  facet normal -0.442591 0.896724 0
    outer loop
      vertex -5.5 27.866 8.2
      vertex -5.38269 27.9239 4
      vertex -5.5 27.866 4
    endloop
  endfacet
  facet normal -0.555194 0.831721 0
    outer loop
      vertex -5.5 27.866 4
      vertex -5.60876 27.7934 8.2
      vertex -5.5 27.866 8.2
    endloop
  endfacet
  facet normal -0.555194 0.831721 0
    outer loop
      vertex -5.60876 27.7934 8.2
      vertex -5.5 27.866 4
      vertex -5.60876 27.7934 4
    endloop
  endfacet
  facet normal -0.659559 0.751653 0
    outer loop
      vertex -5.60876 27.7934 4
      vertex -5.70711 27.7071 8.2
      vertex -5.60876 27.7934 8.2
    endloop
  endfacet
  facet normal -0.659559 0.751653 0
    outer loop
      vertex -5.70711 27.7071 8.2
      vertex -5.60876 27.7934 4
      vertex -5.70711 27.7071 4
    endloop
  endfacet
  facet normal -0.751714 0.659489 0
    outer loop
      vertex -5.79335 27.6088 4
      vertex -5.70711 27.7071 8.2
      vertex -5.70711 27.7071 4
    endloop
  endfacet
  facet normal -0.751714 0.659489 0
    outer loop
      vertex -5.70711 27.7071 8.2
      vertex -5.79335 27.6088 4
      vertex -5.79335 27.6088 8.2
    endloop
  endfacet
  facet normal -0.831533 0.555476 0
    outer loop
      vertex -5.86603 27.5 4
      vertex -5.79335 27.6088 8.2
      vertex -5.79335 27.6088 4
    endloop
  endfacet
  facet normal -0.831533 0.555476 0
    outer loop
      vertex -5.79335 27.6088 8.2
      vertex -5.86603 27.5 4
      vertex -5.86603 27.5 8.2
    endloop
  endfacet
  facet normal -0.896891 0.442252 0
    outer loop
      vertex -5.92387 27.3827 4
      vertex -5.86603 27.5 8.2
      vertex -5.86603 27.5 4
    endloop
  endfacet
  facet normal -0.896891 0.442252 0
    outer loop
      vertex -5.86603 27.5 8.2
      vertex -5.92387 27.3827 4
      vertex -5.92387 27.3827 8.2
    endloop
  endfacet
  facet normal -0.946926 0.321451 0
    outer loop
      vertex -5.96593 27.2588 4
      vertex -5.92387 27.3827 8.2
      vertex -5.92387 27.3827 4
    endloop
  endfacet
  facet normal -0.946926 0.321451 0
    outer loop
      vertex -5.92387 27.3827 8.2
      vertex -5.96593 27.2588 4
      vertex -5.96593 27.2588 8.2
    endloop
  endfacet
  facet normal -0.980801 0.195013 0
    outer loop
      vertex -5.99144 27.1305 4
      vertex -5.96593 27.2588 8.2
      vertex -5.96593 27.2588 4
    endloop
  endfacet
  facet normal -0.980801 0.195013 0
    outer loop
      vertex -5.96593 27.2588 8.2
      vertex -5.99144 27.1305 4
      vertex -5.99144 27.1305 8.2
    endloop
  endfacet
  facet normal -0.997856 0.0654532 0
    outer loop
      vertex -6 27 4
      vertex -5.99144 27.1305 8.2
      vertex -5.99144 27.1305 4
    endloop
  endfacet
  facet normal -0.997856 0.0654532 0
    outer loop
      vertex -5.99144 27.1305 8.2
      vertex -6 27 4
      vertex -6 27 8.2
    endloop
  endfacet
  facet normal -1 0 0
    outer loop
      vertex -6 17 4
      vertex -6 27 8.2
      vertex -6 27 4
    endloop
  endfacet
  facet normal -1 -0 0
    outer loop
      vertex -6 27 8.2
      vertex -6 17 4
      vertex -6 17 8.2
    endloop
  endfacet
  facet normal -0.997856 -0.0654532 0
    outer loop
      vertex -5.99144 16.8695 4
      vertex -6 17 8.2
      vertex -6 17 4
    endloop
  endfacet
  facet normal -0.997856 -0.0654532 0
    outer loop
      vertex -6 17 8.2
      vertex -5.99144 16.8695 4
      vertex -5.99144 16.8695 8.2
    endloop
  endfacet
  facet normal -0.980801 -0.195013 0
    outer loop
      vertex -5.96593 16.7412 4
      vertex -5.99144 16.8695 8.2
      vertex -5.99144 16.8695 4
    endloop
  endfacet
  facet normal -0.980801 -0.195013 0
    outer loop
      vertex -5.99144 16.8695 8.2
      vertex -5.96593 16.7412 4
      vertex -5.96593 16.7412 8.2
    endloop
  endfacet
  facet normal -0.946926 -0.321451 0
    outer loop
      vertex -5.92387 16.6173 4
      vertex -5.96593 16.7412 8.2
      vertex -5.96593 16.7412 4
    endloop
  endfacet
  facet normal -0.946926 -0.321451 0
    outer loop
      vertex -5.96593 16.7412 8.2
      vertex -5.92387 16.6173 4
      vertex -5.92387 16.6173 8.2
    endloop
  endfacet
  facet normal -0.896891 -0.442252 0
    outer loop
      vertex -5.86603 16.5 4
      vertex -5.92387 16.6173 8.2
      vertex -5.92387 16.6173 4
    endloop
  endfacet
  facet normal -0.896891 -0.442252 0
    outer loop
      vertex -5.92387 16.6173 8.2
      vertex -5.86603 16.5 4
      vertex -5.86603 16.5 8.2
    endloop
  endfacet
  facet normal -0.831533 -0.555476 0
    outer loop
      vertex -5.79335 16.3912 4
      vertex -5.86603 16.5 8.2
      vertex -5.86603 16.5 4
    endloop
  endfacet
  facet normal -0.831533 -0.555476 0
    outer loop
      vertex -5.86603 16.5 8.2
      vertex -5.79335 16.3912 4
      vertex -5.79335 16.3912 8.2
    endloop
  endfacet
  facet normal -0.751714 -0.659489 0
    outer loop
      vertex -5.70711 16.2929 4
      vertex -5.79335 16.3912 8.2
      vertex -5.79335 16.3912 4
    endloop
  endfacet
  facet normal -0.751714 -0.659489 0
    outer loop
      vertex -5.79335 16.3912 8.2
      vertex -5.70711 16.2929 4
      vertex -5.70711 16.2929 8.2
    endloop
  endfacet
  facet normal -0.659559 -0.751653 0
    outer loop
      vertex -5.70711 16.2929 4
      vertex -5.60876 16.2066 8.2
      vertex -5.70711 16.2929 8.2
    endloop
  endfacet
  facet normal -0.659559 -0.751653 -0
    outer loop
      vertex -5.60876 16.2066 8.2
      vertex -5.70711 16.2929 4
      vertex -5.60876 16.2066 4
    endloop
  endfacet
  facet normal -0.555194 -0.831721 0
    outer loop
      vertex -5.60876 16.2066 4
      vertex -5.5 16.134 8.2
      vertex -5.60876 16.2066 8.2
    endloop
  endfacet
  facet normal -0.555194 -0.831721 -0
    outer loop
      vertex -5.5 16.134 8.2
      vertex -5.60876 16.2066 4
      vertex -5.5 16.134 4
    endloop
  endfacet
  facet normal -0.442591 -0.896724 0
    outer loop
      vertex -5.5 16.134 4
      vertex -5.38269 16.0761 8.2
      vertex -5.5 16.134 8.2
    endloop
  endfacet
  facet normal -0.442591 -0.896724 -0
    outer loop
      vertex -5.38269 16.0761 8.2
      vertex -5.5 16.134 4
      vertex -5.38269 16.0761 4
    endloop
  endfacet
  facet normal -0.321109 -0.947042 0
    outer loop
      vertex -5.38269 16.0761 4
      vertex -5.25882 16.0341 8.2
      vertex -5.38269 16.0761 8.2
    endloop
  endfacet
  facet normal -0.321109 -0.947042 -0
    outer loop
      vertex -5.25882 16.0341 8.2
      vertex -5.38269 16.0761 4
      vertex -5.25882 16.0341 4
    endloop
  endfacet
  facet normal -0.19494 -0.980815 0
    outer loop
      vertex -5.25882 16.0341 4
      vertex -5.13052 16.0086 8.2
      vertex -5.25882 16.0341 8.2
    endloop
  endfacet
  facet normal -0.19494 -0.980815 -0
    outer loop
      vertex -5.13052 16.0086 8.2
      vertex -5.25882 16.0341 4
      vertex -5.13052 16.0086 4
    endloop
  endfacet
  facet normal -0.0657477 -0.997836 0
    outer loop
      vertex -5.13052 16.0086 4
      vertex -5 16 8.2
      vertex -5.13052 16.0086 8.2
    endloop
  endfacet
  facet normal -0.0657477 -0.997836 -0
    outer loop
      vertex -5 16 8.2
      vertex -5.13052 16.0086 4
      vertex -5 16 4
    endloop
  endfacet
  facet normal 0.195379 -0.980728 0
    outer loop
      vertex 169.631 16.0086 4
      vertex 169.759 16.0341 8.2
      vertex 169.631 16.0086 8.2
    endloop
  endfacet
  facet normal 0.195379 -0.980728 0
    outer loop
      vertex 169.759 16.0341 8.2
      vertex 169.631 16.0086 4
      vertex 169.759 16.0341 4
    endloop
  endfacet
  facet normal 0.320807 -0.947145 0
    outer loop
      vertex 169.759 16.0341 4
      vertex 169.883 16.0761 8.2
      vertex 169.759 16.0341 8.2
    endloop
  endfacet
  facet normal 0.320807 -0.947145 0
    outer loop
      vertex 169.883 16.0761 8.2
      vertex 169.759 16.0341 4
      vertex 169.883 16.0761 4
    endloop
  endfacet
  facet normal 0.443533 -0.896258 0
    outer loop
      vertex 169.883 16.0761 4
      vertex 170 16.134 8.2
      vertex 169.883 16.0761 8.2
    endloop
  endfacet
  facet normal 0.443533 -0.896258 0
    outer loop
      vertex 170 16.134 8.2
      vertex 169.883 16.0761 4
      vertex 170 16.134 4
    endloop
  endfacet
  facet normal 0.554348 -0.832285 0
    outer loop
      vertex 170 16.134 4
      vertex 170.109 16.2066 8.2
      vertex 170 16.134 8.2
    endloop
  endfacet
  facet normal 0.554348 -0.832285 0
    outer loop
      vertex 170.109 16.2066 8.2
      vertex 170 16.134 4
      vertex 170.109 16.2066 4
    endloop
  endfacet
  facet normal 0.660887 -0.750486 0
    outer loop
      vertex 170.109 16.2066 4
      vertex 170.207 16.2929 8.2
      vertex 170.109 16.2066 8.2
    endloop
  endfacet
  facet normal 0.660887 -0.750486 0
    outer loop
      vertex 170.207 16.2929 8.2
      vertex 170.109 16.2066 4
      vertex 170.207 16.2929 4
    endloop
  endfacet
  facet normal 0.752624 -0.65845 0
    outer loop
      vertex 170.207 16.2929 8.2
      vertex 170.293 16.3912 4
      vertex 170.293 16.3912 8.2
    endloop
  endfacet
  facet normal 0.752624 -0.65845 0
    outer loop
      vertex 170.293 16.3912 4
      vertex 170.207 16.2929 8.2
      vertex 170.207 16.2929 4
    endloop
  endfacet
  facet normal 0.830403 -0.557164 0
    outer loop
      vertex 170.293 16.3912 8.2
      vertex 170.366 16.5 4
      vertex 170.366 16.5 8.2
    endloop
  endfacet
  facet normal 0.830403 -0.557164 0
    outer loop
      vertex 170.366 16.5 4
      vertex 170.293 16.3912 8.2
      vertex 170.293 16.3912 4
    endloop
  endfacet
  facet normal 0.896405 -0.443235 0
    outer loop
      vertex 170.366 16.5 8.2
      vertex 170.424 16.6173 4
      vertex 170.424 16.6173 8.2
    endloop
  endfacet
  facet normal 0.896405 -0.443235 0
    outer loop
      vertex 170.424 16.6173 4
      vertex 170.366 16.5 8.2
      vertex 170.366 16.5 4
    endloop
  endfacet
  facet normal 0.947066 -0.321039 0
    outer loop
      vertex 170.424 16.6173 8.2
      vertex 170.466 16.7412 4
      vertex 170.466 16.7412 8.2
    endloop
  endfacet
  facet normal 0.947066 -0.321039 0
    outer loop
      vertex 170.466 16.7412 4
      vertex 170.424 16.6173 8.2
      vertex 170.424 16.6173 4
    endloop
  endfacet
  facet normal 0.98154 -0.191259 0
    outer loop
      vertex 170.466 16.7412 8.2
      vertex 170.491 16.8695 4
      vertex 170.491 16.8695 8.2
    endloop
  endfacet
  facet normal 0.98154 -0.191259 0
    outer loop
      vertex 170.491 16.8695 4
      vertex 170.466 16.7412 8.2
      vertex 170.466 16.7412 4
    endloop
  endfacet
  facet normal 0.99763 -0.0688021 0
    outer loop
      vertex 170.491 16.8695 8.2
      vertex 170.5 17 4
      vertex 170.5 17 8.2
    endloop
  endfacet
  facet normal 0.99763 -0.0688021 0
    outer loop
      vertex 170.5 17 4
      vertex 170.491 16.8695 8.2
      vertex 170.491 16.8695 4
    endloop
  endfacet
  facet normal 1 -0 0
    outer loop
      vertex 170.5 17 8.2
      vertex 170.5 27 4
      vertex 170.5 27 8.2
    endloop
  endfacet
  facet normal 1 0 0
    outer loop
      vertex 170.5 27 4
      vertex 170.5 17 8.2
      vertex 170.5 17 4
    endloop
  endfacet
  facet normal 0.99763 0.0688021 0
    outer loop
      vertex 170.5 27 8.2
      vertex 170.491 27.1305 4
      vertex 170.491 27.1305 8.2
    endloop
  endfacet
  facet normal 0.99763 0.0688021 0
    outer loop
      vertex 170.491 27.1305 4
      vertex 170.5 27 8.2
      vertex 170.5 27 4
    endloop
  endfacet
  facet normal 0.98154 0.191259 0
    outer loop
      vertex 170.491 27.1305 8.2
      vertex 170.466 27.2588 4
      vertex 170.466 27.2588 8.2
    endloop
  endfacet
  facet normal 0.98154 0.191259 0
    outer loop
      vertex 170.466 27.2588 4
      vertex 170.491 27.1305 8.2
      vertex 170.491 27.1305 4
    endloop
  endfacet
  facet normal 0.947066 0.321039 0
    outer loop
      vertex 170.466 27.2588 8.2
      vertex 170.424 27.3827 4
      vertex 170.424 27.3827 8.2
    endloop
  endfacet
  facet normal 0.947066 0.321039 0
    outer loop
      vertex 170.424 27.3827 4
      vertex 170.466 27.2588 8.2
      vertex 170.466 27.2588 4
    endloop
  endfacet
  facet normal 0.896405 0.443235 0
    outer loop
      vertex 170.424 27.3827 8.2
      vertex 170.366 27.5 4
      vertex 170.366 27.5 8.2
    endloop
  endfacet
  facet normal 0.896405 0.443235 0
    outer loop
      vertex 170.366 27.5 4
      vertex 170.424 27.3827 8.2
      vertex 170.424 27.3827 4
    endloop
  endfacet
  facet normal 0.830403 0.557164 0
    outer loop
      vertex 170.366 27.5 8.2
      vertex 170.293 27.6088 4
      vertex 170.293 27.6088 8.2
    endloop
  endfacet
  facet normal 0.830403 0.557164 0
    outer loop
      vertex 170.293 27.6088 4
      vertex 170.366 27.5 8.2
      vertex 170.366 27.5 4
    endloop
  endfacet
  facet normal 0.752624 0.65845 0
    outer loop
      vertex 170.293 27.6088 8.2
      vertex 170.207 27.7071 4
      vertex 170.207 27.7071 8.2
    endloop
  endfacet
  facet normal 0.752624 0.65845 0
    outer loop
      vertex 170.207 27.7071 4
      vertex 170.293 27.6088 8.2
      vertex 170.293 27.6088 4
    endloop
  endfacet
  facet normal 0.660887 0.750486 -0
    outer loop
      vertex 170.207 27.7071 4
      vertex 170.109 27.7934 8.2
      vertex 170.207 27.7071 8.2
    endloop
  endfacet
  facet normal 0.660887 0.750486 0
    outer loop
      vertex 170.109 27.7934 8.2
      vertex 170.207 27.7071 4
      vertex 170.109 27.7934 4
    endloop
  endfacet
  facet normal 0.554348 0.832285 -0
    outer loop
      vertex 170.109 27.7934 4
      vertex 170 27.866 8.2
      vertex 170.109 27.7934 8.2
    endloop
  endfacet
  facet normal 0.554348 0.832285 0
    outer loop
      vertex 170 27.866 8.2
      vertex 170.109 27.7934 4
      vertex 170 27.866 4
    endloop
  endfacet
  facet normal 0.443533 0.896258 -0
    outer loop
      vertex 170 27.866 4
      vertex 169.883 27.9239 8.2
      vertex 170 27.866 8.2
    endloop
  endfacet
  facet normal 0.443533 0.896258 0
    outer loop
      vertex 169.883 27.9239 8.2
      vertex 170 27.866 4
      vertex 169.883 27.9239 4
    endloop
  endfacet
  facet normal 0.320807 0.947145 -0
    outer loop
      vertex 169.883 27.9239 4
      vertex 169.759 27.9659 8.2
      vertex 169.883 27.9239 8.2
    endloop
  endfacet
  facet normal 0.320807 0.947145 0
    outer loop
      vertex 169.759 27.9659 8.2
      vertex 169.883 27.9239 4
      vertex 169.759 27.9659 4
    endloop
  endfacet
  facet normal 0.195379 0.980728 -0
    outer loop
      vertex 169.759 27.9659 4
      vertex 169.631 27.9914 8.2
      vertex 169.759 27.9659 8.2
    endloop
  endfacet
  facet normal 0.195379 0.980728 0
    outer loop
      vertex 169.631 27.9914 8.2
      vertex 169.759 27.9659 4
      vertex 169.631 27.9914 4
    endloop
  endfacet
  facet normal 0.0655078 0.997852 -0
    outer loop
      vertex 169.631 27.9914 4
      vertex 169.5 28 8.2
      vertex 169.631 27.9914 8.2
    endloop
  endfacet
  facet normal 0.0655078 0.997852 0
    outer loop
      vertex 169.5 28 8.2
      vertex 169.631 27.9914 4
      vertex 169.5 28 4
    endloop
  endfacet
  facet normal -1 0 0
    outer loop
      vertex 159.7 17 4
      vertex 159.7 27 8.2
      vertex 159.7 27 4
    endloop
  endfacet
  facet normal -1 -0 0
    outer loop
      vertex 159.7 27 8.2
      vertex 159.7 17 4
      vertex 159.7 17 8.2
    endloop
  endfacet
  facet normal 0.0655078 -0.997852 0
    outer loop
      vertex 169.5 16 4
      vertex 169.631 16.0086 8.2
      vertex 169.5 16 8.2
    endloop
  endfacet
  facet normal 0.0655078 -0.997852 0
    outer loop
      vertex 169.631 16.0086 8.2
      vertex 169.5 16 4
      vertex 169.631 16.0086 4
    endloop
  endfacet
  facet normal -0.896806 0.442424 0
    outer loop
      vertex -1.84737 21.45 6.2
      vertex -1.78373 21.579 8.2
      vertex -1.78373 21.579 6.2
    endloop
  endfacet
  facet normal -0.896806 0.442424 0
    outer loop
      vertex -1.78373 21.579 8.2
      vertex -1.84737 21.45 6.2
      vertex -1.84737 21.45 8.2
    endloop
  endfacet
  facet normal -0.896806 0.442424 0
    outer loop
      vertex -1.84737 21.45 4
      vertex -1.78373 21.579 4.4
      vertex -1.78373 21.579 4
    endloop
  endfacet
  facet normal -0.896806 0.442424 0
    outer loop
      vertex -1.78373 21.579 4.4
      vertex -1.84737 21.45 4
      vertex -1.84737 21.45 4.4
    endloop
  endfacet
  facet normal -0.980781 -0.195113 0
    outer loop
      vertex -1.70941 22.1436 6.2
      vertex -1.73748 22.2847 8.2
      vertex -1.73748 22.2847 6.2
    endloop
  endfacet
  facet normal -0.980781 -0.195113 0
    outer loop
      vertex -1.73748 22.2847 8.2
      vertex -1.70941 22.1436 6.2
      vertex -1.70941 22.1436 8.2
    endloop
  endfacet
  facet normal -0.980781 -0.195113 0
    outer loop
      vertex -1.70941 22.1436 4
      vertex -1.73748 22.2847 4.4
      vertex -1.73748 22.2847 4
    endloop
  endfacet
  facet normal -0.980781 -0.195113 0
    outer loop
      vertex -1.73748 22.2847 4.4
      vertex -1.70941 22.1436 4
      vertex -1.70941 22.1436 4.4
    endloop
  endfacet
  facet normal -0.99786 -0.065389 0
    outer loop
      vertex -1.7 22 6.2
      vertex -1.70941 22.1436 8.2
      vertex -1.70941 22.1436 6.2
    endloop
  endfacet
  facet normal -0.99786 -0.065389 0
    outer loop
      vertex -1.70941 22.1436 8.2
      vertex -1.7 22 6.2
      vertex -1.7 22 8.2
    endloop
  endfacet
  facet normal -0.99786 -0.065389 0
    outer loop
      vertex -1.7 22 4
      vertex -1.70941 22.1436 4.4
      vertex -1.70941 22.1436 4
    endloop
  endfacet
  facet normal -0.99786 -0.065389 0
    outer loop
      vertex -1.70941 22.1436 4.4
      vertex -1.7 22 4
      vertex -1.7 22 4.4
    endloop
  endfacet
  facet normal -0.442622 0.896708 0
    outer loop
      vertex -2.25 21.0474 6.2
      vertex -2.37905 20.9837 8.2
      vertex -2.25 21.0474 8.2
    endloop
  endfacet
  facet normal -0.442622 0.896708 0
    outer loop
      vertex -2.37905 20.9837 8.2
      vertex -2.25 21.0474 6.2
      vertex -2.37905 20.9837 6.2
    endloop
  endfacet
  facet normal -0.442622 0.896708 0
    outer loop
      vertex -2.25 21.0474 4
      vertex -2.37905 20.9837 4.4
      vertex -2.25 21.0474 4.4
    endloop
  endfacet
  facet normal -0.442622 0.896708 0
    outer loop
      vertex -2.37905 20.9837 4.4
      vertex -2.25 21.0474 4
      vertex -2.37905 20.9837 4
    endloop
  endfacet
  facet normal -0.99786 0.065389 0
    outer loop
      vertex -1.70941 21.8564 6.2
      vertex -1.7 22 8.2
      vertex -1.7 22 6.2
    endloop
  endfacet
  facet normal -0.99786 0.065389 0
    outer loop
      vertex -1.7 22 8.2
      vertex -1.70941 21.8564 6.2
      vertex -1.70941 21.8564 8.2
    endloop
  endfacet
  facet normal -0.99786 0.065389 0
    outer loop
      vertex -1.70941 21.8564 4
      vertex -1.7 22 4.4
      vertex -1.7 22 4
    endloop
  endfacet
  facet normal -0.99786 0.065389 0
    outer loop
      vertex -1.7 22 4.4
      vertex -1.70941 21.8564 4
      vertex -1.70941 21.8564 4.4
    endloop
  endfacet
  facet normal -0.321124 -0.947037 0
    outer loop
      vertex -2.5153 23.0625 6.2
      vertex -2.37905 23.0163 8.2
      vertex -2.5153 23.0625 8.2
    endloop
  endfacet
  facet normal -0.321124 -0.947037 -0
    outer loop
      vertex -2.37905 23.0163 8.2
      vertex -2.5153 23.0625 6.2
      vertex -2.37905 23.0163 6.2
    endloop
  endfacet
  facet normal -0.321124 -0.947037 0
    outer loop
      vertex -2.5153 23.0625 4
      vertex -2.37905 23.0163 4.4
      vertex -2.5153 23.0625 4.4
    endloop
  endfacet
  facet normal -0.321124 -0.947037 -0
    outer loop
      vertex -2.37905 23.0163 4.4
      vertex -2.5153 23.0625 4
      vertex -2.37905 23.0163 4
    endloop
  endfacet
  facet normal -0.831387 0.555694 0
    outer loop
      vertex -1.92731 21.3304 6.2
      vertex -1.84737 21.45 8.2
      vertex -1.84737 21.45 6.2
    endloop
  endfacet
  facet normal -0.831387 0.555694 0
    outer loop
      vertex -1.84737 21.45 8.2
      vertex -1.92731 21.3304 6.2
      vertex -1.92731 21.3304 8.2
    endloop
  endfacet
  facet normal -0.831387 0.555694 0
    outer loop
      vertex -1.92731 21.3304 4
      vertex -1.84737 21.45 4.4
      vertex -1.84737 21.45 4
    endloop
  endfacet
  facet normal -0.831387 0.555694 0
    outer loop
      vertex -1.84737 21.45 4.4
      vertex -1.92731 21.3304 4
      vertex -1.92731 21.3304 4.4
    endloop
  endfacet
  facet normal -0.555374 0.831601 0
    outer loop
      vertex -2.13036 21.1273 6.2
      vertex -2.25 21.0474 8.2
      vertex -2.13036 21.1273 8.2
    endloop
  endfacet
  facet normal -0.555374 0.831601 0
    outer loop
      vertex -2.25 21.0474 8.2
      vertex -2.13036 21.1273 6.2
      vertex -2.25 21.0474 6.2
    endloop
  endfacet
  facet normal -0.555374 0.831601 0
    outer loop
      vertex -2.13036 21.1273 4
      vertex -2.25 21.0474 4.4
      vertex -2.13036 21.1273 4.4
    endloop
  endfacet
  facet normal -0.555374 0.831601 0
    outer loop
      vertex -2.25 21.0474 4.4
      vertex -2.13036 21.1273 4
      vertex -2.25 21.0474 4
    endloop
  endfacet
  facet normal -0.980781 0.195113 0
    outer loop
      vertex -1.73748 21.7153 6.2
      vertex -1.70941 21.8564 8.2
      vertex -1.70941 21.8564 6.2
    endloop
  endfacet
  facet normal -0.980781 0.195113 0
    outer loop
      vertex -1.70941 21.8564 8.2
      vertex -1.73748 21.7153 6.2
      vertex -1.73748 21.7153 8.2
    endloop
  endfacet
  facet normal -0.980781 0.195113 0
    outer loop
      vertex -1.73748 21.7153 4
      vertex -1.70941 21.8564 4.4
      vertex -1.70941 21.8564 4
    endloop
  endfacet
  facet normal -0.980781 0.195113 0
    outer loop
      vertex -1.70941 21.8564 4.4
      vertex -1.73748 21.7153 4
      vertex -1.73748 21.7153 4.4
    endloop
  endfacet
  facet normal -0.659458 0.751741 0
    outer loop
      vertex -2.02218 21.2222 6.2
      vertex -2.13036 21.1273 8.2
      vertex -2.02218 21.2222 8.2
    endloop
  endfacet
  facet normal -0.659458 0.751741 0
    outer loop
      vertex -2.13036 21.1273 8.2
      vertex -2.02218 21.2222 6.2
      vertex -2.13036 21.1273 6.2
    endloop
  endfacet
  facet normal -0.659458 0.751741 0
    outer loop
      vertex -2.02218 21.2222 4
      vertex -2.13036 21.1273 4.4
      vertex -2.02218 21.2222 4.4
    endloop
  endfacet
  facet normal -0.659458 0.751741 0
    outer loop
      vertex -2.13036 21.1273 4.4
      vertex -2.02218 21.2222 4
      vertex -2.13036 21.1273 4
    endloop
  endfacet
  facet normal -0.195287 -0.980746 0
    outer loop
      vertex -2.65642 23.0906 6.2
      vertex -2.5153 23.0625 8.2
      vertex -2.65642 23.0906 8.2
    endloop
  endfacet
  facet normal -0.195287 -0.980746 -0
    outer loop
      vertex -2.5153 23.0625 8.2
      vertex -2.65642 23.0906 6.2
      vertex -2.5153 23.0625 6.2
    endloop
  endfacet
  facet normal -0.195287 -0.980746 0
    outer loop
      vertex -2.65642 23.0906 4
      vertex -2.5153 23.0625 4.4
      vertex -2.65642 23.0906 4.4
    endloop
  endfacet
  facet normal -0.195287 -0.980746 -0
    outer loop
      vertex -2.5153 23.0625 4.4
      vertex -2.65642 23.0906 4
      vertex -2.5153 23.0625 4
    endloop
  endfacet
  facet normal 0.751905 -0.659272 0
    outer loop
      vertex -3.67269 22.6696 8.2
      vertex -3.57782 22.7778 6.2
      vertex -3.57782 22.7778 8.2
    endloop
  endfacet
  facet normal 0.751905 -0.659272 0
    outer loop
      vertex -3.57782 22.7778 6.2
      vertex -3.67269 22.6696 8.2
      vertex -3.67269 22.6696 6.2
    endloop
  endfacet
  facet normal 0.751905 -0.659272 0
    outer loop
      vertex -3.67269 22.6696 4.4
      vertex -3.57782 22.7778 4
      vertex -3.57782 22.7778 4.4
    endloop
  endfacet
  facet normal 0.751905 -0.659272 0
    outer loop
      vertex -3.57782 22.7778 4
      vertex -3.67269 22.6696 4.4
      vertex -3.67269 22.6696 4
    endloop
  endfacet
  facet normal -0.321124 0.947037 0
    outer loop
      vertex -2.37905 20.9837 6.2
      vertex -2.5153 20.9375 8.2
      vertex -2.37905 20.9837 8.2
    endloop
  endfacet
  facet normal -0.321124 0.947037 0
    outer loop
      vertex -2.5153 20.9375 8.2
      vertex -2.37905 20.9837 6.2
      vertex -2.5153 20.9375 6.2
    endloop
  endfacet
  facet normal -0.321124 0.947037 0
    outer loop
      vertex -2.37905 20.9837 4
      vertex -2.5153 20.9375 4.4
      vertex -2.37905 20.9837 4.4
    endloop
  endfacet
  facet normal -0.321124 0.947037 0
    outer loop
      vertex -2.5153 20.9375 4.4
      vertex -2.37905 20.9837 4
      vertex -2.5153 20.9375 4
    endloop
  endfacet
  facet normal 0.946967 -0.32133 0
    outer loop
      vertex -3.86252 22.2847 8.2
      vertex -3.81627 22.421 6.2
      vertex -3.81627 22.421 8.2
    endloop
  endfacet
  facet normal 0.946967 -0.32133 0
    outer loop
      vertex -3.81627 22.421 6.2
      vertex -3.86252 22.2847 8.2
      vertex -3.86252 22.2847 6.2
    endloop
  endfacet
  facet normal 0.946967 -0.32133 0
    outer loop
      vertex -3.86252 22.2847 4.4
      vertex -3.81627 22.421 4
      vertex -3.81627 22.421 4.4
    endloop
  endfacet
  facet normal 0.946967 -0.32133 0
    outer loop
      vertex -3.81627 22.421 4
      vertex -3.86252 22.2847 4.4
      vertex -3.86252 22.2847 4
    endloop
  endfacet
  facet normal 0.321124 -0.947037 0
    outer loop
      vertex -3.22095 23.0163 6.2
      vertex -3.0847 23.0625 8.2
      vertex -3.22095 23.0163 8.2
    endloop
  endfacet
  facet normal 0.321124 -0.947037 0
    outer loop
      vertex -3.0847 23.0625 8.2
      vertex -3.22095 23.0163 6.2
      vertex -3.0847 23.0625 6.2
    endloop
  endfacet
  facet normal 0.321124 -0.947037 0
    outer loop
      vertex -3.22095 23.0163 4
      vertex -3.0847 23.0625 4.4
      vertex -3.22095 23.0163 4.4
    endloop
  endfacet
  facet normal 0.321124 -0.947037 0
    outer loop
      vertex -3.0847 23.0625 4.4
      vertex -3.22095 23.0163 4
      vertex -3.0847 23.0625 4
    endloop
  endfacet
  facet normal 0.99786 -0.065389 0
    outer loop
      vertex -3.9 22 8.2
      vertex -3.89059 22.1436 6.2
      vertex -3.89059 22.1436 8.2
    endloop
  endfacet
  facet normal 0.99786 -0.065389 0
    outer loop
      vertex -3.89059 22.1436 6.2
      vertex -3.9 22 8.2
      vertex -3.9 22 6.2
    endloop
  endfacet
  facet normal 0.99786 -0.065389 0
    outer loop
      vertex -3.9 22 4.4
      vertex -3.89059 22.1436 4
      vertex -3.89059 22.1436 4.4
    endloop
  endfacet
  facet normal 0.99786 -0.065389 0
    outer loop
      vertex -3.89059 22.1436 4
      vertex -3.9 22 4.4
      vertex -3.9 22 4
    endloop
  endfacet
  facet normal 0.442622 0.896708 -0
    outer loop
      vertex -3.22095 20.9837 6.2
      vertex -3.35 21.0474 8.2
      vertex -3.22095 20.9837 8.2
    endloop
  endfacet
  facet normal 0.442622 0.896708 0
    outer loop
      vertex -3.35 21.0474 8.2
      vertex -3.22095 20.9837 6.2
      vertex -3.35 21.0474 6.2
    endloop
  endfacet
  facet normal 0.442622 0.896708 -0
    outer loop
      vertex -3.22095 20.9837 4
      vertex -3.35 21.0474 4.4
      vertex -3.22095 20.9837 4.4
    endloop
  endfacet
  facet normal 0.442622 0.896708 0
    outer loop
      vertex -3.35 21.0474 4.4
      vertex -3.22095 20.9837 4
      vertex -3.35 21.0474 4
    endloop
  endfacet
  facet normal 0.659458 0.751741 -0
    outer loop
      vertex -3.46964 21.1273 6.2
      vertex -3.57782 21.2222 8.2
      vertex -3.46964 21.1273 8.2
    endloop
  endfacet
  facet normal 0.659458 0.751741 0
    outer loop
      vertex -3.57782 21.2222 8.2
      vertex -3.46964 21.1273 6.2
      vertex -3.57782 21.2222 6.2
    endloop
  endfacet
  facet normal 0.659458 0.751741 -0
    outer loop
      vertex -3.46964 21.1273 4
      vertex -3.57782 21.2222 4.4
      vertex -3.46964 21.1273 4.4
    endloop
  endfacet
  facet normal 0.659458 0.751741 0
    outer loop
      vertex -3.57782 21.2222 4.4
      vertex -3.46964 21.1273 4
      vertex -3.57782 21.2222 4
    endloop
  endfacet
  facet normal 0.659458 -0.751741 0
    outer loop
      vertex -3.57782 22.7778 6.2
      vertex -3.46964 22.8727 8.2
      vertex -3.57782 22.7778 8.2
    endloop
  endfacet
  facet normal 0.659458 -0.751741 0
    outer loop
      vertex -3.46964 22.8727 8.2
      vertex -3.57782 22.7778 6.2
      vertex -3.46964 22.8727 6.2
    endloop
  endfacet
  facet normal 0.659458 -0.751741 0
    outer loop
      vertex -3.57782 22.7778 4
      vertex -3.46964 22.8727 4.4
      vertex -3.57782 22.7778 4.4
    endloop
  endfacet
  facet normal 0.659458 -0.751741 0
    outer loop
      vertex -3.46964 22.8727 4.4
      vertex -3.57782 22.7778 4
      vertex -3.46964 22.8727 4
    endloop
  endfacet
  facet normal -0.831387 -0.555694 0
    outer loop
      vertex -1.84737 22.55 6.2
      vertex -1.92731 22.6696 8.2
      vertex -1.92731 22.6696 6.2
    endloop
  endfacet
  facet normal -0.831387 -0.555694 0
    outer loop
      vertex -1.92731 22.6696 8.2
      vertex -1.84737 22.55 6.2
      vertex -1.84737 22.55 8.2
    endloop
  endfacet
  facet normal -0.831387 -0.555694 0
    outer loop
      vertex -1.84737 22.55 4
      vertex -1.92731 22.6696 4.4
      vertex -1.92731 22.6696 4
    endloop
  endfacet
  facet normal -0.831387 -0.555694 0
    outer loop
      vertex -1.92731 22.6696 4.4
      vertex -1.84737 22.55 4
      vertex -1.84737 22.55 4.4
    endloop
  endfacet
  facet normal 0.946967 0.32133 0
    outer loop
      vertex -3.81627 21.579 8.2
      vertex -3.86252 21.7153 6.2
      vertex -3.86252 21.7153 8.2
    endloop
  endfacet
  facet normal 0.946967 0.32133 0
    outer loop
      vertex -3.86252 21.7153 6.2
      vertex -3.81627 21.579 8.2
      vertex -3.81627 21.579 6.2
    endloop
  endfacet
  facet normal 0.946967 0.32133 0
    outer loop
      vertex -3.81627 21.579 4.4
      vertex -3.86252 21.7153 4
      vertex -3.86252 21.7153 4.4
    endloop
  endfacet
  facet normal 0.946967 0.32133 0
    outer loop
      vertex -3.86252 21.7153 4
      vertex -3.81627 21.579 4.4
      vertex -3.81627 21.579 4
    endloop
  endfacet
  facet normal 0.980781 0.195113 0
    outer loop
      vertex -3.86252 21.7153 8.2
      vertex -3.89059 21.8564 6.2
      vertex -3.89059 21.8564 8.2
    endloop
  endfacet
  facet normal 0.980781 0.195113 0
    outer loop
      vertex -3.89059 21.8564 6.2
      vertex -3.86252 21.7153 8.2
      vertex -3.86252 21.7153 6.2
    endloop
  endfacet
  facet normal 0.980781 0.195113 0
    outer loop
      vertex -3.86252 21.7153 4.4
      vertex -3.89059 21.8564 4
      vertex -3.89059 21.8564 4.4
    endloop
  endfacet
  facet normal 0.980781 0.195113 0
    outer loop
      vertex -3.89059 21.8564 4
      vertex -3.86252 21.7153 4.4
      vertex -3.86252 21.7153 4
    endloop
  endfacet
  facet normal 0.980781 -0.195113 0
    outer loop
      vertex -3.89059 22.1436 8.2
      vertex -3.86252 22.2847 6.2
      vertex -3.86252 22.2847 8.2
    endloop
  endfacet
  facet normal 0.980781 -0.195113 0
    outer loop
      vertex -3.86252 22.2847 6.2
      vertex -3.89059 22.1436 8.2
      vertex -3.89059 22.1436 6.2
    endloop
  endfacet
  facet normal 0.980781 -0.195113 0
    outer loop
      vertex -3.89059 22.1436 4.4
      vertex -3.86252 22.2847 4
      vertex -3.86252 22.2847 4.4
    endloop
  endfacet
  facet normal 0.980781 -0.195113 0
    outer loop
      vertex -3.86252 22.2847 4
      vertex -3.89059 22.1436 4.4
      vertex -3.89059 22.1436 4
    endloop
  endfacet
  facet normal 0.0653289 -0.997864 0
    outer loop
      vertex -2.94358 23.0906 6.2
      vertex -2.8 23.1 8.2
      vertex -2.94358 23.0906 8.2
    endloop
  endfacet
  facet normal 0.0653289 -0.997864 0
    outer loop
      vertex -2.8 23.1 8.2
      vertex -2.94358 23.0906 6.2
      vertex -2.8 23.1 6.2
    endloop
  endfacet
  facet normal 0.0653289 -0.997864 0
    outer loop
      vertex -2.94358 23.0906 4
      vertex -2.8 23.1 4.4
      vertex -2.94358 23.0906 4.4
    endloop
  endfacet
  facet normal 0.0653289 -0.997864 0
    outer loop
      vertex -2.8 23.1 4.4
      vertex -2.94358 23.0906 4
      vertex -2.8 23.1 4
    endloop
  endfacet
  facet normal -0.555374 -0.831601 0
    outer loop
      vertex -2.25 22.9526 6.2
      vertex -2.13036 22.8727 8.2
      vertex -2.25 22.9526 8.2
    endloop
  endfacet
  facet normal -0.555374 -0.831601 -0
    outer loop
      vertex -2.13036 22.8727 8.2
      vertex -2.25 22.9526 6.2
      vertex -2.13036 22.8727 6.2
    endloop
  endfacet
  facet normal -0.555374 -0.831601 0
    outer loop
      vertex -2.25 22.9526 4
      vertex -2.13036 22.8727 4.4
      vertex -2.25 22.9526 4.4
    endloop
  endfacet
  facet normal -0.555374 -0.831601 -0
    outer loop
      vertex -2.13036 22.8727 4.4
      vertex -2.25 22.9526 4
      vertex -2.13036 22.8727 4
    endloop
  endfacet
  facet normal -0.946967 -0.32133 0
    outer loop
      vertex -1.73748 22.2847 6.2
      vertex -1.78373 22.421 8.2
      vertex -1.78373 22.421 6.2
    endloop
  endfacet
  facet normal -0.946967 -0.32133 0
    outer loop
      vertex -1.78373 22.421 8.2
      vertex -1.73748 22.2847 6.2
      vertex -1.73748 22.2847 8.2
    endloop
  endfacet
  facet normal -0.946967 -0.32133 0
    outer loop
      vertex -1.73748 22.2847 4
      vertex -1.78373 22.421 4.4
      vertex -1.78373 22.421 4
    endloop
  endfacet
  facet normal -0.946967 -0.32133 0
    outer loop
      vertex -1.78373 22.421 4.4
      vertex -1.73748 22.2847 4
      vertex -1.73748 22.2847 4.4
    endloop
  endfacet
  facet normal -0.0653289 -0.997864 0
    outer loop
      vertex -2.8 23.1 6.2
      vertex -2.65642 23.0906 8.2
      vertex -2.8 23.1 8.2
    endloop
  endfacet
  facet normal -0.0653289 -0.997864 -0
    outer loop
      vertex -2.65642 23.0906 8.2
      vertex -2.8 23.1 6.2
      vertex -2.65642 23.0906 6.2
    endloop
  endfacet
  facet normal -0.0653289 -0.997864 0
    outer loop
      vertex -2.8 23.1 4
      vertex -2.65642 23.0906 4.4
      vertex -2.8 23.1 4.4
    endloop
  endfacet
  facet normal -0.0653289 -0.997864 -0
    outer loop
      vertex -2.65642 23.0906 4.4
      vertex -2.8 23.1 4
      vertex -2.65642 23.0906 4
    endloop
  endfacet
  facet normal -0.659458 -0.751741 0
    outer loop
      vertex -2.13036 22.8727 6.2
      vertex -2.02218 22.7778 8.2
      vertex -2.13036 22.8727 8.2
    endloop
  endfacet
  facet normal -0.659458 -0.751741 -0
    outer loop
      vertex -2.02218 22.7778 8.2
      vertex -2.13036 22.8727 6.2
      vertex -2.02218 22.7778 6.2
    endloop
  endfacet
  facet normal -0.659458 -0.751741 0
    outer loop
      vertex -2.13036 22.8727 4
      vertex -2.02218 22.7778 4.4
      vertex -2.13036 22.8727 4.4
    endloop
  endfacet
  facet normal -0.659458 -0.751741 -0
    outer loop
      vertex -2.02218 22.7778 4.4
      vertex -2.13036 22.8727 4
      vertex -2.02218 22.7778 4
    endloop
  endfacet
  facet normal 0.195287 0.980746 -0
    outer loop
      vertex -2.94358 20.9094 6.2
      vertex -3.0847 20.9375 8.2
      vertex -2.94358 20.9094 8.2
    endloop
  endfacet
  facet normal 0.195287 0.980746 0
    outer loop
      vertex -3.0847 20.9375 8.2
      vertex -2.94358 20.9094 6.2
      vertex -3.0847 20.9375 6.2
    endloop
  endfacet
  facet normal 0.195287 0.980746 -0
    outer loop
      vertex -2.94358 20.9094 4
      vertex -3.0847 20.9375 4.4
      vertex -2.94358 20.9094 4.4
    endloop
  endfacet
  facet normal 0.195287 0.980746 0
    outer loop
      vertex -3.0847 20.9375 4.4
      vertex -2.94358 20.9094 4
      vertex -3.0847 20.9375 4
    endloop
  endfacet
  facet normal 0.831387 0.555694 0
    outer loop
      vertex -3.67269 21.3304 8.2
      vertex -3.75263 21.45 6.2
      vertex -3.75263 21.45 8.2
    endloop
  endfacet
  facet normal 0.831387 0.555694 0
    outer loop
      vertex -3.75263 21.45 6.2
      vertex -3.67269 21.3304 8.2
      vertex -3.67269 21.3304 6.2
    endloop
  endfacet
  facet normal 0.831387 0.555694 0
    outer loop
      vertex -3.67269 21.3304 4.4
      vertex -3.75263 21.45 4
      vertex -3.75263 21.45 4.4
    endloop
  endfacet
  facet normal 0.831387 0.555694 0
    outer loop
      vertex -3.75263 21.45 4
      vertex -3.67269 21.3304 4.4
      vertex -3.67269 21.3304 4
    endloop
  endfacet
  facet normal 0.555374 0.831601 -0
    outer loop
      vertex -3.35 21.0474 6.2
      vertex -3.46964 21.1273 8.2
      vertex -3.35 21.0474 8.2
    endloop
  endfacet
  facet normal 0.555374 0.831601 0
    outer loop
      vertex -3.46964 21.1273 8.2
      vertex -3.35 21.0474 6.2
      vertex -3.46964 21.1273 6.2
    endloop
  endfacet
  facet normal 0.555374 0.831601 -0
    outer loop
      vertex -3.35 21.0474 4
      vertex -3.46964 21.1273 4.4
      vertex -3.35 21.0474 4.4
    endloop
  endfacet
  facet normal 0.555374 0.831601 0
    outer loop
      vertex -3.46964 21.1273 4.4
      vertex -3.35 21.0474 4
      vertex -3.46964 21.1273 4
    endloop
  endfacet
  facet normal 0.0653289 0.997864 -0
    outer loop
      vertex -2.8 20.9 6.2
      vertex -2.94358 20.9094 8.2
      vertex -2.8 20.9 8.2
    endloop
  endfacet
  facet normal 0.0653289 0.997864 0
    outer loop
      vertex -2.94358 20.9094 8.2
      vertex -2.8 20.9 6.2
      vertex -2.94358 20.9094 6.2
    endloop
  endfacet
  facet normal 0.0653289 0.997864 -0
    outer loop
      vertex -2.8 20.9 4
      vertex -2.94358 20.9094 4.4
      vertex -2.8 20.9 4.4
    endloop
  endfacet
  facet normal 0.0653289 0.997864 0
    outer loop
      vertex -2.94358 20.9094 4.4
      vertex -2.8 20.9 4
      vertex -2.94358 20.9094 4
    endloop
  endfacet
  facet normal -0.0653289 0.997864 0
    outer loop
      vertex -2.65642 20.9094 6.2
      vertex -2.8 20.9 8.2
      vertex -2.65642 20.9094 8.2
    endloop
  endfacet
  facet normal -0.0653289 0.997864 0
    outer loop
      vertex -2.8 20.9 8.2
      vertex -2.65642 20.9094 6.2
      vertex -2.8 20.9 6.2
    endloop
  endfacet
  facet normal -0.0653289 0.997864 0
    outer loop
      vertex -2.65642 20.9094 4
      vertex -2.8 20.9 4.4
      vertex -2.65642 20.9094 4.4
    endloop
  endfacet
  facet normal -0.0653289 0.997864 0
    outer loop
      vertex -2.8 20.9 4.4
      vertex -2.65642 20.9094 4
      vertex -2.8 20.9 4
    endloop
  endfacet
  facet normal -0.751905 -0.659272 0
    outer loop
      vertex -1.92731 22.6696 6.2
      vertex -2.02218 22.7778 8.2
      vertex -2.02218 22.7778 6.2
    endloop
  endfacet
  facet normal -0.751905 -0.659272 0
    outer loop
      vertex -2.02218 22.7778 8.2
      vertex -1.92731 22.6696 6.2
      vertex -1.92731 22.6696 8.2
    endloop
  endfacet
  facet normal -0.751905 -0.659272 0
    outer loop
      vertex -1.92731 22.6696 4
      vertex -2.02218 22.7778 4.4
      vertex -2.02218 22.7778 4
    endloop
  endfacet
  facet normal -0.751905 -0.659272 0
    outer loop
      vertex -2.02218 22.7778 4.4
      vertex -1.92731 22.6696 4
      vertex -1.92731 22.6696 4.4
    endloop
  endfacet
  facet normal 0.195287 -0.980746 0
    outer loop
      vertex -3.0847 23.0625 6.2
      vertex -2.94358 23.0906 8.2
      vertex -3.0847 23.0625 8.2
    endloop
  endfacet
  facet normal 0.195287 -0.980746 0
    outer loop
      vertex -2.94358 23.0906 8.2
      vertex -3.0847 23.0625 6.2
      vertex -2.94358 23.0906 6.2
    endloop
  endfacet
  facet normal 0.195287 -0.980746 0
    outer loop
      vertex -3.0847 23.0625 4
      vertex -2.94358 23.0906 4.4
      vertex -3.0847 23.0625 4.4
    endloop
  endfacet
  facet normal 0.195287 -0.980746 0
    outer loop
      vertex -2.94358 23.0906 4.4
      vertex -3.0847 23.0625 4
      vertex -2.94358 23.0906 4
    endloop
  endfacet
  facet normal 0.321124 0.947037 -0
    outer loop
      vertex -3.0847 20.9375 6.2
      vertex -3.22095 20.9837 8.2
      vertex -3.0847 20.9375 8.2
    endloop
  endfacet
  facet normal 0.321124 0.947037 0
    outer loop
      vertex -3.22095 20.9837 8.2
      vertex -3.0847 20.9375 6.2
      vertex -3.22095 20.9837 6.2
    endloop
  endfacet
  facet normal 0.321124 0.947037 -0
    outer loop
      vertex -3.0847 20.9375 4
      vertex -3.22095 20.9837 4.4
      vertex -3.0847 20.9375 4.4
    endloop
  endfacet
  facet normal 0.321124 0.947037 0
    outer loop
      vertex -3.22095 20.9837 4.4
      vertex -3.0847 20.9375 4
      vertex -3.22095 20.9837 4
    endloop
  endfacet
  facet normal 0.751905 0.659272 0
    outer loop
      vertex -3.57782 21.2222 8.2
      vertex -3.67269 21.3304 6.2
      vertex -3.67269 21.3304 8.2
    endloop
  endfacet
  facet normal 0.751905 0.659272 0
    outer loop
      vertex -3.67269 21.3304 6.2
      vertex -3.57782 21.2222 8.2
      vertex -3.57782 21.2222 6.2
    endloop
  endfacet
  facet normal 0.751905 0.659272 0
    outer loop
      vertex -3.57782 21.2222 4.4
      vertex -3.67269 21.3304 4
      vertex -3.67269 21.3304 4.4
    endloop
  endfacet
  facet normal 0.751905 0.659272 0
    outer loop
      vertex -3.67269 21.3304 4
      vertex -3.57782 21.2222 4.4
      vertex -3.57782 21.2222 4
    endloop
  endfacet
  facet normal -0.442622 -0.896708 0
    outer loop
      vertex -2.37905 23.0163 6.2
      vertex -2.25 22.9526 8.2
      vertex -2.37905 23.0163 8.2
    endloop
  endfacet
  facet normal -0.442622 -0.896708 -0
    outer loop
      vertex -2.25 22.9526 8.2
      vertex -2.37905 23.0163 6.2
      vertex -2.25 22.9526 6.2
    endloop
  endfacet
  facet normal -0.442622 -0.896708 0
    outer loop
      vertex -2.37905 23.0163 4
      vertex -2.25 22.9526 4.4
      vertex -2.37905 23.0163 4.4
    endloop
  endfacet
  facet normal -0.442622 -0.896708 -0
    outer loop
      vertex -2.25 22.9526 4.4
      vertex -2.37905 23.0163 4
      vertex -2.25 22.9526 4
    endloop
  endfacet
  facet normal -0.195287 0.980746 0
    outer loop
      vertex -2.5153 20.9375 6.2
      vertex -2.65642 20.9094 8.2
      vertex -2.5153 20.9375 8.2
    endloop
  endfacet
  facet normal -0.195287 0.980746 0
    outer loop
      vertex -2.65642 20.9094 8.2
      vertex -2.5153 20.9375 6.2
      vertex -2.65642 20.9094 6.2
    endloop
  endfacet
  facet normal -0.195287 0.980746 0
    outer loop
      vertex -2.5153 20.9375 4
      vertex -2.65642 20.9094 4.4
      vertex -2.5153 20.9375 4.4
    endloop
  endfacet
  facet normal -0.195287 0.980746 0
    outer loop
      vertex -2.65642 20.9094 4.4
      vertex -2.5153 20.9375 4
      vertex -2.65642 20.9094 4
    endloop
  endfacet
  facet normal -0.946967 0.32133 0
    outer loop
      vertex -1.78373 21.579 6.2
      vertex -1.73748 21.7153 8.2
      vertex -1.73748 21.7153 6.2
    endloop
  endfacet
  facet normal -0.946967 0.32133 0
    outer loop
      vertex -1.73748 21.7153 8.2
      vertex -1.78373 21.579 6.2
      vertex -1.78373 21.579 8.2
    endloop
  endfacet
  facet normal -0.946967 0.32133 0
    outer loop
      vertex -1.78373 21.579 4
      vertex -1.73748 21.7153 4.4
      vertex -1.73748 21.7153 4
    endloop
  endfacet
  facet normal -0.946967 0.32133 0
    outer loop
      vertex -1.73748 21.7153 4.4
      vertex -1.78373 21.579 4
      vertex -1.78373 21.579 4.4
    endloop
  endfacet
  facet normal -0.896806 -0.442424 0
    outer loop
      vertex -1.78373 22.421 6.2
      vertex -1.84737 22.55 8.2
      vertex -1.84737 22.55 6.2
    endloop
  endfacet
  facet normal -0.896806 -0.442424 0
    outer loop
      vertex -1.84737 22.55 8.2
      vertex -1.78373 22.421 6.2
      vertex -1.78373 22.421 8.2
    endloop
  endfacet
  facet normal -0.896806 -0.442424 0
    outer loop
      vertex -1.78373 22.421 4
      vertex -1.84737 22.55 4.4
      vertex -1.84737 22.55 4
    endloop
  endfacet
  facet normal -0.896806 -0.442424 0
    outer loop
      vertex -1.84737 22.55 4.4
      vertex -1.78373 22.421 4
      vertex -1.78373 22.421 4.4
    endloop
  endfacet
  facet normal 0.831387 -0.555694 0
    outer loop
      vertex -3.75263 22.55 8.2
      vertex -3.67269 22.6696 6.2
      vertex -3.67269 22.6696 8.2
    endloop
  endfacet
  facet normal 0.831387 -0.555694 0
    outer loop
      vertex -3.67269 22.6696 6.2
      vertex -3.75263 22.55 8.2
      vertex -3.75263 22.55 6.2
    endloop
  endfacet
  facet normal 0.831387 -0.555694 0
    outer loop
      vertex -3.75263 22.55 4.4
      vertex -3.67269 22.6696 4
      vertex -3.67269 22.6696 4.4
    endloop
  endfacet
  facet normal 0.831387 -0.555694 0
    outer loop
      vertex -3.67269 22.6696 4
      vertex -3.75263 22.55 4.4
      vertex -3.75263 22.55 4
    endloop
  endfacet
  facet normal 0.99786 0.065389 0
    outer loop
      vertex -3.89059 21.8564 8.2
      vertex -3.9 22 6.2
      vertex -3.9 22 8.2
    endloop
  endfacet
  facet normal 0.99786 0.065389 0
    outer loop
      vertex -3.9 22 6.2
      vertex -3.89059 21.8564 8.2
      vertex -3.89059 21.8564 6.2
    endloop
  endfacet
  facet normal 0.99786 0.065389 0
    outer loop
      vertex -3.89059 21.8564 4.4
      vertex -3.9 22 4
      vertex -3.9 22 4.4
    endloop
  endfacet
  facet normal 0.99786 0.065389 0
    outer loop
      vertex -3.9 22 4
      vertex -3.89059 21.8564 4.4
      vertex -3.89059 21.8564 4
    endloop
  endfacet
  facet normal 0.555374 -0.831601 0
    outer loop
      vertex -3.46964 22.8727 6.2
      vertex -3.35 22.9526 8.2
      vertex -3.46964 22.8727 8.2
    endloop
  endfacet
  facet normal 0.555374 -0.831601 0
    outer loop
      vertex -3.35 22.9526 8.2
      vertex -3.46964 22.8727 6.2
      vertex -3.35 22.9526 6.2
    endloop
  endfacet
  facet normal 0.555374 -0.831601 0
    outer loop
      vertex -3.46964 22.8727 4
      vertex -3.35 22.9526 4.4
      vertex -3.46964 22.8727 4.4
    endloop
  endfacet
  facet normal 0.555374 -0.831601 0
    outer loop
      vertex -3.35 22.9526 4.4
      vertex -3.46964 22.8727 4
      vertex -3.35 22.9526 4
    endloop
  endfacet
  facet normal 0.896806 -0.442424 0
    outer loop
      vertex -3.81627 22.421 8.2
      vertex -3.75263 22.55 6.2
      vertex -3.75263 22.55 8.2
    endloop
  endfacet
  facet normal 0.896806 -0.442424 0
    outer loop
      vertex -3.75263 22.55 6.2
      vertex -3.81627 22.421 8.2
      vertex -3.81627 22.421 6.2
    endloop
  endfacet
  facet normal 0.896806 -0.442424 0
    outer loop
      vertex -3.81627 22.421 4.4
      vertex -3.75263 22.55 4
      vertex -3.75263 22.55 4.4
    endloop
  endfacet
  facet normal 0.896806 -0.442424 0
    outer loop
      vertex -3.75263 22.55 4
      vertex -3.81627 22.421 4.4
      vertex -3.81627 22.421 4
    endloop
  endfacet
  facet normal -0.751905 0.659272 0
    outer loop
      vertex -2.02218 21.2222 6.2
      vertex -1.92731 21.3304 8.2
      vertex -1.92731 21.3304 6.2
    endloop
  endfacet
  facet normal -0.751905 0.659272 0
    outer loop
      vertex -1.92731 21.3304 8.2
      vertex -2.02218 21.2222 6.2
      vertex -2.02218 21.2222 8.2
    endloop
  endfacet
  facet normal -0.751905 0.659272 0
    outer loop
      vertex -2.02218 21.2222 4
      vertex -1.92731 21.3304 4.4
      vertex -1.92731 21.3304 4
    endloop
  endfacet
  facet normal -0.751905 0.659272 0
    outer loop
      vertex -1.92731 21.3304 4.4
      vertex -2.02218 21.2222 4
      vertex -2.02218 21.2222 4.4
    endloop
  endfacet
  facet normal 0.442622 -0.896708 0
    outer loop
      vertex -3.35 22.9526 6.2
      vertex -3.22095 23.0163 8.2
      vertex -3.35 22.9526 8.2
    endloop
  endfacet
  facet normal 0.442622 -0.896708 0
    outer loop
      vertex -3.22095 23.0163 8.2
      vertex -3.35 22.9526 6.2
      vertex -3.22095 23.0163 6.2
    endloop
  endfacet
  facet normal 0.442622 -0.896708 0
    outer loop
      vertex -3.35 22.9526 4
      vertex -3.22095 23.0163 4.4
      vertex -3.35 22.9526 4.4
    endloop
  endfacet
  facet normal 0.442622 -0.896708 0
    outer loop
      vertex -3.22095 23.0163 4.4
      vertex -3.35 22.9526 4
      vertex -3.22095 23.0163 4
    endloop
  endfacet
  facet normal 0.896806 0.442424 0
    outer loop
      vertex -3.75263 21.45 8.2
      vertex -3.81627 21.579 6.2
      vertex -3.81627 21.579 8.2
    endloop
  endfacet
  facet normal 0.896806 0.442424 0
    outer loop
      vertex -3.81627 21.579 6.2
      vertex -3.75263 21.45 8.2
      vertex -3.75263 21.45 6.2
    endloop
  endfacet
  facet normal 0.896806 0.442424 0
    outer loop
      vertex -3.75263 21.45 4.4
      vertex -3.81627 21.579 4
      vertex -3.81627 21.579 4.4
    endloop
  endfacet
  facet normal 0.896806 0.442424 0
    outer loop
      vertex -3.81627 21.579 4
      vertex -3.75263 21.45 4.4
      vertex -3.75263 21.45 4
    endloop
  endfacet
  facet normal -0.980781 -0.195113 0
    outer loop
      vertex -1.70941 70.1436 6.2
      vertex -1.73748 70.2847 8.2
      vertex -1.73748 70.2847 6.2
    endloop
  endfacet
  facet normal -0.980781 -0.195113 0
    outer loop
      vertex -1.73748 70.2847 8.2
      vertex -1.70941 70.1436 6.2
      vertex -1.70941 70.1436 8.2
    endloop
  endfacet
  facet normal -0.980781 -0.195113 0
    outer loop
      vertex -1.70941 70.1436 4
      vertex -1.73748 70.2847 4.4
      vertex -1.73748 70.2847 4
    endloop
  endfacet
  facet normal -0.980781 -0.195113 0
    outer loop
      vertex -1.73748 70.2847 4.4
      vertex -1.70941 70.1436 4
      vertex -1.70941 70.1436 4.4
    endloop
  endfacet
  facet normal 0.0653289 0.997864 -0
    outer loop
      vertex -2.8 68.9 6.2
      vertex -2.94358 68.9094 8.2
      vertex -2.8 68.9 8.2
    endloop
  endfacet
  facet normal 0.0653289 0.997864 0
    outer loop
      vertex -2.94358 68.9094 8.2
      vertex -2.8 68.9 6.2
      vertex -2.94358 68.9094 6.2
    endloop
  endfacet
  facet normal 0.0653289 0.997864 -0
    outer loop
      vertex -2.8 68.9 4
      vertex -2.94358 68.9094 4.4
      vertex -2.8 68.9 4.4
    endloop
  endfacet
  facet normal 0.0653289 0.997864 0
    outer loop
      vertex -2.94358 68.9094 4.4
      vertex -2.8 68.9 4
      vertex -2.94358 68.9094 4
    endloop
  endfacet
  facet normal 0.896806 -0.442424 0
    outer loop
      vertex -3.81627 70.421 8.2
      vertex -3.75263 70.55 6.2
      vertex -3.75263 70.55 8.2
    endloop
  endfacet
  facet normal 0.896806 -0.442424 0
    outer loop
      vertex -3.75263 70.55 6.2
      vertex -3.81627 70.421 8.2
      vertex -3.81627 70.421 6.2
    endloop
  endfacet
  facet normal 0.896806 -0.442424 0
    outer loop
      vertex -3.81627 70.421 4.4
      vertex -3.75263 70.55 4
      vertex -3.75263 70.55 4.4
    endloop
  endfacet
  facet normal 0.896806 -0.442424 0
    outer loop
      vertex -3.75263 70.55 4
      vertex -3.81627 70.421 4.4
      vertex -3.81627 70.421 4
    endloop
  endfacet
  facet normal 0.555374 0.831601 -0
    outer loop
      vertex -3.35 69.0474 6.2
      vertex -3.46964 69.1273 8.2
      vertex -3.35 69.0474 8.2
    endloop
  endfacet
  facet normal 0.555374 0.831601 0
    outer loop
      vertex -3.46964 69.1273 8.2
      vertex -3.35 69.0474 6.2
      vertex -3.46964 69.1273 6.2
    endloop
  endfacet
  facet normal 0.555374 0.831601 -0
    outer loop
      vertex -3.35 69.0474 4
      vertex -3.46964 69.1273 4.4
      vertex -3.35 69.0474 4.4
    endloop
  endfacet
  facet normal 0.555374 0.831601 0
    outer loop
      vertex -3.46964 69.1273 4.4
      vertex -3.35 69.0474 4
      vertex -3.46964 69.1273 4
    endloop
  endfacet
  facet normal 0.321124 -0.947037 0
    outer loop
      vertex -3.22095 71.0163 6.2
      vertex -3.0847 71.0625 8.2
      vertex -3.22095 71.0163 8.2
    endloop
  endfacet
  facet normal 0.321124 -0.947037 0
    outer loop
      vertex -3.0847 71.0625 8.2
      vertex -3.22095 71.0163 6.2
      vertex -3.0847 71.0625 6.2
    endloop
  endfacet
  facet normal 0.321124 -0.947037 0
    outer loop
      vertex -3.22095 71.0163 4
      vertex -3.0847 71.0625 4.4
      vertex -3.22095 71.0163 4.4
    endloop
  endfacet
  facet normal 0.321124 -0.947037 0
    outer loop
      vertex -3.0847 71.0625 4.4
      vertex -3.22095 71.0163 4
      vertex -3.0847 71.0625 4
    endloop
  endfacet
  facet normal -0.555374 -0.831601 0
    outer loop
      vertex -2.25 70.9526 6.2
      vertex -2.13036 70.8727 8.2
      vertex -2.25 70.9526 8.2
    endloop
  endfacet
  facet normal -0.555374 -0.831601 -0
    outer loop
      vertex -2.13036 70.8727 8.2
      vertex -2.25 70.9526 6.2
      vertex -2.13036 70.8727 6.2
    endloop
  endfacet
  facet normal -0.555374 -0.831601 0
    outer loop
      vertex -2.25 70.9526 4
      vertex -2.13036 70.8727 4.4
      vertex -2.25 70.9526 4.4
    endloop
  endfacet
  facet normal -0.555374 -0.831601 -0
    outer loop
      vertex -2.13036 70.8727 4.4
      vertex -2.25 70.9526 4
      vertex -2.13036 70.8727 4
    endloop
  endfacet
  facet normal -0.195287 -0.980746 0
    outer loop
      vertex -2.65642 71.0906 6.2
      vertex -2.5153 71.0625 8.2
      vertex -2.65642 71.0906 8.2
    endloop
  endfacet
  facet normal -0.195287 -0.980746 -0
    outer loop
      vertex -2.5153 71.0625 8.2
      vertex -2.65642 71.0906 6.2
      vertex -2.5153 71.0625 6.2
    endloop
  endfacet
  facet normal -0.195287 -0.980746 0
    outer loop
      vertex -2.65642 71.0906 4
      vertex -2.5153 71.0625 4.4
      vertex -2.65642 71.0906 4.4
    endloop
  endfacet
  facet normal -0.195287 -0.980746 -0
    outer loop
      vertex -2.5153 71.0625 4.4
      vertex -2.65642 71.0906 4
      vertex -2.5153 71.0625 4
    endloop
  endfacet
  facet normal 0.946967 0.32133 0
    outer loop
      vertex -3.81627 69.579 8.2
      vertex -3.86252 69.7153 6.2
      vertex -3.86252 69.7153 8.2
    endloop
  endfacet
  facet normal 0.946967 0.32133 0
    outer loop
      vertex -3.86252 69.7153 6.2
      vertex -3.81627 69.579 8.2
      vertex -3.81627 69.579 6.2
    endloop
  endfacet
  facet normal 0.946967 0.32133 0
    outer loop
      vertex -3.81627 69.579 4.4
      vertex -3.86252 69.7153 4
      vertex -3.86252 69.7153 4.4
    endloop
  endfacet
  facet normal 0.946967 0.32133 0
    outer loop
      vertex -3.86252 69.7153 4
      vertex -3.81627 69.579 4.4
      vertex -3.81627 69.579 4
    endloop
  endfacet
  facet normal 0.99786 -0.065389 0
    outer loop
      vertex -3.9 70 8.2
      vertex -3.89059 70.1436 6.2
      vertex -3.89059 70.1436 8.2
    endloop
  endfacet
  facet normal 0.99786 -0.065389 0
    outer loop
      vertex -3.89059 70.1436 6.2
      vertex -3.9 70 8.2
      vertex -3.9 70 6.2
    endloop
  endfacet
  facet normal 0.99786 -0.065389 0
    outer loop
      vertex -3.9 70 4.4
      vertex -3.89059 70.1436 4
      vertex -3.89059 70.1436 4.4
    endloop
  endfacet
  facet normal 0.99786 -0.065389 0
    outer loop
      vertex -3.89059 70.1436 4
      vertex -3.9 70 4.4
      vertex -3.9 70 4
    endloop
  endfacet
  facet normal 0.831387 -0.555694 0
    outer loop
      vertex -3.75263 70.55 8.2
      vertex -3.67269 70.6696 6.2
      vertex -3.67269 70.6696 8.2
    endloop
  endfacet
  facet normal 0.831387 -0.555694 0
    outer loop
      vertex -3.67269 70.6696 6.2
      vertex -3.75263 70.55 8.2
      vertex -3.75263 70.55 6.2
    endloop
  endfacet
  facet normal 0.831387 -0.555694 0
    outer loop
      vertex -3.75263 70.55 4.4
      vertex -3.67269 70.6696 4
      vertex -3.67269 70.6696 4.4
    endloop
  endfacet
  facet normal 0.831387 -0.555694 0
    outer loop
      vertex -3.67269 70.6696 4
      vertex -3.75263 70.55 4.4
      vertex -3.75263 70.55 4
    endloop
  endfacet
  facet normal 0.659458 -0.751741 0
    outer loop
      vertex -3.57782 70.7778 6.2
      vertex -3.46964 70.8727 8.2
      vertex -3.57782 70.7778 8.2
    endloop
  endfacet
  facet normal 0.659458 -0.751741 0
    outer loop
      vertex -3.46964 70.8727 8.2
      vertex -3.57782 70.7778 6.2
      vertex -3.46964 70.8727 6.2
    endloop
  endfacet
  facet normal 0.659458 -0.751741 0
    outer loop
      vertex -3.57782 70.7778 4
      vertex -3.46964 70.8727 4.4
      vertex -3.57782 70.7778 4.4
    endloop
  endfacet
  facet normal 0.659458 -0.751741 0
    outer loop
      vertex -3.46964 70.8727 4.4
      vertex -3.57782 70.7778 4
      vertex -3.46964 70.8727 4
    endloop
  endfacet
  facet normal 0.195287 0.980746 -0
    outer loop
      vertex -2.94358 68.9094 6.2
      vertex -3.0847 68.9375 8.2
      vertex -2.94358 68.9094 8.2
    endloop
  endfacet
  facet normal 0.195287 0.980746 0
    outer loop
      vertex -3.0847 68.9375 8.2
      vertex -2.94358 68.9094 6.2
      vertex -3.0847 68.9375 6.2
    endloop
  endfacet
  facet normal 0.195287 0.980746 -0
    outer loop
      vertex -2.94358 68.9094 4
      vertex -3.0847 68.9375 4.4
      vertex -2.94358 68.9094 4.4
    endloop
  endfacet
  facet normal 0.195287 0.980746 0
    outer loop
      vertex -3.0847 68.9375 4.4
      vertex -2.94358 68.9094 4
      vertex -3.0847 68.9375 4
    endloop
  endfacet
  facet normal -0.99786 -0.065389 0
    outer loop
      vertex -1.7 70 6.2
      vertex -1.70941 70.1436 8.2
      vertex -1.70941 70.1436 6.2
    endloop
  endfacet
  facet normal -0.99786 -0.065389 0
    outer loop
      vertex -1.70941 70.1436 8.2
      vertex -1.7 70 6.2
      vertex -1.7 70 8.2
    endloop
  endfacet
  facet normal -0.99786 -0.065389 0
    outer loop
      vertex -1.7 70 4
      vertex -1.70941 70.1436 4.4
      vertex -1.70941 70.1436 4
    endloop
  endfacet
  facet normal -0.99786 -0.065389 0
    outer loop
      vertex -1.70941 70.1436 4.4
      vertex -1.7 70 4
      vertex -1.7 70 4.4
    endloop
  endfacet
  facet normal -0.831387 0.555694 0
    outer loop
      vertex -1.92731 69.3304 6.2
      vertex -1.84737 69.45 8.2
      vertex -1.84737 69.45 6.2
    endloop
  endfacet
  facet normal -0.831387 0.555694 0
    outer loop
      vertex -1.84737 69.45 8.2
      vertex -1.92731 69.3304 6.2
      vertex -1.92731 69.3304 8.2
    endloop
  endfacet
  facet normal -0.831387 0.555694 0
    outer loop
      vertex -1.92731 69.3304 4
      vertex -1.84737 69.45 4.4
      vertex -1.84737 69.45 4
    endloop
  endfacet
  facet normal -0.831387 0.555694 0
    outer loop
      vertex -1.84737 69.45 4.4
      vertex -1.92731 69.3304 4
      vertex -1.92731 69.3304 4.4
    endloop
  endfacet
  facet normal -0.321124 -0.947037 0
    outer loop
      vertex -2.5153 71.0625 6.2
      vertex -2.37905 71.0163 8.2
      vertex -2.5153 71.0625 8.2
    endloop
  endfacet
  facet normal -0.321124 -0.947037 -0
    outer loop
      vertex -2.37905 71.0163 8.2
      vertex -2.5153 71.0625 6.2
      vertex -2.37905 71.0163 6.2
    endloop
  endfacet
  facet normal -0.321124 -0.947037 0
    outer loop
      vertex -2.5153 71.0625 4
      vertex -2.37905 71.0163 4.4
      vertex -2.5153 71.0625 4.4
    endloop
  endfacet
  facet normal -0.321124 -0.947037 -0
    outer loop
      vertex -2.37905 71.0163 4.4
      vertex -2.5153 71.0625 4
      vertex -2.37905 71.0163 4
    endloop
  endfacet
  facet normal -0.751905 -0.659272 0
    outer loop
      vertex -1.92731 70.6696 6.2
      vertex -2.02218 70.7778 8.2
      vertex -2.02218 70.7778 6.2
    endloop
  endfacet
  facet normal -0.751905 -0.659272 0
    outer loop
      vertex -2.02218 70.7778 8.2
      vertex -1.92731 70.6696 6.2
      vertex -1.92731 70.6696 8.2
    endloop
  endfacet
  facet normal -0.751905 -0.659272 0
    outer loop
      vertex -1.92731 70.6696 4
      vertex -2.02218 70.7778 4.4
      vertex -2.02218 70.7778 4
    endloop
  endfacet
  facet normal -0.751905 -0.659272 0
    outer loop
      vertex -2.02218 70.7778 4.4
      vertex -1.92731 70.6696 4
      vertex -1.92731 70.6696 4.4
    endloop
  endfacet
  facet normal -0.442622 0.896708 0
    outer loop
      vertex -2.25 69.0474 6.2
      vertex -2.37905 68.9837 8.2
      vertex -2.25 69.0474 8.2
    endloop
  endfacet
  facet normal -0.442622 0.896708 0
    outer loop
      vertex -2.37905 68.9837 8.2
      vertex -2.25 69.0474 6.2
      vertex -2.37905 68.9837 6.2
    endloop
  endfacet
  facet normal -0.442622 0.896708 0
    outer loop
      vertex -2.25 69.0474 4
      vertex -2.37905 68.9837 4.4
      vertex -2.25 69.0474 4.4
    endloop
  endfacet
  facet normal -0.442622 0.896708 0
    outer loop
      vertex -2.37905 68.9837 4.4
      vertex -2.25 69.0474 4
      vertex -2.37905 68.9837 4
    endloop
  endfacet
  facet normal -0.751905 0.659272 0
    outer loop
      vertex -2.02218 69.2222 6.2
      vertex -1.92731 69.3304 8.2
      vertex -1.92731 69.3304 6.2
    endloop
  endfacet
  facet normal -0.751905 0.659272 0
    outer loop
      vertex -1.92731 69.3304 8.2
      vertex -2.02218 69.2222 6.2
      vertex -2.02218 69.2222 8.2
    endloop
  endfacet
  facet normal -0.751905 0.659272 0
    outer loop
      vertex -2.02218 69.2222 4
      vertex -1.92731 69.3304 4.4
      vertex -1.92731 69.3304 4
    endloop
  endfacet
  facet normal -0.751905 0.659272 0
    outer loop
      vertex -1.92731 69.3304 4.4
      vertex -2.02218 69.2222 4
      vertex -2.02218 69.2222 4.4
    endloop
  endfacet
  facet normal 0.751905 0.659272 0
    outer loop
      vertex -3.57782 69.2222 8.2
      vertex -3.67269 69.3304 6.2
      vertex -3.67269 69.3304 8.2
    endloop
  endfacet
  facet normal 0.751905 0.659272 0
    outer loop
      vertex -3.67269 69.3304 6.2
      vertex -3.57782 69.2222 8.2
      vertex -3.57782 69.2222 6.2
    endloop
  endfacet
  facet normal 0.751905 0.659272 0
    outer loop
      vertex -3.57782 69.2222 4.4
      vertex -3.67269 69.3304 4
      vertex -3.67269 69.3304 4.4
    endloop
  endfacet
  facet normal 0.751905 0.659272 0
    outer loop
      vertex -3.67269 69.3304 4
      vertex -3.57782 69.2222 4.4
      vertex -3.57782 69.2222 4
    endloop
  endfacet
  facet normal -0.659458 -0.751741 0
    outer loop
      vertex -2.13036 70.8727 6.2
      vertex -2.02218 70.7778 8.2
      vertex -2.13036 70.8727 8.2
    endloop
  endfacet
  facet normal -0.659458 -0.751741 -0
    outer loop
      vertex -2.02218 70.7778 8.2
      vertex -2.13036 70.8727 6.2
      vertex -2.02218 70.7778 6.2
    endloop
  endfacet
  facet normal -0.659458 -0.751741 0
    outer loop
      vertex -2.13036 70.8727 4
      vertex -2.02218 70.7778 4.4
      vertex -2.13036 70.8727 4.4
    endloop
  endfacet
  facet normal -0.659458 -0.751741 -0
    outer loop
      vertex -2.02218 70.7778 4.4
      vertex -2.13036 70.8727 4
      vertex -2.02218 70.7778 4
    endloop
  endfacet
  facet normal 0.980781 -0.195113 0
    outer loop
      vertex -3.89059 70.1436 8.2
      vertex -3.86252 70.2847 6.2
      vertex -3.86252 70.2847 8.2
    endloop
  endfacet
  facet normal 0.980781 -0.195113 0
    outer loop
      vertex -3.86252 70.2847 6.2
      vertex -3.89059 70.1436 8.2
      vertex -3.89059 70.1436 6.2
    endloop
  endfacet
  facet normal 0.980781 -0.195113 0
    outer loop
      vertex -3.89059 70.1436 4.4
      vertex -3.86252 70.2847 4
      vertex -3.86252 70.2847 4.4
    endloop
  endfacet
  facet normal 0.980781 -0.195113 0
    outer loop
      vertex -3.86252 70.2847 4
      vertex -3.89059 70.1436 4.4
      vertex -3.89059 70.1436 4
    endloop
  endfacet
  facet normal -0.0653289 0.997864 0
    outer loop
      vertex -2.65642 68.9094 6.2
      vertex -2.8 68.9 8.2
      vertex -2.65642 68.9094 8.2
    endloop
  endfacet
  facet normal -0.0653289 0.997864 0
    outer loop
      vertex -2.8 68.9 8.2
      vertex -2.65642 68.9094 6.2
      vertex -2.8 68.9 6.2
    endloop
  endfacet
  facet normal -0.0653289 0.997864 0
    outer loop
      vertex -2.65642 68.9094 4
      vertex -2.8 68.9 4.4
      vertex -2.65642 68.9094 4.4
    endloop
  endfacet
  facet normal -0.0653289 0.997864 0
    outer loop
      vertex -2.8 68.9 4.4
      vertex -2.65642 68.9094 4
      vertex -2.8 68.9 4
    endloop
  endfacet
  facet normal -0.99786 0.065389 0
    outer loop
      vertex -1.70941 69.8564 6.2
      vertex -1.7 70 8.2
      vertex -1.7 70 6.2
    endloop
  endfacet
  facet normal -0.99786 0.065389 0
    outer loop
      vertex -1.7 70 8.2
      vertex -1.70941 69.8564 6.2
      vertex -1.70941 69.8564 8.2
    endloop
  endfacet
  facet normal -0.99786 0.065389 0
    outer loop
      vertex -1.70941 69.8564 4
      vertex -1.7 70 4.4
      vertex -1.7 70 4
    endloop
  endfacet
  facet normal -0.99786 0.065389 0
    outer loop
      vertex -1.7 70 4.4
      vertex -1.70941 69.8564 4
      vertex -1.70941 69.8564 4.4
    endloop
  endfacet
  facet normal -0.831387 -0.555694 0
    outer loop
      vertex -1.84737 70.55 6.2
      vertex -1.92731 70.6696 8.2
      vertex -1.92731 70.6696 6.2
    endloop
  endfacet
  facet normal -0.831387 -0.555694 0
    outer loop
      vertex -1.92731 70.6696 8.2
      vertex -1.84737 70.55 6.2
      vertex -1.84737 70.55 8.2
    endloop
  endfacet
  facet normal -0.831387 -0.555694 0
    outer loop
      vertex -1.84737 70.55 4
      vertex -1.92731 70.6696 4.4
      vertex -1.92731 70.6696 4
    endloop
  endfacet
  facet normal -0.831387 -0.555694 0
    outer loop
      vertex -1.92731 70.6696 4.4
      vertex -1.84737 70.55 4
      vertex -1.84737 70.55 4.4
    endloop
  endfacet
  facet normal -0.946967 -0.32133 0
    outer loop
      vertex -1.73748 70.2847 6.2
      vertex -1.78373 70.421 8.2
      vertex -1.78373 70.421 6.2
    endloop
  endfacet
  facet normal -0.946967 -0.32133 0
    outer loop
      vertex -1.78373 70.421 8.2
      vertex -1.73748 70.2847 6.2
      vertex -1.73748 70.2847 8.2
    endloop
  endfacet
  facet normal -0.946967 -0.32133 0
    outer loop
      vertex -1.73748 70.2847 4
      vertex -1.78373 70.421 4.4
      vertex -1.78373 70.421 4
    endloop
  endfacet
  facet normal -0.946967 -0.32133 0
    outer loop
      vertex -1.78373 70.421 4.4
      vertex -1.73748 70.2847 4
      vertex -1.73748 70.2847 4.4
    endloop
  endfacet
  facet normal 0.195287 -0.980746 0
    outer loop
      vertex -3.0847 71.0625 6.2
      vertex -2.94358 71.0906 8.2
      vertex -3.0847 71.0625 8.2
    endloop
  endfacet
  facet normal 0.195287 -0.980746 0
    outer loop
      vertex -2.94358 71.0906 8.2
      vertex -3.0847 71.0625 6.2
      vertex -2.94358 71.0906 6.2
    endloop
  endfacet
  facet normal 0.195287 -0.980746 0
    outer loop
      vertex -3.0847 71.0625 4
      vertex -2.94358 71.0906 4.4
      vertex -3.0847 71.0625 4.4
    endloop
  endfacet
  facet normal 0.195287 -0.980746 0
    outer loop
      vertex -2.94358 71.0906 4.4
      vertex -3.0847 71.0625 4
      vertex -2.94358 71.0906 4
    endloop
  endfacet
  facet normal 0.321124 0.947037 -0
    outer loop
      vertex -3.0847 68.9375 6.2
      vertex -3.22095 68.9837 8.2
      vertex -3.0847 68.9375 8.2
    endloop
  endfacet
  facet normal 0.321124 0.947037 0
    outer loop
      vertex -3.22095 68.9837 8.2
      vertex -3.0847 68.9375 6.2
      vertex -3.22095 68.9837 6.2
    endloop
  endfacet
  facet normal 0.321124 0.947037 -0
    outer loop
      vertex -3.0847 68.9375 4
      vertex -3.22095 68.9837 4.4
      vertex -3.0847 68.9375 4.4
    endloop
  endfacet
  facet normal 0.321124 0.947037 0
    outer loop
      vertex -3.22095 68.9837 4.4
      vertex -3.0847 68.9375 4
      vertex -3.22095 68.9837 4
    endloop
  endfacet
  facet normal -0.321124 0.947037 0
    outer loop
      vertex -2.37905 68.9837 6.2
      vertex -2.5153 68.9375 8.2
      vertex -2.37905 68.9837 8.2
    endloop
  endfacet
  facet normal -0.321124 0.947037 0
    outer loop
      vertex -2.5153 68.9375 8.2
      vertex -2.37905 68.9837 6.2
      vertex -2.5153 68.9375 6.2
    endloop
  endfacet
  facet normal -0.321124 0.947037 0
    outer loop
      vertex -2.37905 68.9837 4
      vertex -2.5153 68.9375 4.4
      vertex -2.37905 68.9837 4.4
    endloop
  endfacet
  facet normal -0.321124 0.947037 0
    outer loop
      vertex -2.5153 68.9375 4.4
      vertex -2.37905 68.9837 4
      vertex -2.5153 68.9375 4
    endloop
  endfacet
  facet normal -0.980781 0.195113 0
    outer loop
      vertex -1.73748 69.7153 6.2
      vertex -1.70941 69.8564 8.2
      vertex -1.70941 69.8564 6.2
    endloop
  endfacet
  facet normal -0.980781 0.195113 0
    outer loop
      vertex -1.70941 69.8564 8.2
      vertex -1.73748 69.7153 6.2
      vertex -1.73748 69.7153 8.2
    endloop
  endfacet
  facet normal -0.980781 0.195113 0
    outer loop
      vertex -1.73748 69.7153 4
      vertex -1.70941 69.8564 4.4
      vertex -1.70941 69.8564 4
    endloop
  endfacet
  facet normal -0.980781 0.195113 0
    outer loop
      vertex -1.70941 69.8564 4.4
      vertex -1.73748 69.7153 4
      vertex -1.73748 69.7153 4.4
    endloop
  endfacet
  facet normal -0.442622 -0.896708 0
    outer loop
      vertex -2.37905 71.0163 6.2
      vertex -2.25 70.9526 8.2
      vertex -2.37905 71.0163 8.2
    endloop
  endfacet
  facet normal -0.442622 -0.896708 -0
    outer loop
      vertex -2.25 70.9526 8.2
      vertex -2.37905 71.0163 6.2
      vertex -2.25 70.9526 6.2
    endloop
  endfacet
  facet normal -0.442622 -0.896708 0
    outer loop
      vertex -2.37905 71.0163 4
      vertex -2.25 70.9526 4.4
      vertex -2.37905 71.0163 4.4
    endloop
  endfacet
  facet normal -0.442622 -0.896708 -0
    outer loop
      vertex -2.25 70.9526 4.4
      vertex -2.37905 71.0163 4
      vertex -2.25 70.9526 4
    endloop
  endfacet
  facet normal -0.0653289 -0.997864 0
    outer loop
      vertex -2.8 71.1 6.2
      vertex -2.65642 71.0906 8.2
      vertex -2.8 71.1 8.2
    endloop
  endfacet
  facet normal -0.0653289 -0.997864 -0
    outer loop
      vertex -2.65642 71.0906 8.2
      vertex -2.8 71.1 6.2
      vertex -2.65642 71.0906 6.2
    endloop
  endfacet
  facet normal -0.0653289 -0.997864 0
    outer loop
      vertex -2.8 71.1 4
      vertex -2.65642 71.0906 4.4
      vertex -2.8 71.1 4.4
    endloop
  endfacet
  facet normal -0.0653289 -0.997864 -0
    outer loop
      vertex -2.65642 71.0906 4.4
      vertex -2.8 71.1 4
      vertex -2.65642 71.0906 4
    endloop
  endfacet
  facet normal 0.0653289 -0.997864 0
    outer loop
      vertex -2.94358 71.0906 6.2
      vertex -2.8 71.1 8.2
      vertex -2.94358 71.0906 8.2
    endloop
  endfacet
  facet normal 0.0653289 -0.997864 0
    outer loop
      vertex -2.8 71.1 8.2
      vertex -2.94358 71.0906 6.2
      vertex -2.8 71.1 6.2
    endloop
  endfacet
  facet normal 0.0653289 -0.997864 0
    outer loop
      vertex -2.94358 71.0906 4
      vertex -2.8 71.1 4.4
      vertex -2.94358 71.0906 4.4
    endloop
  endfacet
  facet normal 0.0653289 -0.997864 0
    outer loop
      vertex -2.8 71.1 4.4
      vertex -2.94358 71.0906 4
      vertex -2.8 71.1 4
    endloop
  endfacet
  facet normal 0.946967 -0.32133 0
    outer loop
      vertex -3.86252 70.2847 8.2
      vertex -3.81627 70.421 6.2
      vertex -3.81627 70.421 8.2
    endloop
  endfacet
  facet normal 0.946967 -0.32133 0
    outer loop
      vertex -3.81627 70.421 6.2
      vertex -3.86252 70.2847 8.2
      vertex -3.86252 70.2847 6.2
    endloop
  endfacet
  facet normal 0.946967 -0.32133 0
    outer loop
      vertex -3.86252 70.2847 4.4
      vertex -3.81627 70.421 4
      vertex -3.81627 70.421 4.4
    endloop
  endfacet
  facet normal 0.946967 -0.32133 0
    outer loop
      vertex -3.81627 70.421 4
      vertex -3.86252 70.2847 4.4
      vertex -3.86252 70.2847 4
    endloop
  endfacet
  facet normal 0.980781 0.195113 0
    outer loop
      vertex -3.86252 69.7153 8.2
      vertex -3.89059 69.8564 6.2
      vertex -3.89059 69.8564 8.2
    endloop
  endfacet
  facet normal 0.980781 0.195113 0
    outer loop
      vertex -3.89059 69.8564 6.2
      vertex -3.86252 69.7153 8.2
      vertex -3.86252 69.7153 6.2
    endloop
  endfacet
  facet normal 0.980781 0.195113 0
    outer loop
      vertex -3.86252 69.7153 4.4
      vertex -3.89059 69.8564 4
      vertex -3.89059 69.8564 4.4
    endloop
  endfacet
  facet normal 0.980781 0.195113 0
    outer loop
      vertex -3.89059 69.8564 4
      vertex -3.86252 69.7153 4.4
      vertex -3.86252 69.7153 4
    endloop
  endfacet
  facet normal -0.195287 0.980746 0
    outer loop
      vertex -2.5153 68.9375 6.2
      vertex -2.65642 68.9094 8.2
      vertex -2.5153 68.9375 8.2
    endloop
  endfacet
  facet normal -0.195287 0.980746 0
    outer loop
      vertex -2.65642 68.9094 8.2
      vertex -2.5153 68.9375 6.2
      vertex -2.65642 68.9094 6.2
    endloop
  endfacet
  facet normal -0.195287 0.980746 0
    outer loop
      vertex -2.5153 68.9375 4
      vertex -2.65642 68.9094 4.4
      vertex -2.5153 68.9375 4.4
    endloop
  endfacet
  facet normal -0.195287 0.980746 0
    outer loop
      vertex -2.65642 68.9094 4.4
      vertex -2.5153 68.9375 4
      vertex -2.65642 68.9094 4
    endloop
  endfacet
  facet normal 0.751905 -0.659272 0
    outer loop
      vertex -3.67269 70.6696 8.2
      vertex -3.57782 70.7778 6.2
      vertex -3.57782 70.7778 8.2
    endloop
  endfacet
  facet normal 0.751905 -0.659272 0
    outer loop
      vertex -3.57782 70.7778 6.2
      vertex -3.67269 70.6696 8.2
      vertex -3.67269 70.6696 6.2
    endloop
  endfacet
  facet normal 0.751905 -0.659272 0
    outer loop
      vertex -3.67269 70.6696 4.4
      vertex -3.57782 70.7778 4
      vertex -3.57782 70.7778 4.4
    endloop
  endfacet
  facet normal 0.751905 -0.659272 0
    outer loop
      vertex -3.57782 70.7778 4
      vertex -3.67269 70.6696 4.4
      vertex -3.67269 70.6696 4
    endloop
  endfacet
  facet normal -0.896806 0.442424 0
    outer loop
      vertex -1.84737 69.45 6.2
      vertex -1.78373 69.579 8.2
      vertex -1.78373 69.579 6.2
    endloop
  endfacet
  facet normal -0.896806 0.442424 0
    outer loop
      vertex -1.78373 69.579 8.2
      vertex -1.84737 69.45 6.2
      vertex -1.84737 69.45 8.2
    endloop
  endfacet
  facet normal -0.896806 0.442424 0
    outer loop
      vertex -1.84737 69.45 4
      vertex -1.78373 69.579 4.4
      vertex -1.78373 69.579 4
    endloop
  endfacet
  facet normal -0.896806 0.442424 0
    outer loop
      vertex -1.78373 69.579 4.4
      vertex -1.84737 69.45 4
      vertex -1.84737 69.45 4.4
    endloop
  endfacet
  facet normal 0.442622 0.896708 -0
    outer loop
      vertex -3.22095 68.9837 6.2
      vertex -3.35 69.0474 8.2
      vertex -3.22095 68.9837 8.2
    endloop
  endfacet
  facet normal 0.442622 0.896708 0
    outer loop
      vertex -3.35 69.0474 8.2
      vertex -3.22095 68.9837 6.2
      vertex -3.35 69.0474 6.2
    endloop
  endfacet
  facet normal 0.442622 0.896708 -0
    outer loop
      vertex -3.22095 68.9837 4
      vertex -3.35 69.0474 4.4
      vertex -3.22095 68.9837 4.4
    endloop
  endfacet
  facet normal 0.442622 0.896708 0
    outer loop
      vertex -3.35 69.0474 4.4
      vertex -3.22095 68.9837 4
      vertex -3.35 69.0474 4
    endloop
  endfacet
  facet normal 0.442622 -0.896708 0
    outer loop
      vertex -3.35 70.9526 6.2
      vertex -3.22095 71.0163 8.2
      vertex -3.35 70.9526 8.2
    endloop
  endfacet
  facet normal 0.442622 -0.896708 0
    outer loop
      vertex -3.22095 71.0163 8.2
      vertex -3.35 70.9526 6.2
      vertex -3.22095 71.0163 6.2
    endloop
  endfacet
  facet normal 0.442622 -0.896708 0
    outer loop
      vertex -3.35 70.9526 4
      vertex -3.22095 71.0163 4.4
      vertex -3.35 70.9526 4.4
    endloop
  endfacet
  facet normal 0.442622 -0.896708 0
    outer loop
      vertex -3.22095 71.0163 4.4
      vertex -3.35 70.9526 4
      vertex -3.22095 71.0163 4
    endloop
  endfacet
  facet normal -0.896806 -0.442424 0
    outer loop
      vertex -1.78373 70.421 6.2
      vertex -1.84737 70.55 8.2
      vertex -1.84737 70.55 6.2
    endloop
  endfacet
  facet normal -0.896806 -0.442424 0
    outer loop
      vertex -1.84737 70.55 8.2
      vertex -1.78373 70.421 6.2
      vertex -1.78373 70.421 8.2
    endloop
  endfacet
  facet normal -0.896806 -0.442424 0
    outer loop
      vertex -1.78373 70.421 4
      vertex -1.84737 70.55 4.4
      vertex -1.84737 70.55 4
    endloop
  endfacet
  facet normal -0.896806 -0.442424 0
    outer loop
      vertex -1.84737 70.55 4.4
      vertex -1.78373 70.421 4
      vertex -1.78373 70.421 4.4
    endloop
  endfacet
  facet normal 0.831387 0.555694 0
    outer loop
      vertex -3.67269 69.3304 8.2
      vertex -3.75263 69.45 6.2
      vertex -3.75263 69.45 8.2
    endloop
  endfacet
  facet normal 0.831387 0.555694 0
    outer loop
      vertex -3.75263 69.45 6.2
      vertex -3.67269 69.3304 8.2
      vertex -3.67269 69.3304 6.2
    endloop
  endfacet
  facet normal 0.831387 0.555694 0
    outer loop
      vertex -3.67269 69.3304 4.4
      vertex -3.75263 69.45 4
      vertex -3.75263 69.45 4.4
    endloop
  endfacet
  facet normal 0.831387 0.555694 0
    outer loop
      vertex -3.75263 69.45 4
      vertex -3.67269 69.3304 4.4
      vertex -3.67269 69.3304 4
    endloop
  endfacet
  facet normal 0.99786 0.065389 0
    outer loop
      vertex -3.89059 69.8564 8.2
      vertex -3.9 70 6.2
      vertex -3.9 70 8.2
    endloop
  endfacet
  facet normal 0.99786 0.065389 0
    outer loop
      vertex -3.9 70 6.2
      vertex -3.89059 69.8564 8.2
      vertex -3.89059 69.8564 6.2
    endloop
  endfacet
  facet normal 0.99786 0.065389 0
    outer loop
      vertex -3.89059 69.8564 4.4
      vertex -3.9 70 4
      vertex -3.9 70 4.4
    endloop
  endfacet
  facet normal 0.99786 0.065389 0
    outer loop
      vertex -3.9 70 4
      vertex -3.89059 69.8564 4.4
      vertex -3.89059 69.8564 4
    endloop
  endfacet
  facet normal -0.659458 0.751741 0
    outer loop
      vertex -2.02218 69.2222 6.2
      vertex -2.13036 69.1273 8.2
      vertex -2.02218 69.2222 8.2
    endloop
  endfacet
  facet normal -0.659458 0.751741 0
    outer loop
      vertex -2.13036 69.1273 8.2
      vertex -2.02218 69.2222 6.2
      vertex -2.13036 69.1273 6.2
    endloop
  endfacet
  facet normal -0.659458 0.751741 0
    outer loop
      vertex -2.02218 69.2222 4
      vertex -2.13036 69.1273 4.4
      vertex -2.02218 69.2222 4.4
    endloop
  endfacet
  facet normal -0.659458 0.751741 0
    outer loop
      vertex -2.13036 69.1273 4.4
      vertex -2.02218 69.2222 4
      vertex -2.13036 69.1273 4
    endloop
  endfacet
  facet normal 0.659458 0.751741 -0
    outer loop
      vertex -3.46964 69.1273 6.2
      vertex -3.57782 69.2222 8.2
      vertex -3.46964 69.1273 8.2
    endloop
  endfacet
  facet normal 0.659458 0.751741 0
    outer loop
      vertex -3.57782 69.2222 8.2
      vertex -3.46964 69.1273 6.2
      vertex -3.57782 69.2222 6.2
    endloop
  endfacet
  facet normal 0.659458 0.751741 -0
    outer loop
      vertex -3.46964 69.1273 4
      vertex -3.57782 69.2222 4.4
      vertex -3.46964 69.1273 4.4
    endloop
  endfacet
  facet normal 0.659458 0.751741 0
    outer loop
      vertex -3.57782 69.2222 4.4
      vertex -3.46964 69.1273 4
      vertex -3.57782 69.2222 4
    endloop
  endfacet
  facet normal 0.555374 -0.831601 0
    outer loop
      vertex -3.46964 70.8727 6.2
      vertex -3.35 70.9526 8.2
      vertex -3.46964 70.8727 8.2
    endloop
  endfacet
  facet normal 0.555374 -0.831601 0
    outer loop
      vertex -3.35 70.9526 8.2
      vertex -3.46964 70.8727 6.2
      vertex -3.35 70.9526 6.2
    endloop
  endfacet
  facet normal 0.555374 -0.831601 0
    outer loop
      vertex -3.46964 70.8727 4
      vertex -3.35 70.9526 4.4
      vertex -3.46964 70.8727 4.4
    endloop
  endfacet
  facet normal 0.555374 -0.831601 0
    outer loop
      vertex -3.35 70.9526 4.4
      vertex -3.46964 70.8727 4
      vertex -3.35 70.9526 4
    endloop
  endfacet
  facet normal -0.946967 0.32133 0
    outer loop
      vertex -1.78373 69.579 6.2
      vertex -1.73748 69.7153 8.2
      vertex -1.73748 69.7153 6.2
    endloop
  endfacet
  facet normal -0.946967 0.32133 0
    outer loop
      vertex -1.73748 69.7153 8.2
      vertex -1.78373 69.579 6.2
      vertex -1.78373 69.579 8.2
    endloop
  endfacet
  facet normal -0.946967 0.32133 0
    outer loop
      vertex -1.78373 69.579 4
      vertex -1.73748 69.7153 4.4
      vertex -1.73748 69.7153 4
    endloop
  endfacet
  facet normal -0.946967 0.32133 0
    outer loop
      vertex -1.73748 69.7153 4.4
      vertex -1.78373 69.579 4
      vertex -1.78373 69.579 4.4
    endloop
  endfacet
  facet normal -0.555374 0.831601 0
    outer loop
      vertex -2.13036 69.1273 6.2
      vertex -2.25 69.0474 8.2
      vertex -2.13036 69.1273 8.2
    endloop
  endfacet
  facet normal -0.555374 0.831601 0
    outer loop
      vertex -2.25 69.0474 8.2
      vertex -2.13036 69.1273 6.2
      vertex -2.25 69.0474 6.2
    endloop
  endfacet
  facet normal -0.555374 0.831601 0
    outer loop
      vertex -2.13036 69.1273 4
      vertex -2.25 69.0474 4.4
      vertex -2.13036 69.1273 4.4
    endloop
  endfacet
  facet normal -0.555374 0.831601 0
    outer loop
      vertex -2.25 69.0474 4.4
      vertex -2.13036 69.1273 4
      vertex -2.25 69.0474 4
    endloop
  endfacet
  facet normal 0.896806 0.442424 0
    outer loop
      vertex -3.75263 69.45 8.2
      vertex -3.81627 69.579 6.2
      vertex -3.81627 69.579 8.2
    endloop
  endfacet
  facet normal 0.896806 0.442424 0
    outer loop
      vertex -3.81627 69.579 6.2
      vertex -3.75263 69.45 8.2
      vertex -3.75263 69.45 6.2
    endloop
  endfacet
  facet normal 0.896806 0.442424 0
    outer loop
      vertex -3.75263 69.45 4.4
      vertex -3.81627 69.579 4
      vertex -3.81627 69.579 4.4
    endloop
  endfacet
  facet normal 0.896806 0.442424 0
    outer loop
      vertex -3.81627 69.579 4
      vertex -3.75263 69.45 4.4
      vertex -3.75263 69.45 4
    endloop
  endfacet
  facet normal 0.831194 -0.555983 0
    outer loop
      vertex 166.347 22.55 8.2
      vertex 166.427 22.6696 6.2
      vertex 166.427 22.6696 8.2
    endloop
  endfacet
  facet normal 0.831194 -0.555983 0
    outer loop
      vertex 166.427 22.6696 6.2
      vertex 166.347 22.55 8.2
      vertex 166.347 22.55 6.2
    endloop
  endfacet
  facet normal 0.831194 -0.555983 0
    outer loop
      vertex 166.347 22.55 4.4
      vertex 166.427 22.6696 4
      vertex 166.427 22.6696 4.4
    endloop
  endfacet
  facet normal 0.831194 -0.555983 0
    outer loop
      vertex 166.427 22.6696 4
      vertex 166.347 22.55 4.4
      vertex 166.347 22.55 4
    endloop
  endfacet
  facet normal -0.660079 0.751196 0
    outer loop
      vertex 168.078 21.2222 6.2
      vertex 167.97 21.1273 8.2
      vertex 168.078 21.2222 8.2
    endloop
  endfacet
  facet normal -0.660079 0.751196 0
    outer loop
      vertex 167.97 21.1273 8.2
      vertex 168.078 21.2222 6.2
      vertex 167.97 21.1273 6.2
    endloop
  endfacet
  facet normal -0.660079 0.751196 0
    outer loop
      vertex 168.078 21.2222 4
      vertex 167.97 21.1273 4.4
      vertex 168.078 21.2222 4.4
    endloop
  endfacet
  facet normal -0.660079 0.751196 0
    outer loop
      vertex 167.97 21.1273 4.4
      vertex 168.078 21.2222 4
      vertex 167.97 21.1273 4
    endloop
  endfacet
  facet normal -0.831194 -0.555983 0
    outer loop
      vertex 168.253 22.55 6.2
      vertex 168.173 22.6696 8.2
      vertex 168.173 22.6696 6.2
    endloop
  endfacet
  facet normal -0.831194 -0.555983 0
    outer loop
      vertex 168.173 22.6696 8.2
      vertex 168.253 22.55 6.2
      vertex 168.253 22.55 8.2
    endloop
  endfacet
  facet normal -0.831194 -0.555983 0
    outer loop
      vertex 168.253 22.55 4
      vertex 168.173 22.6696 4.4
      vertex 168.173 22.6696 4
    endloop
  endfacet
  facet normal -0.831194 -0.555983 0
    outer loop
      vertex 168.173 22.6696 4.4
      vertex 168.253 22.55 4
      vertex 168.253 22.55 4.4
    endloop
  endfacet
  facet normal 0.980874 0.194645 0
    outer loop
      vertex 166.237 21.7153 8.2
      vertex 166.209 21.8564 6.2
      vertex 166.209 21.8564 8.2
    endloop
  endfacet
  facet normal 0.980874 0.194645 0
    outer loop
      vertex 166.209 21.8564 6.2
      vertex 166.237 21.7153 8.2
      vertex 166.237 21.7153 6.2
    endloop
  endfacet
  facet normal 0.980874 0.194645 0
    outer loop
      vertex 166.237 21.7153 4.4
      vertex 166.209 21.8564 4
      vertex 166.209 21.8564 4.4
    endloop
  endfacet
  facet normal 0.980874 0.194645 0
    outer loop
      vertex 166.209 21.8564 4
      vertex 166.237 21.7153 4.4
      vertex 166.237 21.7153 4
    endloop
  endfacet
  facet normal -0.945373 -0.325991 0
    outer loop
      vertex 168.363 22.2847 6.2
      vertex 168.316 22.421 8.2
      vertex 168.316 22.421 6.2
    endloop
  endfacet
  facet normal -0.945373 -0.325991 0
    outer loop
      vertex 168.316 22.421 8.2
      vertex 168.363 22.2847 6.2
      vertex 168.363 22.2847 8.2
    endloop
  endfacet
  facet normal -0.945373 -0.325991 0
    outer loop
      vertex 168.363 22.2847 4
      vertex 168.316 22.421 4.4
      vertex 168.316 22.421 4
    endloop
  endfacet
  facet normal -0.945373 -0.325991 0
    outer loop
      vertex 168.316 22.421 4.4
      vertex 168.363 22.2847 4
      vertex 168.363 22.2847 4.4
    endloop
  endfacet
  facet normal -0.998042 -0.0625514 0
    outer loop
      vertex 168.4 22 6.2
      vertex 168.391 22.1436 8.2
      vertex 168.391 22.1436 6.2
    endloop
  endfacet
  facet normal -0.998042 -0.0625514 0
    outer loop
      vertex 168.391 22.1436 8.2
      vertex 168.4 22 6.2
      vertex 168.4 22 8.2
    endloop
  endfacet
  facet normal -0.998042 -0.0625514 0
    outer loop
      vertex 168.4 22 4
      vertex 168.391 22.1436 4.4
      vertex 168.391 22.1436 4
    endloop
  endfacet
  facet normal -0.998042 -0.0625514 0
    outer loop
      vertex 168.391 22.1436 4.4
      vertex 168.4 22 4
      vertex 168.4 22 4.4
    endloop
  endfacet
  facet normal 0.945373 0.325991 0
    outer loop
      vertex 166.284 21.579 8.2
      vertex 166.237 21.7153 6.2
      vertex 166.237 21.7153 8.2
    endloop
  endfacet
  facet normal 0.945373 0.325991 0
    outer loop
      vertex 166.237 21.7153 6.2
      vertex 166.284 21.579 8.2
      vertex 166.284 21.579 6.2
    endloop
  endfacet
  facet normal 0.945373 0.325991 0
    outer loop
      vertex 166.284 21.579 4.4
      vertex 166.237 21.7153 4
      vertex 166.237 21.7153 4.4
    endloop
  endfacet
  facet normal 0.945373 0.325991 0
    outer loop
      vertex 166.237 21.7153 4
      vertex 166.284 21.579 4.4
      vertex 166.284 21.579 4
    endloop
  endfacet
  facet normal -0.945373 0.325991 0
    outer loop
      vertex 168.316 21.579 6.2
      vertex 168.363 21.7153 8.2
      vertex 168.363 21.7153 6.2
    endloop
  endfacet
  facet normal -0.945373 0.325991 0
    outer loop
      vertex 168.363 21.7153 8.2
      vertex 168.316 21.579 6.2
      vertex 168.316 21.579 8.2
    endloop
  endfacet
  facet normal -0.945373 0.325991 0
    outer loop
      vertex 168.316 21.579 4
      vertex 168.363 21.7153 4.4
      vertex 168.363 21.7153 4
    endloop
  endfacet
  facet normal -0.945373 0.325991 0
    outer loop
      vertex 168.363 21.7153 4.4
      vertex 168.316 21.579 4
      vertex 168.316 21.579 4.4
    endloop
  endfacet
  facet normal -0.0651391 -0.997876 0
    outer loop
      vertex 167.3 23.1 6.2
      vertex 167.444 23.0906 8.2
      vertex 167.3 23.1 8.2
    endloop
  endfacet
  facet normal -0.0651391 -0.997876 -0
    outer loop
      vertex 167.444 23.0906 8.2
      vertex 167.3 23.1 6.2
      vertex 167.444 23.0906 6.2
    endloop
  endfacet
  facet normal -0.0651391 -0.997876 0
    outer loop
      vertex 167.3 23.1 4
      vertex 167.444 23.0906 4.4
      vertex 167.3 23.1 4.4
    endloop
  endfacet
  facet normal -0.0651391 -0.997876 -0
    outer loop
      vertex 167.444 23.0906 4.4
      vertex 167.3 23.1 4
      vertex 167.444 23.0906 4
    endloop
  endfacet
  facet normal -0.660079 -0.751196 0
    outer loop
      vertex 167.97 22.8727 6.2
      vertex 168.078 22.7778 8.2
      vertex 167.97 22.8727 8.2
    endloop
  endfacet
  facet normal -0.660079 -0.751196 -0
    outer loop
      vertex 168.078 22.7778 8.2
      vertex 167.97 22.8727 6.2
      vertex 168.078 22.7778 6.2
    endloop
  endfacet
  facet normal -0.660079 -0.751196 0
    outer loop
      vertex 167.97 22.8727 4
      vertex 168.078 22.7778 4.4
      vertex 167.97 22.8727 4.4
    endloop
  endfacet
  facet normal -0.660079 -0.751196 -0
    outer loop
      vertex 168.078 22.7778 4.4
      vertex 167.97 22.8727 4
      vertex 168.078 22.7778 4
    endloop
  endfacet
  facet normal -0.980874 -0.194645 0
    outer loop
      vertex 168.391 22.1436 6.2
      vertex 168.363 22.2847 8.2
      vertex 168.363 22.2847 6.2
    endloop
  endfacet
  facet normal -0.980874 -0.194645 0
    outer loop
      vertex 168.363 22.2847 8.2
      vertex 168.391 22.1436 6.2
      vertex 168.391 22.1436 8.2
    endloop
  endfacet
  facet normal -0.980874 -0.194645 0
    outer loop
      vertex 168.391 22.1436 4
      vertex 168.363 22.2847 4.4
      vertex 168.363 22.2847 4
    endloop
  endfacet
  facet normal -0.980874 -0.194645 0
    outer loop
      vertex 168.363 22.2847 4.4
      vertex 168.391 22.1436 4
      vertex 168.391 22.1436 4.4
    endloop
  endfacet
  facet normal 0.751457 -0.659782 0
    outer loop
      vertex 166.427 22.6696 8.2
      vertex 166.522 22.7778 6.2
      vertex 166.522 22.7778 8.2
    endloop
  endfacet
  facet normal 0.751457 -0.659782 0
    outer loop
      vertex 166.522 22.7778 6.2
      vertex 166.427 22.6696 8.2
      vertex 166.427 22.6696 6.2
    endloop
  endfacet
  facet normal 0.751457 -0.659782 0
    outer loop
      vertex 166.427 22.6696 4.4
      vertex 166.522 22.7778 4
      vertex 166.522 22.7778 4.4
    endloop
  endfacet
  facet normal 0.751457 -0.659782 0
    outer loop
      vertex 166.522 22.7778 4
      vertex 166.427 22.6696 4.4
      vertex 166.427 22.6696 4
    endloop
  endfacet
  facet normal -0.195447 0.980714 0
    outer loop
      vertex 167.585 20.9375 6.2
      vertex 167.444 20.9094 8.2
      vertex 167.585 20.9375 8.2
    endloop
  endfacet
  facet normal -0.195447 0.980714 0
    outer loop
      vertex 167.444 20.9094 8.2
      vertex 167.585 20.9375 6.2
      vertex 167.444 20.9094 6.2
    endloop
  endfacet
  facet normal -0.195447 0.980714 0
    outer loop
      vertex 167.585 20.9375 4
      vertex 167.444 20.9094 4.4
      vertex 167.585 20.9375 4.4
    endloop
  endfacet
  facet normal -0.195447 0.980714 0
    outer loop
      vertex 167.444 20.9094 4.4
      vertex 167.585 20.9375 4
      vertex 167.444 20.9094 4
    endloop
  endfacet
  facet normal 0.660079 -0.751196 0
    outer loop
      vertex 166.522 22.7778 6.2
      vertex 166.63 22.8727 8.2
      vertex 166.522 22.7778 8.2
    endloop
  endfacet
  facet normal 0.660079 -0.751196 0
    outer loop
      vertex 166.63 22.8727 8.2
      vertex 166.522 22.7778 6.2
      vertex 166.63 22.8727 6.2
    endloop
  endfacet
  facet normal 0.660079 -0.751196 0
    outer loop
      vertex 166.522 22.7778 4
      vertex 166.63 22.8727 4.4
      vertex 166.522 22.7778 4.4
    endloop
  endfacet
  facet normal 0.660079 -0.751196 0
    outer loop
      vertex 166.63 22.8727 4.4
      vertex 166.522 22.7778 4
      vertex 166.63 22.8727 4
    endloop
  endfacet
  facet normal -0.321653 -0.946858 0
    outer loop
      vertex 167.585 23.0625 6.2
      vertex 167.721 23.0163 8.2
      vertex 167.585 23.0625 8.2
    endloop
  endfacet
  facet normal -0.321653 -0.946858 -0
    outer loop
      vertex 167.721 23.0163 8.2
      vertex 167.585 23.0625 6.2
      vertex 167.721 23.0163 6.2
    endloop
  endfacet
  facet normal -0.321653 -0.946858 0
    outer loop
      vertex 167.585 23.0625 4
      vertex 167.721 23.0163 4.4
      vertex 167.585 23.0625 4.4
    endloop
  endfacet
  facet normal -0.321653 -0.946858 -0
    outer loop
      vertex 167.721 23.0163 4.4
      vertex 167.585 23.0625 4
      vertex 167.721 23.0163 4
    endloop
  endfacet
  facet normal -0.980874 0.194645 0
    outer loop
      vertex 168.363 21.7153 6.2
      vertex 168.391 21.8564 8.2
      vertex 168.391 21.8564 6.2
    endloop
  endfacet
  facet normal -0.980874 0.194645 0
    outer loop
      vertex 168.391 21.8564 8.2
      vertex 168.363 21.7153 6.2
      vertex 168.363 21.7153 8.2
    endloop
  endfacet
  facet normal -0.980874 0.194645 0
    outer loop
      vertex 168.363 21.7153 4
      vertex 168.391 21.8564 4.4
      vertex 168.391 21.8564 4
    endloop
  endfacet
  facet normal -0.980874 0.194645 0
    outer loop
      vertex 168.391 21.8564 4.4
      vertex 168.363 21.7153 4
      vertex 168.363 21.7153 4.4
    endloop
  endfacet
  facet normal -0.831194 0.555983 0
    outer loop
      vertex 168.173 21.3304 6.2
      vertex 168.253 21.45 8.2
      vertex 168.253 21.45 6.2
    endloop
  endfacet
  facet normal -0.831194 0.555983 0
    outer loop
      vertex 168.253 21.45 8.2
      vertex 168.173 21.3304 6.2
      vertex 168.173 21.3304 8.2
    endloop
  endfacet
  facet normal -0.831194 0.555983 0
    outer loop
      vertex 168.173 21.3304 4
      vertex 168.253 21.45 4.4
      vertex 168.253 21.45 4
    endloop
  endfacet
  facet normal -0.831194 0.555983 0
    outer loop
      vertex 168.253 21.45 4.4
      vertex 168.173 21.3304 4
      vertex 168.173 21.3304 4.4
    endloop
  endfacet
  facet normal -0.195447 -0.980714 0
    outer loop
      vertex 167.444 23.0906 6.2
      vertex 167.585 23.0625 8.2
      vertex 167.444 23.0906 8.2
    endloop
  endfacet
  facet normal -0.195447 -0.980714 -0
    outer loop
      vertex 167.585 23.0625 8.2
      vertex 167.444 23.0906 6.2
      vertex 167.585 23.0625 6.2
    endloop
  endfacet
  facet normal -0.195447 -0.980714 0
    outer loop
      vertex 167.444 23.0906 4
      vertex 167.585 23.0625 4.4
      vertex 167.444 23.0906 4.4
    endloop
  endfacet
  facet normal -0.195447 -0.980714 -0
    outer loop
      vertex 167.585 23.0625 4.4
      vertex 167.444 23.0906 4
      vertex 167.585 23.0625 4
    endloop
  endfacet
  facet normal -0.321653 0.946858 0
    outer loop
      vertex 167.721 20.9837 6.2
      vertex 167.585 20.9375 8.2
      vertex 167.721 20.9837 8.2
    endloop
  endfacet
  facet normal -0.321653 0.946858 0
    outer loop
      vertex 167.585 20.9375 8.2
      vertex 167.721 20.9837 6.2
      vertex 167.585 20.9375 6.2
    endloop
  endfacet
  facet normal -0.321653 0.946858 0
    outer loop
      vertex 167.721 20.9837 4
      vertex 167.585 20.9375 4.4
      vertex 167.721 20.9837 4.4
    endloop
  endfacet
  facet normal -0.321653 0.946858 0
    outer loop
      vertex 167.585 20.9375 4.4
      vertex 167.721 20.9837 4
      vertex 167.585 20.9375 4
    endloop
  endfacet
  facet normal -0.998042 0.0625514 0
    outer loop
      vertex 168.391 21.8564 6.2
      vertex 168.4 22 8.2
      vertex 168.4 22 6.2
    endloop
  endfacet
  facet normal -0.998042 0.0625514 0
    outer loop
      vertex 168.4 22 8.2
      vertex 168.391 21.8564 6.2
      vertex 168.391 21.8564 8.2
    endloop
  endfacet
  facet normal -0.998042 0.0625514 0
    outer loop
      vertex 168.391 21.8564 4
      vertex 168.4 22 4.4
      vertex 168.4 22 4
    endloop
  endfacet
  facet normal -0.998042 0.0625514 0
    outer loop
      vertex 168.4 22 4.4
      vertex 168.391 21.8564 4
      vertex 168.391 21.8564 4.4
    endloop
  endfacet
  facet normal -0.898568 -0.438835 0
    outer loop
      vertex 168.316 22.421 6.2
      vertex 168.253 22.55 8.2
      vertex 168.253 22.55 6.2
    endloop
  endfacet
  facet normal -0.898568 -0.438835 0
    outer loop
      vertex 168.253 22.55 8.2
      vertex 168.316 22.421 6.2
      vertex 168.316 22.421 8.2
    endloop
  endfacet
  facet normal -0.898568 -0.438835 0
    outer loop
      vertex 168.316 22.421 4
      vertex 168.253 22.55 4.4
      vertex 168.253 22.55 4
    endloop
  endfacet
  facet normal -0.898568 -0.438835 0
    outer loop
      vertex 168.253 22.55 4.4
      vertex 168.316 22.421 4
      vertex 168.316 22.421 4.4
    endloop
  endfacet
  facet normal 0.55422 -0.83237 0
    outer loop
      vertex 166.63 22.8727 6.2
      vertex 166.75 22.9526 8.2
      vertex 166.63 22.8727 8.2
    endloop
  endfacet
  facet normal 0.55422 -0.83237 0
    outer loop
      vertex 166.75 22.9526 8.2
      vertex 166.63 22.8727 6.2
      vertex 166.75 22.9526 6.2
    endloop
  endfacet
  facet normal 0.55422 -0.83237 0
    outer loop
      vertex 166.63 22.8727 4
      vertex 166.75 22.9526 4.4
      vertex 166.63 22.8727 4.4
    endloop
  endfacet
  facet normal 0.55422 -0.83237 0
    outer loop
      vertex 166.75 22.9526 4.4
      vertex 166.63 22.8727 4
      vertex 166.75 22.9526 4
    endloop
  endfacet
  facet normal 0.945373 -0.325991 0
    outer loop
      vertex 166.237 22.2847 8.2
      vertex 166.284 22.421 6.2
      vertex 166.284 22.421 8.2
    endloop
  endfacet
  facet normal 0.945373 -0.325991 0
    outer loop
      vertex 166.284 22.421 6.2
      vertex 166.237 22.2847 8.2
      vertex 166.237 22.2847 6.2
    endloop
  endfacet
  facet normal 0.945373 -0.325991 0
    outer loop
      vertex 166.237 22.2847 4.4
      vertex 166.284 22.421 4
      vertex 166.284 22.421 4.4
    endloop
  endfacet
  facet normal 0.945373 -0.325991 0
    outer loop
      vertex 166.284 22.421 4
      vertex 166.237 22.2847 4.4
      vertex 166.237 22.2847 4
    endloop
  endfacet
  facet normal -0.44276 -0.89664 0
    outer loop
      vertex 167.721 23.0163 6.2
      vertex 167.85 22.9526 8.2
      vertex 167.721 23.0163 8.2
    endloop
  endfacet
  facet normal -0.44276 -0.89664 -0
    outer loop
      vertex 167.85 22.9526 8.2
      vertex 167.721 23.0163 6.2
      vertex 167.85 22.9526 6.2
    endloop
  endfacet
  facet normal -0.44276 -0.89664 0
    outer loop
      vertex 167.721 23.0163 4
      vertex 167.85 22.9526 4.4
      vertex 167.721 23.0163 4.4
    endloop
  endfacet
  facet normal -0.44276 -0.89664 -0
    outer loop
      vertex 167.85 22.9526 4.4
      vertex 167.721 23.0163 4
      vertex 167.85 22.9526 4
    endloop
  endfacet
  facet normal 0.195447 -0.980714 0
    outer loop
      vertex 167.015 23.0625 6.2
      vertex 167.156 23.0906 8.2
      vertex 167.015 23.0625 8.2
    endloop
  endfacet
  facet normal 0.195447 -0.980714 0
    outer loop
      vertex 167.156 23.0906 8.2
      vertex 167.015 23.0625 6.2
      vertex 167.156 23.0906 6.2
    endloop
  endfacet
  facet normal 0.195447 -0.980714 0
    outer loop
      vertex 167.015 23.0625 4
      vertex 167.156 23.0906 4.4
      vertex 167.015 23.0625 4.4
    endloop
  endfacet
  facet normal 0.195447 -0.980714 0
    outer loop
      vertex 167.156 23.0906 4.4
      vertex 167.015 23.0625 4
      vertex 167.156 23.0906 4
    endloop
  endfacet
  facet normal -0.55422 -0.83237 0
    outer loop
      vertex 167.85 22.9526 6.2
      vertex 167.97 22.8727 8.2
      vertex 167.85 22.9526 8.2
    endloop
  endfacet
  facet normal -0.55422 -0.83237 -0
    outer loop
      vertex 167.97 22.8727 8.2
      vertex 167.85 22.9526 6.2
      vertex 167.97 22.8727 6.2
    endloop
  endfacet
  facet normal -0.55422 -0.83237 0
    outer loop
      vertex 167.85 22.9526 4
      vertex 167.97 22.8727 4.4
      vertex 167.85 22.9526 4.4
    endloop
  endfacet
  facet normal -0.55422 -0.83237 -0
    outer loop
      vertex 167.97 22.8727 4.4
      vertex 167.85 22.9526 4
      vertex 167.97 22.8727 4
    endloop
  endfacet
  facet normal 0.751457 0.659782 0
    outer loop
      vertex 166.522 21.2222 8.2
      vertex 166.427 21.3304 6.2
      vertex 166.427 21.3304 8.2
    endloop
  endfacet
  facet normal 0.751457 0.659782 0
    outer loop
      vertex 166.427 21.3304 6.2
      vertex 166.522 21.2222 8.2
      vertex 166.522 21.2222 6.2
    endloop
  endfacet
  facet normal 0.751457 0.659782 0
    outer loop
      vertex 166.522 21.2222 4.4
      vertex 166.427 21.3304 4
      vertex 166.427 21.3304 4.4
    endloop
  endfacet
  facet normal 0.751457 0.659782 0
    outer loop
      vertex 166.427 21.3304 4
      vertex 166.522 21.2222 4.4
      vertex 166.522 21.2222 4
    endloop
  endfacet
  facet normal 0.0651391 -0.997876 0
    outer loop
      vertex 167.156 23.0906 6.2
      vertex 167.3 23.1 8.2
      vertex 167.156 23.0906 8.2
    endloop
  endfacet
  facet normal 0.0651391 -0.997876 0
    outer loop
      vertex 167.3 23.1 8.2
      vertex 167.156 23.0906 6.2
      vertex 167.3 23.1 6.2
    endloop
  endfacet
  facet normal 0.0651391 -0.997876 0
    outer loop
      vertex 167.156 23.0906 4
      vertex 167.3 23.1 4.4
      vertex 167.156 23.0906 4.4
    endloop
  endfacet
  facet normal 0.0651391 -0.997876 0
    outer loop
      vertex 167.3 23.1 4.4
      vertex 167.156 23.0906 4
      vertex 167.3 23.1 4
    endloop
  endfacet
  facet normal 0.321653 -0.946858 0
    outer loop
      vertex 166.879 23.0163 6.2
      vertex 167.015 23.0625 8.2
      vertex 166.879 23.0163 8.2
    endloop
  endfacet
  facet normal 0.321653 -0.946858 0
    outer loop
      vertex 167.015 23.0625 8.2
      vertex 166.879 23.0163 6.2
      vertex 167.015 23.0625 6.2
    endloop
  endfacet
  facet normal 0.321653 -0.946858 0
    outer loop
      vertex 166.879 23.0163 4
      vertex 167.015 23.0625 4.4
      vertex 166.879 23.0163 4.4
    endloop
  endfacet
  facet normal 0.321653 -0.946858 0
    outer loop
      vertex 167.015 23.0625 4.4
      vertex 166.879 23.0163 4
      vertex 167.015 23.0625 4
    endloop
  endfacet
  facet normal -0.898568 0.438835 0
    outer loop
      vertex 168.253 21.45 6.2
      vertex 168.316 21.579 8.2
      vertex 168.316 21.579 6.2
    endloop
  endfacet
  facet normal -0.898568 0.438835 0
    outer loop
      vertex 168.316 21.579 8.2
      vertex 168.253 21.45 6.2
      vertex 168.253 21.45 8.2
    endloop
  endfacet
  facet normal -0.898568 0.438835 0
    outer loop
      vertex 168.253 21.45 4
      vertex 168.316 21.579 4.4
      vertex 168.316 21.579 4
    endloop
  endfacet
  facet normal -0.898568 0.438835 0
    outer loop
      vertex 168.316 21.579 4.4
      vertex 168.253 21.45 4
      vertex 168.253 21.45 4.4
    endloop
  endfacet
  facet normal 0.0651391 0.997876 -0
    outer loop
      vertex 167.3 20.9 6.2
      vertex 167.156 20.9094 8.2
      vertex 167.3 20.9 8.2
    endloop
  endfacet
  facet normal 0.0651391 0.997876 0
    outer loop
      vertex 167.156 20.9094 8.2
      vertex 167.3 20.9 6.2
      vertex 167.156 20.9094 6.2
    endloop
  endfacet
  facet normal 0.0651391 0.997876 -0
    outer loop
      vertex 167.3 20.9 4
      vertex 167.156 20.9094 4.4
      vertex 167.3 20.9 4.4
    endloop
  endfacet
  facet normal 0.0651391 0.997876 0
    outer loop
      vertex 167.156 20.9094 4.4
      vertex 167.3 20.9 4
      vertex 167.156 20.9094 4
    endloop
  endfacet
  facet normal 0.831194 0.555983 0
    outer loop
      vertex 166.427 21.3304 8.2
      vertex 166.347 21.45 6.2
      vertex 166.347 21.45 8.2
    endloop
  endfacet
  facet normal 0.831194 0.555983 0
    outer loop
      vertex 166.347 21.45 6.2
      vertex 166.427 21.3304 8.2
      vertex 166.427 21.3304 6.2
    endloop
  endfacet
  facet normal 0.831194 0.555983 0
    outer loop
      vertex 166.427 21.3304 4.4
      vertex 166.347 21.45 4
      vertex 166.347 21.45 4.4
    endloop
  endfacet
  facet normal 0.831194 0.555983 0
    outer loop
      vertex 166.347 21.45 4
      vertex 166.427 21.3304 4.4
      vertex 166.427 21.3304 4
    endloop
  endfacet
  facet normal -0.44276 0.89664 0
    outer loop
      vertex 167.85 21.0474 6.2
      vertex 167.721 20.9837 8.2
      vertex 167.85 21.0474 8.2
    endloop
  endfacet
  facet normal -0.44276 0.89664 0
    outer loop
      vertex 167.721 20.9837 8.2
      vertex 167.85 21.0474 6.2
      vertex 167.721 20.9837 6.2
    endloop
  endfacet
  facet normal -0.44276 0.89664 0
    outer loop
      vertex 167.85 21.0474 4
      vertex 167.721 20.9837 4.4
      vertex 167.85 21.0474 4.4
    endloop
  endfacet
  facet normal -0.44276 0.89664 0
    outer loop
      vertex 167.721 20.9837 4.4
      vertex 167.85 21.0474 4
      vertex 167.721 20.9837 4
    endloop
  endfacet
  facet normal 0.44276 -0.89664 0
    outer loop
      vertex 166.75 22.9526 6.2
      vertex 166.879 23.0163 8.2
      vertex 166.75 22.9526 8.2
    endloop
  endfacet
  facet normal 0.44276 -0.89664 0
    outer loop
      vertex 166.879 23.0163 8.2
      vertex 166.75 22.9526 6.2
      vertex 166.879 23.0163 6.2
    endloop
  endfacet
  facet normal 0.44276 -0.89664 0
    outer loop
      vertex 166.75 22.9526 4
      vertex 166.879 23.0163 4.4
      vertex 166.75 22.9526 4.4
    endloop
  endfacet
  facet normal 0.44276 -0.89664 0
    outer loop
      vertex 166.879 23.0163 4.4
      vertex 166.75 22.9526 4
      vertex 166.879 23.0163 4
    endloop
  endfacet
  facet normal -0.0651391 0.997876 0
    outer loop
      vertex 167.444 20.9094 6.2
      vertex 167.3 20.9 8.2
      vertex 167.444 20.9094 8.2
    endloop
  endfacet
  facet normal -0.0651391 0.997876 0
    outer loop
      vertex 167.3 20.9 8.2
      vertex 167.444 20.9094 6.2
      vertex 167.3 20.9 6.2
    endloop
  endfacet
  facet normal -0.0651391 0.997876 0
    outer loop
      vertex 167.444 20.9094 4
      vertex 167.3 20.9 4.4
      vertex 167.444 20.9094 4.4
    endloop
  endfacet
  facet normal -0.0651391 0.997876 0
    outer loop
      vertex 167.3 20.9 4.4
      vertex 167.444 20.9094 4
      vertex 167.3 20.9 4
    endloop
  endfacet
  facet normal 0.195447 0.980714 -0
    outer loop
      vertex 167.156 20.9094 6.2
      vertex 167.015 20.9375 8.2
      vertex 167.156 20.9094 8.2
    endloop
  endfacet
  facet normal 0.195447 0.980714 0
    outer loop
      vertex 167.015 20.9375 8.2
      vertex 167.156 20.9094 6.2
      vertex 167.015 20.9375 6.2
    endloop
  endfacet
  facet normal 0.195447 0.980714 -0
    outer loop
      vertex 167.156 20.9094 4
      vertex 167.015 20.9375 4.4
      vertex 167.156 20.9094 4.4
    endloop
  endfacet
  facet normal 0.195447 0.980714 0
    outer loop
      vertex 167.015 20.9375 4.4
      vertex 167.156 20.9094 4
      vertex 167.015 20.9375 4
    endloop
  endfacet
  facet normal -0.751457 -0.659782 0
    outer loop
      vertex 168.173 22.6696 6.2
      vertex 168.078 22.7778 8.2
      vertex 168.078 22.7778 6.2
    endloop
  endfacet
  facet normal -0.751457 -0.659782 0
    outer loop
      vertex 168.078 22.7778 8.2
      vertex 168.173 22.6696 6.2
      vertex 168.173 22.6696 8.2
    endloop
  endfacet
  facet normal -0.751457 -0.659782 0
    outer loop
      vertex 168.173 22.6696 4
      vertex 168.078 22.7778 4.4
      vertex 168.078 22.7778 4
    endloop
  endfacet
  facet normal -0.751457 -0.659782 0
    outer loop
      vertex 168.078 22.7778 4.4
      vertex 168.173 22.6696 4
      vertex 168.173 22.6696 4.4
    endloop
  endfacet
  facet normal 0.55422 0.83237 -0
    outer loop
      vertex 166.75 21.0474 6.2
      vertex 166.63 21.1273 8.2
      vertex 166.75 21.0474 8.2
    endloop
  endfacet
  facet normal 0.55422 0.83237 0
    outer loop
      vertex 166.63 21.1273 8.2
      vertex 166.75 21.0474 6.2
      vertex 166.63 21.1273 6.2
    endloop
  endfacet
  facet normal 0.55422 0.83237 -0
    outer loop
      vertex 166.75 21.0474 4
      vertex 166.63 21.1273 4.4
      vertex 166.75 21.0474 4.4
    endloop
  endfacet
  facet normal 0.55422 0.83237 0
    outer loop
      vertex 166.63 21.1273 4.4
      vertex 166.75 21.0474 4
      vertex 166.63 21.1273 4
    endloop
  endfacet
  facet normal 0.980874 -0.194645 0
    outer loop
      vertex 166.209 22.1436 8.2
      vertex 166.237 22.2847 6.2
      vertex 166.237 22.2847 8.2
    endloop
  endfacet
  facet normal 0.980874 -0.194645 0
    outer loop
      vertex 166.237 22.2847 6.2
      vertex 166.209 22.1436 8.2
      vertex 166.209 22.1436 6.2
    endloop
  endfacet
  facet normal 0.980874 -0.194645 0
    outer loop
      vertex 166.209 22.1436 4.4
      vertex 166.237 22.2847 4
      vertex 166.237 22.2847 4.4
    endloop
  endfacet
  facet normal 0.980874 -0.194645 0
    outer loop
      vertex 166.237 22.2847 4
      vertex 166.209 22.1436 4.4
      vertex 166.209 22.1436 4
    endloop
  endfacet
  facet normal 0.44276 0.89664 -0
    outer loop
      vertex 166.879 20.9837 6.2
      vertex 166.75 21.0474 8.2
      vertex 166.879 20.9837 8.2
    endloop
  endfacet
  facet normal 0.44276 0.89664 0
    outer loop
      vertex 166.75 21.0474 8.2
      vertex 166.879 20.9837 6.2
      vertex 166.75 21.0474 6.2
    endloop
  endfacet
  facet normal 0.44276 0.89664 -0
    outer loop
      vertex 166.879 20.9837 4
      vertex 166.75 21.0474 4.4
      vertex 166.879 20.9837 4.4
    endloop
  endfacet
  facet normal 0.44276 0.89664 0
    outer loop
      vertex 166.75 21.0474 4.4
      vertex 166.879 20.9837 4
      vertex 166.75 21.0474 4
    endloop
  endfacet
  facet normal 0.998042 0.0625514 0
    outer loop
      vertex 166.209 21.8564 8.2
      vertex 166.2 22 6.2
      vertex 166.2 22 8.2
    endloop
  endfacet
  facet normal 0.998042 0.0625514 0
    outer loop
      vertex 166.2 22 6.2
      vertex 166.209 21.8564 8.2
      vertex 166.209 21.8564 6.2
    endloop
  endfacet
  facet normal 0.998042 0.0625514 0
    outer loop
      vertex 166.209 21.8564 4.4
      vertex 166.2 22 4
      vertex 166.2 22 4.4
    endloop
  endfacet
  facet normal 0.998042 0.0625514 0
    outer loop
      vertex 166.2 22 4
      vertex 166.209 21.8564 4.4
      vertex 166.209 21.8564 4
    endloop
  endfacet
  facet normal 0.998042 -0.0625514 0
    outer loop
      vertex 166.2 22 8.2
      vertex 166.209 22.1436 6.2
      vertex 166.209 22.1436 8.2
    endloop
  endfacet
  facet normal 0.998042 -0.0625514 0
    outer loop
      vertex 166.209 22.1436 6.2
      vertex 166.2 22 8.2
      vertex 166.2 22 6.2
    endloop
  endfacet
  facet normal 0.998042 -0.0625514 0
    outer loop
      vertex 166.2 22 4.4
      vertex 166.209 22.1436 4
      vertex 166.209 22.1436 4.4
    endloop
  endfacet
  facet normal 0.998042 -0.0625514 0
    outer loop
      vertex 166.209 22.1436 4
      vertex 166.2 22 4.4
      vertex 166.2 22 4
    endloop
  endfacet
  facet normal 0.660079 0.751196 -0
    outer loop
      vertex 166.63 21.1273 6.2
      vertex 166.522 21.2222 8.2
      vertex 166.63 21.1273 8.2
    endloop
  endfacet
  facet normal 0.660079 0.751196 0
    outer loop
      vertex 166.522 21.2222 8.2
      vertex 166.63 21.1273 6.2
      vertex 166.522 21.2222 6.2
    endloop
  endfacet
  facet normal 0.660079 0.751196 -0
    outer loop
      vertex 166.63 21.1273 4
      vertex 166.522 21.2222 4.4
      vertex 166.63 21.1273 4.4
    endloop
  endfacet
  facet normal 0.660079 0.751196 0
    outer loop
      vertex 166.522 21.2222 4.4
      vertex 166.63 21.1273 4
      vertex 166.522 21.2222 4
    endloop
  endfacet
  facet normal -0.55422 0.83237 0
    outer loop
      vertex 167.97 21.1273 6.2
      vertex 167.85 21.0474 8.2
      vertex 167.97 21.1273 8.2
    endloop
  endfacet
  facet normal -0.55422 0.83237 0
    outer loop
      vertex 167.85 21.0474 8.2
      vertex 167.97 21.1273 6.2
      vertex 167.85 21.0474 6.2
    endloop
  endfacet
  facet normal -0.55422 0.83237 0
    outer loop
      vertex 167.97 21.1273 4
      vertex 167.85 21.0474 4.4
      vertex 167.97 21.1273 4.4
    endloop
  endfacet
  facet normal -0.55422 0.83237 0
    outer loop
      vertex 167.85 21.0474 4.4
      vertex 167.97 21.1273 4
      vertex 167.85 21.0474 4
    endloop
  endfacet
  facet normal 0.898568 0.438835 0
    outer loop
      vertex 166.347 21.45 8.2
      vertex 166.284 21.579 6.2
      vertex 166.284 21.579 8.2
    endloop
  endfacet
  facet normal 0.898568 0.438835 0
    outer loop
      vertex 166.284 21.579 6.2
      vertex 166.347 21.45 8.2
      vertex 166.347 21.45 6.2
    endloop
  endfacet
  facet normal 0.898568 0.438835 0
    outer loop
      vertex 166.347 21.45 4.4
      vertex 166.284 21.579 4
      vertex 166.284 21.579 4.4
    endloop
  endfacet
  facet normal 0.898568 0.438835 0
    outer loop
      vertex 166.284 21.579 4
      vertex 166.347 21.45 4.4
      vertex 166.347 21.45 4
    endloop
  endfacet
  facet normal 0.321653 0.946858 -0
    outer loop
      vertex 167.015 20.9375 6.2
      vertex 166.879 20.9837 8.2
      vertex 167.015 20.9375 8.2
    endloop
  endfacet
  facet normal 0.321653 0.946858 0
    outer loop
      vertex 166.879 20.9837 8.2
      vertex 167.015 20.9375 6.2
      vertex 166.879 20.9837 6.2
    endloop
  endfacet
  facet normal 0.321653 0.946858 -0
    outer loop
      vertex 167.015 20.9375 4
      vertex 166.879 20.9837 4.4
      vertex 167.015 20.9375 4.4
    endloop
  endfacet
  facet normal 0.321653 0.946858 0
    outer loop
      vertex 166.879 20.9837 4.4
      vertex 167.015 20.9375 4
      vertex 166.879 20.9837 4
    endloop
  endfacet
  facet normal -0.751457 0.659782 0
    outer loop
      vertex 168.078 21.2222 6.2
      vertex 168.173 21.3304 8.2
      vertex 168.173 21.3304 6.2
    endloop
  endfacet
  facet normal -0.751457 0.659782 0
    outer loop
      vertex 168.173 21.3304 8.2
      vertex 168.078 21.2222 6.2
      vertex 168.078 21.2222 8.2
    endloop
  endfacet
  facet normal -0.751457 0.659782 0
    outer loop
      vertex 168.078 21.2222 4
      vertex 168.173 21.3304 4.4
      vertex 168.173 21.3304 4
    endloop
  endfacet
  facet normal -0.751457 0.659782 0
    outer loop
      vertex 168.173 21.3304 4.4
      vertex 168.078 21.2222 4
      vertex 168.078 21.2222 4.4
    endloop
  endfacet
  facet normal 0.898568 -0.438835 0
    outer loop
      vertex 166.284 22.421 8.2
      vertex 166.347 22.55 6.2
      vertex 166.347 22.55 8.2
    endloop
  endfacet
  facet normal 0.898568 -0.438835 0
    outer loop
      vertex 166.347 22.55 6.2
      vertex 166.284 22.421 8.2
      vertex 166.284 22.421 6.2
    endloop
  endfacet
  facet normal 0.898568 -0.438835 0
    outer loop
      vertex 166.284 22.421 4.4
      vertex 166.347 22.55 4
      vertex 166.347 22.55 4.4
    endloop
  endfacet
  facet normal 0.898568 -0.438835 0
    outer loop
      vertex 166.347 22.55 4
      vertex 166.284 22.421 4.4
      vertex 166.284 22.421 4
    endloop
  endfacet
  facet normal 0.898568 0.438835 0
    outer loop
      vertex 166.347 69.45 8.2
      vertex 166.284 69.579 6.2
      vertex 166.284 69.579 8.2
    endloop
  endfacet
  facet normal 0.898568 0.438835 0
    outer loop
      vertex 166.284 69.579 6.2
      vertex 166.347 69.45 8.2
      vertex 166.347 69.45 6.2
    endloop
  endfacet
  facet normal 0.898568 0.438835 0
    outer loop
      vertex 166.347 69.45 4.4
      vertex 166.284 69.579 4
      vertex 166.284 69.579 4.4
    endloop
  endfacet
  facet normal 0.898568 0.438835 0
    outer loop
      vertex 166.284 69.579 4
      vertex 166.347 69.45 4.4
      vertex 166.347 69.45 4
    endloop
  endfacet
  facet normal -0.44276 0.89664 0
    outer loop
      vertex 167.85 69.0474 6.2
      vertex 167.721 68.9837 8.2
      vertex 167.85 69.0474 8.2
    endloop
  endfacet
  facet normal -0.44276 0.89664 0
    outer loop
      vertex 167.721 68.9837 8.2
      vertex 167.85 69.0474 6.2
      vertex 167.721 68.9837 6.2
    endloop
  endfacet
  facet normal -0.44276 0.89664 0
    outer loop
      vertex 167.85 69.0474 4
      vertex 167.721 68.9837 4.4
      vertex 167.85 69.0474 4.4
    endloop
  endfacet
  facet normal -0.44276 0.89664 0
    outer loop
      vertex 167.721 68.9837 4.4
      vertex 167.85 69.0474 4
      vertex 167.721 68.9837 4
    endloop
  endfacet
  facet normal 0.660079 -0.751196 0
    outer loop
      vertex 166.522 70.7778 6.2
      vertex 166.63 70.8727 8.2
      vertex 166.522 70.7778 8.2
    endloop
  endfacet
  facet normal 0.660079 -0.751196 0
    outer loop
      vertex 166.63 70.8727 8.2
      vertex 166.522 70.7778 6.2
      vertex 166.63 70.8727 6.2
    endloop
  endfacet
  facet normal 0.660079 -0.751196 0
    outer loop
      vertex 166.522 70.7778 4
      vertex 166.63 70.8727 4.4
      vertex 166.522 70.7778 4.4
    endloop
  endfacet
  facet normal 0.660079 -0.751196 0
    outer loop
      vertex 166.63 70.8727 4.4
      vertex 166.522 70.7778 4
      vertex 166.63 70.8727 4
    endloop
  endfacet
  facet normal -0.44276 -0.89664 0
    outer loop
      vertex 167.721 71.0163 6.2
      vertex 167.85 70.9526 8.2
      vertex 167.721 71.0163 8.2
    endloop
  endfacet
  facet normal -0.44276 -0.89664 -0
    outer loop
      vertex 167.85 70.9526 8.2
      vertex 167.721 71.0163 6.2
      vertex 167.85 70.9526 6.2
    endloop
  endfacet
  facet normal -0.44276 -0.89664 0
    outer loop
      vertex 167.721 71.0163 4
      vertex 167.85 70.9526 4.4
      vertex 167.721 71.0163 4.4
    endloop
  endfacet
  facet normal -0.44276 -0.89664 -0
    outer loop
      vertex 167.85 70.9526 4.4
      vertex 167.721 71.0163 4
      vertex 167.85 70.9526 4
    endloop
  endfacet
  facet normal 0.945373 -0.325991 0
    outer loop
      vertex 166.237 70.2847 8.2
      vertex 166.284 70.421 6.2
      vertex 166.284 70.421 8.2
    endloop
  endfacet
  facet normal 0.945373 -0.325991 0
    outer loop
      vertex 166.284 70.421 6.2
      vertex 166.237 70.2847 8.2
      vertex 166.237 70.2847 6.2
    endloop
  endfacet
  facet normal 0.945373 -0.325991 0
    outer loop
      vertex 166.237 70.2847 4.4
      vertex 166.284 70.421 4
      vertex 166.284 70.421 4.4
    endloop
  endfacet
  facet normal 0.945373 -0.325991 0
    outer loop
      vertex 166.284 70.421 4
      vertex 166.237 70.2847 4.4
      vertex 166.237 70.2847 4
    endloop
  endfacet
  facet normal -0.321653 0.946858 0
    outer loop
      vertex 167.721 68.9837 6.2
      vertex 167.585 68.9375 8.2
      vertex 167.721 68.9837 8.2
    endloop
  endfacet
  facet normal -0.321653 0.946858 0
    outer loop
      vertex 167.585 68.9375 8.2
      vertex 167.721 68.9837 6.2
      vertex 167.585 68.9375 6.2
    endloop
  endfacet
  facet normal -0.321653 0.946858 0
    outer loop
      vertex 167.721 68.9837 4
      vertex 167.585 68.9375 4.4
      vertex 167.721 68.9837 4.4
    endloop
  endfacet
  facet normal -0.321653 0.946858 0
    outer loop
      vertex 167.585 68.9375 4.4
      vertex 167.721 68.9837 4
      vertex 167.585 68.9375 4
    endloop
  endfacet
  facet normal 0.980874 0.194645 0
    outer loop
      vertex 166.237 69.7153 8.2
      vertex 166.209 69.8564 6.2
      vertex 166.209 69.8564 8.2
    endloop
  endfacet
  facet normal 0.980874 0.194645 0
    outer loop
      vertex 166.209 69.8564 6.2
      vertex 166.237 69.7153 8.2
      vertex 166.237 69.7153 6.2
    endloop
  endfacet
  facet normal 0.980874 0.194645 0
    outer loop
      vertex 166.237 69.7153 4.4
      vertex 166.209 69.8564 4
      vertex 166.209 69.8564 4.4
    endloop
  endfacet
  facet normal 0.980874 0.194645 0
    outer loop
      vertex 166.209 69.8564 4
      vertex 166.237 69.7153 4.4
      vertex 166.237 69.7153 4
    endloop
  endfacet
  facet normal -0.751457 -0.659782 0
    outer loop
      vertex 168.173 70.6696 6.2
      vertex 168.078 70.7778 8.2
      vertex 168.078 70.7778 6.2
    endloop
  endfacet
  facet normal -0.751457 -0.659782 0
    outer loop
      vertex 168.078 70.7778 8.2
      vertex 168.173 70.6696 6.2
      vertex 168.173 70.6696 8.2
    endloop
  endfacet
  facet normal -0.751457 -0.659782 0
    outer loop
      vertex 168.173 70.6696 4
      vertex 168.078 70.7778 4.4
      vertex 168.078 70.7778 4
    endloop
  endfacet
  facet normal -0.751457 -0.659782 0
    outer loop
      vertex 168.078 70.7778 4.4
      vertex 168.173 70.6696 4
      vertex 168.173 70.6696 4.4
    endloop
  endfacet
  facet normal 0.0651391 -0.997876 0
    outer loop
      vertex 167.156 71.0906 6.2
      vertex 167.3 71.1 8.2
      vertex 167.156 71.0906 8.2
    endloop
  endfacet
  facet normal 0.0651391 -0.997876 0
    outer loop
      vertex 167.3 71.1 8.2
      vertex 167.156 71.0906 6.2
      vertex 167.3 71.1 6.2
    endloop
  endfacet
  facet normal 0.0651391 -0.997876 0
    outer loop
      vertex 167.156 71.0906 4
      vertex 167.3 71.1 4.4
      vertex 167.156 71.0906 4.4
    endloop
  endfacet
  facet normal 0.0651391 -0.997876 0
    outer loop
      vertex 167.3 71.1 4.4
      vertex 167.156 71.0906 4
      vertex 167.3 71.1 4
    endloop
  endfacet
  facet normal -0.998042 -0.0625514 0
    outer loop
      vertex 168.4 70 6.2
      vertex 168.391 70.1436 8.2
      vertex 168.391 70.1436 6.2
    endloop
  endfacet
  facet normal -0.998042 -0.0625514 0
    outer loop
      vertex 168.391 70.1436 8.2
      vertex 168.4 70 6.2
      vertex 168.4 70 8.2
    endloop
  endfacet
  facet normal -0.998042 -0.0625514 0
    outer loop
      vertex 168.4 70 4
      vertex 168.391 70.1436 4.4
      vertex 168.391 70.1436 4
    endloop
  endfacet
  facet normal -0.998042 -0.0625514 0
    outer loop
      vertex 168.391 70.1436 4.4
      vertex 168.4 70 4
      vertex 168.4 70 4.4
    endloop
  endfacet
  facet normal 0.55422 0.83237 -0
    outer loop
      vertex 166.75 69.0474 6.2
      vertex 166.63 69.1273 8.2
      vertex 166.75 69.0474 8.2
    endloop
  endfacet
  facet normal 0.55422 0.83237 0
    outer loop
      vertex 166.63 69.1273 8.2
      vertex 166.75 69.0474 6.2
      vertex 166.63 69.1273 6.2
    endloop
  endfacet
  facet normal 0.55422 0.83237 -0
    outer loop
      vertex 166.75 69.0474 4
      vertex 166.63 69.1273 4.4
      vertex 166.75 69.0474 4.4
    endloop
  endfacet
  facet normal 0.55422 0.83237 0
    outer loop
      vertex 166.63 69.1273 4.4
      vertex 166.75 69.0474 4
      vertex 166.63 69.1273 4
    endloop
  endfacet
  facet normal 0.195447 -0.980714 0
    outer loop
      vertex 167.015 71.0625 6.2
      vertex 167.156 71.0906 8.2
      vertex 167.015 71.0625 8.2
    endloop
  endfacet
  facet normal 0.195447 -0.980714 0
    outer loop
      vertex 167.156 71.0906 8.2
      vertex 167.015 71.0625 6.2
      vertex 167.156 71.0906 6.2
    endloop
  endfacet
  facet normal 0.195447 -0.980714 0
    outer loop
      vertex 167.015 71.0625 4
      vertex 167.156 71.0906 4.4
      vertex 167.015 71.0625 4.4
    endloop
  endfacet
  facet normal 0.195447 -0.980714 0
    outer loop
      vertex 167.156 71.0906 4.4
      vertex 167.015 71.0625 4
      vertex 167.156 71.0906 4
    endloop
  endfacet
  facet normal -0.980874 -0.194645 0
    outer loop
      vertex 168.391 70.1436 6.2
      vertex 168.363 70.2847 8.2
      vertex 168.363 70.2847 6.2
    endloop
  endfacet
  facet normal -0.980874 -0.194645 0
    outer loop
      vertex 168.363 70.2847 8.2
      vertex 168.391 70.1436 6.2
      vertex 168.391 70.1436 8.2
    endloop
  endfacet
  facet normal -0.980874 -0.194645 0
    outer loop
      vertex 168.391 70.1436 4
      vertex 168.363 70.2847 4.4
      vertex 168.363 70.2847 4
    endloop
  endfacet
  facet normal -0.980874 -0.194645 0
    outer loop
      vertex 168.363 70.2847 4.4
      vertex 168.391 70.1436 4
      vertex 168.391 70.1436 4.4
    endloop
  endfacet
  facet normal 0.831194 0.555983 0
    outer loop
      vertex 166.427 69.3304 8.2
      vertex 166.347 69.45 6.2
      vertex 166.347 69.45 8.2
    endloop
  endfacet
  facet normal 0.831194 0.555983 0
    outer loop
      vertex 166.347 69.45 6.2
      vertex 166.427 69.3304 8.2
      vertex 166.427 69.3304 6.2
    endloop
  endfacet
  facet normal 0.831194 0.555983 0
    outer loop
      vertex 166.427 69.3304 4.4
      vertex 166.347 69.45 4
      vertex 166.347 69.45 4.4
    endloop
  endfacet
  facet normal 0.831194 0.555983 0
    outer loop
      vertex 166.347 69.45 4
      vertex 166.427 69.3304 4.4
      vertex 166.427 69.3304 4
    endloop
  endfacet
  facet normal 0.831194 -0.555983 0
    outer loop
      vertex 166.347 70.55 8.2
      vertex 166.427 70.6696 6.2
      vertex 166.427 70.6696 8.2
    endloop
  endfacet
  facet normal 0.831194 -0.555983 0
    outer loop
      vertex 166.427 70.6696 6.2
      vertex 166.347 70.55 8.2
      vertex 166.347 70.55 6.2
    endloop
  endfacet
  facet normal 0.831194 -0.555983 0
    outer loop
      vertex 166.347 70.55 4.4
      vertex 166.427 70.6696 4
      vertex 166.427 70.6696 4.4
    endloop
  endfacet
  facet normal 0.831194 -0.555983 0
    outer loop
      vertex 166.427 70.6696 4
      vertex 166.347 70.55 4.4
      vertex 166.347 70.55 4
    endloop
  endfacet
  facet normal -0.55422 -0.83237 0
    outer loop
      vertex 167.85 70.9526 6.2
      vertex 167.97 70.8727 8.2
      vertex 167.85 70.9526 8.2
    endloop
  endfacet
  facet normal -0.55422 -0.83237 -0
    outer loop
      vertex 167.97 70.8727 8.2
      vertex 167.85 70.9526 6.2
      vertex 167.97 70.8727 6.2
    endloop
  endfacet
  facet normal -0.55422 -0.83237 0
    outer loop
      vertex 167.85 70.9526 4
      vertex 167.97 70.8727 4.4
      vertex 167.85 70.9526 4.4
    endloop
  endfacet
  facet normal -0.55422 -0.83237 -0
    outer loop
      vertex 167.97 70.8727 4.4
      vertex 167.85 70.9526 4
      vertex 167.97 70.8727 4
    endloop
  endfacet
  facet normal 0.980874 -0.194645 0
    outer loop
      vertex 166.209 70.1436 8.2
      vertex 166.237 70.2847 6.2
      vertex 166.237 70.2847 8.2
    endloop
  endfacet
  facet normal 0.980874 -0.194645 0
    outer loop
      vertex 166.237 70.2847 6.2
      vertex 166.209 70.1436 8.2
      vertex 166.209 70.1436 6.2
    endloop
  endfacet
  facet normal 0.980874 -0.194645 0
    outer loop
      vertex 166.209 70.1436 4.4
      vertex 166.237 70.2847 4
      vertex 166.237 70.2847 4.4
    endloop
  endfacet
  facet normal 0.980874 -0.194645 0
    outer loop
      vertex 166.237 70.2847 4
      vertex 166.209 70.1436 4.4
      vertex 166.209 70.1436 4
    endloop
  endfacet
  facet normal 0.660079 0.751196 -0
    outer loop
      vertex 166.63 69.1273 6.2
      vertex 166.522 69.2222 8.2
      vertex 166.63 69.1273 8.2
    endloop
  endfacet
  facet normal 0.660079 0.751196 0
    outer loop
      vertex 166.522 69.2222 8.2
      vertex 166.63 69.1273 6.2
      vertex 166.522 69.2222 6.2
    endloop
  endfacet
  facet normal 0.660079 0.751196 -0
    outer loop
      vertex 166.63 69.1273 4
      vertex 166.522 69.2222 4.4
      vertex 166.63 69.1273 4.4
    endloop
  endfacet
  facet normal 0.660079 0.751196 0
    outer loop
      vertex 166.522 69.2222 4.4
      vertex 166.63 69.1273 4
      vertex 166.522 69.2222 4
    endloop
  endfacet
  facet normal -0.751457 0.659782 0
    outer loop
      vertex 168.078 69.2222 6.2
      vertex 168.173 69.3304 8.2
      vertex 168.173 69.3304 6.2
    endloop
  endfacet
  facet normal -0.751457 0.659782 0
    outer loop
      vertex 168.173 69.3304 8.2
      vertex 168.078 69.2222 6.2
      vertex 168.078 69.2222 8.2
    endloop
  endfacet
  facet normal -0.751457 0.659782 0
    outer loop
      vertex 168.078 69.2222 4
      vertex 168.173 69.3304 4.4
      vertex 168.173 69.3304 4
    endloop
  endfacet
  facet normal -0.751457 0.659782 0
    outer loop
      vertex 168.173 69.3304 4.4
      vertex 168.078 69.2222 4
      vertex 168.078 69.2222 4.4
    endloop
  endfacet
  facet normal -0.945373 0.325991 0
    outer loop
      vertex 168.316 69.579 6.2
      vertex 168.363 69.7153 8.2
      vertex 168.363 69.7153 6.2
    endloop
  endfacet
  facet normal -0.945373 0.325991 0
    outer loop
      vertex 168.363 69.7153 8.2
      vertex 168.316 69.579 6.2
      vertex 168.316 69.579 8.2
    endloop
  endfacet
  facet normal -0.945373 0.325991 0
    outer loop
      vertex 168.316 69.579 4
      vertex 168.363 69.7153 4.4
      vertex 168.363 69.7153 4
    endloop
  endfacet
  facet normal -0.945373 0.325991 0
    outer loop
      vertex 168.363 69.7153 4.4
      vertex 168.316 69.579 4
      vertex 168.316 69.579 4.4
    endloop
  endfacet
  facet normal -0.195447 -0.980714 0
    outer loop
      vertex 167.444 71.0906 6.2
      vertex 167.585 71.0625 8.2
      vertex 167.444 71.0906 8.2
    endloop
  endfacet
  facet normal -0.195447 -0.980714 -0
    outer loop
      vertex 167.585 71.0625 8.2
      vertex 167.444 71.0906 6.2
      vertex 167.585 71.0625 6.2
    endloop
  endfacet
  facet normal -0.195447 -0.980714 0
    outer loop
      vertex 167.444 71.0906 4
      vertex 167.585 71.0625 4.4
      vertex 167.444 71.0906 4.4
    endloop
  endfacet
  facet normal -0.195447 -0.980714 -0
    outer loop
      vertex 167.585 71.0625 4.4
      vertex 167.444 71.0906 4
      vertex 167.585 71.0625 4
    endloop
  endfacet
  facet normal -0.195447 0.980714 0
    outer loop
      vertex 167.585 68.9375 6.2
      vertex 167.444 68.9094 8.2
      vertex 167.585 68.9375 8.2
    endloop
  endfacet
  facet normal -0.195447 0.980714 0
    outer loop
      vertex 167.444 68.9094 8.2
      vertex 167.585 68.9375 6.2
      vertex 167.444 68.9094 6.2
    endloop
  endfacet
  facet normal -0.195447 0.980714 0
    outer loop
      vertex 167.585 68.9375 4
      vertex 167.444 68.9094 4.4
      vertex 167.585 68.9375 4.4
    endloop
  endfacet
  facet normal -0.195447 0.980714 0
    outer loop
      vertex 167.444 68.9094 4.4
      vertex 167.585 68.9375 4
      vertex 167.444 68.9094 4
    endloop
  endfacet
  facet normal 0.195447 0.980714 -0
    outer loop
      vertex 167.156 68.9094 6.2
      vertex 167.015 68.9375 8.2
      vertex 167.156 68.9094 8.2
    endloop
  endfacet
  facet normal 0.195447 0.980714 0
    outer loop
      vertex 167.015 68.9375 8.2
      vertex 167.156 68.9094 6.2
      vertex 167.015 68.9375 6.2
    endloop
  endfacet
  facet normal 0.195447 0.980714 -0
    outer loop
      vertex 167.156 68.9094 4
      vertex 167.015 68.9375 4.4
      vertex 167.156 68.9094 4.4
    endloop
  endfacet
  facet normal 0.195447 0.980714 0
    outer loop
      vertex 167.015 68.9375 4.4
      vertex 167.156 68.9094 4
      vertex 167.015 68.9375 4
    endloop
  endfacet
  facet normal 0.0651391 0.997876 -0
    outer loop
      vertex 167.3 68.9 6.2
      vertex 167.156 68.9094 8.2
      vertex 167.3 68.9 8.2
    endloop
  endfacet
  facet normal 0.0651391 0.997876 0
    outer loop
      vertex 167.156 68.9094 8.2
      vertex 167.3 68.9 6.2
      vertex 167.156 68.9094 6.2
    endloop
  endfacet
  facet normal 0.0651391 0.997876 -0
    outer loop
      vertex 167.3 68.9 4
      vertex 167.156 68.9094 4.4
      vertex 167.3 68.9 4.4
    endloop
  endfacet
  facet normal 0.0651391 0.997876 0
    outer loop
      vertex 167.156 68.9094 4.4
      vertex 167.3 68.9 4
      vertex 167.156 68.9094 4
    endloop
  endfacet
  facet normal -0.0651391 0.997876 0
    outer loop
      vertex 167.444 68.9094 6.2
      vertex 167.3 68.9 8.2
      vertex 167.444 68.9094 8.2
    endloop
  endfacet
  facet normal -0.0651391 0.997876 0
    outer loop
      vertex 167.3 68.9 8.2
      vertex 167.444 68.9094 6.2
      vertex 167.3 68.9 6.2
    endloop
  endfacet
  facet normal -0.0651391 0.997876 0
    outer loop
      vertex 167.444 68.9094 4
      vertex 167.3 68.9 4.4
      vertex 167.444 68.9094 4.4
    endloop
  endfacet
  facet normal -0.0651391 0.997876 0
    outer loop
      vertex 167.3 68.9 4.4
      vertex 167.444 68.9094 4
      vertex 167.3 68.9 4
    endloop
  endfacet
  facet normal -0.831194 -0.555983 0
    outer loop
      vertex 168.253 70.55 6.2
      vertex 168.173 70.6696 8.2
      vertex 168.173 70.6696 6.2
    endloop
  endfacet
  facet normal -0.831194 -0.555983 0
    outer loop
      vertex 168.173 70.6696 8.2
      vertex 168.253 70.55 6.2
      vertex 168.253 70.55 8.2
    endloop
  endfacet
  facet normal -0.831194 -0.555983 0
    outer loop
      vertex 168.253 70.55 4
      vertex 168.173 70.6696 4.4
      vertex 168.173 70.6696 4
    endloop
  endfacet
  facet normal -0.831194 -0.555983 0
    outer loop
      vertex 168.173 70.6696 4.4
      vertex 168.253 70.55 4
      vertex 168.253 70.55 4.4
    endloop
  endfacet
  facet normal 0.321653 -0.946858 0
    outer loop
      vertex 166.879 71.0163 6.2
      vertex 167.015 71.0625 8.2
      vertex 166.879 71.0163 8.2
    endloop
  endfacet
  facet normal 0.321653 -0.946858 0
    outer loop
      vertex 167.015 71.0625 8.2
      vertex 166.879 71.0163 6.2
      vertex 167.015 71.0625 6.2
    endloop
  endfacet
  facet normal 0.321653 -0.946858 0
    outer loop
      vertex 166.879 71.0163 4
      vertex 167.015 71.0625 4.4
      vertex 166.879 71.0163 4.4
    endloop
  endfacet
  facet normal 0.321653 -0.946858 0
    outer loop
      vertex 167.015 71.0625 4.4
      vertex 166.879 71.0163 4
      vertex 167.015 71.0625 4
    endloop
  endfacet
  facet normal 0.44276 -0.89664 0
    outer loop
      vertex 166.75 70.9526 6.2
      vertex 166.879 71.0163 8.2
      vertex 166.75 70.9526 8.2
    endloop
  endfacet
  facet normal 0.44276 -0.89664 0
    outer loop
      vertex 166.879 71.0163 8.2
      vertex 166.75 70.9526 6.2
      vertex 166.879 71.0163 6.2
    endloop
  endfacet
  facet normal 0.44276 -0.89664 0
    outer loop
      vertex 166.75 70.9526 4
      vertex 166.879 71.0163 4.4
      vertex 166.75 70.9526 4.4
    endloop
  endfacet
  facet normal 0.44276 -0.89664 0
    outer loop
      vertex 166.879 71.0163 4.4
      vertex 166.75 70.9526 4
      vertex 166.879 71.0163 4
    endloop
  endfacet
  facet normal -0.0651391 -0.997876 0
    outer loop
      vertex 167.3 71.1 6.2
      vertex 167.444 71.0906 8.2
      vertex 167.3 71.1 8.2
    endloop
  endfacet
  facet normal -0.0651391 -0.997876 -0
    outer loop
      vertex 167.444 71.0906 8.2
      vertex 167.3 71.1 6.2
      vertex 167.444 71.0906 6.2
    endloop
  endfacet
  facet normal -0.0651391 -0.997876 0
    outer loop
      vertex 167.3 71.1 4
      vertex 167.444 71.0906 4.4
      vertex 167.3 71.1 4.4
    endloop
  endfacet
  facet normal -0.0651391 -0.997876 -0
    outer loop
      vertex 167.444 71.0906 4.4
      vertex 167.3 71.1 4
      vertex 167.444 71.0906 4
    endloop
  endfacet
  facet normal -0.945373 -0.325991 0
    outer loop
      vertex 168.363 70.2847 6.2
      vertex 168.316 70.421 8.2
      vertex 168.316 70.421 6.2
    endloop
  endfacet
  facet normal -0.945373 -0.325991 0
    outer loop
      vertex 168.316 70.421 8.2
      vertex 168.363 70.2847 6.2
      vertex 168.363 70.2847 8.2
    endloop
  endfacet
  facet normal -0.945373 -0.325991 0
    outer loop
      vertex 168.363 70.2847 4
      vertex 168.316 70.421 4.4
      vertex 168.316 70.421 4
    endloop
  endfacet
  facet normal -0.945373 -0.325991 0
    outer loop
      vertex 168.316 70.421 4.4
      vertex 168.363 70.2847 4
      vertex 168.363 70.2847 4.4
    endloop
  endfacet
  facet normal -0.998042 0.0625514 0
    outer loop
      vertex 168.391 69.8564 6.2
      vertex 168.4 70 8.2
      vertex 168.4 70 6.2
    endloop
  endfacet
  facet normal -0.998042 0.0625514 0
    outer loop
      vertex 168.4 70 8.2
      vertex 168.391 69.8564 6.2
      vertex 168.391 69.8564 8.2
    endloop
  endfacet
  facet normal -0.998042 0.0625514 0
    outer loop
      vertex 168.391 69.8564 4
      vertex 168.4 70 4.4
      vertex 168.4 70 4
    endloop
  endfacet
  facet normal -0.998042 0.0625514 0
    outer loop
      vertex 168.4 70 4.4
      vertex 168.391 69.8564 4
      vertex 168.391 69.8564 4.4
    endloop
  endfacet
  facet normal -0.321653 -0.946858 0
    outer loop
      vertex 167.585 71.0625 6.2
      vertex 167.721 71.0163 8.2
      vertex 167.585 71.0625 8.2
    endloop
  endfacet
  facet normal -0.321653 -0.946858 -0
    outer loop
      vertex 167.721 71.0163 8.2
      vertex 167.585 71.0625 6.2
      vertex 167.721 71.0163 6.2
    endloop
  endfacet
  facet normal -0.321653 -0.946858 0
    outer loop
      vertex 167.585 71.0625 4
      vertex 167.721 71.0163 4.4
      vertex 167.585 71.0625 4.4
    endloop
  endfacet
  facet normal -0.321653 -0.946858 -0
    outer loop
      vertex 167.721 71.0163 4.4
      vertex 167.585 71.0625 4
      vertex 167.721 71.0163 4
    endloop
  endfacet
  facet normal 0.55422 -0.83237 0
    outer loop
      vertex 166.63 70.8727 6.2
      vertex 166.75 70.9526 8.2
      vertex 166.63 70.8727 8.2
    endloop
  endfacet
  facet normal 0.55422 -0.83237 0
    outer loop
      vertex 166.75 70.9526 8.2
      vertex 166.63 70.8727 6.2
      vertex 166.75 70.9526 6.2
    endloop
  endfacet
  facet normal 0.55422 -0.83237 0
    outer loop
      vertex 166.63 70.8727 4
      vertex 166.75 70.9526 4.4
      vertex 166.63 70.8727 4.4
    endloop
  endfacet
  facet normal 0.55422 -0.83237 0
    outer loop
      vertex 166.75 70.9526 4.4
      vertex 166.63 70.8727 4
      vertex 166.75 70.9526 4
    endloop
  endfacet
  facet normal -0.831194 0.555983 0
    outer loop
      vertex 168.173 69.3304 6.2
      vertex 168.253 69.45 8.2
      vertex 168.253 69.45 6.2
    endloop
  endfacet
  facet normal -0.831194 0.555983 0
    outer loop
      vertex 168.253 69.45 8.2
      vertex 168.173 69.3304 6.2
      vertex 168.173 69.3304 8.2
    endloop
  endfacet
  facet normal -0.831194 0.555983 0
    outer loop
      vertex 168.173 69.3304 4
      vertex 168.253 69.45 4.4
      vertex 168.253 69.45 4
    endloop
  endfacet
  facet normal -0.831194 0.555983 0
    outer loop
      vertex 168.253 69.45 4.4
      vertex 168.173 69.3304 4
      vertex 168.173 69.3304 4.4
    endloop
  endfacet
  facet normal -0.898568 0.438835 0
    outer loop
      vertex 168.253 69.45 6.2
      vertex 168.316 69.579 8.2
      vertex 168.316 69.579 6.2
    endloop
  endfacet
  facet normal -0.898568 0.438835 0
    outer loop
      vertex 168.316 69.579 8.2
      vertex 168.253 69.45 6.2
      vertex 168.253 69.45 8.2
    endloop
  endfacet
  facet normal -0.898568 0.438835 0
    outer loop
      vertex 168.253 69.45 4
      vertex 168.316 69.579 4.4
      vertex 168.316 69.579 4
    endloop
  endfacet
  facet normal -0.898568 0.438835 0
    outer loop
      vertex 168.316 69.579 4.4
      vertex 168.253 69.45 4
      vertex 168.253 69.45 4.4
    endloop
  endfacet
  facet normal -0.660079 -0.751196 0
    outer loop
      vertex 167.97 70.8727 6.2
      vertex 168.078 70.7778 8.2
      vertex 167.97 70.8727 8.2
    endloop
  endfacet
  facet normal -0.660079 -0.751196 -0
    outer loop
      vertex 168.078 70.7778 8.2
      vertex 167.97 70.8727 6.2
      vertex 168.078 70.7778 6.2
    endloop
  endfacet
  facet normal -0.660079 -0.751196 0
    outer loop
      vertex 167.97 70.8727 4
      vertex 168.078 70.7778 4.4
      vertex 167.97 70.8727 4.4
    endloop
  endfacet
  facet normal -0.660079 -0.751196 -0
    outer loop
      vertex 168.078 70.7778 4.4
      vertex 167.97 70.8727 4
      vertex 168.078 70.7778 4
    endloop
  endfacet
  facet normal 0.945373 0.325991 0
    outer loop
      vertex 166.284 69.579 8.2
      vertex 166.237 69.7153 6.2
      vertex 166.237 69.7153 8.2
    endloop
  endfacet
  facet normal 0.945373 0.325991 0
    outer loop
      vertex 166.237 69.7153 6.2
      vertex 166.284 69.579 8.2
      vertex 166.284 69.579 6.2
    endloop
  endfacet
  facet normal 0.945373 0.325991 0
    outer loop
      vertex 166.284 69.579 4.4
      vertex 166.237 69.7153 4
      vertex 166.237 69.7153 4.4
    endloop
  endfacet
  facet normal 0.945373 0.325991 0
    outer loop
      vertex 166.237 69.7153 4
      vertex 166.284 69.579 4.4
      vertex 166.284 69.579 4
    endloop
  endfacet
  facet normal 0.998042 0.0625514 0
    outer loop
      vertex 166.209 69.8564 8.2
      vertex 166.2 70 6.2
      vertex 166.2 70 8.2
    endloop
  endfacet
  facet normal 0.998042 0.0625514 0
    outer loop
      vertex 166.2 70 6.2
      vertex 166.209 69.8564 8.2
      vertex 166.209 69.8564 6.2
    endloop
  endfacet
  facet normal 0.998042 0.0625514 0
    outer loop
      vertex 166.209 69.8564 4.4
      vertex 166.2 70 4
      vertex 166.2 70 4.4
    endloop
  endfacet
  facet normal 0.998042 0.0625514 0
    outer loop
      vertex 166.2 70 4
      vertex 166.209 69.8564 4.4
      vertex 166.209 69.8564 4
    endloop
  endfacet
  facet normal -0.980874 0.194645 0
    outer loop
      vertex 168.363 69.7153 6.2
      vertex 168.391 69.8564 8.2
      vertex 168.391 69.8564 6.2
    endloop
  endfacet
  facet normal -0.980874 0.194645 0
    outer loop
      vertex 168.391 69.8564 8.2
      vertex 168.363 69.7153 6.2
      vertex 168.363 69.7153 8.2
    endloop
  endfacet
  facet normal -0.980874 0.194645 0
    outer loop
      vertex 168.363 69.7153 4
      vertex 168.391 69.8564 4.4
      vertex 168.391 69.8564 4
    endloop
  endfacet
  facet normal -0.980874 0.194645 0
    outer loop
      vertex 168.391 69.8564 4.4
      vertex 168.363 69.7153 4
      vertex 168.363 69.7153 4.4
    endloop
  endfacet
  facet normal 0.321653 0.946858 -0
    outer loop
      vertex 167.015 68.9375 6.2
      vertex 166.879 68.9837 8.2
      vertex 167.015 68.9375 8.2
    endloop
  endfacet
  facet normal 0.321653 0.946858 0
    outer loop
      vertex 166.879 68.9837 8.2
      vertex 167.015 68.9375 6.2
      vertex 166.879 68.9837 6.2
    endloop
  endfacet
  facet normal 0.321653 0.946858 -0
    outer loop
      vertex 167.015 68.9375 4
      vertex 166.879 68.9837 4.4
      vertex 167.015 68.9375 4.4
    endloop
  endfacet
  facet normal 0.321653 0.946858 0
    outer loop
      vertex 166.879 68.9837 4.4
      vertex 167.015 68.9375 4
      vertex 166.879 68.9837 4
    endloop
  endfacet
  facet normal -0.898568 -0.438835 0
    outer loop
      vertex 168.316 70.421 6.2
      vertex 168.253 70.55 8.2
      vertex 168.253 70.55 6.2
    endloop
  endfacet
  facet normal -0.898568 -0.438835 0
    outer loop
      vertex 168.253 70.55 8.2
      vertex 168.316 70.421 6.2
      vertex 168.316 70.421 8.2
    endloop
  endfacet
  facet normal -0.898568 -0.438835 0
    outer loop
      vertex 168.316 70.421 4
      vertex 168.253 70.55 4.4
      vertex 168.253 70.55 4
    endloop
  endfacet
  facet normal -0.898568 -0.438835 0
    outer loop
      vertex 168.253 70.55 4.4
      vertex 168.316 70.421 4
      vertex 168.316 70.421 4.4
    endloop
  endfacet
  facet normal 0.751457 0.659782 0
    outer loop
      vertex 166.522 69.2222 8.2
      vertex 166.427 69.3304 6.2
      vertex 166.427 69.3304 8.2
    endloop
  endfacet
  facet normal 0.751457 0.659782 0
    outer loop
      vertex 166.427 69.3304 6.2
      vertex 166.522 69.2222 8.2
      vertex 166.522 69.2222 6.2
    endloop
  endfacet
  facet normal 0.751457 0.659782 0
    outer loop
      vertex 166.522 69.2222 4.4
      vertex 166.427 69.3304 4
      vertex 166.427 69.3304 4.4
    endloop
  endfacet
  facet normal 0.751457 0.659782 0
    outer loop
      vertex 166.427 69.3304 4
      vertex 166.522 69.2222 4.4
      vertex 166.522 69.2222 4
    endloop
  endfacet
  facet normal 0.751457 -0.659782 0
    outer loop
      vertex 166.427 70.6696 8.2
      vertex 166.522 70.7778 6.2
      vertex 166.522 70.7778 8.2
    endloop
  endfacet
  facet normal 0.751457 -0.659782 0
    outer loop
      vertex 166.522 70.7778 6.2
      vertex 166.427 70.6696 8.2
      vertex 166.427 70.6696 6.2
    endloop
  endfacet
  facet normal 0.751457 -0.659782 0
    outer loop
      vertex 166.427 70.6696 4.4
      vertex 166.522 70.7778 4
      vertex 166.522 70.7778 4.4
    endloop
  endfacet
  facet normal 0.751457 -0.659782 0
    outer loop
      vertex 166.522 70.7778 4
      vertex 166.427 70.6696 4.4
      vertex 166.427 70.6696 4
    endloop
  endfacet
  facet normal 0.44276 0.89664 -0
    outer loop
      vertex 166.879 68.9837 6.2
      vertex 166.75 69.0474 8.2
      vertex 166.879 68.9837 8.2
    endloop
  endfacet
  facet normal 0.44276 0.89664 0
    outer loop
      vertex 166.75 69.0474 8.2
      vertex 166.879 68.9837 6.2
      vertex 166.75 69.0474 6.2
    endloop
  endfacet
  facet normal 0.44276 0.89664 -0
    outer loop
      vertex 166.879 68.9837 4
      vertex 166.75 69.0474 4.4
      vertex 166.879 68.9837 4.4
    endloop
  endfacet
  facet normal 0.44276 0.89664 0
    outer loop
      vertex 166.75 69.0474 4.4
      vertex 166.879 68.9837 4
      vertex 166.75 69.0474 4
    endloop
  endfacet
  facet normal -0.55422 0.83237 0
    outer loop
      vertex 167.97 69.1273 6.2
      vertex 167.85 69.0474 8.2
      vertex 167.97 69.1273 8.2
    endloop
  endfacet
  facet normal -0.55422 0.83237 0
    outer loop
      vertex 167.85 69.0474 8.2
      vertex 167.97 69.1273 6.2
      vertex 167.85 69.0474 6.2
    endloop
  endfacet
  facet normal -0.55422 0.83237 0
    outer loop
      vertex 167.97 69.1273 4
      vertex 167.85 69.0474 4.4
      vertex 167.97 69.1273 4.4
    endloop
  endfacet
  facet normal -0.55422 0.83237 0
    outer loop
      vertex 167.85 69.0474 4.4
      vertex 167.97 69.1273 4
      vertex 167.85 69.0474 4
    endloop
  endfacet
  facet normal -0.660079 0.751196 0
    outer loop
      vertex 168.078 69.2222 6.2
      vertex 167.97 69.1273 8.2
      vertex 168.078 69.2222 8.2
    endloop
  endfacet
  facet normal -0.660079 0.751196 0
    outer loop
      vertex 167.97 69.1273 8.2
      vertex 168.078 69.2222 6.2
      vertex 167.97 69.1273 6.2
    endloop
  endfacet
  facet normal -0.660079 0.751196 0
    outer loop
      vertex 168.078 69.2222 4
      vertex 167.97 69.1273 4.4
      vertex 168.078 69.2222 4.4
    endloop
  endfacet
  facet normal -0.660079 0.751196 0
    outer loop
      vertex 167.97 69.1273 4.4
      vertex 168.078 69.2222 4
      vertex 167.97 69.1273 4
    endloop
  endfacet
  facet normal 0.998042 -0.0625514 0
    outer loop
      vertex 166.2 70 8.2
      vertex 166.209 70.1436 6.2
      vertex 166.209 70.1436 8.2
    endloop
  endfacet
  facet normal 0.998042 -0.0625514 0
    outer loop
      vertex 166.209 70.1436 6.2
      vertex 166.2 70 8.2
      vertex 166.2 70 6.2
    endloop
  endfacet
  facet normal 0.998042 -0.0625514 0
    outer loop
      vertex 166.2 70 4.4
      vertex 166.209 70.1436 4
      vertex 166.209 70.1436 4.4
    endloop
  endfacet
  facet normal 0.998042 -0.0625514 0
    outer loop
      vertex 166.209 70.1436 4
      vertex 166.2 70 4.4
      vertex 166.2 70 4
    endloop
  endfacet
  facet normal 0.898568 -0.438835 0
    outer loop
      vertex 166.284 70.421 8.2
      vertex 166.347 70.55 6.2
      vertex 166.347 70.55 8.2
    endloop
  endfacet
  facet normal 0.898568 -0.438835 0
    outer loop
      vertex 166.347 70.55 6.2
      vertex 166.284 70.421 8.2
      vertex 166.284 70.421 6.2
    endloop
  endfacet
  facet normal 0.898568 -0.438835 0
    outer loop
      vertex 166.284 70.421 4.4
      vertex 166.347 70.55 4
      vertex 166.347 70.55 4.4
    endloop
  endfacet
  facet normal 0.898568 -0.438835 0
    outer loop
      vertex 166.347 70.55 4
      vertex 166.284 70.421 4.4
      vertex 166.284 70.421 4
    endloop
  endfacet
  facet normal -0 0 1
    outer loop
      vertex -1.78373 22.421 4.4
      vertex -0.650005 20.7587 4.4
      vertex -0.650005 28 4.4
    endloop
  endfacet
  facet normal 0 0 1
    outer loop
      vertex -0.650005 20.7587 4.4
      vertex -1.70941 22.1436 4.4
      vertex -1.7 22 4.4
    endloop
  endfacet
  facet normal 0 0 1
    outer loop
      vertex -0.650005 20.7587 4.4
      vertex -1.73748 22.2847 4.4
      vertex -1.70941 22.1436 4.4
    endloop
  endfacet
  facet normal 0 0 1
    outer loop
      vertex -0.650005 20.7587 4.4
      vertex -1.78373 22.421 4.4
      vertex -1.73748 22.2847 4.4
    endloop
  endfacet
  facet normal 0 0 1
    outer loop
      vertex -0.650005 28 4.4
      vertex -1.84737 22.55 4.4
      vertex -1.78373 22.421 4.4
    endloop
  endfacet
  facet normal 0 0 1
    outer loop
      vertex -0.650005 28 4.4
      vertex -1.92731 22.6696 4.4
      vertex -1.84737 22.55 4.4
    endloop
  endfacet
  facet normal 0 0 1
    outer loop
      vertex -0.650005 28 4.4
      vertex -2.02218 22.7778 4.4
      vertex -1.92731 22.6696 4.4
    endloop
  endfacet
  facet normal 0 0 1
    outer loop
      vertex -0.650005 28 4.4
      vertex -2.13036 22.8727 4.4
      vertex -2.02218 22.7778 4.4
    endloop
  endfacet
  facet normal 0 0 1
    outer loop
      vertex -0.650005 28 4.4
      vertex -2.25 22.9526 4.4
      vertex -2.13036 22.8727 4.4
    endloop
  endfacet
  facet normal 0 0 1
    outer loop
      vertex -0.650005 28 4.4
      vertex -2.37905 23.0163 4.4
      vertex -2.25 22.9526 4.4
    endloop
  endfacet
  facet normal 0 0 1
    outer loop
      vertex -0.650005 28 4.4
      vertex -2.5153 23.0625 4.4
      vertex -2.37905 23.0163 4.4
    endloop
  endfacet
  facet normal 0 0 1
    outer loop
      vertex -0.650005 28 4.4
      vertex -2.65642 23.0906 4.4
      vertex -2.5153 23.0625 4.4
    endloop
  endfacet
  facet normal 0 0 1
    outer loop
      vertex -0.650005 28 4.4
      vertex -2.8 23.1 4.4
      vertex -2.65642 23.0906 4.4
    endloop
  endfacet
  facet normal -0 0 1
    outer loop
      vertex -4.94999 28 4.4
      vertex -2.8 23.1 4.4
      vertex -0.650005 28 4.4
    endloop
  endfacet
  facet normal 0 0 1
    outer loop
      vertex -2.8 23.1 4.4
      vertex -4.94999 28 4.4
      vertex -2.94358 23.0906 4.4
    endloop
  endfacet
  facet normal 0 0 1
    outer loop
      vertex -2.94358 23.0906 4.4
      vertex -4.94999 28 4.4
      vertex -3.0847 23.0625 4.4
    endloop
  endfacet
  facet normal 0 0 1
    outer loop
      vertex -3.0847 23.0625 4.4
      vertex -4.94999 28 4.4
      vertex -3.22095 23.0163 4.4
    endloop
  endfacet
  facet normal 0 0 1
    outer loop
      vertex -3.22095 23.0163 4.4
      vertex -4.94999 28 4.4
      vertex -3.35 22.9526 4.4
    endloop
  endfacet
  facet normal 0 0 1
    outer loop
      vertex -3.35 22.9526 4.4
      vertex -4.94999 28 4.4
      vertex -3.46964 22.8727 4.4
    endloop
  endfacet
  facet normal 0 0 1
    outer loop
      vertex -3.46964 22.8727 4.4
      vertex -4.94999 28 4.4
      vertex -3.57782 22.7778 4.4
    endloop
  endfacet
  facet normal 0 0 1
    outer loop
      vertex -3.57782 22.7778 4.4
      vertex -4.94999 28 4.4
      vertex -3.67269 22.6696 4.4
    endloop
  endfacet
  facet normal 0 0 1
    outer loop
      vertex -3.86252 22.2847 4.4
      vertex -4.94999 20.7587 4.4
      vertex -3.89059 22.1436 4.4
    endloop
  endfacet
  facet normal 0 0 1
    outer loop
      vertex -3.81627 22.421 4.4
      vertex -4.94999 20.7587 4.4
      vertex -3.86252 22.2847 4.4
    endloop
  endfacet
  facet normal 0 0 1
    outer loop
      vertex -4.94999 20.7587 4.4
      vertex -3.81627 22.421 4.4
      vertex -4.94999 28 4.4
    endloop
  endfacet
  facet normal 0 0 1
    outer loop
      vertex -3.75263 22.55 4.4
      vertex -4.94999 28 4.4
      vertex -3.81627 22.421 4.4
    endloop
  endfacet
  facet normal 0 0 1
    outer loop
      vertex -3.67269 22.6696 4.4
      vertex -4.94999 28 4.4
      vertex -3.75263 22.55 4.4
    endloop
  endfacet
  facet normal -0 0 1
    outer loop
      vertex -1.70941 21.8564 4.4
      vertex -0.650005 20.7587 4.4
      vertex -1.7 22 4.4
    endloop
  endfacet
  facet normal -0 0 1
    outer loop
      vertex -1.73748 21.7153 4.4
      vertex -0.650005 20.7587 4.4
      vertex -1.70941 21.8564 4.4
    endloop
  endfacet
  facet normal -0 0 1
    outer loop
      vertex -1.78373 21.579 4.4
      vertex -0.650005 20.7587 4.4
      vertex -1.73748 21.7153 4.4
    endloop
  endfacet
  facet normal -0 0 1
    outer loop
      vertex -1.84737 21.45 4.4
      vertex -0.650005 20.7587 4.4
      vertex -1.78373 21.579 4.4
    endloop
  endfacet
  facet normal -0 0 1
    outer loop
      vertex -1.92731 21.3304 4.4
      vertex -0.650005 20.7587 4.4
      vertex -1.84737 21.45 4.4
    endloop
  endfacet
  facet normal -0 0 1
    outer loop
      vertex -2.02218 21.2222 4.4
      vertex -0.650005 20.7587 4.4
      vertex -1.92731 21.3304 4.4
    endloop
  endfacet
  facet normal -0 0 1
    outer loop
      vertex -2.13036 21.1273 4.4
      vertex -0.650005 20.7587 4.4
      vertex -2.02218 21.2222 4.4
    endloop
  endfacet
  facet normal -0 0 1
    outer loop
      vertex -2.25 21.0474 4.4
      vertex -0.650005 20.7587 4.4
      vertex -2.13036 21.1273 4.4
    endloop
  endfacet
  facet normal 0 0 1
    outer loop
      vertex -2.8 19.5174 4.4
      vertex -2.25 21.0474 4.4
      vertex -2.37905 20.9837 4.4
    endloop
  endfacet
  facet normal 0 0 1
    outer loop
      vertex -2.8 19.5174 4.4
      vertex -2.37905 20.9837 4.4
      vertex -2.5153 20.9375 4.4
    endloop
  endfacet
  facet normal 0 0 1
    outer loop
      vertex -2.8 19.5174 4.4
      vertex -2.5153 20.9375 4.4
      vertex -2.65642 20.9094 4.4
    endloop
  endfacet
  facet normal 0 0 1
    outer loop
      vertex -2.8 19.5174 4.4
      vertex -2.65642 20.9094 4.4
      vertex -2.8 20.9 4.4
    endloop
  endfacet
  facet normal 0 0 1
    outer loop
      vertex -2.25 21.0474 4.4
      vertex -2.8 19.5174 4.4
      vertex -0.650005 20.7587 4.4
    endloop
  endfacet
  facet normal 0 0 1
    outer loop
      vertex -2.94358 20.9094 4.4
      vertex -2.8 19.5174 4.4
      vertex -2.8 20.9 4.4
    endloop
  endfacet
  facet normal 0 0 1
    outer loop
      vertex -3.0847 20.9375 4.4
      vertex -2.8 19.5174 4.4
      vertex -2.94358 20.9094 4.4
    endloop
  endfacet
  facet normal 0 0 1
    outer loop
      vertex -3.22095 20.9837 4.4
      vertex -2.8 19.5174 4.4
      vertex -3.0847 20.9375 4.4
    endloop
  endfacet
  facet normal 0 0 1
    outer loop
      vertex -3.35 21.0474 4.4
      vertex -2.8 19.5174 4.4
      vertex -3.22095 20.9837 4.4
    endloop
  endfacet
  facet normal 0 0 1
    outer loop
      vertex -4.94999 20.7587 4.4
      vertex -3.35 21.0474 4.4
      vertex -3.46964 21.1273 4.4
    endloop
  endfacet
  facet normal 0 0 1
    outer loop
      vertex -4.94999 20.7587 4.4
      vertex -3.46964 21.1273 4.4
      vertex -3.57782 21.2222 4.4
    endloop
  endfacet
  facet normal 0 0 1
    outer loop
      vertex -4.94999 20.7587 4.4
      vertex -3.57782 21.2222 4.4
      vertex -3.67269 21.3304 4.4
    endloop
  endfacet
  facet normal 0 0 1
    outer loop
      vertex -4.94999 20.7587 4.4
      vertex -3.67269 21.3304 4.4
      vertex -3.75263 21.45 4.4
    endloop
  endfacet
  facet normal 0 0 1
    outer loop
      vertex -4.94999 20.7587 4.4
      vertex -3.75263 21.45 4.4
      vertex -3.81627 21.579 4.4
    endloop
  endfacet
  facet normal 0 0 1
    outer loop
      vertex -3.89059 22.1436 4.4
      vertex -4.94999 20.7587 4.4
      vertex -3.9 22 4.4
    endloop
  endfacet
  facet normal 0 0 1
    outer loop
      vertex -3.35 21.0474 4.4
      vertex -4.94999 20.7587 4.4
      vertex -2.8 19.5174 4.4
    endloop
  endfacet
  facet normal 0 0 1
    outer loop
      vertex -3.86252 21.7153 4.4
      vertex -4.94999 20.7587 4.4
      vertex -3.81627 21.579 4.4
    endloop
  endfacet
  facet normal 0 0 1
    outer loop
      vertex -3.89059 21.8564 4.4
      vertex -4.94999 20.7587 4.4
      vertex -3.86252 21.7153 4.4
    endloop
  endfacet
  facet normal 0 0 1
    outer loop
      vertex -3.9 22 4.4
      vertex -4.94999 20.7587 4.4
      vertex -3.89059 21.8564 4.4
    endloop
  endfacet
  facet normal -0.5 0.866025 0
    outer loop
      vertex -0.650005 20.7587 4.4
      vertex -2.8 19.5174 6.2
      vertex -0.650005 20.7587 6.2
    endloop
  endfacet
  facet normal -0.5 0.866025 0
    outer loop
      vertex -2.8 19.5174 6.2
      vertex -0.650005 20.7587 4.4
      vertex -2.8 19.5174 4.4
    endloop
  endfacet
  facet normal 1 -0 0
    outer loop
      vertex -4.94999 20.7587 6.2
      vertex -4.94999 28 4.4
      vertex -4.94999 28 6.2
    endloop
  endfacet
  facet normal 1 0 0
    outer loop
      vertex -4.94999 28 4.4
      vertex -4.94999 20.7587 6.2
      vertex -4.94999 20.7587 4.4
    endloop
  endfacet
  facet normal 0 0 -1
    outer loop
      vertex -1.70941 22.1436 6.2
      vertex -0.650005 20.7587 6.2
      vertex -1.7 22 6.2
    endloop
  endfacet
  facet normal 0 0 -1
    outer loop
      vertex -0.650005 20.7587 6.2
      vertex -1.70941 21.8564 6.2
      vertex -1.7 22 6.2
    endloop
  endfacet
  facet normal 0 0 -1
    outer loop
      vertex -0.650005 20.7587 6.2
      vertex -1.73748 21.7153 6.2
      vertex -1.70941 21.8564 6.2
    endloop
  endfacet
  facet normal 0 0 -1
    outer loop
      vertex -0.650005 20.7587 6.2
      vertex -1.78373 21.579 6.2
      vertex -1.73748 21.7153 6.2
    endloop
  endfacet
  facet normal 0 0 -1
    outer loop
      vertex -0.650005 20.7587 6.2
      vertex -1.84737 21.45 6.2
      vertex -1.78373 21.579 6.2
    endloop
  endfacet
  facet normal 0 0 -1
    outer loop
      vertex -0.650005 20.7587 6.2
      vertex -1.92731 21.3304 6.2
      vertex -1.84737 21.45 6.2
    endloop
  endfacet
  facet normal 0 0 -1
    outer loop
      vertex -0.650005 20.7587 6.2
      vertex -2.02218 21.2222 6.2
      vertex -1.92731 21.3304 6.2
    endloop
  endfacet
  facet normal 0 0 -1
    outer loop
      vertex -0.650005 20.7587 6.2
      vertex -2.13036 21.1273 6.2
      vertex -2.02218 21.2222 6.2
    endloop
  endfacet
  facet normal 0 0 -1
    outer loop
      vertex -0.650005 20.7587 6.2
      vertex -2.25 21.0474 6.2
      vertex -2.13036 21.1273 6.2
    endloop
  endfacet
  facet normal 0 0 -1
    outer loop
      vertex -2.8 19.5174 6.2
      vertex -2.25 21.0474 6.2
      vertex -0.650005 20.7587 6.2
    endloop
  endfacet
  facet normal 0 0 -1
    outer loop
      vertex -2.25 21.0474 6.2
      vertex -2.8 19.5174 6.2
      vertex -2.37905 20.9837 6.2
    endloop
  endfacet
  facet normal 0 0 -1
    outer loop
      vertex -2.37905 20.9837 6.2
      vertex -2.8 19.5174 6.2
      vertex -2.5153 20.9375 6.2
    endloop
  endfacet
  facet normal 0 0 -1
    outer loop
      vertex -2.5153 20.9375 6.2
      vertex -2.8 19.5174 6.2
      vertex -2.65642 20.9094 6.2
    endloop
  endfacet
  facet normal 0 0 -1
    outer loop
      vertex -2.8 19.5174 6.2
      vertex -2.8 20.9 6.2
      vertex -2.65642 20.9094 6.2
    endloop
  endfacet
  facet normal 0 0 -1
    outer loop
      vertex -2.8 19.5174 6.2
      vertex -2.94358 20.9094 6.2
      vertex -2.8 20.9 6.2
    endloop
  endfacet
  facet normal 0 0 -1
    outer loop
      vertex -2.8 19.5174 6.2
      vertex -3.0847 20.9375 6.2
      vertex -2.94358 20.9094 6.2
    endloop
  endfacet
  facet normal 0 0 -1
    outer loop
      vertex -2.8 19.5174 6.2
      vertex -3.22095 20.9837 6.2
      vertex -3.0847 20.9375 6.2
    endloop
  endfacet
  facet normal 0 0 -1
    outer loop
      vertex -2.8 19.5174 6.2
      vertex -3.35 21.0474 6.2
      vertex -3.22095 20.9837 6.2
    endloop
  endfacet
  facet normal 0 0 -1
    outer loop
      vertex -4.94999 20.7587 6.2
      vertex -3.35 21.0474 6.2
      vertex -2.8 19.5174 6.2
    endloop
  endfacet
  facet normal -0 0 -1
    outer loop
      vertex -3.35 21.0474 6.2
      vertex -4.94999 20.7587 6.2
      vertex -3.46964 21.1273 6.2
    endloop
  endfacet
  facet normal -0 0 -1
    outer loop
      vertex -3.46964 21.1273 6.2
      vertex -4.94999 20.7587 6.2
      vertex -3.57782 21.2222 6.2
    endloop
  endfacet
  facet normal -0 0 -1
    outer loop
      vertex -3.57782 21.2222 6.2
      vertex -4.94999 20.7587 6.2
      vertex -3.67269 21.3304 6.2
    endloop
  endfacet
  facet normal -0 0 -1
    outer loop
      vertex -3.67269 21.3304 6.2
      vertex -4.94999 20.7587 6.2
      vertex -3.75263 21.45 6.2
    endloop
  endfacet
  facet normal -0 0 -1
    outer loop
      vertex -3.89059 21.8564 6.2
      vertex -4.94999 20.7587 6.2
      vertex -3.9 22 6.2
    endloop
  endfacet
  facet normal -0 0 -1
    outer loop
      vertex -3.86252 21.7153 6.2
      vertex -4.94999 20.7587 6.2
      vertex -3.89059 21.8564 6.2
    endloop
  endfacet
  facet normal -0 0 -1
    outer loop
      vertex -3.81627 21.579 6.2
      vertex -4.94999 20.7587 6.2
      vertex -3.86252 21.7153 6.2
    endloop
  endfacet
  facet normal -0 0 -1
    outer loop
      vertex -3.75263 21.45 6.2
      vertex -4.94999 20.7587 6.2
      vertex -3.81627 21.579 6.2
    endloop
  endfacet
  facet normal 0 0 -1
    outer loop
      vertex -1.73748 22.2847 6.2
      vertex -0.650005 20.7587 6.2
      vertex -1.70941 22.1436 6.2
    endloop
  endfacet
  facet normal 0 0 -1
    outer loop
      vertex -1.78373 22.421 6.2
      vertex -0.650005 20.7587 6.2
      vertex -1.73748 22.2847 6.2
    endloop
  endfacet
  facet normal 0 0 -1
    outer loop
      vertex -0.650005 20.7587 6.2
      vertex -1.78373 22.421 6.2
      vertex -0.650005 28 6.2
    endloop
  endfacet
  facet normal 0 0 -1
    outer loop
      vertex -1.84737 22.55 6.2
      vertex -0.650005 28 6.2
      vertex -1.78373 22.421 6.2
    endloop
  endfacet
  facet normal 0 0 -1
    outer loop
      vertex -1.92731 22.6696 6.2
      vertex -0.650005 28 6.2
      vertex -1.84737 22.55 6.2
    endloop
  endfacet
  facet normal 0 0 -1
    outer loop
      vertex -2.02218 22.7778 6.2
      vertex -0.650005 28 6.2
      vertex -1.92731 22.6696 6.2
    endloop
  endfacet
  facet normal 0 0 -1
    outer loop
      vertex -2.13036 22.8727 6.2
      vertex -0.650005 28 6.2
      vertex -2.02218 22.7778 6.2
    endloop
  endfacet
  facet normal 0 0 -1
    outer loop
      vertex -2.25 22.9526 6.2
      vertex -0.650005 28 6.2
      vertex -2.13036 22.8727 6.2
    endloop
  endfacet
  facet normal 0 0 -1
    outer loop
      vertex -2.37905 23.0163 6.2
      vertex -0.650005 28 6.2
      vertex -2.25 22.9526 6.2
    endloop
  endfacet
  facet normal 0 0 -1
    outer loop
      vertex -2.5153 23.0625 6.2
      vertex -0.650005 28 6.2
      vertex -2.37905 23.0163 6.2
    endloop
  endfacet
  facet normal 0 0 -1
    outer loop
      vertex -2.65642 23.0906 6.2
      vertex -0.650005 28 6.2
      vertex -2.5153 23.0625 6.2
    endloop
  endfacet
  facet normal 0 0 -1
    outer loop
      vertex -2.8 23.1 6.2
      vertex -0.650005 28 6.2
      vertex -2.65642 23.0906 6.2
    endloop
  endfacet
  facet normal 0 0 -1
    outer loop
      vertex -4.94999 28 6.2
      vertex -2.8 23.1 6.2
      vertex -2.94358 23.0906 6.2
    endloop
  endfacet
  facet normal 0 0 -1
    outer loop
      vertex -4.94999 28 6.2
      vertex -2.94358 23.0906 6.2
      vertex -3.0847 23.0625 6.2
    endloop
  endfacet
  facet normal 0 0 -1
    outer loop
      vertex -4.94999 28 6.2
      vertex -3.0847 23.0625 6.2
      vertex -3.22095 23.0163 6.2
    endloop
  endfacet
  facet normal 0 0 -1
    outer loop
      vertex -4.94999 28 6.2
      vertex -3.22095 23.0163 6.2
      vertex -3.35 22.9526 6.2
    endloop
  endfacet
  facet normal 0 0 -1
    outer loop
      vertex -4.94999 28 6.2
      vertex -3.35 22.9526 6.2
      vertex -3.46964 22.8727 6.2
    endloop
  endfacet
  facet normal 0 0 -1
    outer loop
      vertex -4.94999 28 6.2
      vertex -3.46964 22.8727 6.2
      vertex -3.57782 22.7778 6.2
    endloop
  endfacet
  facet normal 0 0 -1
    outer loop
      vertex -4.94999 28 6.2
      vertex -3.57782 22.7778 6.2
      vertex -3.67269 22.6696 6.2
    endloop
  endfacet
  facet normal 0 0 -1
    outer loop
      vertex -4.94999 28 6.2
      vertex -3.67269 22.6696 6.2
      vertex -3.75263 22.55 6.2
    endloop
  endfacet
  facet normal 0 0 -1
    outer loop
      vertex -4.94999 20.7587 6.2
      vertex -3.89059 22.1436 6.2
      vertex -3.9 22 6.2
    endloop
  endfacet
  facet normal 0 0 -1
    outer loop
      vertex -4.94999 20.7587 6.2
      vertex -3.86252 22.2847 6.2
      vertex -3.89059 22.1436 6.2
    endloop
  endfacet
  facet normal 0 0 -1
    outer loop
      vertex -4.94999 20.7587 6.2
      vertex -3.81627 22.421 6.2
      vertex -3.86252 22.2847 6.2
    endloop
  endfacet
  facet normal 0 0 -1
    outer loop
      vertex -4.94999 28 6.2
      vertex -3.81627 22.421 6.2
      vertex -4.94999 20.7587 6.2
    endloop
  endfacet
  facet normal 0 0 -1
    outer loop
      vertex -3.81627 22.421 6.2
      vertex -4.94999 28 6.2
      vertex -3.75263 22.55 6.2
    endloop
  endfacet
  facet normal 0 0 -1
    outer loop
      vertex -2.8 23.1 6.2
      vertex -4.94999 28 6.2
      vertex -0.650005 28 6.2
    endloop
  endfacet
  facet normal 0.500001 0.866025 -0
    outer loop
      vertex -2.8 19.5174 4.4
      vertex -4.94999 20.7587 6.2
      vertex -2.8 19.5174 6.2
    endloop
  endfacet
  facet normal 0.500001 0.866025 0
    outer loop
      vertex -4.94999 20.7587 6.2
      vertex -2.8 19.5174 4.4
      vertex -4.94999 20.7587 4.4
    endloop
  endfacet
  facet normal -1 0 0
    outer loop
      vertex -0.650005 20.7587 4.4
      vertex -0.650005 28 6.2
      vertex -0.650005 28 4.4
    endloop
  endfacet
  facet normal -1 -0 0
    outer loop
      vertex -0.650005 28 6.2
      vertex -0.650005 20.7587 4.4
      vertex -0.650005 20.7587 6.2
    endloop
  endfacet
  facet normal -0 0 1
    outer loop
      vertex -1.78373 70.421 4.4
      vertex -0.650005 68.7587 4.4
      vertex -0.650005 76 4.4
    endloop
  endfacet
  facet normal 0 0 1
    outer loop
      vertex -0.650005 68.7587 4.4
      vertex -1.70941 70.1436 4.4
      vertex -1.7 70 4.4
    endloop
  endfacet
  facet normal 0 0 1
    outer loop
      vertex -0.650005 68.7587 4.4
      vertex -1.73748 70.2847 4.4
      vertex -1.70941 70.1436 4.4
    endloop
  endfacet
  facet normal 0 0 1
    outer loop
      vertex -0.650005 68.7587 4.4
      vertex -1.78373 70.421 4.4
      vertex -1.73748 70.2847 4.4
    endloop
  endfacet
  facet normal 0 0 1
    outer loop
      vertex -0.650005 76 4.4
      vertex -1.84737 70.55 4.4
      vertex -1.78373 70.421 4.4
    endloop
  endfacet
  facet normal 0 0 1
    outer loop
      vertex -0.650005 76 4.4
      vertex -1.92731 70.6696 4.4
      vertex -1.84737 70.55 4.4
    endloop
  endfacet
  facet normal 0 0 1
    outer loop
      vertex -0.650005 76 4.4
      vertex -2.02218 70.7778 4.4
      vertex -1.92731 70.6696 4.4
    endloop
  endfacet
  facet normal 0 0 1
    outer loop
      vertex -0.650005 76 4.4
      vertex -2.13036 70.8727 4.4
      vertex -2.02218 70.7778 4.4
    endloop
  endfacet
  facet normal 0 0 1
    outer loop
      vertex -0.650005 76 4.4
      vertex -2.25 70.9526 4.4
      vertex -2.13036 70.8727 4.4
    endloop
  endfacet
  facet normal 0 0 1
    outer loop
      vertex -0.650005 76 4.4
      vertex -2.37905 71.0163 4.4
      vertex -2.25 70.9526 4.4
    endloop
  endfacet
  facet normal 0 0 1
    outer loop
      vertex -0.650005 76 4.4
      vertex -2.5153 71.0625 4.4
      vertex -2.37905 71.0163 4.4
    endloop
  endfacet
  facet normal 0 0 1
    outer loop
      vertex -0.650005 76 4.4
      vertex -2.65642 71.0906 4.4
      vertex -2.5153 71.0625 4.4
    endloop
  endfacet
  facet normal 0 0 1
    outer loop
      vertex -0.650005 76 4.4
      vertex -2.8 71.1 4.4
      vertex -2.65642 71.0906 4.4
    endloop
  endfacet
  facet normal -0 0 1
    outer loop
      vertex -4.94999 76 4.4
      vertex -2.8 71.1 4.4
      vertex -0.650005 76 4.4
    endloop
  endfacet
  facet normal 0 0 1
    outer loop
      vertex -2.8 71.1 4.4
      vertex -4.94999 76 4.4
      vertex -2.94358 71.0906 4.4
    endloop
  endfacet
  facet normal 0 0 1
    outer loop
      vertex -2.94358 71.0906 4.4
      vertex -4.94999 76 4.4
      vertex -3.0847 71.0625 4.4
    endloop
  endfacet
  facet normal 0 0 1
    outer loop
      vertex -3.0847 71.0625 4.4
      vertex -4.94999 76 4.4
      vertex -3.22095 71.0163 4.4
    endloop
  endfacet
  facet normal 0 0 1
    outer loop
      vertex -3.22095 71.0163 4.4
      vertex -4.94999 76 4.4
      vertex -3.35 70.9526 4.4
    endloop
  endfacet
  facet normal 0 0 1
    outer loop
      vertex -3.35 70.9526 4.4
      vertex -4.94999 76 4.4
      vertex -3.46964 70.8727 4.4
    endloop
  endfacet
  facet normal 0 0 1
    outer loop
      vertex -3.46964 70.8727 4.4
      vertex -4.94999 76 4.4
      vertex -3.57782 70.7778 4.4
    endloop
  endfacet
  facet normal 0 0 1
    outer loop
      vertex -3.57782 70.7778 4.4
      vertex -4.94999 76 4.4
      vertex -3.67269 70.6696 4.4
    endloop
  endfacet
  facet normal 0 0 1
    outer loop
      vertex -3.86252 70.2847 4.4
      vertex -4.94999 68.7587 4.4
      vertex -3.89059 70.1436 4.4
    endloop
  endfacet
  facet normal 0 0 1
    outer loop
      vertex -3.81627 70.421 4.4
      vertex -4.94999 68.7587 4.4
      vertex -3.86252 70.2847 4.4
    endloop
  endfacet
  facet normal 0 0 1
    outer loop
      vertex -4.94999 68.7587 4.4
      vertex -3.81627 70.421 4.4
      vertex -4.94999 76 4.4
    endloop
  endfacet
  facet normal 0 0 1
    outer loop
      vertex -3.75263 70.55 4.4
      vertex -4.94999 76 4.4
      vertex -3.81627 70.421 4.4
    endloop
  endfacet
  facet normal 0 0 1
    outer loop
      vertex -3.67269 70.6696 4.4
      vertex -4.94999 76 4.4
      vertex -3.75263 70.55 4.4
    endloop
  endfacet
  facet normal -0 0 1
    outer loop
      vertex -1.70941 69.8564 4.4
      vertex -0.650005 68.7587 4.4
      vertex -1.7 70 4.4
    endloop
  endfacet
  facet normal -0 0 1
    outer loop
      vertex -1.73748 69.7153 4.4
      vertex -0.650005 68.7587 4.4
      vertex -1.70941 69.8564 4.4
    endloop
  endfacet
  facet normal -0 0 1
    outer loop
      vertex -1.78373 69.579 4.4
      vertex -0.650005 68.7587 4.4
      vertex -1.73748 69.7153 4.4
    endloop
  endfacet
  facet normal -0 0 1
    outer loop
      vertex -1.84737 69.45 4.4
      vertex -0.650005 68.7587 4.4
      vertex -1.78373 69.579 4.4
    endloop
  endfacet
  facet normal -0 0 1
    outer loop
      vertex -1.92731 69.3304 4.4
      vertex -0.650005 68.7587 4.4
      vertex -1.84737 69.45 4.4
    endloop
  endfacet
  facet normal -0 0 1
    outer loop
      vertex -2.02218 69.2222 4.4
      vertex -0.650005 68.7587 4.4
      vertex -1.92731 69.3304 4.4
    endloop
  endfacet
  facet normal -0 0 1
    outer loop
      vertex -2.13036 69.1273 4.4
      vertex -0.650005 68.7587 4.4
      vertex -2.02218 69.2222 4.4
    endloop
  endfacet
  facet normal -0 0 1
    outer loop
      vertex -2.25 69.0474 4.4
      vertex -0.650005 68.7587 4.4
      vertex -2.13036 69.1273 4.4
    endloop
  endfacet
  facet normal 0 0 1
    outer loop
      vertex -2.8 67.5174 4.4
      vertex -2.25 69.0474 4.4
      vertex -2.37905 68.9837 4.4
    endloop
  endfacet
  facet normal 0 0 1
    outer loop
      vertex -2.8 67.5174 4.4
      vertex -2.37905 68.9837 4.4
      vertex -2.5153 68.9375 4.4
    endloop
  endfacet
  facet normal 0 0 1
    outer loop
      vertex -2.8 67.5174 4.4
      vertex -2.5153 68.9375 4.4
      vertex -2.65642 68.9094 4.4
    endloop
  endfacet
  facet normal 0 0 1
    outer loop
      vertex -2.8 67.5174 4.4
      vertex -2.65642 68.9094 4.4
      vertex -2.8 68.9 4.4
    endloop
  endfacet
  facet normal 0 0 1
    outer loop
      vertex -2.25 69.0474 4.4
      vertex -2.8 67.5174 4.4
      vertex -0.650005 68.7587 4.4
    endloop
  endfacet
  facet normal 0 0 1
    outer loop
      vertex -2.94358 68.9094 4.4
      vertex -2.8 67.5174 4.4
      vertex -2.8 68.9 4.4
    endloop
  endfacet
  facet normal 0 0 1
    outer loop
      vertex -3.0847 68.9375 4.4
      vertex -2.8 67.5174 4.4
      vertex -2.94358 68.9094 4.4
    endloop
  endfacet
  facet normal 0 0 1
    outer loop
      vertex -3.22095 68.9837 4.4
      vertex -2.8 67.5174 4.4
      vertex -3.0847 68.9375 4.4
    endloop
  endfacet
  facet normal 0 0 1
    outer loop
      vertex -3.35 69.0474 4.4
      vertex -2.8 67.5174 4.4
      vertex -3.22095 68.9837 4.4
    endloop
  endfacet
  facet normal 0 0 1
    outer loop
      vertex -4.94999 68.7587 4.4
      vertex -3.35 69.0474 4.4
      vertex -3.46964 69.1273 4.4
    endloop
  endfacet
  facet normal 0 0 1
    outer loop
      vertex -4.94999 68.7587 4.4
      vertex -3.46964 69.1273 4.4
      vertex -3.57782 69.2222 4.4
    endloop
  endfacet
  facet normal 0 0 1
    outer loop
      vertex -4.94999 68.7587 4.4
      vertex -3.57782 69.2222 4.4
      vertex -3.67269 69.3304 4.4
    endloop
  endfacet
  facet normal 0 0 1
    outer loop
      vertex -4.94999 68.7587 4.4
      vertex -3.67269 69.3304 4.4
      vertex -3.75263 69.45 4.4
    endloop
  endfacet
  facet normal 0 0 1
    outer loop
      vertex -4.94999 68.7587 4.4
      vertex -3.75263 69.45 4.4
      vertex -3.81627 69.579 4.4
    endloop
  endfacet
  facet normal 0 0 1
    outer loop
      vertex -3.89059 70.1436 4.4
      vertex -4.94999 68.7587 4.4
      vertex -3.9 70 4.4
    endloop
  endfacet
  facet normal 0 0 1
    outer loop
      vertex -3.35 69.0474 4.4
      vertex -4.94999 68.7587 4.4
      vertex -2.8 67.5174 4.4
    endloop
  endfacet
  facet normal 0 0 1
    outer loop
      vertex -3.86252 69.7153 4.4
      vertex -4.94999 68.7587 4.4
      vertex -3.81627 69.579 4.4
    endloop
  endfacet
  facet normal 0 0 1
    outer loop
      vertex -3.89059 69.8564 4.4
      vertex -4.94999 68.7587 4.4
      vertex -3.86252 69.7153 4.4
    endloop
  endfacet
  facet normal 0 0 1
    outer loop
      vertex -3.9 70 4.4
      vertex -4.94999 68.7587 4.4
      vertex -3.89059 69.8564 4.4
    endloop
  endfacet
  facet normal -0.5 0.866025 0
    outer loop
      vertex -0.650005 68.7587 4.4
      vertex -2.8 67.5174 6.2
      vertex -0.650005 68.7587 6.2
    endloop
  endfacet
  facet normal -0.5 0.866025 0
    outer loop
      vertex -2.8 67.5174 6.2
      vertex -0.650005 68.7587 4.4
      vertex -2.8 67.5174 4.4
    endloop
  endfacet
  facet normal 1 -0 0
    outer loop
      vertex -4.94999 68.7587 6.2
      vertex -4.94999 76 4.4
      vertex -4.94999 76 6.2
    endloop
  endfacet
  facet normal 1 0 0
    outer loop
      vertex -4.94999 76 4.4
      vertex -4.94999 68.7587 6.2
      vertex -4.94999 68.7587 4.4
    endloop
  endfacet
  facet normal 0 0 -1
    outer loop
      vertex -1.70941 70.1436 6.2
      vertex -0.650005 68.7587 6.2
      vertex -1.7 70 6.2
    endloop
  endfacet
  facet normal 0 0 -1
    outer loop
      vertex -0.650005 68.7587 6.2
      vertex -1.70941 69.8564 6.2
      vertex -1.7 70 6.2
    endloop
  endfacet
  facet normal 0 0 -1
    outer loop
      vertex -0.650005 68.7587 6.2
      vertex -1.73748 69.7153 6.2
      vertex -1.70941 69.8564 6.2
    endloop
  endfacet
  facet normal 0 0 -1
    outer loop
      vertex -0.650005 68.7587 6.2
      vertex -1.78373 69.579 6.2
      vertex -1.73748 69.7153 6.2
    endloop
  endfacet
  facet normal 0 0 -1
    outer loop
      vertex -0.650005 68.7587 6.2
      vertex -1.84737 69.45 6.2
      vertex -1.78373 69.579 6.2
    endloop
  endfacet
  facet normal 0 0 -1
    outer loop
      vertex -0.650005 68.7587 6.2
      vertex -1.92731 69.3304 6.2
      vertex -1.84737 69.45 6.2
    endloop
  endfacet
  facet normal 0 0 -1
    outer loop
      vertex -0.650005 68.7587 6.2
      vertex -2.02218 69.2222 6.2
      vertex -1.92731 69.3304 6.2
    endloop
  endfacet
  facet normal 0 0 -1
    outer loop
      vertex -0.650005 68.7587 6.2
      vertex -2.13036 69.1273 6.2
      vertex -2.02218 69.2222 6.2
    endloop
  endfacet
  facet normal 0 0 -1
    outer loop
      vertex -0.650005 68.7587 6.2
      vertex -2.25 69.0474 6.2
      vertex -2.13036 69.1273 6.2
    endloop
  endfacet
  facet normal 0 0 -1
    outer loop
      vertex -2.8 67.5174 6.2
      vertex -2.25 69.0474 6.2
      vertex -0.650005 68.7587 6.2
    endloop
  endfacet
  facet normal 0 0 -1
    outer loop
      vertex -2.25 69.0474 6.2
      vertex -2.8 67.5174 6.2
      vertex -2.37905 68.9837 6.2
    endloop
  endfacet
  facet normal 0 0 -1
    outer loop
      vertex -2.37905 68.9837 6.2
      vertex -2.8 67.5174 6.2
      vertex -2.5153 68.9375 6.2
    endloop
  endfacet
  facet normal 0 0 -1
    outer loop
      vertex -2.5153 68.9375 6.2
      vertex -2.8 67.5174 6.2
      vertex -2.65642 68.9094 6.2
    endloop
  endfacet
  facet normal 0 0 -1
    outer loop
      vertex -2.8 67.5174 6.2
      vertex -2.8 68.9 6.2
      vertex -2.65642 68.9094 6.2
    endloop
  endfacet
  facet normal 0 0 -1
    outer loop
      vertex -2.8 67.5174 6.2
      vertex -2.94358 68.9094 6.2
      vertex -2.8 68.9 6.2
    endloop
  endfacet
  facet normal 0 0 -1
    outer loop
      vertex -2.8 67.5174 6.2
      vertex -3.0847 68.9375 6.2
      vertex -2.94358 68.9094 6.2
    endloop
  endfacet
  facet normal 0 0 -1
    outer loop
      vertex -2.8 67.5174 6.2
      vertex -3.22095 68.9837 6.2
      vertex -3.0847 68.9375 6.2
    endloop
  endfacet
  facet normal 0 0 -1
    outer loop
      vertex -2.8 67.5174 6.2
      vertex -3.35 69.0474 6.2
      vertex -3.22095 68.9837 6.2
    endloop
  endfacet
  facet normal 0 0 -1
    outer loop
      vertex -4.94999 68.7587 6.2
      vertex -3.35 69.0474 6.2
      vertex -2.8 67.5174 6.2
    endloop
  endfacet
  facet normal -0 0 -1
    outer loop
      vertex -3.35 69.0474 6.2
      vertex -4.94999 68.7587 6.2
      vertex -3.46964 69.1273 6.2
    endloop
  endfacet
  facet normal -0 0 -1
    outer loop
      vertex -3.46964 69.1273 6.2
      vertex -4.94999 68.7587 6.2
      vertex -3.57782 69.2222 6.2
    endloop
  endfacet
  facet normal -0 0 -1
    outer loop
      vertex -3.57782 69.2222 6.2
      vertex -4.94999 68.7587 6.2
      vertex -3.67269 69.3304 6.2
    endloop
  endfacet
  facet normal -0 0 -1
    outer loop
      vertex -3.67269 69.3304 6.2
      vertex -4.94999 68.7587 6.2
      vertex -3.75263 69.45 6.2
    endloop
  endfacet
  facet normal -0 0 -1
    outer loop
      vertex -3.89059 69.8564 6.2
      vertex -4.94999 68.7587 6.2
      vertex -3.9 70 6.2
    endloop
  endfacet
  facet normal -0 0 -1
    outer loop
      vertex -3.86252 69.7153 6.2
      vertex -4.94999 68.7587 6.2
      vertex -3.89059 69.8564 6.2
    endloop
  endfacet
  facet normal -0 0 -1
    outer loop
      vertex -3.81627 69.579 6.2
      vertex -4.94999 68.7587 6.2
      vertex -3.86252 69.7153 6.2
    endloop
  endfacet
  facet normal -0 0 -1
    outer loop
      vertex -3.75263 69.45 6.2
      vertex -4.94999 68.7587 6.2
      vertex -3.81627 69.579 6.2
    endloop
  endfacet
  facet normal 0 0 -1
    outer loop
      vertex -1.73748 70.2847 6.2
      vertex -0.650005 68.7587 6.2
      vertex -1.70941 70.1436 6.2
    endloop
  endfacet
  facet normal 0 0 -1
    outer loop
      vertex -1.78373 70.421 6.2
      vertex -0.650005 68.7587 6.2
      vertex -1.73748 70.2847 6.2
    endloop
  endfacet
  facet normal 0 0 -1
    outer loop
      vertex -0.650005 68.7587 6.2
      vertex -1.78373 70.421 6.2
      vertex -0.650005 76 6.2
    endloop
  endfacet
  facet normal 0 0 -1
    outer loop
      vertex -1.84737 70.55 6.2
      vertex -0.650005 76 6.2
      vertex -1.78373 70.421 6.2
    endloop
  endfacet
  facet normal 0 0 -1
    outer loop
      vertex -1.92731 70.6696 6.2
      vertex -0.650005 76 6.2
      vertex -1.84737 70.55 6.2
    endloop
  endfacet
  facet normal 0 0 -1
    outer loop
      vertex -2.02218 70.7778 6.2
      vertex -0.650005 76 6.2
      vertex -1.92731 70.6696 6.2
    endloop
  endfacet
  facet normal 0 0 -1
    outer loop
      vertex -2.13036 70.8727 6.2
      vertex -0.650005 76 6.2
      vertex -2.02218 70.7778 6.2
    endloop
  endfacet
  facet normal 0 0 -1
    outer loop
      vertex -2.25 70.9526 6.2
      vertex -0.650005 76 6.2
      vertex -2.13036 70.8727 6.2
    endloop
  endfacet
  facet normal 0 0 -1
    outer loop
      vertex -2.37905 71.0163 6.2
      vertex -0.650005 76 6.2
      vertex -2.25 70.9526 6.2
    endloop
  endfacet
  facet normal 0 0 -1
    outer loop
      vertex -2.5153 71.0625 6.2
      vertex -0.650005 76 6.2
      vertex -2.37905 71.0163 6.2
    endloop
  endfacet
  facet normal 0 0 -1
    outer loop
      vertex -2.65642 71.0906 6.2
      vertex -0.650005 76 6.2
      vertex -2.5153 71.0625 6.2
    endloop
  endfacet
  facet normal 0 0 -1
    outer loop
      vertex -2.8 71.1 6.2
      vertex -0.650005 76 6.2
      vertex -2.65642 71.0906 6.2
    endloop
  endfacet
  facet normal 0 0 -1
    outer loop
      vertex -4.94999 76 6.2
      vertex -2.8 71.1 6.2
      vertex -2.94358 71.0906 6.2
    endloop
  endfacet
  facet normal 0 0 -1
    outer loop
      vertex -4.94999 76 6.2
      vertex -2.94358 71.0906 6.2
      vertex -3.0847 71.0625 6.2
    endloop
  endfacet
  facet normal 0 0 -1
    outer loop
      vertex -4.94999 76 6.2
      vertex -3.0847 71.0625 6.2
      vertex -3.22095 71.0163 6.2
    endloop
  endfacet
  facet normal 0 0 -1
    outer loop
      vertex -4.94999 76 6.2
      vertex -3.22095 71.0163 6.2
      vertex -3.35 70.9526 6.2
    endloop
  endfacet
  facet normal 0 0 -1
    outer loop
      vertex -4.94999 76 6.2
      vertex -3.35 70.9526 6.2
      vertex -3.46964 70.8727 6.2
    endloop
  endfacet
  facet normal 0 0 -1
    outer loop
      vertex -4.94999 76 6.2
      vertex -3.46964 70.8727 6.2
      vertex -3.57782 70.7778 6.2
    endloop
  endfacet
  facet normal 0 0 -1
    outer loop
      vertex -4.94999 76 6.2
      vertex -3.57782 70.7778 6.2
      vertex -3.67269 70.6696 6.2
    endloop
  endfacet
  facet normal 0 0 -1
    outer loop
      vertex -4.94999 76 6.2
      vertex -3.67269 70.6696 6.2
      vertex -3.75263 70.55 6.2
    endloop
  endfacet
  facet normal 0 0 -1
    outer loop
      vertex -4.94999 68.7587 6.2
      vertex -3.89059 70.1436 6.2
      vertex -3.9 70 6.2
    endloop
  endfacet
  facet normal 0 0 -1
    outer loop
      vertex -4.94999 68.7587 6.2
      vertex -3.86252 70.2847 6.2
      vertex -3.89059 70.1436 6.2
    endloop
  endfacet
  facet normal 0 0 -1
    outer loop
      vertex -4.94999 68.7587 6.2
      vertex -3.81627 70.421 6.2
      vertex -3.86252 70.2847 6.2
    endloop
  endfacet
  facet normal 0 0 -1
    outer loop
      vertex -4.94999 76 6.2
      vertex -3.81627 70.421 6.2
      vertex -4.94999 68.7587 6.2
    endloop
  endfacet
  facet normal 0 0 -1
    outer loop
      vertex -3.81627 70.421 6.2
      vertex -4.94999 76 6.2
      vertex -3.75263 70.55 6.2
    endloop
  endfacet
  facet normal 0 0 -1
    outer loop
      vertex -2.8 71.1 6.2
      vertex -4.94999 76 6.2
      vertex -0.650005 76 6.2
    endloop
  endfacet
  facet normal -1 0 0
    outer loop
      vertex -0.650005 68.7587 4.4
      vertex -0.650005 76 6.2
      vertex -0.650005 76 4.4
    endloop
  endfacet
  facet normal -1 -0 0
    outer loop
      vertex -0.650005 76 6.2
      vertex -0.650005 68.7587 4.4
      vertex -0.650005 68.7587 6.2
    endloop
  endfacet
  facet normal 0.500001 0.866025 -0
    outer loop
      vertex -2.8 67.5174 4.4
      vertex -4.94999 68.7587 6.2
      vertex -2.8 67.5174 6.2
    endloop
  endfacet
  facet normal 0.500001 0.866025 0
    outer loop
      vertex -4.94999 68.7587 6.2
      vertex -2.8 67.5174 4.4
      vertex -4.94999 68.7587 4.4
    endloop
  endfacet
  facet normal -0 0 1
    outer loop
      vertex 168.316 22.421 4.4
      vertex 169.45 20.7587 4.4
      vertex 169.45 28 4.4
    endloop
  endfacet
  facet normal 0 0 1
    outer loop
      vertex 169.45 20.7587 4.4
      vertex 168.391 22.1436 4.4
      vertex 168.4 22 4.4
    endloop
  endfacet
  facet normal 0 0 1
    outer loop
      vertex 169.45 20.7587 4.4
      vertex 168.363 22.2847 4.4
      vertex 168.391 22.1436 4.4
    endloop
  endfacet
  facet normal 0 0 1
    outer loop
      vertex 169.45 20.7587 4.4
      vertex 168.316 22.421 4.4
      vertex 168.363 22.2847 4.4
    endloop
  endfacet
  facet normal 0 0 1
    outer loop
      vertex 169.45 28 4.4
      vertex 168.253 22.55 4.4
      vertex 168.316 22.421 4.4
    endloop
  endfacet
  facet normal 0 0 1
    outer loop
      vertex 169.45 28 4.4
      vertex 168.173 22.6696 4.4
      vertex 168.253 22.55 4.4
    endloop
  endfacet
  facet normal 0 0 1
    outer loop
      vertex 169.45 28 4.4
      vertex 168.078 22.7778 4.4
      vertex 168.173 22.6696 4.4
    endloop
  endfacet
  facet normal 0 0 1
    outer loop
      vertex 169.45 28 4.4
      vertex 167.97 22.8727 4.4
      vertex 168.078 22.7778 4.4
    endloop
  endfacet
  facet normal 0 0 1
    outer loop
      vertex 169.45 28 4.4
      vertex 167.85 22.9526 4.4
      vertex 167.97 22.8727 4.4
    endloop
  endfacet
  facet normal 0 0 1
    outer loop
      vertex 169.45 28 4.4
      vertex 167.721 23.0163 4.4
      vertex 167.85 22.9526 4.4
    endloop
  endfacet
  facet normal 0 0 1
    outer loop
      vertex 169.45 28 4.4
      vertex 167.585 23.0625 4.4
      vertex 167.721 23.0163 4.4
    endloop
  endfacet
  facet normal 0 0 1
    outer loop
      vertex 169.45 28 4.4
      vertex 167.444 23.0906 4.4
      vertex 167.585 23.0625 4.4
    endloop
  endfacet
  facet normal 0 0 1
    outer loop
      vertex 169.45 28 4.4
      vertex 167.3 23.1 4.4
      vertex 167.444 23.0906 4.4
    endloop
  endfacet
  facet normal -0 0 1
    outer loop
      vertex 165.15 28 4.4
      vertex 167.3 23.1 4.4
      vertex 169.45 28 4.4
    endloop
  endfacet
  facet normal 0 0 1
    outer loop
      vertex 167.3 23.1 4.4
      vertex 165.15 28 4.4
      vertex 167.156 23.0906 4.4
    endloop
  endfacet
  facet normal 0 0 1
    outer loop
      vertex 167.156 23.0906 4.4
      vertex 165.15 28 4.4
      vertex 167.015 23.0625 4.4
    endloop
  endfacet
  facet normal 0 0 1
    outer loop
      vertex 167.015 23.0625 4.4
      vertex 165.15 28 4.4
      vertex 166.879 23.0163 4.4
    endloop
  endfacet
  facet normal 0 0 1
    outer loop
      vertex 166.879 23.0163 4.4
      vertex 165.15 28 4.4
      vertex 166.75 22.9526 4.4
    endloop
  endfacet
  facet normal 0 0 1
    outer loop
      vertex 166.75 22.9526 4.4
      vertex 165.15 28 4.4
      vertex 166.63 22.8727 4.4
    endloop
  endfacet
  facet normal 0 0 1
    outer loop
      vertex 166.63 22.8727 4.4
      vertex 165.15 28 4.4
      vertex 166.522 22.7778 4.4
    endloop
  endfacet
  facet normal 0 0 1
    outer loop
      vertex 166.522 22.7778 4.4
      vertex 165.15 28 4.4
      vertex 166.427 22.6696 4.4
    endloop
  endfacet
  facet normal 0 0 1
    outer loop
      vertex 166.237 22.2847 4.4
      vertex 165.15 20.7587 4.4
      vertex 166.209 22.1436 4.4
    endloop
  endfacet
  facet normal 0 0 1
    outer loop
      vertex 166.284 22.421 4.4
      vertex 165.15 20.7587 4.4
      vertex 166.237 22.2847 4.4
    endloop
  endfacet
  facet normal 0 0 1
    outer loop
      vertex 165.15 20.7587 4.4
      vertex 166.284 22.421 4.4
      vertex 165.15 28 4.4
    endloop
  endfacet
  facet normal 0 0 1
    outer loop
      vertex 166.347 22.55 4.4
      vertex 165.15 28 4.4
      vertex 166.284 22.421 4.4
    endloop
  endfacet
  facet normal 0 0 1
    outer loop
      vertex 166.427 22.6696 4.4
      vertex 165.15 28 4.4
      vertex 166.347 22.55 4.4
    endloop
  endfacet
  facet normal -0 0 1
    outer loop
      vertex 168.391 21.8564 4.4
      vertex 169.45 20.7587 4.4
      vertex 168.4 22 4.4
    endloop
  endfacet
  facet normal -0 0 1
    outer loop
      vertex 168.363 21.7153 4.4
      vertex 169.45 20.7587 4.4
      vertex 168.391 21.8564 4.4
    endloop
  endfacet
  facet normal -0 0 1
    outer loop
      vertex 168.316 21.579 4.4
      vertex 169.45 20.7587 4.4
      vertex 168.363 21.7153 4.4
    endloop
  endfacet
  facet normal -0 0 1
    outer loop
      vertex 168.253 21.45 4.4
      vertex 169.45 20.7587 4.4
      vertex 168.316 21.579 4.4
    endloop
  endfacet
  facet normal -0 0 1
    outer loop
      vertex 168.173 21.3304 4.4
      vertex 169.45 20.7587 4.4
      vertex 168.253 21.45 4.4
    endloop
  endfacet
  facet normal -0 0 1
    outer loop
      vertex 168.078 21.2222 4.4
      vertex 169.45 20.7587 4.4
      vertex 168.173 21.3304 4.4
    endloop
  endfacet
  facet normal -0 0 1
    outer loop
      vertex 167.97 21.1273 4.4
      vertex 169.45 20.7587 4.4
      vertex 168.078 21.2222 4.4
    endloop
  endfacet
  facet normal -0 0 1
    outer loop
      vertex 167.85 21.0474 4.4
      vertex 169.45 20.7587 4.4
      vertex 167.97 21.1273 4.4
    endloop
  endfacet
  facet normal 0 0 1
    outer loop
      vertex 167.3 19.5174 4.4
      vertex 167.85 21.0474 4.4
      vertex 167.721 20.9837 4.4
    endloop
  endfacet
  facet normal 0 0 1
    outer loop
      vertex 167.3 19.5174 4.4
      vertex 167.721 20.9837 4.4
      vertex 167.585 20.9375 4.4
    endloop
  endfacet
  facet normal 0 0 1
    outer loop
      vertex 167.3 19.5174 4.4
      vertex 167.585 20.9375 4.4
      vertex 167.444 20.9094 4.4
    endloop
  endfacet
  facet normal 0 0 1
    outer loop
      vertex 167.3 19.5174 4.4
      vertex 167.444 20.9094 4.4
      vertex 167.3 20.9 4.4
    endloop
  endfacet
  facet normal 0 0 1
    outer loop
      vertex 167.85 21.0474 4.4
      vertex 167.3 19.5174 4.4
      vertex 169.45 20.7587 4.4
    endloop
  endfacet
  facet normal 0 0 1
    outer loop
      vertex 167.156 20.9094 4.4
      vertex 167.3 19.5174 4.4
      vertex 167.3 20.9 4.4
    endloop
  endfacet
  facet normal 0 0 1
    outer loop
      vertex 167.015 20.9375 4.4
      vertex 167.3 19.5174 4.4
      vertex 167.156 20.9094 4.4
    endloop
  endfacet
  facet normal 0 0 1
    outer loop
      vertex 166.879 20.9837 4.4
      vertex 167.3 19.5174 4.4
      vertex 167.015 20.9375 4.4
    endloop
  endfacet
  facet normal 0 0 1
    outer loop
      vertex 166.75 21.0474 4.4
      vertex 167.3 19.5174 4.4
      vertex 166.879 20.9837 4.4
    endloop
  endfacet
  facet normal 0 0 1
    outer loop
      vertex 165.15 20.7587 4.4
      vertex 166.75 21.0474 4.4
      vertex 166.63 21.1273 4.4
    endloop
  endfacet
  facet normal 0 0 1
    outer loop
      vertex 165.15 20.7587 4.4
      vertex 166.63 21.1273 4.4
      vertex 166.522 21.2222 4.4
    endloop
  endfacet
  facet normal 0 0 1
    outer loop
      vertex 165.15 20.7587 4.4
      vertex 166.522 21.2222 4.4
      vertex 166.427 21.3304 4.4
    endloop
  endfacet
  facet normal 0 0 1
    outer loop
      vertex 165.15 20.7587 4.4
      vertex 166.427 21.3304 4.4
      vertex 166.347 21.45 4.4
    endloop
  endfacet
  facet normal 0 0 1
    outer loop
      vertex 165.15 20.7587 4.4
      vertex 166.347 21.45 4.4
      vertex 166.284 21.579 4.4
    endloop
  endfacet
  facet normal 0 0 1
    outer loop
      vertex 166.209 22.1436 4.4
      vertex 165.15 20.7587 4.4
      vertex 166.2 22 4.4
    endloop
  endfacet
  facet normal 0 0 1
    outer loop
      vertex 166.75 21.0474 4.4
      vertex 165.15 20.7587 4.4
      vertex 167.3 19.5174 4.4
    endloop
  endfacet
  facet normal 0 0 1
    outer loop
      vertex 166.237 21.7153 4.4
      vertex 165.15 20.7587 4.4
      vertex 166.284 21.579 4.4
    endloop
  endfacet
  facet normal 0 0 1
    outer loop
      vertex 166.209 21.8564 4.4
      vertex 165.15 20.7587 4.4
      vertex 166.237 21.7153 4.4
    endloop
  endfacet
  facet normal 0 0 1
    outer loop
      vertex 166.2 22 4.4
      vertex 165.15 20.7587 4.4
      vertex 166.209 21.8564 4.4
    endloop
  endfacet
  facet normal 0.499999 0.866026 -0
    outer loop
      vertex 167.3 19.5174 4.4
      vertex 165.15 20.7587 6.2
      vertex 167.3 19.5174 6.2
    endloop
  endfacet
  facet normal 0.499999 0.866026 0
    outer loop
      vertex 165.15 20.7587 6.2
      vertex 167.3 19.5174 4.4
      vertex 165.15 20.7587 4.4
    endloop
  endfacet
  facet normal -0.499999 0.866026 0
    outer loop
      vertex 169.45 20.7587 4.4
      vertex 167.3 19.5174 6.2
      vertex 169.45 20.7587 6.2
    endloop
  endfacet
  facet normal -0.499999 0.866026 0
    outer loop
      vertex 167.3 19.5174 6.2
      vertex 169.45 20.7587 4.4
      vertex 167.3 19.5174 4.4
    endloop
  endfacet
  facet normal 1 -0 0
    outer loop
      vertex 165.15 20.7587 6.2
      vertex 165.15 28 4.4
      vertex 165.15 28 6.2
    endloop
  endfacet
  facet normal 1 0 0
    outer loop
      vertex 165.15 28 4.4
      vertex 165.15 20.7587 6.2
      vertex 165.15 20.7587 4.4
    endloop
  endfacet
  facet normal 0 0 -1
    outer loop
      vertex 168.391 22.1436 6.2
      vertex 169.45 20.7587 6.2
      vertex 168.4 22 6.2
    endloop
  endfacet
  facet normal 0 0 -1
    outer loop
      vertex 169.45 20.7587 6.2
      vertex 168.391 21.8564 6.2
      vertex 168.4 22 6.2
    endloop
  endfacet
  facet normal 0 0 -1
    outer loop
      vertex 169.45 20.7587 6.2
      vertex 168.363 21.7153 6.2
      vertex 168.391 21.8564 6.2
    endloop
  endfacet
  facet normal 0 0 -1
    outer loop
      vertex 169.45 20.7587 6.2
      vertex 168.316 21.579 6.2
      vertex 168.363 21.7153 6.2
    endloop
  endfacet
  facet normal 0 0 -1
    outer loop
      vertex 169.45 20.7587 6.2
      vertex 168.253 21.45 6.2
      vertex 168.316 21.579 6.2
    endloop
  endfacet
  facet normal 0 0 -1
    outer loop
      vertex 169.45 20.7587 6.2
      vertex 168.173 21.3304 6.2
      vertex 168.253 21.45 6.2
    endloop
  endfacet
  facet normal 0 0 -1
    outer loop
      vertex 169.45 20.7587 6.2
      vertex 168.078 21.2222 6.2
      vertex 168.173 21.3304 6.2
    endloop
  endfacet
  facet normal 0 0 -1
    outer loop
      vertex 169.45 20.7587 6.2
      vertex 167.97 21.1273 6.2
      vertex 168.078 21.2222 6.2
    endloop
  endfacet
  facet normal 0 0 -1
    outer loop
      vertex 169.45 20.7587 6.2
      vertex 167.85 21.0474 6.2
      vertex 167.97 21.1273 6.2
    endloop
  endfacet
  facet normal 0 0 -1
    outer loop
      vertex 167.3 19.5174 6.2
      vertex 167.85 21.0474 6.2
      vertex 169.45 20.7587 6.2
    endloop
  endfacet
  facet normal 0 0 -1
    outer loop
      vertex 167.85 21.0474 6.2
      vertex 167.3 19.5174 6.2
      vertex 167.721 20.9837 6.2
    endloop
  endfacet
  facet normal 0 0 -1
    outer loop
      vertex 167.721 20.9837 6.2
      vertex 167.3 19.5174 6.2
      vertex 167.585 20.9375 6.2
    endloop
  endfacet
  facet normal 0 0 -1
    outer loop
      vertex 167.585 20.9375 6.2
      vertex 167.3 19.5174 6.2
      vertex 167.444 20.9094 6.2
    endloop
  endfacet
  facet normal 0 0 -1
    outer loop
      vertex 167.3 19.5174 6.2
      vertex 167.3 20.9 6.2
      vertex 167.444 20.9094 6.2
    endloop
  endfacet
  facet normal 0 0 -1
    outer loop
      vertex 167.3 19.5174 6.2
      vertex 167.156 20.9094 6.2
      vertex 167.3 20.9 6.2
    endloop
  endfacet
  facet normal 0 0 -1
    outer loop
      vertex 167.3 19.5174 6.2
      vertex 167.015 20.9375 6.2
      vertex 167.156 20.9094 6.2
    endloop
  endfacet
  facet normal 0 0 -1
    outer loop
      vertex 167.3 19.5174 6.2
      vertex 166.879 20.9837 6.2
      vertex 167.015 20.9375 6.2
    endloop
  endfacet
  facet normal 0 0 -1
    outer loop
      vertex 167.3 19.5174 6.2
      vertex 166.75 21.0474 6.2
      vertex 166.879 20.9837 6.2
    endloop
  endfacet
  facet normal 0 0 -1
    outer loop
      vertex 165.15 20.7587 6.2
      vertex 166.75 21.0474 6.2
      vertex 167.3 19.5174 6.2
    endloop
  endfacet
  facet normal -0 0 -1
    outer loop
      vertex 166.75 21.0474 6.2
      vertex 165.15 20.7587 6.2
      vertex 166.63 21.1273 6.2
    endloop
  endfacet
  facet normal -0 0 -1
    outer loop
      vertex 166.63 21.1273 6.2
      vertex 165.15 20.7587 6.2
      vertex 166.522 21.2222 6.2
    endloop
  endfacet
  facet normal -0 0 -1
    outer loop
      vertex 166.522 21.2222 6.2
      vertex 165.15 20.7587 6.2
      vertex 166.427 21.3304 6.2
    endloop
  endfacet
  facet normal -0 0 -1
    outer loop
      vertex 166.427 21.3304 6.2
      vertex 165.15 20.7587 6.2
      vertex 166.347 21.45 6.2
    endloop
  endfacet
  facet normal -0 0 -1
    outer loop
      vertex 166.209 21.8564 6.2
      vertex 165.15 20.7587 6.2
      vertex 166.2 22 6.2
    endloop
  endfacet
  facet normal -0 0 -1
    outer loop
      vertex 166.237 21.7153 6.2
      vertex 165.15 20.7587 6.2
      vertex 166.209 21.8564 6.2
    endloop
  endfacet
  facet normal -0 0 -1
    outer loop
      vertex 166.284 21.579 6.2
      vertex 165.15 20.7587 6.2
      vertex 166.237 21.7153 6.2
    endloop
  endfacet
  facet normal -0 0 -1
    outer loop
      vertex 166.347 21.45 6.2
      vertex 165.15 20.7587 6.2
      vertex 166.284 21.579 6.2
    endloop
  endfacet
  facet normal 0 0 -1
    outer loop
      vertex 168.363 22.2847 6.2
      vertex 169.45 20.7587 6.2
      vertex 168.391 22.1436 6.2
    endloop
  endfacet
  facet normal 0 0 -1
    outer loop
      vertex 168.316 22.421 6.2
      vertex 169.45 20.7587 6.2
      vertex 168.363 22.2847 6.2
    endloop
  endfacet
  facet normal 0 0 -1
    outer loop
      vertex 169.45 20.7587 6.2
      vertex 168.316 22.421 6.2
      vertex 169.45 28 6.2
    endloop
  endfacet
  facet normal 0 0 -1
    outer loop
      vertex 168.253 22.55 6.2
      vertex 169.45 28 6.2
      vertex 168.316 22.421 6.2
    endloop
  endfacet
  facet normal 0 0 -1
    outer loop
      vertex 168.173 22.6696 6.2
      vertex 169.45 28 6.2
      vertex 168.253 22.55 6.2
    endloop
  endfacet
  facet normal 0 0 -1
    outer loop
      vertex 168.078 22.7778 6.2
      vertex 169.45 28 6.2
      vertex 168.173 22.6696 6.2
    endloop
  endfacet
  facet normal 0 0 -1
    outer loop
      vertex 167.97 22.8727 6.2
      vertex 169.45 28 6.2
      vertex 168.078 22.7778 6.2
    endloop
  endfacet
  facet normal 0 0 -1
    outer loop
      vertex 167.85 22.9526 6.2
      vertex 169.45 28 6.2
      vertex 167.97 22.8727 6.2
    endloop
  endfacet
  facet normal 0 0 -1
    outer loop
      vertex 167.721 23.0163 6.2
      vertex 169.45 28 6.2
      vertex 167.85 22.9526 6.2
    endloop
  endfacet
  facet normal 0 0 -1
    outer loop
      vertex 167.585 23.0625 6.2
      vertex 169.45 28 6.2
      vertex 167.721 23.0163 6.2
    endloop
  endfacet
  facet normal 0 0 -1
    outer loop
      vertex 167.444 23.0906 6.2
      vertex 169.45 28 6.2
      vertex 167.585 23.0625 6.2
    endloop
  endfacet
  facet normal 0 0 -1
    outer loop
      vertex 167.3 23.1 6.2
      vertex 169.45 28 6.2
      vertex 167.444 23.0906 6.2
    endloop
  endfacet
  facet normal 0 0 -1
    outer loop
      vertex 165.15 28 6.2
      vertex 167.3 23.1 6.2
      vertex 167.156 23.0906 6.2
    endloop
  endfacet
  facet normal 0 0 -1
    outer loop
      vertex 165.15 28 6.2
      vertex 167.156 23.0906 6.2
      vertex 167.015 23.0625 6.2
    endloop
  endfacet
  facet normal 0 0 -1
    outer loop
      vertex 165.15 28 6.2
      vertex 167.015 23.0625 6.2
      vertex 166.879 23.0163 6.2
    endloop
  endfacet
  facet normal 0 0 -1
    outer loop
      vertex 165.15 28 6.2
      vertex 166.879 23.0163 6.2
      vertex 166.75 22.9526 6.2
    endloop
  endfacet
  facet normal 0 0 -1
    outer loop
      vertex 165.15 28 6.2
      vertex 166.75 22.9526 6.2
      vertex 166.63 22.8727 6.2
    endloop
  endfacet
  facet normal 0 0 -1
    outer loop
      vertex 165.15 28 6.2
      vertex 166.63 22.8727 6.2
      vertex 166.522 22.7778 6.2
    endloop
  endfacet
  facet normal 0 0 -1
    outer loop
      vertex 165.15 28 6.2
      vertex 166.522 22.7778 6.2
      vertex 166.427 22.6696 6.2
    endloop
  endfacet
  facet normal 0 0 -1
    outer loop
      vertex 165.15 28 6.2
      vertex 166.427 22.6696 6.2
      vertex 166.347 22.55 6.2
    endloop
  endfacet
  facet normal 0 0 -1
    outer loop
      vertex 165.15 20.7587 6.2
      vertex 166.209 22.1436 6.2
      vertex 166.2 22 6.2
    endloop
  endfacet
  facet normal 0 0 -1
    outer loop
      vertex 165.15 20.7587 6.2
      vertex 166.237 22.2847 6.2
      vertex 166.209 22.1436 6.2
    endloop
  endfacet
  facet normal 0 0 -1
    outer loop
      vertex 165.15 20.7587 6.2
      vertex 166.284 22.421 6.2
      vertex 166.237 22.2847 6.2
    endloop
  endfacet
  facet normal 0 0 -1
    outer loop
      vertex 165.15 28 6.2
      vertex 166.284 22.421 6.2
      vertex 165.15 20.7587 6.2
    endloop
  endfacet
  facet normal 0 0 -1
    outer loop
      vertex 166.284 22.421 6.2
      vertex 165.15 28 6.2
      vertex 166.347 22.55 6.2
    endloop
  endfacet
  facet normal 0 0 -1
    outer loop
      vertex 167.3 23.1 6.2
      vertex 165.15 28 6.2
      vertex 169.45 28 6.2
    endloop
  endfacet
  facet normal -1 0 0
    outer loop
      vertex 169.45 20.7587 4.4
      vertex 169.45 28 6.2
      vertex 169.45 28 4.4
    endloop
  endfacet
  facet normal -1 -0 0
    outer loop
      vertex 169.45 28 6.2
      vertex 169.45 20.7587 4.4
      vertex 169.45 20.7587 6.2
    endloop
  endfacet
  facet normal -0 0 1
    outer loop
      vertex 168.316 70.421 4.4
      vertex 169.45 68.7587 4.4
      vertex 169.45 76 4.4
    endloop
  endfacet
  facet normal 0 0 1
    outer loop
      vertex 169.45 68.7587 4.4
      vertex 168.391 70.1436 4.4
      vertex 168.4 70 4.4
    endloop
  endfacet
  facet normal 0 0 1
    outer loop
      vertex 169.45 68.7587 4.4
      vertex 168.363 70.2847 4.4
      vertex 168.391 70.1436 4.4
    endloop
  endfacet
  facet normal 0 0 1
    outer loop
      vertex 169.45 68.7587 4.4
      vertex 168.316 70.421 4.4
      vertex 168.363 70.2847 4.4
    endloop
  endfacet
  facet normal 0 0 1
    outer loop
      vertex 169.45 76 4.4
      vertex 168.253 70.55 4.4
      vertex 168.316 70.421 4.4
    endloop
  endfacet
  facet normal 0 0 1
    outer loop
      vertex 169.45 76 4.4
      vertex 168.173 70.6696 4.4
      vertex 168.253 70.55 4.4
    endloop
  endfacet
  facet normal 0 0 1
    outer loop
      vertex 169.45 76 4.4
      vertex 168.078 70.7778 4.4
      vertex 168.173 70.6696 4.4
    endloop
  endfacet
  facet normal 0 0 1
    outer loop
      vertex 169.45 76 4.4
      vertex 167.97 70.8727 4.4
      vertex 168.078 70.7778 4.4
    endloop
  endfacet
  facet normal 0 0 1
    outer loop
      vertex 169.45 76 4.4
      vertex 167.85 70.9526 4.4
      vertex 167.97 70.8727 4.4
    endloop
  endfacet
  facet normal 0 0 1
    outer loop
      vertex 169.45 76 4.4
      vertex 167.721 71.0163 4.4
      vertex 167.85 70.9526 4.4
    endloop
  endfacet
  facet normal 0 0 1
    outer loop
      vertex 169.45 76 4.4
      vertex 167.585 71.0625 4.4
      vertex 167.721 71.0163 4.4
    endloop
  endfacet
  facet normal 0 0 1
    outer loop
      vertex 169.45 76 4.4
      vertex 167.444 71.0906 4.4
      vertex 167.585 71.0625 4.4
    endloop
  endfacet
  facet normal 0 0 1
    outer loop
      vertex 169.45 76 4.4
      vertex 167.3 71.1 4.4
      vertex 167.444 71.0906 4.4
    endloop
  endfacet
  facet normal -0 0 1
    outer loop
      vertex 165.15 76 4.4
      vertex 167.3 71.1 4.4
      vertex 169.45 76 4.4
    endloop
  endfacet
  facet normal 0 0 1
    outer loop
      vertex 167.3 71.1 4.4
      vertex 165.15 76 4.4
      vertex 167.156 71.0906 4.4
    endloop
  endfacet
  facet normal 0 0 1
    outer loop
      vertex 167.156 71.0906 4.4
      vertex 165.15 76 4.4
      vertex 167.015 71.0625 4.4
    endloop
  endfacet
  facet normal 0 0 1
    outer loop
      vertex 167.015 71.0625 4.4
      vertex 165.15 76 4.4
      vertex 166.879 71.0163 4.4
    endloop
  endfacet
  facet normal 0 0 1
    outer loop
      vertex 166.879 71.0163 4.4
      vertex 165.15 76 4.4
      vertex 166.75 70.9526 4.4
    endloop
  endfacet
  facet normal 0 0 1
    outer loop
      vertex 166.75 70.9526 4.4
      vertex 165.15 76 4.4
      vertex 166.63 70.8727 4.4
    endloop
  endfacet
  facet normal 0 0 1
    outer loop
      vertex 166.63 70.8727 4.4
      vertex 165.15 76 4.4
      vertex 166.522 70.7778 4.4
    endloop
  endfacet
  facet normal 0 0 1
    outer loop
      vertex 166.522 70.7778 4.4
      vertex 165.15 76 4.4
      vertex 166.427 70.6696 4.4
    endloop
  endfacet
  facet normal 0 0 1
    outer loop
      vertex 166.237 70.2847 4.4
      vertex 165.15 68.7587 4.4
      vertex 166.209 70.1436 4.4
    endloop
  endfacet
  facet normal 0 0 1
    outer loop
      vertex 166.284 70.421 4.4
      vertex 165.15 68.7587 4.4
      vertex 166.237 70.2847 4.4
    endloop
  endfacet
  facet normal 0 0 1
    outer loop
      vertex 165.15 68.7587 4.4
      vertex 166.284 70.421 4.4
      vertex 165.15 76 4.4
    endloop
  endfacet
  facet normal 0 0 1
    outer loop
      vertex 166.347 70.55 4.4
      vertex 165.15 76 4.4
      vertex 166.284 70.421 4.4
    endloop
  endfacet
  facet normal 0 0 1
    outer loop
      vertex 166.427 70.6696 4.4
      vertex 165.15 76 4.4
      vertex 166.347 70.55 4.4
    endloop
  endfacet
  facet normal -0 0 1
    outer loop
      vertex 168.391 69.8564 4.4
      vertex 169.45 68.7587 4.4
      vertex 168.4 70 4.4
    endloop
  endfacet
  facet normal -0 0 1
    outer loop
      vertex 168.363 69.7153 4.4
      vertex 169.45 68.7587 4.4
      vertex 168.391 69.8564 4.4
    endloop
  endfacet
  facet normal -0 0 1
    outer loop
      vertex 168.316 69.579 4.4
      vertex 169.45 68.7587 4.4
      vertex 168.363 69.7153 4.4
    endloop
  endfacet
  facet normal -0 0 1
    outer loop
      vertex 168.253 69.45 4.4
      vertex 169.45 68.7587 4.4
      vertex 168.316 69.579 4.4
    endloop
  endfacet
  facet normal -0 0 1
    outer loop
      vertex 168.173 69.3304 4.4
      vertex 169.45 68.7587 4.4
      vertex 168.253 69.45 4.4
    endloop
  endfacet
  facet normal -0 0 1
    outer loop
      vertex 168.078 69.2222 4.4
      vertex 169.45 68.7587 4.4
      vertex 168.173 69.3304 4.4
    endloop
  endfacet
  facet normal -0 0 1
    outer loop
      vertex 167.97 69.1273 4.4
      vertex 169.45 68.7587 4.4
      vertex 168.078 69.2222 4.4
    endloop
  endfacet
  facet normal -0 0 1
    outer loop
      vertex 167.85 69.0474 4.4
      vertex 169.45 68.7587 4.4
      vertex 167.97 69.1273 4.4
    endloop
  endfacet
  facet normal 0 0 1
    outer loop
      vertex 167.3 67.5174 4.4
      vertex 167.85 69.0474 4.4
      vertex 167.721 68.9837 4.4
    endloop
  endfacet
  facet normal 0 0 1
    outer loop
      vertex 167.3 67.5174 4.4
      vertex 167.721 68.9837 4.4
      vertex 167.585 68.9375 4.4
    endloop
  endfacet
  facet normal 0 0 1
    outer loop
      vertex 167.3 67.5174 4.4
      vertex 167.585 68.9375 4.4
      vertex 167.444 68.9094 4.4
    endloop
  endfacet
  facet normal 0 0 1
    outer loop
      vertex 167.3 67.5174 4.4
      vertex 167.444 68.9094 4.4
      vertex 167.3 68.9 4.4
    endloop
  endfacet
  facet normal 0 0 1
    outer loop
      vertex 167.85 69.0474 4.4
      vertex 167.3 67.5174 4.4
      vertex 169.45 68.7587 4.4
    endloop
  endfacet
  facet normal 0 0 1
    outer loop
      vertex 167.156 68.9094 4.4
      vertex 167.3 67.5174 4.4
      vertex 167.3 68.9 4.4
    endloop
  endfacet
  facet normal 0 0 1
    outer loop
      vertex 167.015 68.9375 4.4
      vertex 167.3 67.5174 4.4
      vertex 167.156 68.9094 4.4
    endloop
  endfacet
  facet normal 0 0 1
    outer loop
      vertex 166.879 68.9837 4.4
      vertex 167.3 67.5174 4.4
      vertex 167.015 68.9375 4.4
    endloop
  endfacet
  facet normal 0 0 1
    outer loop
      vertex 166.75 69.0474 4.4
      vertex 167.3 67.5174 4.4
      vertex 166.879 68.9837 4.4
    endloop
  endfacet
  facet normal 0 0 1
    outer loop
      vertex 165.15 68.7587 4.4
      vertex 166.75 69.0474 4.4
      vertex 166.63 69.1273 4.4
    endloop
  endfacet
  facet normal 0 0 1
    outer loop
      vertex 165.15 68.7587 4.4
      vertex 166.63 69.1273 4.4
      vertex 166.522 69.2222 4.4
    endloop
  endfacet
  facet normal 0 0 1
    outer loop
      vertex 165.15 68.7587 4.4
      vertex 166.522 69.2222 4.4
      vertex 166.427 69.3304 4.4
    endloop
  endfacet
  facet normal 0 0 1
    outer loop
      vertex 165.15 68.7587 4.4
      vertex 166.427 69.3304 4.4
      vertex 166.347 69.45 4.4
    endloop
  endfacet
  facet normal 0 0 1
    outer loop
      vertex 165.15 68.7587 4.4
      vertex 166.347 69.45 4.4
      vertex 166.284 69.579 4.4
    endloop
  endfacet
  facet normal 0 0 1
    outer loop
      vertex 166.209 70.1436 4.4
      vertex 165.15 68.7587 4.4
      vertex 166.2 70 4.4
    endloop
  endfacet
  facet normal 0 0 1
    outer loop
      vertex 166.75 69.0474 4.4
      vertex 165.15 68.7587 4.4
      vertex 167.3 67.5174 4.4
    endloop
  endfacet
  facet normal 0 0 1
    outer loop
      vertex 166.237 69.7153 4.4
      vertex 165.15 68.7587 4.4
      vertex 166.284 69.579 4.4
    endloop
  endfacet
  facet normal 0 0 1
    outer loop
      vertex 166.209 69.8564 4.4
      vertex 165.15 68.7587 4.4
      vertex 166.237 69.7153 4.4
    endloop
  endfacet
  facet normal 0 0 1
    outer loop
      vertex 166.2 70 4.4
      vertex 165.15 68.7587 4.4
      vertex 166.209 69.8564 4.4
    endloop
  endfacet
  facet normal 0.499999 0.866026 -0
    outer loop
      vertex 167.3 67.5174 4.4
      vertex 165.15 68.7587 6.2
      vertex 167.3 67.5174 6.2
    endloop
  endfacet
  facet normal 0.499999 0.866026 0
    outer loop
      vertex 165.15 68.7587 6.2
      vertex 167.3 67.5174 4.4
      vertex 165.15 68.7587 4.4
    endloop
  endfacet
  facet normal -0.499999 0.866026 0
    outer loop
      vertex 169.45 68.7587 4.4
      vertex 167.3 67.5174 6.2
      vertex 169.45 68.7587 6.2
    endloop
  endfacet
  facet normal -0.499999 0.866026 0
    outer loop
      vertex 167.3 67.5174 6.2
      vertex 169.45 68.7587 4.4
      vertex 167.3 67.5174 4.4
    endloop
  endfacet
  facet normal 1 -0 0
    outer loop
      vertex 165.15 68.7587 6.2
      vertex 165.15 76 4.4
      vertex 165.15 76 6.2
    endloop
  endfacet
  facet normal 1 0 0
    outer loop
      vertex 165.15 76 4.4
      vertex 165.15 68.7587 6.2
      vertex 165.15 68.7587 4.4
    endloop
  endfacet
  facet normal 0 0 -1
    outer loop
      vertex 168.391 70.1436 6.2
      vertex 169.45 68.7587 6.2
      vertex 168.4 70 6.2
    endloop
  endfacet
  facet normal 0 0 -1
    outer loop
      vertex 169.45 68.7587 6.2
      vertex 168.391 69.8564 6.2
      vertex 168.4 70 6.2
    endloop
  endfacet
  facet normal 0 0 -1
    outer loop
      vertex 169.45 68.7587 6.2
      vertex 168.363 69.7153 6.2
      vertex 168.391 69.8564 6.2
    endloop
  endfacet
  facet normal 0 0 -1
    outer loop
      vertex 169.45 68.7587 6.2
      vertex 168.316 69.579 6.2
      vertex 168.363 69.7153 6.2
    endloop
  endfacet
  facet normal 0 0 -1
    outer loop
      vertex 169.45 68.7587 6.2
      vertex 168.253 69.45 6.2
      vertex 168.316 69.579 6.2
    endloop
  endfacet
  facet normal 0 0 -1
    outer loop
      vertex 169.45 68.7587 6.2
      vertex 168.173 69.3304 6.2
      vertex 168.253 69.45 6.2
    endloop
  endfacet
  facet normal 0 0 -1
    outer loop
      vertex 169.45 68.7587 6.2
      vertex 168.078 69.2222 6.2
      vertex 168.173 69.3304 6.2
    endloop
  endfacet
  facet normal 0 0 -1
    outer loop
      vertex 169.45 68.7587 6.2
      vertex 167.97 69.1273 6.2
      vertex 168.078 69.2222 6.2
    endloop
  endfacet
  facet normal 0 0 -1
    outer loop
      vertex 169.45 68.7587 6.2
      vertex 167.85 69.0474 6.2
      vertex 167.97 69.1273 6.2
    endloop
  endfacet
  facet normal 0 0 -1
    outer loop
      vertex 167.3 67.5174 6.2
      vertex 167.85 69.0474 6.2
      vertex 169.45 68.7587 6.2
    endloop
  endfacet
  facet normal 0 0 -1
    outer loop
      vertex 167.85 69.0474 6.2
      vertex 167.3 67.5174 6.2
      vertex 167.721 68.9837 6.2
    endloop
  endfacet
  facet normal 0 0 -1
    outer loop
      vertex 167.721 68.9837 6.2
      vertex 167.3 67.5174 6.2
      vertex 167.585 68.9375 6.2
    endloop
  endfacet
  facet normal 0 0 -1
    outer loop
      vertex 167.585 68.9375 6.2
      vertex 167.3 67.5174 6.2
      vertex 167.444 68.9094 6.2
    endloop
  endfacet
  facet normal 0 0 -1
    outer loop
      vertex 167.3 67.5174 6.2
      vertex 167.3 68.9 6.2
      vertex 167.444 68.9094 6.2
    endloop
  endfacet
  facet normal 0 0 -1
    outer loop
      vertex 167.3 67.5174 6.2
      vertex 167.156 68.9094 6.2
      vertex 167.3 68.9 6.2
    endloop
  endfacet
  facet normal 0 0 -1
    outer loop
      vertex 167.3 67.5174 6.2
      vertex 167.015 68.9375 6.2
      vertex 167.156 68.9094 6.2
    endloop
  endfacet
  facet normal 0 0 -1
    outer loop
      vertex 167.3 67.5174 6.2
      vertex 166.879 68.9837 6.2
      vertex 167.015 68.9375 6.2
    endloop
  endfacet
  facet normal 0 0 -1
    outer loop
      vertex 167.3 67.5174 6.2
      vertex 166.75 69.0474 6.2
      vertex 166.879 68.9837 6.2
    endloop
  endfacet
  facet normal 0 0 -1
    outer loop
      vertex 165.15 68.7587 6.2
      vertex 166.75 69.0474 6.2
      vertex 167.3 67.5174 6.2
    endloop
  endfacet
  facet normal -0 0 -1
    outer loop
      vertex 166.75 69.0474 6.2
      vertex 165.15 68.7587 6.2
      vertex 166.63 69.1273 6.2
    endloop
  endfacet
  facet normal -0 0 -1
    outer loop
      vertex 166.63 69.1273 6.2
      vertex 165.15 68.7587 6.2
      vertex 166.522 69.2222 6.2
    endloop
  endfacet
  facet normal -0 0 -1
    outer loop
      vertex 166.522 69.2222 6.2
      vertex 165.15 68.7587 6.2
      vertex 166.427 69.3304 6.2
    endloop
  endfacet
  facet normal -0 0 -1
    outer loop
      vertex 166.427 69.3304 6.2
      vertex 165.15 68.7587 6.2
      vertex 166.347 69.45 6.2
    endloop
  endfacet
  facet normal -0 0 -1
    outer loop
      vertex 166.209 69.8564 6.2
      vertex 165.15 68.7587 6.2
      vertex 166.2 70 6.2
    endloop
  endfacet
  facet normal -0 0 -1
    outer loop
      vertex 166.237 69.7153 6.2
      vertex 165.15 68.7587 6.2
      vertex 166.209 69.8564 6.2
    endloop
  endfacet
  facet normal -0 0 -1
    outer loop
      vertex 166.284 69.579 6.2
      vertex 165.15 68.7587 6.2
      vertex 166.237 69.7153 6.2
    endloop
  endfacet
  facet normal -0 0 -1
    outer loop
      vertex 166.347 69.45 6.2
      vertex 165.15 68.7587 6.2
      vertex 166.284 69.579 6.2
    endloop
  endfacet
  facet normal 0 0 -1
    outer loop
      vertex 168.363 70.2847 6.2
      vertex 169.45 68.7587 6.2
      vertex 168.391 70.1436 6.2
    endloop
  endfacet
  facet normal 0 0 -1
    outer loop
      vertex 168.316 70.421 6.2
      vertex 169.45 68.7587 6.2
      vertex 168.363 70.2847 6.2
    endloop
  endfacet
  facet normal 0 0 -1
    outer loop
      vertex 169.45 68.7587 6.2
      vertex 168.316 70.421 6.2
      vertex 169.45 76 6.2
    endloop
  endfacet
  facet normal 0 0 -1
    outer loop
      vertex 168.253 70.55 6.2
      vertex 169.45 76 6.2
      vertex 168.316 70.421 6.2
    endloop
  endfacet
  facet normal 0 0 -1
    outer loop
      vertex 168.173 70.6696 6.2
      vertex 169.45 76 6.2
      vertex 168.253 70.55 6.2
    endloop
  endfacet
  facet normal 0 0 -1
    outer loop
      vertex 168.078 70.7778 6.2
      vertex 169.45 76 6.2
      vertex 168.173 70.6696 6.2
    endloop
  endfacet
  facet normal 0 0 -1
    outer loop
      vertex 167.97 70.8727 6.2
      vertex 169.45 76 6.2
      vertex 168.078 70.7778 6.2
    endloop
  endfacet
  facet normal 0 0 -1
    outer loop
      vertex 167.85 70.9526 6.2
      vertex 169.45 76 6.2
      vertex 167.97 70.8727 6.2
    endloop
  endfacet
  facet normal 0 0 -1
    outer loop
      vertex 167.721 71.0163 6.2
      vertex 169.45 76 6.2
      vertex 167.85 70.9526 6.2
    endloop
  endfacet
  facet normal 0 0 -1
    outer loop
      vertex 167.585 71.0625 6.2
      vertex 169.45 76 6.2
      vertex 167.721 71.0163 6.2
    endloop
  endfacet
  facet normal 0 0 -1
    outer loop
      vertex 167.444 71.0906 6.2
      vertex 169.45 76 6.2
      vertex 167.585 71.0625 6.2
    endloop
  endfacet
  facet normal 0 0 -1
    outer loop
      vertex 167.3 71.1 6.2
      vertex 169.45 76 6.2
      vertex 167.444 71.0906 6.2
    endloop
  endfacet
  facet normal 0 0 -1
    outer loop
      vertex 165.15 76 6.2
      vertex 167.3 71.1 6.2
      vertex 167.156 71.0906 6.2
    endloop
  endfacet
  facet normal 0 0 -1
    outer loop
      vertex 165.15 76 6.2
      vertex 167.156 71.0906 6.2
      vertex 167.015 71.0625 6.2
    endloop
  endfacet
  facet normal 0 0 -1
    outer loop
      vertex 165.15 76 6.2
      vertex 167.015 71.0625 6.2
      vertex 166.879 71.0163 6.2
    endloop
  endfacet
  facet normal 0 0 -1
    outer loop
      vertex 165.15 76 6.2
      vertex 166.879 71.0163 6.2
      vertex 166.75 70.9526 6.2
    endloop
  endfacet
  facet normal 0 0 -1
    outer loop
      vertex 165.15 76 6.2
      vertex 166.75 70.9526 6.2
      vertex 166.63 70.8727 6.2
    endloop
  endfacet
  facet normal 0 0 -1
    outer loop
      vertex 165.15 76 6.2
      vertex 166.63 70.8727 6.2
      vertex 166.522 70.7778 6.2
    endloop
  endfacet
  facet normal 0 0 -1
    outer loop
      vertex 165.15 76 6.2
      vertex 166.522 70.7778 6.2
      vertex 166.427 70.6696 6.2
    endloop
  endfacet
  facet normal 0 0 -1
    outer loop
      vertex 165.15 76 6.2
      vertex 166.427 70.6696 6.2
      vertex 166.347 70.55 6.2
    endloop
  endfacet
  facet normal 0 0 -1
    outer loop
      vertex 165.15 68.7587 6.2
      vertex 166.209 70.1436 6.2
      vertex 166.2 70 6.2
    endloop
  endfacet
  facet normal 0 0 -1
    outer loop
      vertex 165.15 68.7587 6.2
      vertex 166.237 70.2847 6.2
      vertex 166.209 70.1436 6.2
    endloop
  endfacet
  facet normal 0 0 -1
    outer loop
      vertex 165.15 68.7587 6.2
      vertex 166.284 70.421 6.2
      vertex 166.237 70.2847 6.2
    endloop
  endfacet
  facet normal 0 0 -1
    outer loop
      vertex 165.15 76 6.2
      vertex 166.284 70.421 6.2
      vertex 165.15 68.7587 6.2
    endloop
  endfacet
  facet normal 0 0 -1
    outer loop
      vertex 166.284 70.421 6.2
      vertex 165.15 76 6.2
      vertex 166.347 70.55 6.2
    endloop
  endfacet
  facet normal 0 0 -1
    outer loop
      vertex 167.3 71.1 6.2
      vertex 165.15 76 6.2
      vertex 169.45 76 6.2
    endloop
  endfacet
  facet normal -1 0 0
    outer loop
      vertex 169.45 68.7587 4.4
      vertex 169.45 76 6.2
      vertex 169.45 76 4.4
    endloop
  endfacet
  facet normal -1 -0 0
    outer loop
      vertex 169.45 76 6.2
      vertex 169.45 68.7587 4.4
      vertex 169.45 68.7587 6.2
    endloop
  endfacet
  facet normal 0 0 -1
    outer loop
      vertex 0.314235 0.0392794 0
      vertex 6.2 5.3 0
      vertex 6.2 0.0392794 0
    endloop
  endfacet
  facet normal 0 -0 -1
    outer loop
      vertex 5.61794 7.6 0
      vertex 6.2 5.3 0
      vertex 0.314235 0.0392794 0
    endloop
  endfacet
  facet normal 0 0 -1
    outer loop
      vertex 6.2 5.3 0
      vertex 5.93578 7.18578 0
      vertex 6.13247 7.0133 0
    endloop
  endfacet
  facet normal 0 0 -1
    outer loop
      vertex 6.2 5.3 0
      vertex 5.7633 7.38247 0
      vertex 5.93578 7.18578 0
    endloop
  endfacet
  facet normal 0 0 -1
    outer loop
      vertex 6.2 5.3 0
      vertex 5.61794 7.6 0
      vertex 5.7633 7.38247 0
    endloop
  endfacet
  facet normal -0 0 -1
    outer loop
      vertex 5.61794 7.6 0
      vertex 0.314235 0.0392794 0
      vertex 5.50224 7.83463 0
    endloop
  endfacet
  facet normal -0 0 -1
    outer loop
      vertex 5.50224 7.83463 0
      vertex 0.314235 0.0392794 0
      vertex 5.41815 8.08236 0
    endloop
  endfacet
  facet normal 0 0 -1
    outer loop
      vertex 5.35 8.6 0
      vertex 0.314302 78.7822 0
      vertex 5.35 92.4 0
    endloop
  endfacet
  facet normal 0 0 -1
    outer loop
      vertex 0.314235 0.0392794 0
      vertex 5.35 8.6 0
      vertex 5.3671 8.33895 0
    endloop
  endfacet
  facet normal -0 0 -1
    outer loop
      vertex 5.41815 8.08236 0
      vertex 0.314235 0.0392794 0
      vertex 5.3671 8.33895 0
    endloop
  endfacet
  facet normal -0 0 -1
    outer loop
      vertex 5.35 8.6 0
      vertex 0.314235 0.0392794 0
      vertex 0.314235 78.7822 0
    endloop
  endfacet
  facet normal 0 0 -1
    outer loop
      vertex 5.35 8.6 0
      vertex 0.314235 78.7822 0
      vertex 0.314302 78.7822 0
    endloop
  endfacet
  facet normal 0 0 -1
    outer loop
      vertex 102.45 94.4 0
      vertex 7.35 94.4 0
      vertex 102.45 95.6 0
    endloop
  endfacet
  facet normal 0 0 -1
    outer loop
      vertex 133.235 3.17811 0
      vertex 142.7 5.3 0
      vertex 142.7 0.0392794 0
    endloop
  endfacet
  facet normal 0 0 -1
    outer loop
      vertex 142.7 5.3 0
      vertex 133.235 3.17811 0
      vertex 133.25 3.4 0
    endloop
  endfacet
  facet normal 0 0 -1
    outer loop
      vertex 142.7 0.0392794 0
      vertex 133.192 2.96001 0
      vertex 133.235 3.17811 0
    endloop
  endfacet
  facet normal 0 0 -1
    outer loop
      vertex 142.7 0.0392794 0
      vertex 133.121 2.74944 0
      vertex 133.192 2.96001 0
    endloop
  endfacet
  facet normal 0 0 -1
    outer loop
      vertex 142.7 0.0392794 0
      vertex 133.022 2.55 0
      vertex 133.121 2.74944 0
    endloop
  endfacet
  facet normal 0 0 -1
    outer loop
      vertex 142.7 0.0392794 0
      vertex 132.899 2.3651 0
      vertex 133.022 2.55 0
    endloop
  endfacet
  facet normal 0 0 -1
    outer loop
      vertex 142.7 0.0392794 0
      vertex 132.752 2.19792 0
      vertex 132.899 2.3651 0
    endloop
  endfacet
  facet normal 0 0 -1
    outer loop
      vertex 142.7 0.0392794 0
      vertex 132.585 2.0513 0
      vertex 132.752 2.19792 0
    endloop
  endfacet
  facet normal 0 0 -1
    outer loop
      vertex 142.7 0.0392794 0
      vertex 132.4 1.92776 0
      vertex 132.585 2.0513 0
    endloop
  endfacet
  facet normal 0 0 -1
    outer loop
      vertex 142.7 0.0392794 0
      vertex 132.201 1.8294 0
      vertex 132.4 1.92776 0
    endloop
  endfacet
  facet normal 0 0 -1
    outer loop
      vertex 142.7 0.0392794 0
      vertex 131.99 1.75793 0
      vertex 132.201 1.8294 0
    endloop
  endfacet
  facet normal 0 0 -1
    outer loop
      vertex 142.7 0.0392794 0
      vertex 131.772 1.71454 0
      vertex 131.99 1.75793 0
    endloop
  endfacet
  facet normal 0 0 -1
    outer loop
      vertex 142.7 0.0392794 0
      vertex 131.55 1.7 0
      vertex 131.772 1.71454 0
    endloop
  endfacet
  facet normal 0 0 -1
    outer loop
      vertex 142.7 0.0392794 0
      vertex 128.95 1.7 0
      vertex 131.55 1.7 0
    endloop
  endfacet
  facet normal 0 0 -1
    outer loop
      vertex 123.55 1.7 0
      vertex 128.95 1.7 0
      vertex 142.7 0.0392794 0
    endloop
  endfacet
  facet normal 0 0 -1
    outer loop
      vertex 127.265 3.17811 0
      vertex 125.25 3.4 0
      vertex 127.25 3.4 0
    endloop
  endfacet
  facet normal 0 0 -1
    outer loop
      vertex 125.235 3.17811 0
      vertex 127.265 3.17811 0
      vertex 127.308 2.96001 0
    endloop
  endfacet
  facet normal 0 0 -1
    outer loop
      vertex 125.192 2.96001 0
      vertex 127.308 2.96001 0
      vertex 127.379 2.74944 0
    endloop
  endfacet
  facet normal 0 0 -1
    outer loop
      vertex 125.121 2.74944 0
      vertex 127.379 2.74944 0
      vertex 127.478 2.55 0
    endloop
  endfacet
  facet normal 0 0 -1
    outer loop
      vertex 125.022 2.55 0
      vertex 127.478 2.55 0
      vertex 127.601 2.3651 0
    endloop
  endfacet
  facet normal 0 0 -1
    outer loop
      vertex 124.899 2.3651 0
      vertex 127.601 2.3651 0
      vertex 127.748 2.19792 0
    endloop
  endfacet
  facet normal 0 0 -1
    outer loop
      vertex 124.752 2.19792 0
      vertex 127.748 2.19792 0
      vertex 127.915 2.0513 0
    endloop
  endfacet
  facet normal 0 0 -1
    outer loop
      vertex 124.585 2.0513 0
      vertex 127.915 2.0513 0
      vertex 128.1 1.92776 0
    endloop
  endfacet
  facet normal 0 0 -1
    outer loop
      vertex 127.265 3.17811 0
      vertex 125.235 3.17811 0
      vertex 125.25 3.4 0
    endloop
  endfacet
  facet normal 0 0 -1
    outer loop
      vertex 124.4 1.92776 0
      vertex 128.1 1.92776 0
      vertex 128.299 1.8294 0
    endloop
  endfacet
  facet normal 0 0 -1
    outer loop
      vertex 127.308 2.96001 0
      vertex 125.192 2.96001 0
      vertex 125.235 3.17811 0
    endloop
  endfacet
  facet normal 0 0 -1
    outer loop
      vertex 127.379 2.74944 0
      vertex 125.121 2.74944 0
      vertex 125.192 2.96001 0
    endloop
  endfacet
  facet normal 0 0 -1
    outer loop
      vertex 124.201 1.8294 0
      vertex 128.299 1.8294 0
      vertex 128.51 1.75793 0
    endloop
  endfacet
  facet normal 0 0 -1
    outer loop
      vertex 127.478 2.55 0
      vertex 125.022 2.55 0
      vertex 125.121 2.74944 0
    endloop
  endfacet
  facet normal 0 0 -1
    outer loop
      vertex 127.601 2.3651 0
      vertex 124.899 2.3651 0
      vertex 125.022 2.55 0
    endloop
  endfacet
  facet normal 0 0 -1
    outer loop
      vertex 123.99 1.75793 0
      vertex 128.51 1.75793 0
      vertex 128.728 1.71454 0
    endloop
  endfacet
  facet normal 0 0 -1
    outer loop
      vertex 127.748 2.19792 0
      vertex 124.752 2.19792 0
      vertex 124.899 2.3651 0
    endloop
  endfacet
  facet normal 0 0 -1
    outer loop
      vertex 127.915 2.0513 0
      vertex 124.585 2.0513 0
      vertex 124.752 2.19792 0
    endloop
  endfacet
  facet normal 0 0 -1
    outer loop
      vertex 128.95 1.7 0
      vertex 123.55 1.7 0
      vertex 128.728 1.71454 0
    endloop
  endfacet
  facet normal 0 0 -1
    outer loop
      vertex 128.1 1.92776 0
      vertex 124.4 1.92776 0
      vertex 124.585 2.0513 0
    endloop
  endfacet
  facet normal 0 0 -1
    outer loop
      vertex 128.299 1.8294 0
      vertex 124.201 1.8294 0
      vertex 124.4 1.92776 0
    endloop
  endfacet
  facet normal 0 0 -1
    outer loop
      vertex 128.51 1.75793 0
      vertex 123.99 1.75793 0
      vertex 124.201 1.8294 0
    endloop
  endfacet
  facet normal 0 0 -1
    outer loop
      vertex 128.728 1.71454 0
      vertex 123.772 1.71454 0
      vertex 123.99 1.75793 0
    endloop
  endfacet
  facet normal -0 0 -1
    outer loop
      vertex 128.728 1.71454 0
      vertex 123.55 1.7 0
      vertex 123.772 1.71454 0
    endloop
  endfacet
  facet normal 0 0 -1
    outer loop
      vertex 142.7 0.0392794 0
      vertex 120.95 1.7 0
      vertex 123.55 1.7 0
    endloop
  endfacet
  facet normal 0 0 -1
    outer loop
      vertex 115.55 1.7 0
      vertex 120.95 1.7 0
      vertex 142.7 0.0392794 0
    endloop
  endfacet
  facet normal 0 0 -1
    outer loop
      vertex 119.265 3.17811 0
      vertex 117.25 3.4 0
      vertex 119.25 3.4 0
    endloop
  endfacet
  facet normal 0 0 -1
    outer loop
      vertex 117.235 3.17811 0
      vertex 119.265 3.17811 0
      vertex 119.308 2.96001 0
    endloop
  endfacet
  facet normal 0 0 -1
    outer loop
      vertex 117.192 2.96001 0
      vertex 119.308 2.96001 0
      vertex 119.379 2.74944 0
    endloop
  endfacet
  facet normal 0 0 -1
    outer loop
      vertex 117.121 2.74944 0
      vertex 119.379 2.74944 0
      vertex 119.478 2.55 0
    endloop
  endfacet
  facet normal 0 0 -1
    outer loop
      vertex 117.022 2.55 0
      vertex 119.478 2.55 0
      vertex 119.601 2.3651 0
    endloop
  endfacet
  facet normal 0 0 -1
    outer loop
      vertex 116.899 2.3651 0
      vertex 119.601 2.3651 0
      vertex 119.748 2.19792 0
    endloop
  endfacet
  facet normal 0 0 -1
    outer loop
      vertex 116.752 2.19792 0
      vertex 119.748 2.19792 0
      vertex 119.915 2.0513 0
    endloop
  endfacet
  facet normal 0 0 -1
    outer loop
      vertex 116.585 2.0513 0
      vertex 119.915 2.0513 0
      vertex 120.1 1.92776 0
    endloop
  endfacet
  facet normal 0 0 -1
    outer loop
      vertex 119.265 3.17811 0
      vertex 117.235 3.17811 0
      vertex 117.25 3.4 0
    endloop
  endfacet
  facet normal 0 0 -1
    outer loop
      vertex 116.4 1.92776 0
      vertex 120.1 1.92776 0
      vertex 120.299 1.8294 0
    endloop
  endfacet
  facet normal 0 0 -1
    outer loop
      vertex 119.308 2.96001 0
      vertex 117.192 2.96001 0
      vertex 117.235 3.17811 0
    endloop
  endfacet
  facet normal 0 0 -1
    outer loop
      vertex 119.379 2.74944 0
      vertex 117.121 2.74944 0
      vertex 117.192 2.96001 0
    endloop
  endfacet
  facet normal 0 0 -1
    outer loop
      vertex 116.201 1.8294 0
      vertex 120.299 1.8294 0
      vertex 120.51 1.75793 0
    endloop
  endfacet
  facet normal 0 0 -1
    outer loop
      vertex 119.478 2.55 0
      vertex 117.022 2.55 0
      vertex 117.121 2.74944 0
    endloop
  endfacet
  facet normal 0 0 -1
    outer loop
      vertex 119.601 2.3651 0
      vertex 116.899 2.3651 0
      vertex 117.022 2.55 0
    endloop
  endfacet
  facet normal 0 0 -1
    outer loop
      vertex 115.99 1.75793 0
      vertex 120.51 1.75793 0
      vertex 120.728 1.71454 0
    endloop
  endfacet
  facet normal 0 0 -1
    outer loop
      vertex 119.748 2.19792 0
      vertex 116.752 2.19792 0
      vertex 116.899 2.3651 0
    endloop
  endfacet
  facet normal 0 0 -1
    outer loop
      vertex 119.915 2.0513 0
      vertex 116.585 2.0513 0
      vertex 116.752 2.19792 0
    endloop
  endfacet
  facet normal 0 0 -1
    outer loop
      vertex 120.1 1.92776 0
      vertex 116.4 1.92776 0
      vertex 116.585 2.0513 0
    endloop
  endfacet
  facet normal 0 0 -1
    outer loop
      vertex 120.95 1.7 0
      vertex 115.55 1.7 0
      vertex 120.728 1.71454 0
    endloop
  endfacet
  facet normal 0 0 -1
    outer loop
      vertex 120.299 1.8294 0
      vertex 116.201 1.8294 0
      vertex 116.4 1.92776 0
    endloop
  endfacet
  facet normal 0 0 -1
    outer loop
      vertex 120.51 1.75793 0
      vertex 115.99 1.75793 0
      vertex 116.201 1.8294 0
    endloop
  endfacet
  facet normal 0 0 -1
    outer loop
      vertex 120.728 1.71454 0
      vertex 115.772 1.71454 0
      vertex 115.99 1.75793 0
    endloop
  endfacet
  facet normal -0 0 -1
    outer loop
      vertex 120.728 1.71454 0
      vertex 115.55 1.7 0
      vertex 115.772 1.71454 0
    endloop
  endfacet
  facet normal 0 0 -1
    outer loop
      vertex 142.7 0.0392794 0
      vertex 112.95 1.7 0
      vertex 115.55 1.7 0
    endloop
  endfacet
  facet normal 0 0 -1
    outer loop
      vertex 111.265 3.17811 0
      vertex 109.25 3.4 0
      vertex 111.25 3.4 0
    endloop
  endfacet
  facet normal 0 0 -1
    outer loop
      vertex 109.235 3.17811 0
      vertex 111.265 3.17811 0
      vertex 111.308 2.96001 0
    endloop
  endfacet
  facet normal 0 0 -1
    outer loop
      vertex 109.192 2.96001 0
      vertex 111.308 2.96001 0
      vertex 111.379 2.74944 0
    endloop
  endfacet
  facet normal 0 0 -1
    outer loop
      vertex 109.121 2.74944 0
      vertex 111.379 2.74944 0
      vertex 111.478 2.55 0
    endloop
  endfacet
  facet normal 0 0 -1
    outer loop
      vertex 109.022 2.55 0
      vertex 111.478 2.55 0
      vertex 111.601 2.3651 0
    endloop
  endfacet
  facet normal 0 0 -1
    outer loop
      vertex 108.899 2.3651 0
      vertex 111.601 2.3651 0
      vertex 111.748 2.19792 0
    endloop
  endfacet
  facet normal 0 0 -1
    outer loop
      vertex 108.752 2.19792 0
      vertex 111.748 2.19792 0
      vertex 111.915 2.0513 0
    endloop
  endfacet
  facet normal 0 0 -1
    outer loop
      vertex 108.585 2.0513 0
      vertex 111.915 2.0513 0
      vertex 112.1 1.92776 0
    endloop
  endfacet
  facet normal 0 0 -1
    outer loop
      vertex 111.265 3.17811 0
      vertex 109.235 3.17811 0
      vertex 109.25 3.4 0
    endloop
  endfacet
  facet normal 0 0 -1
    outer loop
      vertex 108.4 1.92776 0
      vertex 112.1 1.92776 0
      vertex 112.299 1.8294 0
    endloop
  endfacet
  facet normal 0 0 -1
    outer loop
      vertex 111.308 2.96001 0
      vertex 109.192 2.96001 0
      vertex 109.235 3.17811 0
    endloop
  endfacet
  facet normal 0 0 -1
    outer loop
      vertex 111.379 2.74944 0
      vertex 109.121 2.74944 0
      vertex 109.192 2.96001 0
    endloop
  endfacet
  facet normal 0 0 -1
    outer loop
      vertex 108.201 1.8294 0
      vertex 112.299 1.8294 0
      vertex 112.51 1.75793 0
    endloop
  endfacet
  facet normal 0 0 -1
    outer loop
      vertex 111.478 2.55 0
      vertex 109.022 2.55 0
      vertex 109.121 2.74944 0
    endloop
  endfacet
  facet normal 0 0 -1
    outer loop
      vertex 111.601 2.3651 0
      vertex 108.899 2.3651 0
      vertex 109.022 2.55 0
    endloop
  endfacet
  facet normal 0 0 -1
    outer loop
      vertex 107.99 1.75793 0
      vertex 112.51 1.75793 0
      vertex 112.728 1.71454 0
    endloop
  endfacet
  facet normal 0 0 -1
    outer loop
      vertex 111.748 2.19792 0
      vertex 108.752 2.19792 0
      vertex 108.899 2.3651 0
    endloop
  endfacet
  facet normal 0 0 -1
    outer loop
      vertex 111.915 2.0513 0
      vertex 108.585 2.0513 0
      vertex 108.752 2.19792 0
    endloop
  endfacet
  facet normal 0 0 -1
    outer loop
      vertex 112.1 1.92776 0
      vertex 108.4 1.92776 0
      vertex 108.585 2.0513 0
    endloop
  endfacet
  facet normal 0 0 -1
    outer loop
      vertex 107.772 1.71454 0
      vertex 112.728 1.71454 0
      vertex 112.95 1.7 0
    endloop
  endfacet
  facet normal 0 0 -1
    outer loop
      vertex 107.55 1.7 0
      vertex 112.95 1.7 0
      vertex 142.7 0.0392794 0
    endloop
  endfacet
  facet normal 0 0 -1
    outer loop
      vertex 112.299 1.8294 0
      vertex 108.201 1.8294 0
      vertex 108.4 1.92776 0
    endloop
  endfacet
  facet normal 0 0 -1
    outer loop
      vertex 112.51 1.75793 0
      vertex 107.99 1.75793 0
      vertex 108.201 1.8294 0
    endloop
  endfacet
  facet normal 0 0 -1
    outer loop
      vertex 112.728 1.71454 0
      vertex 107.772 1.71454 0
      vertex 107.99 1.75793 0
    endloop
  endfacet
  facet normal 0 0 -1
    outer loop
      vertex 112.95 1.7 0
      vertex 107.55 1.7 0
      vertex 107.772 1.71454 0
    endloop
  endfacet
  facet normal 0 0 -1
    outer loop
      vertex 142.7 0.0392794 0
      vertex 104.95 1.7 0
      vertex 107.55 1.7 0
    endloop
  endfacet
  facet normal 0 0 -1
    outer loop
      vertex 103.265 3.17811 0
      vertex 101.25 3.4 0
      vertex 103.25 3.4 0
    endloop
  endfacet
  facet normal 0 0 -1
    outer loop
      vertex 101.235 3.17811 0
      vertex 103.265 3.17811 0
      vertex 103.308 2.96001 0
    endloop
  endfacet
  facet normal 0 0 -1
    outer loop
      vertex 101.192 2.96001 0
      vertex 103.308 2.96001 0
      vertex 103.379 2.74944 0
    endloop
  endfacet
  facet normal 0 0 -1
    outer loop
      vertex 101.121 2.74944 0
      vertex 103.379 2.74944 0
      vertex 103.478 2.55 0
    endloop
  endfacet
  facet normal 0 0 -1
    outer loop
      vertex 101.022 2.55 0
      vertex 103.478 2.55 0
      vertex 103.601 2.3651 0
    endloop
  endfacet
  facet normal 0 0 -1
    outer loop
      vertex 100.899 2.3651 0
      vertex 103.601 2.3651 0
      vertex 103.748 2.19792 0
    endloop
  endfacet
  facet normal 0 0 -1
    outer loop
      vertex 100.752 2.19792 0
      vertex 103.748 2.19792 0
      vertex 103.915 2.0513 0
    endloop
  endfacet
  facet normal 0 0 -1
    outer loop
      vertex 100.585 2.0513 0
      vertex 103.915 2.0513 0
      vertex 104.1 1.92776 0
    endloop
  endfacet
  facet normal 0 0 -1
    outer loop
      vertex 103.265 3.17811 0
      vertex 101.235 3.17811 0
      vertex 101.25 3.4 0
    endloop
  endfacet
  facet normal 0 0 -1
    outer loop
      vertex 100.4 1.92776 0
      vertex 104.1 1.92776 0
      vertex 104.299 1.8294 0
    endloop
  endfacet
  facet normal 0 0 -1
    outer loop
      vertex 103.308 2.96001 0
      vertex 101.192 2.96001 0
      vertex 101.235 3.17811 0
    endloop
  endfacet
  facet normal 0 0 -1
    outer loop
      vertex 103.379 2.74944 0
      vertex 101.121 2.74944 0
      vertex 101.192 2.96001 0
    endloop
  endfacet
  facet normal 0 0 -1
    outer loop
      vertex 100.201 1.8294 0
      vertex 104.299 1.8294 0
      vertex 104.51 1.75793 0
    endloop
  endfacet
  facet normal 0 0 -1
    outer loop
      vertex 103.478 2.55 0
      vertex 101.022 2.55 0
      vertex 101.121 2.74944 0
    endloop
  endfacet
  facet normal 0 0 -1
    outer loop
      vertex 103.601 2.3651 0
      vertex 100.899 2.3651 0
      vertex 101.022 2.55 0
    endloop
  endfacet
  facet normal 0 0 -1
    outer loop
      vertex 99.99 1.75793 0
      vertex 104.51 1.75793 0
      vertex 104.728 1.71454 0
    endloop
  endfacet
  facet normal 0 0 -1
    outer loop
      vertex 103.748 2.19792 0
      vertex 100.752 2.19792 0
      vertex 100.899 2.3651 0
    endloop
  endfacet
  facet normal 0 0 -1
    outer loop
      vertex 103.915 2.0513 0
      vertex 100.585 2.0513 0
      vertex 100.752 2.19792 0
    endloop
  endfacet
  facet normal 0 0 -1
    outer loop
      vertex 104.1 1.92776 0
      vertex 100.4 1.92776 0
      vertex 100.585 2.0513 0
    endloop
  endfacet
  facet normal 0 0 -1
    outer loop
      vertex 99.7719 1.71454 0
      vertex 104.728 1.71454 0
      vertex 104.95 1.7 0
    endloop
  endfacet
  facet normal 0 0 -1
    outer loop
      vertex 104.299 1.8294 0
      vertex 100.201 1.8294 0
      vertex 100.4 1.92776 0
    endloop
  endfacet
  facet normal 0 0 -1
    outer loop
      vertex 99.55 1.7 0
      vertex 104.95 1.7 0
      vertex 142.7 0.0392794 0
    endloop
  endfacet
  facet normal 0 0 -1
    outer loop
      vertex 104.51 1.75793 0
      vertex 99.99 1.75793 0
      vertex 100.201 1.8294 0
    endloop
  endfacet
  facet normal 0 0 -1
    outer loop
      vertex 104.728 1.71454 0
      vertex 99.7719 1.71454 0
      vertex 99.99 1.75793 0
    endloop
  endfacet
  facet normal 0 0 -1
    outer loop
      vertex 104.95 1.7 0
      vertex 99.55 1.7 0
      vertex 99.7719 1.71454 0
    endloop
  endfacet
  facet normal 0 0 -1
    outer loop
      vertex 142.7 0.0392794 0
      vertex 96.95 1.7 0
      vertex 99.55 1.7 0
    endloop
  endfacet
  facet normal 0 0 -1
    outer loop
      vertex 95.2645 3.17811 0
      vertex 93.25 3.4 0
      vertex 95.25 3.4 0
    endloop
  endfacet
  facet normal 0 0 -1
    outer loop
      vertex 93.2355 3.17811 0
      vertex 95.2645 3.17811 0
      vertex 95.3079 2.96001 0
    endloop
  endfacet
  facet normal 0 0 -1
    outer loop
      vertex 93.1921 2.96001 0
      vertex 95.3079 2.96001 0
      vertex 95.3794 2.74944 0
    endloop
  endfacet
  facet normal 0 0 -1
    outer loop
      vertex 93.1206 2.74944 0
      vertex 95.3794 2.74944 0
      vertex 95.4778 2.55 0
    endloop
  endfacet
  facet normal 0 0 -1
    outer loop
      vertex 93.0222 2.55 0
      vertex 95.4778 2.55 0
      vertex 95.6013 2.3651 0
    endloop
  endfacet
  facet normal 0 0 -1
    outer loop
      vertex 92.8987 2.3651 0
      vertex 95.6013 2.3651 0
      vertex 95.7479 2.19792 0
    endloop
  endfacet
  facet normal 0 0 -1
    outer loop
      vertex 92.7521 2.19792 0
      vertex 95.7479 2.19792 0
      vertex 95.9151 2.0513 0
    endloop
  endfacet
  facet normal 0 0 -1
    outer loop
      vertex 92.5849 2.0513 0
      vertex 95.9151 2.0513 0
      vertex 96.1 1.92776 0
    endloop
  endfacet
  facet normal 0 0 -1
    outer loop
      vertex 95.2645 3.17811 0
      vertex 93.2355 3.17811 0
      vertex 93.25 3.4 0
    endloop
  endfacet
  facet normal 0 0 -1
    outer loop
      vertex 92.4 1.92776 0
      vertex 96.1 1.92776 0
      vertex 96.2994 1.8294 0
    endloop
  endfacet
  facet normal 0 0 -1
    outer loop
      vertex 95.3079 2.96001 0
      vertex 93.1921 2.96001 0
      vertex 93.2355 3.17811 0
    endloop
  endfacet
  facet normal 0 0 -1
    outer loop
      vertex 95.3794 2.74944 0
      vertex 93.1206 2.74944 0
      vertex 93.1921 2.96001 0
    endloop
  endfacet
  facet normal 0 0 -1
    outer loop
      vertex 92.2006 1.8294 0
      vertex 96.2994 1.8294 0
      vertex 96.51 1.75793 0
    endloop
  endfacet
  facet normal 0 0 -1
    outer loop
      vertex 95.4778 2.55 0
      vertex 93.0222 2.55 0
      vertex 93.1206 2.74944 0
    endloop
  endfacet
  facet normal 0 0 -1
    outer loop
      vertex 95.6013 2.3651 0
      vertex 92.8987 2.3651 0
      vertex 93.0222 2.55 0
    endloop
  endfacet
  facet normal 0 0 -1
    outer loop
      vertex 91.99 1.75793 0
      vertex 96.51 1.75793 0
      vertex 96.7281 1.71454 0
    endloop
  endfacet
  facet normal 0 0 -1
    outer loop
      vertex 95.7479 2.19792 0
      vertex 92.7521 2.19792 0
      vertex 92.8987 2.3651 0
    endloop
  endfacet
  facet normal 0 0 -1
    outer loop
      vertex 95.9151 2.0513 0
      vertex 92.5849 2.0513 0
      vertex 92.7521 2.19792 0
    endloop
  endfacet
  facet normal 0 0 -1
    outer loop
      vertex 96.1 1.92776 0
      vertex 92.4 1.92776 0
      vertex 92.5849 2.0513 0
    endloop
  endfacet
  facet normal 0 0 -1
    outer loop
      vertex 91.7719 1.71454 0
      vertex 96.7281 1.71454 0
      vertex 96.95 1.7 0
    endloop
  endfacet
  facet normal 0 0 -1
    outer loop
      vertex 96.2994 1.8294 0
      vertex 92.2006 1.8294 0
      vertex 92.4 1.92776 0
    endloop
  endfacet
  facet normal 0 0 -1
    outer loop
      vertex 91.55 1.7 0
      vertex 96.95 1.7 0
      vertex 142.7 0.0392794 0
    endloop
  endfacet
  facet normal 0 0 -1
    outer loop
      vertex 96.51 1.75793 0
      vertex 91.99 1.75793 0
      vertex 92.2006 1.8294 0
    endloop
  endfacet
  facet normal 0 0 -1
    outer loop
      vertex 96.7281 1.71454 0
      vertex 91.7719 1.71454 0
      vertex 91.99 1.75793 0
    endloop
  endfacet
  facet normal 0 0 -1
    outer loop
      vertex 96.95 1.7 0
      vertex 91.55 1.7 0
      vertex 91.7719 1.71454 0
    endloop
  endfacet
  facet normal 0 0 -1
    outer loop
      vertex 142.7 0.0392794 0
      vertex 88.95 1.7 0
      vertex 91.55 1.7 0
    endloop
  endfacet
  facet normal 0 0 -1
    outer loop
      vertex 87.2645 3.17811 0
      vertex 85.25 3.4 0
      vertex 87.25 3.4 0
    endloop
  endfacet
  facet normal 0 0 -1
    outer loop
      vertex 85.2355 3.17811 0
      vertex 87.2645 3.17811 0
      vertex 87.3079 2.96001 0
    endloop
  endfacet
  facet normal 0 0 -1
    outer loop
      vertex 85.1921 2.96001 0
      vertex 87.3079 2.96001 0
      vertex 87.3794 2.74944 0
    endloop
  endfacet
  facet normal 0 0 -1
    outer loop
      vertex 85.1206 2.74944 0
      vertex 87.3794 2.74944 0
      vertex 87.4778 2.55 0
    endloop
  endfacet
  facet normal 0 0 -1
    outer loop
      vertex 85.0222 2.55 0
      vertex 87.4778 2.55 0
      vertex 87.6013 2.3651 0
    endloop
  endfacet
  facet normal 0 0 -1
    outer loop
      vertex 84.8987 2.3651 0
      vertex 87.6013 2.3651 0
      vertex 87.7479 2.19792 0
    endloop
  endfacet
  facet normal 0 0 -1
    outer loop
      vertex 84.7521 2.19792 0
      vertex 87.7479 2.19792 0
      vertex 87.9151 2.0513 0
    endloop
  endfacet
  facet normal 0 0 -1
    outer loop
      vertex 84.5849 2.0513 0
      vertex 87.9151 2.0513 0
      vertex 88.1 1.92776 0
    endloop
  endfacet
  facet normal 0 0 -1
    outer loop
      vertex 87.2645 3.17811 0
      vertex 85.2355 3.17811 0
      vertex 85.25 3.4 0
    endloop
  endfacet
  facet normal 0 0 -1
    outer loop
      vertex 84.4 1.92776 0
      vertex 88.1 1.92776 0
      vertex 88.2994 1.8294 0
    endloop
  endfacet
  facet normal 0 0 -1
    outer loop
      vertex 87.3079 2.96001 0
      vertex 85.1921 2.96001 0
      vertex 85.2355 3.17811 0
    endloop
  endfacet
  facet normal 0 0 -1
    outer loop
      vertex 87.3794 2.74944 0
      vertex 85.1206 2.74944 0
      vertex 85.1921 2.96001 0
    endloop
  endfacet
  facet normal 0 0 -1
    outer loop
      vertex 84.2006 1.8294 0
      vertex 88.2994 1.8294 0
      vertex 88.51 1.75793 0
    endloop
  endfacet
  facet normal 0 0 -1
    outer loop
      vertex 87.4778 2.55 0
      vertex 85.0222 2.55 0
      vertex 85.1206 2.74944 0
    endloop
  endfacet
  facet normal 0 0 -1
    outer loop
      vertex 87.6013 2.3651 0
      vertex 84.8987 2.3651 0
      vertex 85.0222 2.55 0
    endloop
  endfacet
  facet normal 0 0 -1
    outer loop
      vertex 83.99 1.75793 0
      vertex 88.51 1.75793 0
      vertex 88.7281 1.71454 0
    endloop
  endfacet
  facet normal 0 0 -1
    outer loop
      vertex 87.7479 2.19792 0
      vertex 84.7521 2.19792 0
      vertex 84.8987 2.3651 0
    endloop
  endfacet
  facet normal 0 0 -1
    outer loop
      vertex 87.9151 2.0513 0
      vertex 84.5849 2.0513 0
      vertex 84.7521 2.19792 0
    endloop
  endfacet
  facet normal 0 0 -1
    outer loop
      vertex 88.1 1.92776 0
      vertex 84.4 1.92776 0
      vertex 84.5849 2.0513 0
    endloop
  endfacet
  facet normal 0 0 -1
    outer loop
      vertex 83.7719 1.71454 0
      vertex 88.7281 1.71454 0
      vertex 88.95 1.7 0
    endloop
  endfacet
  facet normal 0 0 -1
    outer loop
      vertex 88.2994 1.8294 0
      vertex 84.2006 1.8294 0
      vertex 84.4 1.92776 0
    endloop
  endfacet
  facet normal 0 0 -1
    outer loop
      vertex 83.55 1.7 0
      vertex 88.95 1.7 0
      vertex 142.7 0.0392794 0
    endloop
  endfacet
  facet normal 0 0 -1
    outer loop
      vertex 88.51 1.75793 0
      vertex 83.99 1.75793 0
      vertex 84.2006 1.8294 0
    endloop
  endfacet
  facet normal 0 0 -1
    outer loop
      vertex 88.7281 1.71454 0
      vertex 83.7719 1.71454 0
      vertex 83.99 1.75793 0
    endloop
  endfacet
  facet normal 0 0 -1
    outer loop
      vertex 88.95 1.7 0
      vertex 83.55 1.7 0
      vertex 83.7719 1.71454 0
    endloop
  endfacet
  facet normal 0 0 -1
    outer loop
      vertex 142.7 0.0392794 0
      vertex 80.95 1.7 0
      vertex 83.55 1.7 0
    endloop
  endfacet
  facet normal 0 0 -1
    outer loop
      vertex 79.2645 3.17811 0
      vertex 77.25 3.4 0
      vertex 79.25 3.4 0
    endloop
  endfacet
  facet normal 0 0 -1
    outer loop
      vertex 77.2355 3.17811 0
      vertex 79.2645 3.17811 0
      vertex 79.3079 2.96001 0
    endloop
  endfacet
  facet normal 0 0 -1
    outer loop
      vertex 77.1921 2.96001 0
      vertex 79.3079 2.96001 0
      vertex 79.3794 2.74944 0
    endloop
  endfacet
  facet normal 0 0 -1
    outer loop
      vertex 77.1206 2.74944 0
      vertex 79.3794 2.74944 0
      vertex 79.4778 2.55 0
    endloop
  endfacet
  facet normal 0 0 -1
    outer loop
      vertex 77.0222 2.55 0
      vertex 79.4778 2.55 0
      vertex 79.6013 2.3651 0
    endloop
  endfacet
  facet normal 0 0 -1
    outer loop
      vertex 76.8987 2.3651 0
      vertex 79.6013 2.3651 0
      vertex 79.7479 2.19792 0
    endloop
  endfacet
  facet normal 0 0 -1
    outer loop
      vertex 76.7521 2.19792 0
      vertex 79.7479 2.19792 0
      vertex 79.9151 2.0513 0
    endloop
  endfacet
  facet normal 0 0 -1
    outer loop
      vertex 76.5849 2.0513 0
      vertex 79.9151 2.0513 0
      vertex 80.1 1.92776 0
    endloop
  endfacet
  facet normal 0 0 -1
    outer loop
      vertex 79.2645 3.17811 0
      vertex 77.2355 3.17811 0
      vertex 77.25 3.4 0
    endloop
  endfacet
  facet normal 0 0 -1
    outer loop
      vertex 76.4 1.92776 0
      vertex 80.1 1.92776 0
      vertex 80.2994 1.8294 0
    endloop
  endfacet
  facet normal 0 0 -1
    outer loop
      vertex 79.3079 2.96001 0
      vertex 77.1921 2.96001 0
      vertex 77.2355 3.17811 0
    endloop
  endfacet
  facet normal 0 0 -1
    outer loop
      vertex 79.3794 2.74944 0
      vertex 77.1206 2.74944 0
      vertex 77.1921 2.96001 0
    endloop
  endfacet
  facet normal 0 0 -1
    outer loop
      vertex 76.2006 1.8294 0
      vertex 80.2994 1.8294 0
      vertex 80.51 1.75793 0
    endloop
  endfacet
  facet normal 0 0 -1
    outer loop
      vertex 79.4778 2.55 0
      vertex 77.0222 2.55 0
      vertex 77.1206 2.74944 0
    endloop
  endfacet
  facet normal 0 0 -1
    outer loop
      vertex 79.6013 2.3651 0
      vertex 76.8987 2.3651 0
      vertex 77.0222 2.55 0
    endloop
  endfacet
  facet normal 0 0 -1
    outer loop
      vertex 75.99 1.75793 0
      vertex 80.51 1.75793 0
      vertex 80.7281 1.71454 0
    endloop
  endfacet
  facet normal 0 0 -1
    outer loop
      vertex 79.7479 2.19792 0
      vertex 76.7521 2.19792 0
      vertex 76.8987 2.3651 0
    endloop
  endfacet
  facet normal 0 0 -1
    outer loop
      vertex 79.9151 2.0513 0
      vertex 76.5849 2.0513 0
      vertex 76.7521 2.19792 0
    endloop
  endfacet
  facet normal 0 0 -1
    outer loop
      vertex 80.1 1.92776 0
      vertex 76.4 1.92776 0
      vertex 76.5849 2.0513 0
    endloop
  endfacet
  facet normal 0 0 -1
    outer loop
      vertex 75.7719 1.71454 0
      vertex 80.7281 1.71454 0
      vertex 80.95 1.7 0
    endloop
  endfacet
  facet normal 0 0 -1
    outer loop
      vertex 80.2994 1.8294 0
      vertex 76.2006 1.8294 0
      vertex 76.4 1.92776 0
    endloop
  endfacet
  facet normal 0 0 -1
    outer loop
      vertex 80.51 1.75793 0
      vertex 75.99 1.75793 0
      vertex 76.2006 1.8294 0
    endloop
  endfacet
  facet normal 0 0 -1
    outer loop
      vertex 75.55 1.7 0
      vertex 80.95 1.7 0
      vertex 142.7 0.0392794 0
    endloop
  endfacet
  facet normal 0 0 -1
    outer loop
      vertex 80.7281 1.71454 0
      vertex 75.7719 1.71454 0
      vertex 75.99 1.75793 0
    endloop
  endfacet
  facet normal 0 0 -1
    outer loop
      vertex 80.95 1.7 0
      vertex 75.55 1.7 0
      vertex 75.7719 1.71454 0
    endloop
  endfacet
  facet normal 0 0 -1
    outer loop
      vertex 142.7 0.0392794 0
      vertex 72.95 1.7 0
      vertex 75.55 1.7 0
    endloop
  endfacet
  facet normal 0 0 -1
    outer loop
      vertex 71.2645 3.17811 0
      vertex 69.25 3.4 0
      vertex 71.25 3.4 0
    endloop
  endfacet
  facet normal 0 0 -1
    outer loop
      vertex 69.2355 3.17811 0
      vertex 71.2645 3.17811 0
      vertex 71.3079 2.96001 0
    endloop
  endfacet
  facet normal 0 0 -1
    outer loop
      vertex 69.1921 2.96001 0
      vertex 71.3079 2.96001 0
      vertex 71.3794 2.74944 0
    endloop
  endfacet
  facet normal 0 0 -1
    outer loop
      vertex 69.1206 2.74944 0
      vertex 71.3794 2.74944 0
      vertex 71.4778 2.55 0
    endloop
  endfacet
  facet normal 0 0 -1
    outer loop
      vertex 69.0222 2.55 0
      vertex 71.4778 2.55 0
      vertex 71.6013 2.3651 0
    endloop
  endfacet
  facet normal 0 0 -1
    outer loop
      vertex 68.8987 2.3651 0
      vertex 71.6013 2.3651 0
      vertex 71.7479 2.19792 0
    endloop
  endfacet
  facet normal 0 0 -1
    outer loop
      vertex 68.7521 2.19792 0
      vertex 71.7479 2.19792 0
      vertex 71.9151 2.0513 0
    endloop
  endfacet
  facet normal 0 0 -1
    outer loop
      vertex 68.5849 2.0513 0
      vertex 71.9151 2.0513 0
      vertex 72.1 1.92776 0
    endloop
  endfacet
  facet normal 0 0 -1
    outer loop
      vertex 71.2645 3.17811 0
      vertex 69.2355 3.17811 0
      vertex 69.25 3.4 0
    endloop
  endfacet
  facet normal 0 0 -1
    outer loop
      vertex 68.4 1.92776 0
      vertex 72.1 1.92776 0
      vertex 72.2994 1.8294 0
    endloop
  endfacet
  facet normal 0 0 -1
    outer loop
      vertex 71.3079 2.96001 0
      vertex 69.1921 2.96001 0
      vertex 69.2355 3.17811 0
    endloop
  endfacet
  facet normal 0 0 -1
    outer loop
      vertex 71.3794 2.74944 0
      vertex 69.1206 2.74944 0
      vertex 69.1921 2.96001 0
    endloop
  endfacet
  facet normal 0 0 -1
    outer loop
      vertex 68.2006 1.8294 0
      vertex 72.2994 1.8294 0
      vertex 72.51 1.75793 0
    endloop
  endfacet
  facet normal 0 0 -1
    outer loop
      vertex 71.4778 2.55 0
      vertex 69.0222 2.55 0
      vertex 69.1206 2.74944 0
    endloop
  endfacet
  facet normal 0 0 -1
    outer loop
      vertex 71.6013 2.3651 0
      vertex 68.8987 2.3651 0
      vertex 69.0222 2.55 0
    endloop
  endfacet
  facet normal 0 0 -1
    outer loop
      vertex 67.99 1.75793 0
      vertex 72.51 1.75793 0
      vertex 72.7281 1.71454 0
    endloop
  endfacet
  facet normal 0 0 -1
    outer loop
      vertex 71.7479 2.19792 0
      vertex 68.7521 2.19792 0
      vertex 68.8987 2.3651 0
    endloop
  endfacet
  facet normal 0 0 -1
    outer loop
      vertex 71.9151 2.0513 0
      vertex 68.5849 2.0513 0
      vertex 68.7521 2.19792 0
    endloop
  endfacet
  facet normal 0 0 -1
    outer loop
      vertex 72.1 1.92776 0
      vertex 68.4 1.92776 0
      vertex 68.5849 2.0513 0
    endloop
  endfacet
  facet normal 0 0 -1
    outer loop
      vertex 67.7719 1.71454 0
      vertex 72.7281 1.71454 0
      vertex 72.95 1.7 0
    endloop
  endfacet
  facet normal 0 0 -1
    outer loop
      vertex 72.2994 1.8294 0
      vertex 68.2006 1.8294 0
      vertex 68.4 1.92776 0
    endloop
  endfacet
  facet normal 0 0 -1
    outer loop
      vertex 72.51 1.75793 0
      vertex 67.99 1.75793 0
      vertex 68.2006 1.8294 0
    endloop
  endfacet
  facet normal 0 0 -1
    outer loop
      vertex 21.8 0.0392794 0
      vertex 72.95 1.7 0
      vertex 142.7 0.0392794 0
    endloop
  endfacet
  facet normal 0 0 -1
    outer loop
      vertex 72.7281 1.71454 0
      vertex 67.7719 1.71454 0
      vertex 67.99 1.75793 0
    endloop
  endfacet
  facet normal 0 0 -1
    outer loop
      vertex 72.95 1.7 0
      vertex 67.55 1.7 0
      vertex 67.7719 1.71454 0
    endloop
  endfacet
  facet normal -0 0 -1
    outer loop
      vertex 72.95 1.7 0
      vertex 21.8 0.0392794 0
      vertex 67.55 1.7 0
    endloop
  endfacet
  facet normal 0 0 -1
    outer loop
      vertex 63.2645 3.17811 0
      vertex 61.25 3.4 0
      vertex 63.25 3.4 0
    endloop
  endfacet
  facet normal 0 0 -1
    outer loop
      vertex 61.2355 3.17811 0
      vertex 63.2645 3.17811 0
      vertex 63.3079 2.96001 0
    endloop
  endfacet
  facet normal 0 0 -1
    outer loop
      vertex 61.1921 2.96001 0
      vertex 63.3079 2.96001 0
      vertex 63.3794 2.74944 0
    endloop
  endfacet
  facet normal 0 0 -1
    outer loop
      vertex 61.1206 2.74944 0
      vertex 63.3794 2.74944 0
      vertex 63.4778 2.55 0
    endloop
  endfacet
  facet normal 0 0 -1
    outer loop
      vertex 61.0222 2.55 0
      vertex 63.4778 2.55 0
      vertex 63.6013 2.3651 0
    endloop
  endfacet
  facet normal 0 0 -1
    outer loop
      vertex 60.8987 2.3651 0
      vertex 63.6013 2.3651 0
      vertex 63.7479 2.19792 0
    endloop
  endfacet
  facet normal 0 0 -1
    outer loop
      vertex 60.7521 2.19792 0
      vertex 63.7479 2.19792 0
      vertex 63.9151 2.0513 0
    endloop
  endfacet
  facet normal 0 0 -1
    outer loop
      vertex 60.5849 2.0513 0
      vertex 63.9151 2.0513 0
      vertex 64.1 1.92776 0
    endloop
  endfacet
  facet normal 0 0 -1
    outer loop
      vertex 63.2645 3.17811 0
      vertex 61.2355 3.17811 0
      vertex 61.25 3.4 0
    endloop
  endfacet
  facet normal 0 0 -1
    outer loop
      vertex 60.4 1.92776 0
      vertex 64.1 1.92776 0
      vertex 64.2994 1.8294 0
    endloop
  endfacet
  facet normal 0 0 -1
    outer loop
      vertex 63.3079 2.96001 0
      vertex 61.1921 2.96001 0
      vertex 61.2355 3.17811 0
    endloop
  endfacet
  facet normal 0 0 -1
    outer loop
      vertex 63.3794 2.74944 0
      vertex 61.1206 2.74944 0
      vertex 61.1921 2.96001 0
    endloop
  endfacet
  facet normal 0 0 -1
    outer loop
      vertex 60.2006 1.8294 0
      vertex 64.2994 1.8294 0
      vertex 64.51 1.75793 0
    endloop
  endfacet
  facet normal 0 0 -1
    outer loop
      vertex 63.4778 2.55 0
      vertex 61.0222 2.55 0
      vertex 61.1206 2.74944 0
    endloop
  endfacet
  facet normal 0 0 -1
    outer loop
      vertex 63.6013 2.3651 0
      vertex 60.8987 2.3651 0
      vertex 61.0222 2.55 0
    endloop
  endfacet
  facet normal 0 0 -1
    outer loop
      vertex 59.99 1.75793 0
      vertex 64.51 1.75793 0
      vertex 64.7281 1.71454 0
    endloop
  endfacet
  facet normal 0 0 -1
    outer loop
      vertex 63.7479 2.19792 0
      vertex 60.7521 2.19792 0
      vertex 60.8987 2.3651 0
    endloop
  endfacet
  facet normal 0 0 -1
    outer loop
      vertex 63.9151 2.0513 0
      vertex 60.5849 2.0513 0
      vertex 60.7521 2.19792 0
    endloop
  endfacet
  facet normal 0 0 -1
    outer loop
      vertex 64.1 1.92776 0
      vertex 60.4 1.92776 0
      vertex 60.5849 2.0513 0
    endloop
  endfacet
  facet normal 0 0 -1
    outer loop
      vertex 59.7719 1.71454 0
      vertex 64.7281 1.71454 0
      vertex 64.95 1.7 0
    endloop
  endfacet
  facet normal 0 0 -1
    outer loop
      vertex 64.2994 1.8294 0
      vertex 60.2006 1.8294 0
      vertex 60.4 1.92776 0
    endloop
  endfacet
  facet normal 0 0 -1
    outer loop
      vertex 64.51 1.75793 0
      vertex 59.99 1.75793 0
      vertex 60.2006 1.8294 0
    endloop
  endfacet
  facet normal -0 0 -1
    outer loop
      vertex 67.55 1.7 0
      vertex 21.8 0.0392794 0
      vertex 64.95 1.7 0
    endloop
  endfacet
  facet normal 0 0 -1
    outer loop
      vertex 64.7281 1.71454 0
      vertex 59.7719 1.71454 0
      vertex 59.99 1.75793 0
    endloop
  endfacet
  facet normal 0 0 -1
    outer loop
      vertex 64.95 1.7 0
      vertex 59.55 1.7 0
      vertex 59.7719 1.71454 0
    endloop
  endfacet
  facet normal -0 0 -1
    outer loop
      vertex 64.95 1.7 0
      vertex 21.8 0.0392794 0
      vertex 59.55 1.7 0
    endloop
  endfacet
  facet normal 0 0 -1
    outer loop
      vertex 55.2645 3.17811 0
      vertex 53.25 3.4 0
      vertex 55.25 3.4 0
    endloop
  endfacet
  facet normal 0 0 -1
    outer loop
      vertex 53.2355 3.17811 0
      vertex 55.2645 3.17811 0
      vertex 55.3079 2.96001 0
    endloop
  endfacet
  facet normal 0 0 -1
    outer loop
      vertex 53.1921 2.96001 0
      vertex 55.3079 2.96001 0
      vertex 55.3794 2.74944 0
    endloop
  endfacet
  facet normal 0 0 -1
    outer loop
      vertex 53.1206 2.74944 0
      vertex 55.3794 2.74944 0
      vertex 55.4778 2.55 0
    endloop
  endfacet
  facet normal 0 0 -1
    outer loop
      vertex 53.0222 2.55 0
      vertex 55.4778 2.55 0
      vertex 55.6013 2.3651 0
    endloop
  endfacet
  facet normal 0 0 -1
    outer loop
      vertex 52.8987 2.3651 0
      vertex 55.6013 2.3651 0
      vertex 55.7479 2.19792 0
    endloop
  endfacet
  facet normal 0 0 -1
    outer loop
      vertex 52.7521 2.19792 0
      vertex 55.7479 2.19792 0
      vertex 55.9151 2.0513 0
    endloop
  endfacet
  facet normal 0 0 -1
    outer loop
      vertex 52.5849 2.0513 0
      vertex 55.9151 2.0513 0
      vertex 56.1 1.92776 0
    endloop
  endfacet
  facet normal 0 0 -1
    outer loop
      vertex 55.2645 3.17811 0
      vertex 53.2355 3.17811 0
      vertex 53.25 3.4 0
    endloop
  endfacet
  facet normal 0 0 -1
    outer loop
      vertex 52.4 1.92776 0
      vertex 56.1 1.92776 0
      vertex 56.2994 1.8294 0
    endloop
  endfacet
  facet normal 0 0 -1
    outer loop
      vertex 55.3079 2.96001 0
      vertex 53.1921 2.96001 0
      vertex 53.2355 3.17811 0
    endloop
  endfacet
  facet normal 0 0 -1
    outer loop
      vertex 55.3794 2.74944 0
      vertex 53.1206 2.74944 0
      vertex 53.1921 2.96001 0
    endloop
  endfacet
  facet normal 0 0 -1
    outer loop
      vertex 52.2006 1.8294 0
      vertex 56.2994 1.8294 0
      vertex 56.51 1.75793 0
    endloop
  endfacet
  facet normal 0 0 -1
    outer loop
      vertex 55.4778 2.55 0
      vertex 53.0222 2.55 0
      vertex 53.1206 2.74944 0
    endloop
  endfacet
  facet normal 0 0 -1
    outer loop
      vertex 55.6013 2.3651 0
      vertex 52.8987 2.3651 0
      vertex 53.0222 2.55 0
    endloop
  endfacet
  facet normal 0 0 -1
    outer loop
      vertex 51.99 1.75793 0
      vertex 56.51 1.75793 0
      vertex 56.7281 1.71454 0
    endloop
  endfacet
  facet normal 0 0 -1
    outer loop
      vertex 55.7479 2.19792 0
      vertex 52.7521 2.19792 0
      vertex 52.8987 2.3651 0
    endloop
  endfacet
  facet normal 0 0 -1
    outer loop
      vertex 55.9151 2.0513 0
      vertex 52.5849 2.0513 0
      vertex 52.7521 2.19792 0
    endloop
  endfacet
  facet normal 0 0 -1
    outer loop
      vertex 56.1 1.92776 0
      vertex 52.4 1.92776 0
      vertex 52.5849 2.0513 0
    endloop
  endfacet
  facet normal 0 0 -1
    outer loop
      vertex 51.7719 1.71454 0
      vertex 56.7281 1.71454 0
      vertex 56.95 1.7 0
    endloop
  endfacet
  facet normal 0 0 -1
    outer loop
      vertex 56.2994 1.8294 0
      vertex 52.2006 1.8294 0
      vertex 52.4 1.92776 0
    endloop
  endfacet
  facet normal 0 0 -1
    outer loop
      vertex 56.51 1.75793 0
      vertex 51.99 1.75793 0
      vertex 52.2006 1.8294 0
    endloop
  endfacet
  facet normal -0 0 -1
    outer loop
      vertex 59.55 1.7 0
      vertex 21.8 0.0392794 0
      vertex 56.95 1.7 0
    endloop
  endfacet
  facet normal 0 0 -1
    outer loop
      vertex 56.7281 1.71454 0
      vertex 51.7719 1.71454 0
      vertex 51.99 1.75793 0
    endloop
  endfacet
  facet normal 0 0 -1
    outer loop
      vertex 56.95 1.7 0
      vertex 51.55 1.7 0
      vertex 51.7719 1.71454 0
    endloop
  endfacet
  facet normal -0 0 -1
    outer loop
      vertex 56.95 1.7 0
      vertex 21.8 0.0392794 0
      vertex 51.55 1.7 0
    endloop
  endfacet
  facet normal 0 0 -1
    outer loop
      vertex 47.2645 3.17811 0
      vertex 45.25 3.4 0
      vertex 47.25 3.4 0
    endloop
  endfacet
  facet normal 0 0 -1
    outer loop
      vertex 45.2355 3.17811 0
      vertex 47.2645 3.17811 0
      vertex 47.3079 2.96001 0
    endloop
  endfacet
  facet normal 0 0 -1
    outer loop
      vertex 45.1921 2.96001 0
      vertex 47.3079 2.96001 0
      vertex 47.3794 2.74944 0
    endloop
  endfacet
  facet normal 0 0 -1
    outer loop
      vertex 45.1206 2.74944 0
      vertex 47.3794 2.74944 0
      vertex 47.4778 2.55 0
    endloop
  endfacet
  facet normal 0 0 -1
    outer loop
      vertex 45.0222 2.55 0
      vertex 47.4778 2.55 0
      vertex 47.6013 2.3651 0
    endloop
  endfacet
  facet normal 0 0 -1
    outer loop
      vertex 44.8987 2.3651 0
      vertex 47.6013 2.3651 0
      vertex 47.7479 2.19792 0
    endloop
  endfacet
  facet normal 0 0 -1
    outer loop
      vertex 44.7521 2.19792 0
      vertex 47.7479 2.19792 0
      vertex 47.9151 2.0513 0
    endloop
  endfacet
  facet normal 0 0 -1
    outer loop
      vertex 44.5849 2.0513 0
      vertex 47.9151 2.0513 0
      vertex 48.1 1.92776 0
    endloop
  endfacet
  facet normal 0 0 -1
    outer loop
      vertex 47.2645 3.17811 0
      vertex 45.2355 3.17811 0
      vertex 45.25 3.4 0
    endloop
  endfacet
  facet normal 0 0 -1
    outer loop
      vertex 44.4 1.92776 0
      vertex 48.1 1.92776 0
      vertex 48.2994 1.8294 0
    endloop
  endfacet
  facet normal 0 0 -1
    outer loop
      vertex 47.3079 2.96001 0
      vertex 45.1921 2.96001 0
      vertex 45.2355 3.17811 0
    endloop
  endfacet
  facet normal 0 0 -1
    outer loop
      vertex 47.3794 2.74944 0
      vertex 45.1206 2.74944 0
      vertex 45.1921 2.96001 0
    endloop
  endfacet
  facet normal 0 0 -1
    outer loop
      vertex 44.2006 1.8294 0
      vertex 48.2994 1.8294 0
      vertex 48.51 1.75793 0
    endloop
  endfacet
  facet normal 0 0 -1
    outer loop
      vertex 47.4778 2.55 0
      vertex 45.0222 2.55 0
      vertex 45.1206 2.74944 0
    endloop
  endfacet
  facet normal 0 0 -1
    outer loop
      vertex 47.6013 2.3651 0
      vertex 44.8987 2.3651 0
      vertex 45.0222 2.55 0
    endloop
  endfacet
  facet normal 0 0 -1
    outer loop
      vertex 43.99 1.75793 0
      vertex 48.51 1.75793 0
      vertex 48.7281 1.71454 0
    endloop
  endfacet
  facet normal 0 0 -1
    outer loop
      vertex 47.7479 2.19792 0
      vertex 44.7521 2.19792 0
      vertex 44.8987 2.3651 0
    endloop
  endfacet
  facet normal 0 0 -1
    outer loop
      vertex 47.9151 2.0513 0
      vertex 44.5849 2.0513 0
      vertex 44.7521 2.19792 0
    endloop
  endfacet
  facet normal 0 0 -1
    outer loop
      vertex 48.1 1.92776 0
      vertex 44.4 1.92776 0
      vertex 44.5849 2.0513 0
    endloop
  endfacet
  facet normal 0 0 -1
    outer loop
      vertex 43.7719 1.71454 0
      vertex 48.7281 1.71454 0
      vertex 48.95 1.7 0
    endloop
  endfacet
  facet normal 0 0 -1
    outer loop
      vertex 48.2994 1.8294 0
      vertex 44.2006 1.8294 0
      vertex 44.4 1.92776 0
    endloop
  endfacet
  facet normal 0 0 -1
    outer loop
      vertex 48.51 1.75793 0
      vertex 43.99 1.75793 0
      vertex 44.2006 1.8294 0
    endloop
  endfacet
  facet normal -0 0 -1
    outer loop
      vertex 51.55 1.7 0
      vertex 21.8 0.0392794 0
      vertex 48.95 1.7 0
    endloop
  endfacet
  facet normal 0 0 -1
    outer loop
      vertex 48.7281 1.71454 0
      vertex 43.7719 1.71454 0
      vertex 43.99 1.75793 0
    endloop
  endfacet
  facet normal 0 0 -1
    outer loop
      vertex 48.95 1.7 0
      vertex 43.55 1.7 0
      vertex 43.7719 1.71454 0
    endloop
  endfacet
  facet normal -0 0 -1
    outer loop
      vertex 48.95 1.7 0
      vertex 21.8 0.0392794 0
      vertex 43.55 1.7 0
    endloop
  endfacet
  facet normal 0 0 -1
    outer loop
      vertex 39.2645 3.17811 0
      vertex 37.25 3.4 0
      vertex 39.25 3.4 0
    endloop
  endfacet
  facet normal 0 0 -1
    outer loop
      vertex 37.2355 3.17811 0
      vertex 39.2645 3.17811 0
      vertex 39.3079 2.96001 0
    endloop
  endfacet
  facet normal 0 0 -1
    outer loop
      vertex 37.1921 2.96001 0
      vertex 39.3079 2.96001 0
      vertex 39.3794 2.74944 0
    endloop
  endfacet
  facet normal 0 0 -1
    outer loop
      vertex 37.1206 2.74944 0
      vertex 39.3794 2.74944 0
      vertex 39.4778 2.55 0
    endloop
  endfacet
  facet normal 0 0 -1
    outer loop
      vertex 37.0222 2.55 0
      vertex 39.4778 2.55 0
      vertex 39.6013 2.3651 0
    endloop
  endfacet
  facet normal 0 0 -1
    outer loop
      vertex 36.8987 2.3651 0
      vertex 39.6013 2.3651 0
      vertex 39.7479 2.19792 0
    endloop
  endfacet
  facet normal 0 0 -1
    outer loop
      vertex 36.7521 2.19792 0
      vertex 39.7479 2.19792 0
      vertex 39.9151 2.0513 0
    endloop
  endfacet
  facet normal 0 0 -1
    outer loop
      vertex 36.5849 2.0513 0
      vertex 39.9151 2.0513 0
      vertex 40.1 1.92776 0
    endloop
  endfacet
  facet normal 0 0 -1
    outer loop
      vertex 39.2645 3.17811 0
      vertex 37.2355 3.17811 0
      vertex 37.25 3.4 0
    endloop
  endfacet
  facet normal 0 0 -1
    outer loop
      vertex 36.4 1.92776 0
      vertex 40.1 1.92776 0
      vertex 40.2994 1.8294 0
    endloop
  endfacet
  facet normal 0 0 -1
    outer loop
      vertex 39.3079 2.96001 0
      vertex 37.1921 2.96001 0
      vertex 37.2355 3.17811 0
    endloop
  endfacet
  facet normal 0 0 -1
    outer loop
      vertex 39.3794 2.74944 0
      vertex 37.1206 2.74944 0
      vertex 37.1921 2.96001 0
    endloop
  endfacet
  facet normal 0 0 -1
    outer loop
      vertex 36.2006 1.8294 0
      vertex 40.2994 1.8294 0
      vertex 40.51 1.75793 0
    endloop
  endfacet
  facet normal 0 0 -1
    outer loop
      vertex 39.4778 2.55 0
      vertex 37.0222 2.55 0
      vertex 37.1206 2.74944 0
    endloop
  endfacet
  facet normal 0 0 -1
    outer loop
      vertex 39.6013 2.3651 0
      vertex 36.8987 2.3651 0
      vertex 37.0222 2.55 0
    endloop
  endfacet
  facet normal 0 0 -1
    outer loop
      vertex 35.99 1.75793 0
      vertex 40.51 1.75793 0
      vertex 40.7281 1.71454 0
    endloop
  endfacet
  facet normal 0 0 -1
    outer loop
      vertex 39.7479 2.19792 0
      vertex 36.7521 2.19792 0
      vertex 36.8987 2.3651 0
    endloop
  endfacet
  facet normal 0 0 -1
    outer loop
      vertex 39.9151 2.0513 0
      vertex 36.5849 2.0513 0
      vertex 36.7521 2.19792 0
    endloop
  endfacet
  facet normal 0 0 -1
    outer loop
      vertex 40.1 1.92776 0
      vertex 36.4 1.92776 0
      vertex 36.5849 2.0513 0
    endloop
  endfacet
  facet normal 0 0 -1
    outer loop
      vertex 35.7719 1.71454 0
      vertex 40.7281 1.71454 0
      vertex 40.95 1.7 0
    endloop
  endfacet
  facet normal 0 0 -1
    outer loop
      vertex 40.2994 1.8294 0
      vertex 36.2006 1.8294 0
      vertex 36.4 1.92776 0
    endloop
  endfacet
  facet normal 0 0 -1
    outer loop
      vertex 40.51 1.75793 0
      vertex 35.99 1.75793 0
      vertex 36.2006 1.8294 0
    endloop
  endfacet
  facet normal -0 0 -1
    outer loop
      vertex 43.55 1.7 0
      vertex 21.8 0.0392794 0
      vertex 40.95 1.7 0
    endloop
  endfacet
  facet normal 0 0 -1
    outer loop
      vertex 40.7281 1.71454 0
      vertex 35.7719 1.71454 0
      vertex 35.99 1.75793 0
    endloop
  endfacet
  facet normal 0 -0 -1
    outer loop
      vertex 35.55 1.7 0
      vertex 40.95 1.7 0
      vertex 21.8 0.0392794 0
    endloop
  endfacet
  facet normal 0 0 -1
    outer loop
      vertex 40.95 1.7 0
      vertex 35.55 1.7 0
      vertex 35.7719 1.71454 0
    endloop
  endfacet
  facet normal 0 0 -1
    outer loop
      vertex 21.8 5.3 0
      vertex 31.2645 3.17811 0
      vertex 21.8 0.0392794 0
    endloop
  endfacet
  facet normal -0 0 -1
    outer loop
      vertex 31.3079 2.96001 0
      vertex 21.8 0.0392794 0
      vertex 31.2645 3.17811 0
    endloop
  endfacet
  facet normal -0 0 -1
    outer loop
      vertex 31.3794 2.74944 0
      vertex 21.8 0.0392794 0
      vertex 31.3079 2.96001 0
    endloop
  endfacet
  facet normal -0 0 -1
    outer loop
      vertex 31.4778 2.55 0
      vertex 21.8 0.0392794 0
      vertex 31.3794 2.74944 0
    endloop
  endfacet
  facet normal -0 0 -1
    outer loop
      vertex 31.6013 2.3651 0
      vertex 21.8 0.0392794 0
      vertex 31.4778 2.55 0
    endloop
  endfacet
  facet normal -0 0 -1
    outer loop
      vertex 31.7479 2.19792 0
      vertex 21.8 0.0392794 0
      vertex 31.6013 2.3651 0
    endloop
  endfacet
  facet normal -0 0 -1
    outer loop
      vertex 31.9151 2.0513 0
      vertex 21.8 0.0392794 0
      vertex 31.7479 2.19792 0
    endloop
  endfacet
  facet normal -0 0 -1
    outer loop
      vertex 32.1 1.92776 0
      vertex 21.8 0.0392794 0
      vertex 31.9151 2.0513 0
    endloop
  endfacet
  facet normal -0 0 -1
    outer loop
      vertex 32.2994 1.8294 0
      vertex 21.8 0.0392794 0
      vertex 32.1 1.92776 0
    endloop
  endfacet
  facet normal -0 0 -1
    outer loop
      vertex 32.51 1.75793 0
      vertex 21.8 0.0392794 0
      vertex 32.2994 1.8294 0
    endloop
  endfacet
  facet normal -0 0 -1
    outer loop
      vertex 32.7281 1.71454 0
      vertex 21.8 0.0392794 0
      vertex 32.51 1.75793 0
    endloop
  endfacet
  facet normal -0 0 -1
    outer loop
      vertex 32.95 1.7 0
      vertex 21.8 0.0392794 0
      vertex 32.7281 1.71454 0
    endloop
  endfacet
  facet normal -0 0 -1
    outer loop
      vertex 35.55 1.7 0
      vertex 21.8 0.0392794 0
      vertex 32.95 1.7 0
    endloop
  endfacet
  facet normal 0 0 -1
    outer loop
      vertex 159.15 8.6 0
      vertex 164.186 78.7822 0
      vertex 164.186 0.0392794 0
    endloop
  endfacet
  facet normal 0 0 -1
    outer loop
      vertex 159.15 92.4 0
      vertex 164.186 78.7822 0
      vertex 159.15 8.6 0
    endloop
  endfacet
  facet normal 0 0 -1
    outer loop
      vertex 164.186 0.0392794 0
      vertex 159.133 8.33895 0
      vertex 159.15 8.6 0
    endloop
  endfacet
  facet normal 0 0 -1
    outer loop
      vertex 164.186 0.0392794 0
      vertex 159.082 8.08236 0
      vertex 159.133 8.33895 0
    endloop
  endfacet
  facet normal 0 0 -1
    outer loop
      vertex 164.186 0.0392794 0
      vertex 158.998 7.83463 0
      vertex 159.082 8.08236 0
    endloop
  endfacet
  facet normal 0 0 -1
    outer loop
      vertex 164.186 0.0392794 0
      vertex 158.882 7.6 0
      vertex 158.998 7.83463 0
    endloop
  endfacet
  facet normal 0 0 -1
    outer loop
      vertex 158.3 5.3 0
      vertex 158.882 7.6 0
      vertex 164.186 0.0392794 0
    endloop
  endfacet
  facet normal 0 0 -1
    outer loop
      vertex 158.882 7.6 0
      vertex 158.3 5.3 0
      vertex 158.737 7.38247 0
    endloop
  endfacet
  facet normal 0 0 -1
    outer loop
      vertex 158.737 7.38247 0
      vertex 158.3 5.3 0
      vertex 158.564 7.18578 0
    endloop
  endfacet
  facet normal 0 0 -1
    outer loop
      vertex 158.3 5.3 0
      vertex 164.186 0.0392794 0
      vertex 158.3 0.0392794 0
    endloop
  endfacet
  facet normal 0 0 -1
    outer loop
      vertex 158.564 7.18578 0
      vertex 158.3 5.3 0
      vertex 158.368 7.0133 0
    endloop
  endfacet
  facet normal 0 0 -1
    outer loop
      vertex 158.3 5.3 0
      vertex 158.15 6.86794 0
      vertex 158.368 7.0133 0
    endloop
  endfacet
  facet normal 0 0 -1
    outer loop
      vertex 158.3 5.3 0
      vertex 157.915 6.75224 0
      vertex 158.15 6.86794 0
    endloop
  endfacet
  facet normal 0 0 -1
    outer loop
      vertex 158.3 5.3 0
      vertex 157.668 6.66815 0
      vertex 157.915 6.75224 0
    endloop
  endfacet
  facet normal 0 0 -1
    outer loop
      vertex 158.3 5.3 0
      vertex 157.411 6.6171 0
      vertex 157.668 6.66815 0
    endloop
  endfacet
  facet normal 0 0 -1
    outer loop
      vertex 158.3 5.3 0
      vertex 157.15 6.6 0
      vertex 157.411 6.6171 0
    endloop
  endfacet
  facet normal 0 0 -1
    outer loop
      vertex 142.7 5.3 0
      vertex 157.15 6.6 0
      vertex 158.3 5.3 0
    endloop
  endfacet
  facet normal 0 0 -1
    outer loop
      vertex 133.235 3.62189 0
      vertex 142.7 5.3 0
      vertex 133.25 3.4 0
    endloop
  endfacet
  facet normal 0 0 -1
    outer loop
      vertex 133.192 3.83999 0
      vertex 142.7 5.3 0
      vertex 133.235 3.62189 0
    endloop
  endfacet
  facet normal 0 0 -1
    outer loop
      vertex 133.121 4.05056 0
      vertex 142.7 5.3 0
      vertex 133.192 3.83999 0
    endloop
  endfacet
  facet normal 0 0 -1
    outer loop
      vertex 133.022 4.25 0
      vertex 142.7 5.3 0
      vertex 133.121 4.05056 0
    endloop
  endfacet
  facet normal 0 0 -1
    outer loop
      vertex 132.899 4.43489 0
      vertex 142.7 5.3 0
      vertex 133.022 4.25 0
    endloop
  endfacet
  facet normal 0 0 -1
    outer loop
      vertex 132.752 4.60208 0
      vertex 142.7 5.3 0
      vertex 132.899 4.43489 0
    endloop
  endfacet
  facet normal 0 0 -1
    outer loop
      vertex 132.585 4.7487 0
      vertex 142.7 5.3 0
      vertex 132.752 4.60208 0
    endloop
  endfacet
  facet normal 0 0 -1
    outer loop
      vertex 132.4 4.87224 0
      vertex 142.7 5.3 0
      vertex 132.585 4.7487 0
    endloop
  endfacet
  facet normal 0 0 -1
    outer loop
      vertex 132.201 4.97059 0
      vertex 142.7 5.3 0
      vertex 132.4 4.87224 0
    endloop
  endfacet
  facet normal 0 0 -1
    outer loop
      vertex 131.99 5.04207 0
      vertex 142.7 5.3 0
      vertex 132.201 4.97059 0
    endloop
  endfacet
  facet normal 0 0 -1
    outer loop
      vertex 131.772 5.08546 0
      vertex 142.7 5.3 0
      vertex 131.99 5.04207 0
    endloop
  endfacet
  facet normal 0 0 -1
    outer loop
      vertex 131.55 5.1 0
      vertex 142.7 5.3 0
      vertex 131.772 5.08546 0
    endloop
  endfacet
  facet normal -0 0 -1
    outer loop
      vertex 142.7 5.3 0
      vertex 131.55 5.1 0
      vertex 157.15 6.6 0
    endloop
  endfacet
  facet normal 0 0 -1
    outer loop
      vertex 128.95 5.1 0
      vertex 157.15 6.6 0
      vertex 131.55 5.1 0
    endloop
  endfacet
  facet normal 0 0 -1
    outer loop
      vertex 125.25 3.4 0
      vertex 127.265 3.62189 0
      vertex 127.25 3.4 0
    endloop
  endfacet
  facet normal 0 0 -1
    outer loop
      vertex 125.235 3.62189 0
      vertex 127.265 3.62189 0
      vertex 125.25 3.4 0
    endloop
  endfacet
  facet normal 0 0 -1
    outer loop
      vertex 127.265 3.62189 0
      vertex 125.235 3.62189 0
      vertex 127.308 3.83999 0
    endloop
  endfacet
  facet normal 0 0 -1
    outer loop
      vertex 125.192 3.83999 0
      vertex 127.308 3.83999 0
      vertex 125.235 3.62189 0
    endloop
  endfacet
  facet normal 0 0 -1
    outer loop
      vertex 127.308 3.83999 0
      vertex 125.192 3.83999 0
      vertex 127.379 4.05056 0
    endloop
  endfacet
  facet normal 0 0 -1
    outer loop
      vertex 125.121 4.05056 0
      vertex 127.379 4.05056 0
      vertex 125.192 3.83999 0
    endloop
  endfacet
  facet normal 0 0 -1
    outer loop
      vertex 127.379 4.05056 0
      vertex 125.121 4.05056 0
      vertex 127.478 4.25 0
    endloop
  endfacet
  facet normal 0 0 -1
    outer loop
      vertex 125.022 4.25 0
      vertex 127.478 4.25 0
      vertex 125.121 4.05056 0
    endloop
  endfacet
  facet normal 0 0 -1
    outer loop
      vertex 127.478 4.25 0
      vertex 125.022 4.25 0
      vertex 127.601 4.43489 0
    endloop
  endfacet
  facet normal 0 0 -1
    outer loop
      vertex 124.899 4.43489 0
      vertex 127.601 4.43489 0
      vertex 125.022 4.25 0
    endloop
  endfacet
  facet normal 0 0 -1
    outer loop
      vertex 127.601 4.43489 0
      vertex 124.899 4.43489 0
      vertex 127.748 4.60208 0
    endloop
  endfacet
  facet normal 0 0 -1
    outer loop
      vertex 124.752 4.60208 0
      vertex 127.748 4.60208 0
      vertex 124.899 4.43489 0
    endloop
  endfacet
  facet normal 0 0 -1
    outer loop
      vertex 127.748 4.60208 0
      vertex 124.752 4.60208 0
      vertex 127.915 4.7487 0
    endloop
  endfacet
  facet normal 0 0 -1
    outer loop
      vertex 124.585 4.7487 0
      vertex 127.915 4.7487 0
      vertex 124.752 4.60208 0
    endloop
  endfacet
  facet normal 0 0 -1
    outer loop
      vertex 127.915 4.7487 0
      vertex 124.585 4.7487 0
      vertex 128.1 4.87224 0
    endloop
  endfacet
  facet normal 0 0 -1
    outer loop
      vertex 124.4 4.87224 0
      vertex 128.1 4.87224 0
      vertex 124.585 4.7487 0
    endloop
  endfacet
  facet normal 0 0 -1
    outer loop
      vertex 128.1 4.87224 0
      vertex 124.4 4.87224 0
      vertex 128.299 4.97059 0
    endloop
  endfacet
  facet normal 0 0 -1
    outer loop
      vertex 124.201 4.97059 0
      vertex 128.299 4.97059 0
      vertex 124.4 4.87224 0
    endloop
  endfacet
  facet normal 0 0 -1
    outer loop
      vertex 128.299 4.97059 0
      vertex 124.201 4.97059 0
      vertex 128.51 5.04207 0
    endloop
  endfacet
  facet normal 0 0 -1
    outer loop
      vertex 123.99 5.04207 0
      vertex 128.51 5.04207 0
      vertex 124.201 4.97059 0
    endloop
  endfacet
  facet normal 0 0 -1
    outer loop
      vertex 128.51 5.04207 0
      vertex 123.99 5.04207 0
      vertex 128.728 5.08546 0
    endloop
  endfacet
  facet normal 0 0 -1
    outer loop
      vertex 123.772 5.08546 0
      vertex 128.728 5.08546 0
      vertex 123.99 5.04207 0
    endloop
  endfacet
  facet normal 0 0 -1
    outer loop
      vertex 128.728 5.08546 0
      vertex 123.772 5.08546 0
      vertex 128.95 5.1 0
    endloop
  endfacet
  facet normal 0 0 -1
    outer loop
      vertex 123.55 5.1 0
      vertex 128.95 5.1 0
      vertex 123.772 5.08546 0
    endloop
  endfacet
  facet normal 0 0 -1
    outer loop
      vertex 128.95 5.1 0
      vertex 123.55 5.1 0
      vertex 157.15 6.6 0
    endloop
  endfacet
  facet normal 0 0 -1
    outer loop
      vertex 120.95 5.1 0
      vertex 157.15 6.6 0
      vertex 123.55 5.1 0
    endloop
  endfacet
  facet normal 0 0 -1
    outer loop
      vertex 117.25 3.4 0
      vertex 119.265 3.62189 0
      vertex 119.25 3.4 0
    endloop
  endfacet
  facet normal 0 0 -1
    outer loop
      vertex 117.235 3.62189 0
      vertex 119.265 3.62189 0
      vertex 117.25 3.4 0
    endloop
  endfacet
  facet normal 0 0 -1
    outer loop
      vertex 119.265 3.62189 0
      vertex 117.235 3.62189 0
      vertex 119.308 3.83999 0
    endloop
  endfacet
  facet normal 0 0 -1
    outer loop
      vertex 117.192 3.83999 0
      vertex 119.308 3.83999 0
      vertex 117.235 3.62189 0
    endloop
  endfacet
  facet normal 0 0 -1
    outer loop
      vertex 119.308 3.83999 0
      vertex 117.192 3.83999 0
      vertex 119.379 4.05056 0
    endloop
  endfacet
  facet normal 0 0 -1
    outer loop
      vertex 117.121 4.05056 0
      vertex 119.379 4.05056 0
      vertex 117.192 3.83999 0
    endloop
  endfacet
  facet normal 0 0 -1
    outer loop
      vertex 119.379 4.05056 0
      vertex 117.121 4.05056 0
      vertex 119.478 4.25 0
    endloop
  endfacet
  facet normal 0 0 -1
    outer loop
      vertex 117.022 4.25 0
      vertex 119.478 4.25 0
      vertex 117.121 4.05056 0
    endloop
  endfacet
  facet normal 0 0 -1
    outer loop
      vertex 119.478 4.25 0
      vertex 117.022 4.25 0
      vertex 119.601 4.43489 0
    endloop
  endfacet
  facet normal 0 0 -1
    outer loop
      vertex 116.899 4.43489 0
      vertex 119.601 4.43489 0
      vertex 117.022 4.25 0
    endloop
  endfacet
  facet normal 0 0 -1
    outer loop
      vertex 119.601 4.43489 0
      vertex 116.899 4.43489 0
      vertex 119.748 4.60208 0
    endloop
  endfacet
  facet normal 0 0 -1
    outer loop
      vertex 116.752 4.60208 0
      vertex 119.748 4.60208 0
      vertex 116.899 4.43489 0
    endloop
  endfacet
  facet normal 0 0 -1
    outer loop
      vertex 119.748 4.60208 0
      vertex 116.752 4.60208 0
      vertex 119.915 4.7487 0
    endloop
  endfacet
  facet normal 0 0 -1
    outer loop
      vertex 116.585 4.7487 0
      vertex 119.915 4.7487 0
      vertex 116.752 4.60208 0
    endloop
  endfacet
  facet normal 0 0 -1
    outer loop
      vertex 119.915 4.7487 0
      vertex 116.585 4.7487 0
      vertex 120.1 4.87224 0
    endloop
  endfacet
  facet normal 0 0 -1
    outer loop
      vertex 116.4 4.87224 0
      vertex 120.1 4.87224 0
      vertex 116.585 4.7487 0
    endloop
  endfacet
  facet normal 0 0 -1
    outer loop
      vertex 120.1 4.87224 0
      vertex 116.4 4.87224 0
      vertex 120.299 4.97059 0
    endloop
  endfacet
  facet normal 0 0 -1
    outer loop
      vertex 116.201 4.97059 0
      vertex 120.299 4.97059 0
      vertex 116.4 4.87224 0
    endloop
  endfacet
  facet normal 0 0 -1
    outer loop
      vertex 120.299 4.97059 0
      vertex 116.201 4.97059 0
      vertex 120.51 5.04207 0
    endloop
  endfacet
  facet normal 0 0 -1
    outer loop
      vertex 115.99 5.04207 0
      vertex 120.51 5.04207 0
      vertex 116.201 4.97059 0
    endloop
  endfacet
  facet normal 0 0 -1
    outer loop
      vertex 120.51 5.04207 0
      vertex 115.99 5.04207 0
      vertex 120.728 5.08546 0
    endloop
  endfacet
  facet normal 0 0 -1
    outer loop
      vertex 115.772 5.08546 0
      vertex 120.728 5.08546 0
      vertex 115.99 5.04207 0
    endloop
  endfacet
  facet normal 0 0 -1
    outer loop
      vertex 120.728 5.08546 0
      vertex 115.772 5.08546 0
      vertex 120.95 5.1 0
    endloop
  endfacet
  facet normal 0 0 -1
    outer loop
      vertex 115.55 5.1 0
      vertex 120.95 5.1 0
      vertex 115.772 5.08546 0
    endloop
  endfacet
  facet normal 0 0 -1
    outer loop
      vertex 120.95 5.1 0
      vertex 115.55 5.1 0
      vertex 157.15 6.6 0
    endloop
  endfacet
  facet normal 0 0 -1
    outer loop
      vertex 112.95 5.1 0
      vertex 157.15 6.6 0
      vertex 115.55 5.1 0
    endloop
  endfacet
  facet normal 0 0 -1
    outer loop
      vertex 109.25 3.4 0
      vertex 111.265 3.62189 0
      vertex 111.25 3.4 0
    endloop
  endfacet
  facet normal 0 0 -1
    outer loop
      vertex 109.235 3.62189 0
      vertex 111.265 3.62189 0
      vertex 109.25 3.4 0
    endloop
  endfacet
  facet normal 0 0 -1
    outer loop
      vertex 111.265 3.62189 0
      vertex 109.235 3.62189 0
      vertex 111.308 3.83999 0
    endloop
  endfacet
  facet normal 0 0 -1
    outer loop
      vertex 109.192 3.83999 0
      vertex 111.308 3.83999 0
      vertex 109.235 3.62189 0
    endloop
  endfacet
  facet normal 0 0 -1
    outer loop
      vertex 111.308 3.83999 0
      vertex 109.192 3.83999 0
      vertex 111.379 4.05056 0
    endloop
  endfacet
  facet normal 0 0 -1
    outer loop
      vertex 109.121 4.05056 0
      vertex 111.379 4.05056 0
      vertex 109.192 3.83999 0
    endloop
  endfacet
  facet normal 0 0 -1
    outer loop
      vertex 111.379 4.05056 0
      vertex 109.121 4.05056 0
      vertex 111.478 4.25 0
    endloop
  endfacet
  facet normal 0 0 -1
    outer loop
      vertex 109.022 4.25 0
      vertex 111.478 4.25 0
      vertex 109.121 4.05056 0
    endloop
  endfacet
  facet normal 0 0 -1
    outer loop
      vertex 111.478 4.25 0
      vertex 109.022 4.25 0
      vertex 111.601 4.43489 0
    endloop
  endfacet
  facet normal 0 0 -1
    outer loop
      vertex 108.899 4.43489 0
      vertex 111.601 4.43489 0
      vertex 109.022 4.25 0
    endloop
  endfacet
  facet normal 0 0 -1
    outer loop
      vertex 111.601 4.43489 0
      vertex 108.899 4.43489 0
      vertex 111.748 4.60208 0
    endloop
  endfacet
  facet normal 0 0 -1
    outer loop
      vertex 108.752 4.60208 0
      vertex 111.748 4.60208 0
      vertex 108.899 4.43489 0
    endloop
  endfacet
  facet normal 0 0 -1
    outer loop
      vertex 111.748 4.60208 0
      vertex 108.752 4.60208 0
      vertex 111.915 4.7487 0
    endloop
  endfacet
  facet normal 0 0 -1
    outer loop
      vertex 108.585 4.7487 0
      vertex 111.915 4.7487 0
      vertex 108.752 4.60208 0
    endloop
  endfacet
  facet normal 0 0 -1
    outer loop
      vertex 111.915 4.7487 0
      vertex 108.585 4.7487 0
      vertex 112.1 4.87224 0
    endloop
  endfacet
  facet normal 0 0 -1
    outer loop
      vertex 108.4 4.87224 0
      vertex 112.1 4.87224 0
      vertex 108.585 4.7487 0
    endloop
  endfacet
  facet normal 0 0 -1
    outer loop
      vertex 112.1 4.87224 0
      vertex 108.4 4.87224 0
      vertex 112.299 4.97059 0
    endloop
  endfacet
  facet normal 0 0 -1
    outer loop
      vertex 108.201 4.97059 0
      vertex 112.299 4.97059 0
      vertex 108.4 4.87224 0
    endloop
  endfacet
  facet normal 0 0 -1
    outer loop
      vertex 112.299 4.97059 0
      vertex 108.201 4.97059 0
      vertex 112.51 5.04207 0
    endloop
  endfacet
  facet normal 0 0 -1
    outer loop
      vertex 107.99 5.04207 0
      vertex 112.51 5.04207 0
      vertex 108.201 4.97059 0
    endloop
  endfacet
  facet normal 0 0 -1
    outer loop
      vertex 112.51 5.04207 0
      vertex 107.99 5.04207 0
      vertex 112.728 5.08546 0
    endloop
  endfacet
  facet normal 0 0 -1
    outer loop
      vertex 107.772 5.08546 0
      vertex 112.728 5.08546 0
      vertex 107.99 5.04207 0
    endloop
  endfacet
  facet normal 0 0 -1
    outer loop
      vertex 112.728 5.08546 0
      vertex 107.772 5.08546 0
      vertex 112.95 5.1 0
    endloop
  endfacet
  facet normal 0 0 -1
    outer loop
      vertex 107.55 5.1 0
      vertex 112.95 5.1 0
      vertex 107.772 5.08546 0
    endloop
  endfacet
  facet normal 0 0 -1
    outer loop
      vertex 112.95 5.1 0
      vertex 107.55 5.1 0
      vertex 157.15 6.6 0
    endloop
  endfacet
  facet normal 0 0 -1
    outer loop
      vertex 104.95 5.1 0
      vertex 157.15 6.6 0
      vertex 107.55 5.1 0
    endloop
  endfacet
  facet normal 0 0 -1
    outer loop
      vertex 101.25 3.4 0
      vertex 103.265 3.62189 0
      vertex 103.25 3.4 0
    endloop
  endfacet
  facet normal 0 0 -1
    outer loop
      vertex 101.235 3.62189 0
      vertex 103.265 3.62189 0
      vertex 101.25 3.4 0
    endloop
  endfacet
  facet normal 0 0 -1
    outer loop
      vertex 103.265 3.62189 0
      vertex 101.235 3.62189 0
      vertex 103.308 3.83999 0
    endloop
  endfacet
  facet normal 0 0 -1
    outer loop
      vertex 101.192 3.83999 0
      vertex 103.308 3.83999 0
      vertex 101.235 3.62189 0
    endloop
  endfacet
  facet normal 0 0 -1
    outer loop
      vertex 103.308 3.83999 0
      vertex 101.192 3.83999 0
      vertex 103.379 4.05056 0
    endloop
  endfacet
  facet normal 0 0 -1
    outer loop
      vertex 101.121 4.05056 0
      vertex 103.379 4.05056 0
      vertex 101.192 3.83999 0
    endloop
  endfacet
  facet normal 0 0 -1
    outer loop
      vertex 103.379 4.05056 0
      vertex 101.121 4.05056 0
      vertex 103.478 4.25 0
    endloop
  endfacet
  facet normal 0 0 -1
    outer loop
      vertex 101.022 4.25 0
      vertex 103.478 4.25 0
      vertex 101.121 4.05056 0
    endloop
  endfacet
  facet normal 0 0 -1
    outer loop
      vertex 103.478 4.25 0
      vertex 101.022 4.25 0
      vertex 103.601 4.43489 0
    endloop
  endfacet
  facet normal 0 0 -1
    outer loop
      vertex 100.899 4.43489 0
      vertex 103.601 4.43489 0
      vertex 101.022 4.25 0
    endloop
  endfacet
  facet normal 0 0 -1
    outer loop
      vertex 103.601 4.43489 0
      vertex 100.899 4.43489 0
      vertex 103.748 4.60208 0
    endloop
  endfacet
  facet normal 0 0 -1
    outer loop
      vertex 100.752 4.60208 0
      vertex 103.748 4.60208 0
      vertex 100.899 4.43489 0
    endloop
  endfacet
  facet normal 0 0 -1
    outer loop
      vertex 103.748 4.60208 0
      vertex 100.752 4.60208 0
      vertex 103.915 4.7487 0
    endloop
  endfacet
  facet normal 0 0 -1
    outer loop
      vertex 100.585 4.7487 0
      vertex 103.915 4.7487 0
      vertex 100.752 4.60208 0
    endloop
  endfacet
  facet normal 0 0 -1
    outer loop
      vertex 103.915 4.7487 0
      vertex 100.585 4.7487 0
      vertex 104.1 4.87224 0
    endloop
  endfacet
  facet normal 0 0 -1
    outer loop
      vertex 100.4 4.87224 0
      vertex 104.1 4.87224 0
      vertex 100.585 4.7487 0
    endloop
  endfacet
  facet normal 0 0 -1
    outer loop
      vertex 104.1 4.87224 0
      vertex 100.4 4.87224 0
      vertex 104.299 4.97059 0
    endloop
  endfacet
  facet normal 0 0 -1
    outer loop
      vertex 100.201 4.97059 0
      vertex 104.299 4.97059 0
      vertex 100.4 4.87224 0
    endloop
  endfacet
  facet normal 0 0 -1
    outer loop
      vertex 104.299 4.97059 0
      vertex 100.201 4.97059 0
      vertex 104.51 5.04207 0
    endloop
  endfacet
  facet normal 0 0 -1
    outer loop
      vertex 99.99 5.04207 0
      vertex 104.51 5.04207 0
      vertex 100.201 4.97059 0
    endloop
  endfacet
  facet normal 0 0 -1
    outer loop
      vertex 104.51 5.04207 0
      vertex 99.99 5.04207 0
      vertex 104.728 5.08546 0
    endloop
  endfacet
  facet normal 0 0 -1
    outer loop
      vertex 99.7719 5.08546 0
      vertex 104.728 5.08546 0
      vertex 99.99 5.04207 0
    endloop
  endfacet
  facet normal 0 0 -1
    outer loop
      vertex 104.728 5.08546 0
      vertex 99.7719 5.08546 0
      vertex 104.95 5.1 0
    endloop
  endfacet
  facet normal 0 0 -1
    outer loop
      vertex 99.55 5.1 0
      vertex 104.95 5.1 0
      vertex 99.7719 5.08546 0
    endloop
  endfacet
  facet normal 0 0 -1
    outer loop
      vertex 104.95 5.1 0
      vertex 99.55 5.1 0
      vertex 157.15 6.6 0
    endloop
  endfacet
  facet normal 0 0 -1
    outer loop
      vertex 96.95 5.1 0
      vertex 157.15 6.6 0
      vertex 99.55 5.1 0
    endloop
  endfacet
  facet normal 0 0 -1
    outer loop
      vertex 93.25 3.4 0
      vertex 95.2645 3.62189 0
      vertex 95.25 3.4 0
    endloop
  endfacet
  facet normal 0 0 -1
    outer loop
      vertex 93.2355 3.62189 0
      vertex 95.2645 3.62189 0
      vertex 93.25 3.4 0
    endloop
  endfacet
  facet normal 0 0 -1
    outer loop
      vertex 95.2645 3.62189 0
      vertex 93.2355 3.62189 0
      vertex 95.3079 3.83999 0
    endloop
  endfacet
  facet normal 0 0 -1
    outer loop
      vertex 93.1921 3.83999 0
      vertex 95.3079 3.83999 0
      vertex 93.2355 3.62189 0
    endloop
  endfacet
  facet normal 0 0 -1
    outer loop
      vertex 95.3079 3.83999 0
      vertex 93.1921 3.83999 0
      vertex 95.3794 4.05056 0
    endloop
  endfacet
  facet normal 0 0 -1
    outer loop
      vertex 93.1206 4.05056 0
      vertex 95.3794 4.05056 0
      vertex 93.1921 3.83999 0
    endloop
  endfacet
  facet normal 0 0 -1
    outer loop
      vertex 95.3794 4.05056 0
      vertex 93.1206 4.05056 0
      vertex 95.4778 4.25 0
    endloop
  endfacet
  facet normal 0 0 -1
    outer loop
      vertex 93.0222 4.25 0
      vertex 95.4778 4.25 0
      vertex 93.1206 4.05056 0
    endloop
  endfacet
  facet normal 0 0 -1
    outer loop
      vertex 95.4778 4.25 0
      vertex 93.0222 4.25 0
      vertex 95.6013 4.43489 0
    endloop
  endfacet
  facet normal 0 0 -1
    outer loop
      vertex 92.8987 4.43489 0
      vertex 95.6013 4.43489 0
      vertex 93.0222 4.25 0
    endloop
  endfacet
  facet normal 0 0 -1
    outer loop
      vertex 95.6013 4.43489 0
      vertex 92.8987 4.43489 0
      vertex 95.7479 4.60208 0
    endloop
  endfacet
  facet normal 0 0 -1
    outer loop
      vertex 92.7521 4.60208 0
      vertex 95.7479 4.60208 0
      vertex 92.8987 4.43489 0
    endloop
  endfacet
  facet normal 0 0 -1
    outer loop
      vertex 95.7479 4.60208 0
      vertex 92.7521 4.60208 0
      vertex 95.9151 4.7487 0
    endloop
  endfacet
  facet normal 0 0 -1
    outer loop
      vertex 92.5849 4.7487 0
      vertex 95.9151 4.7487 0
      vertex 92.7521 4.60208 0
    endloop
  endfacet
  facet normal 0 0 -1
    outer loop
      vertex 95.9151 4.7487 0
      vertex 92.5849 4.7487 0
      vertex 96.1 4.87224 0
    endloop
  endfacet
  facet normal 0 0 -1
    outer loop
      vertex 92.4 4.87224 0
      vertex 96.1 4.87224 0
      vertex 92.5849 4.7487 0
    endloop
  endfacet
  facet normal 0 0 -1
    outer loop
      vertex 96.1 4.87224 0
      vertex 92.4 4.87224 0
      vertex 96.2994 4.97059 0
    endloop
  endfacet
  facet normal 0 0 -1
    outer loop
      vertex 92.2006 4.97059 0
      vertex 96.2994 4.97059 0
      vertex 92.4 4.87224 0
    endloop
  endfacet
  facet normal 0 0 -1
    outer loop
      vertex 96.2994 4.97059 0
      vertex 92.2006 4.97059 0
      vertex 96.51 5.04207 0
    endloop
  endfacet
  facet normal 0 0 -1
    outer loop
      vertex 91.99 5.04207 0
      vertex 96.51 5.04207 0
      vertex 92.2006 4.97059 0
    endloop
  endfacet
  facet normal 0 0 -1
    outer loop
      vertex 96.51 5.04207 0
      vertex 91.99 5.04207 0
      vertex 96.7281 5.08546 0
    endloop
  endfacet
  facet normal 0 0 -1
    outer loop
      vertex 91.7719 5.08546 0
      vertex 96.7281 5.08546 0
      vertex 91.99 5.04207 0
    endloop
  endfacet
  facet normal 0 0 -1
    outer loop
      vertex 96.7281 5.08546 0
      vertex 91.7719 5.08546 0
      vertex 96.95 5.1 0
    endloop
  endfacet
  facet normal 0 0 -1
    outer loop
      vertex 91.55 5.1 0
      vertex 96.95 5.1 0
      vertex 91.7719 5.08546 0
    endloop
  endfacet
  facet normal 0 0 -1
    outer loop
      vertex 96.95 5.1 0
      vertex 91.55 5.1 0
      vertex 157.15 6.6 0
    endloop
  endfacet
  facet normal 0 0 -1
    outer loop
      vertex 88.95 5.1 0
      vertex 157.15 6.6 0
      vertex 91.55 5.1 0
    endloop
  endfacet
  facet normal 0 0 -1
    outer loop
      vertex 85.25 3.4 0
      vertex 87.2645 3.62189 0
      vertex 87.25 3.4 0
    endloop
  endfacet
  facet normal 0 0 -1
    outer loop
      vertex 85.2355 3.62189 0
      vertex 87.2645 3.62189 0
      vertex 85.25 3.4 0
    endloop
  endfacet
  facet normal 0 0 -1
    outer loop
      vertex 87.2645 3.62189 0
      vertex 85.2355 3.62189 0
      vertex 87.3079 3.83999 0
    endloop
  endfacet
  facet normal 0 0 -1
    outer loop
      vertex 85.1921 3.83999 0
      vertex 87.3079 3.83999 0
      vertex 85.2355 3.62189 0
    endloop
  endfacet
  facet normal 0 0 -1
    outer loop
      vertex 87.3079 3.83999 0
      vertex 85.1921 3.83999 0
      vertex 87.3794 4.05056 0
    endloop
  endfacet
  facet normal 0 0 -1
    outer loop
      vertex 85.1206 4.05056 0
      vertex 87.3794 4.05056 0
      vertex 85.1921 3.83999 0
    endloop
  endfacet
  facet normal 0 0 -1
    outer loop
      vertex 87.3794 4.05056 0
      vertex 85.1206 4.05056 0
      vertex 87.4778 4.25 0
    endloop
  endfacet
  facet normal 0 0 -1
    outer loop
      vertex 85.0222 4.25 0
      vertex 87.4778 4.25 0
      vertex 85.1206 4.05056 0
    endloop
  endfacet
  facet normal 0 0 -1
    outer loop
      vertex 87.4778 4.25 0
      vertex 85.0222 4.25 0
      vertex 87.6013 4.43489 0
    endloop
  endfacet
  facet normal 0 0 -1
    outer loop
      vertex 84.8987 4.43489 0
      vertex 87.6013 4.43489 0
      vertex 85.0222 4.25 0
    endloop
  endfacet
  facet normal 0 0 -1
    outer loop
      vertex 87.6013 4.43489 0
      vertex 84.8987 4.43489 0
      vertex 87.7479 4.60208 0
    endloop
  endfacet
  facet normal 0 0 -1
    outer loop
      vertex 84.7521 4.60208 0
      vertex 87.7479 4.60208 0
      vertex 84.8987 4.43489 0
    endloop
  endfacet
  facet normal 0 0 -1
    outer loop
      vertex 87.7479 4.60208 0
      vertex 84.7521 4.60208 0
      vertex 87.9151 4.7487 0
    endloop
  endfacet
  facet normal 0 0 -1
    outer loop
      vertex 84.5849 4.7487 0
      vertex 87.9151 4.7487 0
      vertex 84.7521 4.60208 0
    endloop
  endfacet
  facet normal 0 0 -1
    outer loop
      vertex 87.9151 4.7487 0
      vertex 84.5849 4.7487 0
      vertex 88.1 4.87224 0
    endloop
  endfacet
  facet normal 0 0 -1
    outer loop
      vertex 84.4 4.87224 0
      vertex 88.1 4.87224 0
      vertex 84.5849 4.7487 0
    endloop
  endfacet
  facet normal 0 0 -1
    outer loop
      vertex 88.1 4.87224 0
      vertex 84.4 4.87224 0
      vertex 88.2994 4.97059 0
    endloop
  endfacet
  facet normal 0 0 -1
    outer loop
      vertex 84.2006 4.97059 0
      vertex 88.2994 4.97059 0
      vertex 84.4 4.87224 0
    endloop
  endfacet
  facet normal 0 0 -1
    outer loop
      vertex 88.2994 4.97059 0
      vertex 84.2006 4.97059 0
      vertex 88.51 5.04207 0
    endloop
  endfacet
  facet normal 0 0 -1
    outer loop
      vertex 83.99 5.04207 0
      vertex 88.51 5.04207 0
      vertex 84.2006 4.97059 0
    endloop
  endfacet
  facet normal 0 0 -1
    outer loop
      vertex 88.51 5.04207 0
      vertex 83.99 5.04207 0
      vertex 88.7281 5.08546 0
    endloop
  endfacet
  facet normal 0 0 -1
    outer loop
      vertex 83.7719 5.08546 0
      vertex 88.7281 5.08546 0
      vertex 83.99 5.04207 0
    endloop
  endfacet
  facet normal 0 0 -1
    outer loop
      vertex 88.7281 5.08546 0
      vertex 83.7719 5.08546 0
      vertex 88.95 5.1 0
    endloop
  endfacet
  facet normal 0 0 -1
    outer loop
      vertex 83.55 5.1 0
      vertex 88.95 5.1 0
      vertex 83.7719 5.08546 0
    endloop
  endfacet
  facet normal 0 0 -1
    outer loop
      vertex 88.95 5.1 0
      vertex 83.55 5.1 0
      vertex 157.15 6.6 0
    endloop
  endfacet
  facet normal 0 0 -1
    outer loop
      vertex 80.95 5.1 0
      vertex 157.15 6.6 0
      vertex 83.55 5.1 0
    endloop
  endfacet
  facet normal 0 0 -1
    outer loop
      vertex 77.25 3.4 0
      vertex 79.2645 3.62189 0
      vertex 79.25 3.4 0
    endloop
  endfacet
  facet normal 0 0 -1
    outer loop
      vertex 77.2355 3.62189 0
      vertex 79.2645 3.62189 0
      vertex 77.25 3.4 0
    endloop
  endfacet
  facet normal 0 0 -1
    outer loop
      vertex 79.2645 3.62189 0
      vertex 77.2355 3.62189 0
      vertex 79.3079 3.83999 0
    endloop
  endfacet
  facet normal 0 0 -1
    outer loop
      vertex 77.1921 3.83999 0
      vertex 79.3079 3.83999 0
      vertex 77.2355 3.62189 0
    endloop
  endfacet
  facet normal 0 0 -1
    outer loop
      vertex 79.3079 3.83999 0
      vertex 77.1921 3.83999 0
      vertex 79.3794 4.05056 0
    endloop
  endfacet
  facet normal 0 0 -1
    outer loop
      vertex 77.1206 4.05056 0
      vertex 79.3794 4.05056 0
      vertex 77.1921 3.83999 0
    endloop
  endfacet
  facet normal 0 0 -1
    outer loop
      vertex 79.3794 4.05056 0
      vertex 77.1206 4.05056 0
      vertex 79.4778 4.25 0
    endloop
  endfacet
  facet normal 0 0 -1
    outer loop
      vertex 77.0222 4.25 0
      vertex 79.4778 4.25 0
      vertex 77.1206 4.05056 0
    endloop
  endfacet
  facet normal 0 0 -1
    outer loop
      vertex 79.4778 4.25 0
      vertex 77.0222 4.25 0
      vertex 79.6013 4.43489 0
    endloop
  endfacet
  facet normal 0 0 -1
    outer loop
      vertex 76.8987 4.43489 0
      vertex 79.6013 4.43489 0
      vertex 77.0222 4.25 0
    endloop
  endfacet
  facet normal 0 0 -1
    outer loop
      vertex 79.6013 4.43489 0
      vertex 76.8987 4.43489 0
      vertex 79.7479 4.60208 0
    endloop
  endfacet
  facet normal 0 0 -1
    outer loop
      vertex 76.7521 4.60208 0
      vertex 79.7479 4.60208 0
      vertex 76.8987 4.43489 0
    endloop
  endfacet
  facet normal 0 0 -1
    outer loop
      vertex 79.7479 4.60208 0
      vertex 76.7521 4.60208 0
      vertex 79.9151 4.7487 0
    endloop
  endfacet
  facet normal 0 0 -1
    outer loop
      vertex 76.5849 4.7487 0
      vertex 79.9151 4.7487 0
      vertex 76.7521 4.60208 0
    endloop
  endfacet
  facet normal 0 0 -1
    outer loop
      vertex 79.9151 4.7487 0
      vertex 76.5849 4.7487 0
      vertex 80.1 4.87224 0
    endloop
  endfacet
  facet normal 0 0 -1
    outer loop
      vertex 76.4 4.87224 0
      vertex 80.1 4.87224 0
      vertex 76.5849 4.7487 0
    endloop
  endfacet
  facet normal 0 0 -1
    outer loop
      vertex 80.1 4.87224 0
      vertex 76.4 4.87224 0
      vertex 80.2994 4.97059 0
    endloop
  endfacet
  facet normal 0 0 -1
    outer loop
      vertex 76.2006 4.97059 0
      vertex 80.2994 4.97059 0
      vertex 76.4 4.87224 0
    endloop
  endfacet
  facet normal 0 0 -1
    outer loop
      vertex 80.2994 4.97059 0
      vertex 76.2006 4.97059 0
      vertex 80.51 5.04207 0
    endloop
  endfacet
  facet normal 0 0 -1
    outer loop
      vertex 75.99 5.04207 0
      vertex 80.51 5.04207 0
      vertex 76.2006 4.97059 0
    endloop
  endfacet
  facet normal 0 0 -1
    outer loop
      vertex 80.51 5.04207 0
      vertex 75.99 5.04207 0
      vertex 80.7281 5.08546 0
    endloop
  endfacet
  facet normal 0 0 -1
    outer loop
      vertex 75.7719 5.08546 0
      vertex 80.7281 5.08546 0
      vertex 75.99 5.04207 0
    endloop
  endfacet
  facet normal 0 0 -1
    outer loop
      vertex 80.7281 5.08546 0
      vertex 75.7719 5.08546 0
      vertex 80.95 5.1 0
    endloop
  endfacet
  facet normal 0 0 -1
    outer loop
      vertex 75.55 5.1 0
      vertex 80.95 5.1 0
      vertex 75.7719 5.08546 0
    endloop
  endfacet
  facet normal 0 0 -1
    outer loop
      vertex 80.95 5.1 0
      vertex 75.55 5.1 0
      vertex 157.15 6.6 0
    endloop
  endfacet
  facet normal 0 0 -1
    outer loop
      vertex 72.95 5.1 0
      vertex 157.15 6.6 0
      vertex 75.55 5.1 0
    endloop
  endfacet
  facet normal 0 0 -1
    outer loop
      vertex 69.25 3.4 0
      vertex 71.2645 3.62189 0
      vertex 71.25 3.4 0
    endloop
  endfacet
  facet normal 0 0 -1
    outer loop
      vertex 69.2355 3.62189 0
      vertex 71.2645 3.62189 0
      vertex 69.25 3.4 0
    endloop
  endfacet
  facet normal 0 0 -1
    outer loop
      vertex 71.2645 3.62189 0
      vertex 69.2355 3.62189 0
      vertex 71.3079 3.83999 0
    endloop
  endfacet
  facet normal 0 0 -1
    outer loop
      vertex 69.1921 3.83999 0
      vertex 71.3079 3.83999 0
      vertex 69.2355 3.62189 0
    endloop
  endfacet
  facet normal 0 0 -1
    outer loop
      vertex 71.3079 3.83999 0
      vertex 69.1921 3.83999 0
      vertex 71.3794 4.05056 0
    endloop
  endfacet
  facet normal 0 0 -1
    outer loop
      vertex 69.1206 4.05056 0
      vertex 71.3794 4.05056 0
      vertex 69.1921 3.83999 0
    endloop
  endfacet
  facet normal 0 0 -1
    outer loop
      vertex 71.3794 4.05056 0
      vertex 69.1206 4.05056 0
      vertex 71.4778 4.25 0
    endloop
  endfacet
  facet normal 0 0 -1
    outer loop
      vertex 69.0222 4.25 0
      vertex 71.4778 4.25 0
      vertex 69.1206 4.05056 0
    endloop
  endfacet
  facet normal 0 0 -1
    outer loop
      vertex 71.4778 4.25 0
      vertex 69.0222 4.25 0
      vertex 71.6013 4.43489 0
    endloop
  endfacet
  facet normal 0 0 -1
    outer loop
      vertex 68.8987 4.43489 0
      vertex 71.6013 4.43489 0
      vertex 69.0222 4.25 0
    endloop
  endfacet
  facet normal 0 0 -1
    outer loop
      vertex 71.6013 4.43489 0
      vertex 68.8987 4.43489 0
      vertex 71.7479 4.60208 0
    endloop
  endfacet
  facet normal 0 0 -1
    outer loop
      vertex 68.7521 4.60208 0
      vertex 71.7479 4.60208 0
      vertex 68.8987 4.43489 0
    endloop
  endfacet
  facet normal 0 0 -1
    outer loop
      vertex 71.7479 4.60208 0
      vertex 68.7521 4.60208 0
      vertex 71.9151 4.7487 0
    endloop
  endfacet
  facet normal 0 0 -1
    outer loop
      vertex 68.5849 4.7487 0
      vertex 71.9151 4.7487 0
      vertex 68.7521 4.60208 0
    endloop
  endfacet
  facet normal 0 0 -1
    outer loop
      vertex 71.9151 4.7487 0
      vertex 68.5849 4.7487 0
      vertex 72.1 4.87224 0
    endloop
  endfacet
  facet normal 0 0 -1
    outer loop
      vertex 68.4 4.87224 0
      vertex 72.1 4.87224 0
      vertex 68.5849 4.7487 0
    endloop
  endfacet
  facet normal 0 0 -1
    outer loop
      vertex 72.1 4.87224 0
      vertex 68.4 4.87224 0
      vertex 72.2994 4.97059 0
    endloop
  endfacet
  facet normal 0 0 -1
    outer loop
      vertex 68.2006 4.97059 0
      vertex 72.2994 4.97059 0
      vertex 68.4 4.87224 0
    endloop
  endfacet
  facet normal 0 0 -1
    outer loop
      vertex 72.2994 4.97059 0
      vertex 68.2006 4.97059 0
      vertex 72.51 5.04207 0
    endloop
  endfacet
  facet normal 0 0 -1
    outer loop
      vertex 67.99 5.04207 0
      vertex 72.51 5.04207 0
      vertex 68.2006 4.97059 0
    endloop
  endfacet
  facet normal 0 0 -1
    outer loop
      vertex 72.51 5.04207 0
      vertex 67.99 5.04207 0
      vertex 72.7281 5.08546 0
    endloop
  endfacet
  facet normal 0 0 -1
    outer loop
      vertex 67.7719 5.08546 0
      vertex 72.7281 5.08546 0
      vertex 67.99 5.04207 0
    endloop
  endfacet
  facet normal 0 0 -1
    outer loop
      vertex 72.7281 5.08546 0
      vertex 67.7719 5.08546 0
      vertex 72.95 5.1 0
    endloop
  endfacet
  facet normal 0 0 -1
    outer loop
      vertex 67.55 5.1 0
      vertex 72.95 5.1 0
      vertex 67.7719 5.08546 0
    endloop
  endfacet
  facet normal 0 0 -1
    outer loop
      vertex 72.95 5.1 0
      vertex 67.55 5.1 0
      vertex 157.15 6.6 0
    endloop
  endfacet
  facet normal 0 0 -1
    outer loop
      vertex 64.95 5.1 0
      vertex 157.15 6.6 0
      vertex 67.55 5.1 0
    endloop
  endfacet
  facet normal 0 0 -1
    outer loop
      vertex 61.25 3.4 0
      vertex 63.2645 3.62189 0
      vertex 63.25 3.4 0
    endloop
  endfacet
  facet normal 0 0 -1
    outer loop
      vertex 61.2355 3.62189 0
      vertex 63.2645 3.62189 0
      vertex 61.25 3.4 0
    endloop
  endfacet
  facet normal 0 0 -1
    outer loop
      vertex 63.2645 3.62189 0
      vertex 61.2355 3.62189 0
      vertex 63.3079 3.83999 0
    endloop
  endfacet
  facet normal 0 0 -1
    outer loop
      vertex 61.1921 3.83999 0
      vertex 63.3079 3.83999 0
      vertex 61.2355 3.62189 0
    endloop
  endfacet
  facet normal 0 0 -1
    outer loop
      vertex 63.3079 3.83999 0
      vertex 61.1921 3.83999 0
      vertex 63.3794 4.05056 0
    endloop
  endfacet
  facet normal 0 0 -1
    outer loop
      vertex 61.1206 4.05056 0
      vertex 63.3794 4.05056 0
      vertex 61.1921 3.83999 0
    endloop
  endfacet
  facet normal 0 0 -1
    outer loop
      vertex 63.3794 4.05056 0
      vertex 61.1206 4.05056 0
      vertex 63.4778 4.25 0
    endloop
  endfacet
  facet normal 0 0 -1
    outer loop
      vertex 61.0222 4.25 0
      vertex 63.4778 4.25 0
      vertex 61.1206 4.05056 0
    endloop
  endfacet
  facet normal 0 0 -1
    outer loop
      vertex 63.4778 4.25 0
      vertex 61.0222 4.25 0
      vertex 63.6013 4.43489 0
    endloop
  endfacet
  facet normal 0 0 -1
    outer loop
      vertex 60.8987 4.43489 0
      vertex 63.6013 4.43489 0
      vertex 61.0222 4.25 0
    endloop
  endfacet
  facet normal 0 0 -1
    outer loop
      vertex 63.6013 4.43489 0
      vertex 60.8987 4.43489 0
      vertex 63.7479 4.60208 0
    endloop
  endfacet
  facet normal 0 0 -1
    outer loop
      vertex 60.7521 4.60208 0
      vertex 63.7479 4.60208 0
      vertex 60.8987 4.43489 0
    endloop
  endfacet
  facet normal 0 0 -1
    outer loop
      vertex 63.7479 4.60208 0
      vertex 60.7521 4.60208 0
      vertex 63.9151 4.7487 0
    endloop
  endfacet
  facet normal 0 0 -1
    outer loop
      vertex 60.5849 4.7487 0
      vertex 63.9151 4.7487 0
      vertex 60.7521 4.60208 0
    endloop
  endfacet
  facet normal 0 0 -1
    outer loop
      vertex 63.9151 4.7487 0
      vertex 60.5849 4.7487 0
      vertex 64.1 4.87224 0
    endloop
  endfacet
  facet normal 0 0 -1
    outer loop
      vertex 60.4 4.87224 0
      vertex 64.1 4.87224 0
      vertex 60.5849 4.7487 0
    endloop
  endfacet
  facet normal 0 0 -1
    outer loop
      vertex 64.1 4.87224 0
      vertex 60.4 4.87224 0
      vertex 64.2994 4.97059 0
    endloop
  endfacet
  facet normal 0 0 -1
    outer loop
      vertex 60.2006 4.97059 0
      vertex 64.2994 4.97059 0
      vertex 60.4 4.87224 0
    endloop
  endfacet
  facet normal 0 0 -1
    outer loop
      vertex 64.2994 4.97059 0
      vertex 60.2006 4.97059 0
      vertex 64.51 5.04207 0
    endloop
  endfacet
  facet normal 0 0 -1
    outer loop
      vertex 59.99 5.04207 0
      vertex 64.51 5.04207 0
      vertex 60.2006 4.97059 0
    endloop
  endfacet
  facet normal 0 0 -1
    outer loop
      vertex 64.51 5.04207 0
      vertex 59.99 5.04207 0
      vertex 64.7281 5.08546 0
    endloop
  endfacet
  facet normal 0 0 -1
    outer loop
      vertex 59.7719 5.08546 0
      vertex 64.7281 5.08546 0
      vertex 59.99 5.04207 0
    endloop
  endfacet
  facet normal 0 0 -1
    outer loop
      vertex 64.7281 5.08546 0
      vertex 59.7719 5.08546 0
      vertex 64.95 5.1 0
    endloop
  endfacet
  facet normal 0 0 -1
    outer loop
      vertex 59.55 5.1 0
      vertex 64.95 5.1 0
      vertex 59.7719 5.08546 0
    endloop
  endfacet
  facet normal 0 0 -1
    outer loop
      vertex 7.35 6.6 0
      vertex 64.95 5.1 0
      vertex 59.55 5.1 0
    endloop
  endfacet
  facet normal 0 0 -1
    outer loop
      vertex 7.35 6.6 0
      vertex 59.55 5.1 0
      vertex 56.95 5.1 0
    endloop
  endfacet
  facet normal 0 0 -1
    outer loop
      vertex 53.25 3.4 0
      vertex 55.2645 3.62189 0
      vertex 55.25 3.4 0
    endloop
  endfacet
  facet normal 0 0 -1
    outer loop
      vertex 53.2355 3.62189 0
      vertex 55.2645 3.62189 0
      vertex 53.25 3.4 0
    endloop
  endfacet
  facet normal 0 0 -1
    outer loop
      vertex 55.2645 3.62189 0
      vertex 53.2355 3.62189 0
      vertex 55.3079 3.83999 0
    endloop
  endfacet
  facet normal 0 0 -1
    outer loop
      vertex 53.1921 3.83999 0
      vertex 55.3079 3.83999 0
      vertex 53.2355 3.62189 0
    endloop
  endfacet
  facet normal 0 0 -1
    outer loop
      vertex 55.3079 3.83999 0
      vertex 53.1921 3.83999 0
      vertex 55.3794 4.05056 0
    endloop
  endfacet
  facet normal 0 0 -1
    outer loop
      vertex 53.1206 4.05056 0
      vertex 55.3794 4.05056 0
      vertex 53.1921 3.83999 0
    endloop
  endfacet
  facet normal 0 0 -1
    outer loop
      vertex 55.3794 4.05056 0
      vertex 53.1206 4.05056 0
      vertex 55.4778 4.25 0
    endloop
  endfacet
  facet normal 0 0 -1
    outer loop
      vertex 53.0222 4.25 0
      vertex 55.4778 4.25 0
      vertex 53.1206 4.05056 0
    endloop
  endfacet
  facet normal 0 0 -1
    outer loop
      vertex 55.4778 4.25 0
      vertex 53.0222 4.25 0
      vertex 55.6013 4.43489 0
    endloop
  endfacet
  facet normal 0 0 -1
    outer loop
      vertex 52.8987 4.43489 0
      vertex 55.6013 4.43489 0
      vertex 53.0222 4.25 0
    endloop
  endfacet
  facet normal 0 0 -1
    outer loop
      vertex 55.6013 4.43489 0
      vertex 52.8987 4.43489 0
      vertex 55.7479 4.60208 0
    endloop
  endfacet
  facet normal 0 0 -1
    outer loop
      vertex 52.7521 4.60208 0
      vertex 55.7479 4.60208 0
      vertex 52.8987 4.43489 0
    endloop
  endfacet
  facet normal 0 0 -1
    outer loop
      vertex 55.7479 4.60208 0
      vertex 52.7521 4.60208 0
      vertex 55.9151 4.7487 0
    endloop
  endfacet
  facet normal 0 0 -1
    outer loop
      vertex 52.5849 4.7487 0
      vertex 55.9151 4.7487 0
      vertex 52.7521 4.60208 0
    endloop
  endfacet
  facet normal 0 0 -1
    outer loop
      vertex 55.9151 4.7487 0
      vertex 52.5849 4.7487 0
      vertex 56.1 4.87224 0
    endloop
  endfacet
  facet normal 0 0 -1
    outer loop
      vertex 52.4 4.87224 0
      vertex 56.1 4.87224 0
      vertex 52.5849 4.7487 0
    endloop
  endfacet
  facet normal 0 0 -1
    outer loop
      vertex 56.1 4.87224 0
      vertex 52.4 4.87224 0
      vertex 56.2994 4.97059 0
    endloop
  endfacet
  facet normal 0 0 -1
    outer loop
      vertex 52.2006 4.97059 0
      vertex 56.2994 4.97059 0
      vertex 52.4 4.87224 0
    endloop
  endfacet
  facet normal 0 0 -1
    outer loop
      vertex 56.2994 4.97059 0
      vertex 52.2006 4.97059 0
      vertex 56.51 5.04207 0
    endloop
  endfacet
  facet normal 0 0 -1
    outer loop
      vertex 51.99 5.04207 0
      vertex 56.51 5.04207 0
      vertex 52.2006 4.97059 0
    endloop
  endfacet
  facet normal 0 0 -1
    outer loop
      vertex 56.51 5.04207 0
      vertex 51.99 5.04207 0
      vertex 56.7281 5.08546 0
    endloop
  endfacet
  facet normal 0 0 -1
    outer loop
      vertex 51.7719 5.08546 0
      vertex 56.7281 5.08546 0
      vertex 51.99 5.04207 0
    endloop
  endfacet
  facet normal 0 0 -1
    outer loop
      vertex 56.7281 5.08546 0
      vertex 51.7719 5.08546 0
      vertex 56.95 5.1 0
    endloop
  endfacet
  facet normal 0 0 -1
    outer loop
      vertex 51.55 5.1 0
      vertex 56.95 5.1 0
      vertex 51.7719 5.08546 0
    endloop
  endfacet
  facet normal 0 0 -1
    outer loop
      vertex 7.35 6.6 0
      vertex 56.95 5.1 0
      vertex 51.55 5.1 0
    endloop
  endfacet
  facet normal 0 0 -1
    outer loop
      vertex 7.35 6.6 0
      vertex 51.55 5.1 0
      vertex 48.95 5.1 0
    endloop
  endfacet
  facet normal 0 0 -1
    outer loop
      vertex 45.25 3.4 0
      vertex 47.2645 3.62189 0
      vertex 47.25 3.4 0
    endloop
  endfacet
  facet normal 0 0 -1
    outer loop
      vertex 45.2355 3.62189 0
      vertex 47.2645 3.62189 0
      vertex 45.25 3.4 0
    endloop
  endfacet
  facet normal 0 0 -1
    outer loop
      vertex 47.2645 3.62189 0
      vertex 45.2355 3.62189 0
      vertex 47.3079 3.83999 0
    endloop
  endfacet
  facet normal 0 0 -1
    outer loop
      vertex 45.1921 3.83999 0
      vertex 47.3079 3.83999 0
      vertex 45.2355 3.62189 0
    endloop
  endfacet
  facet normal 0 0 -1
    outer loop
      vertex 47.3079 3.83999 0
      vertex 45.1921 3.83999 0
      vertex 47.3794 4.05056 0
    endloop
  endfacet
  facet normal 0 0 -1
    outer loop
      vertex 45.1206 4.05056 0
      vertex 47.3794 4.05056 0
      vertex 45.1921 3.83999 0
    endloop
  endfacet
  facet normal 0 0 -1
    outer loop
      vertex 47.3794 4.05056 0
      vertex 45.1206 4.05056 0
      vertex 47.4778 4.25 0
    endloop
  endfacet
  facet normal 0 0 -1
    outer loop
      vertex 45.0222 4.25 0
      vertex 47.4778 4.25 0
      vertex 45.1206 4.05056 0
    endloop
  endfacet
  facet normal 0 0 -1
    outer loop
      vertex 47.4778 4.25 0
      vertex 45.0222 4.25 0
      vertex 47.6013 4.43489 0
    endloop
  endfacet
  facet normal 0 0 -1
    outer loop
      vertex 44.8987 4.43489 0
      vertex 47.6013 4.43489 0
      vertex 45.0222 4.25 0
    endloop
  endfacet
  facet normal 0 0 -1
    outer loop
      vertex 47.6013 4.43489 0
      vertex 44.8987 4.43489 0
      vertex 47.7479 4.60208 0
    endloop
  endfacet
  facet normal 0 0 -1
    outer loop
      vertex 44.7521 4.60208 0
      vertex 47.7479 4.60208 0
      vertex 44.8987 4.43489 0
    endloop
  endfacet
  facet normal 0 0 -1
    outer loop
      vertex 47.7479 4.60208 0
      vertex 44.7521 4.60208 0
      vertex 47.9151 4.7487 0
    endloop
  endfacet
  facet normal 0 0 -1
    outer loop
      vertex 44.5849 4.7487 0
      vertex 47.9151 4.7487 0
      vertex 44.7521 4.60208 0
    endloop
  endfacet
  facet normal 0 0 -1
    outer loop
      vertex 47.9151 4.7487 0
      vertex 44.5849 4.7487 0
      vertex 48.1 4.87224 0
    endloop
  endfacet
  facet normal 0 0 -1
    outer loop
      vertex 44.4 4.87224 0
      vertex 48.1 4.87224 0
      vertex 44.5849 4.7487 0
    endloop
  endfacet
  facet normal 0 0 -1
    outer loop
      vertex 48.1 4.87224 0
      vertex 44.4 4.87224 0
      vertex 48.2994 4.97059 0
    endloop
  endfacet
  facet normal 0 0 -1
    outer loop
      vertex 44.2006 4.97059 0
      vertex 48.2994 4.97059 0
      vertex 44.4 4.87224 0
    endloop
  endfacet
  facet normal 0 0 -1
    outer loop
      vertex 48.2994 4.97059 0
      vertex 44.2006 4.97059 0
      vertex 48.51 5.04207 0
    endloop
  endfacet
  facet normal 0 0 -1
    outer loop
      vertex 43.99 5.04207 0
      vertex 48.51 5.04207 0
      vertex 44.2006 4.97059 0
    endloop
  endfacet
  facet normal 0 0 -1
    outer loop
      vertex 48.51 5.04207 0
      vertex 43.99 5.04207 0
      vertex 48.7281 5.08546 0
    endloop
  endfacet
  facet normal 0 0 -1
    outer loop
      vertex 43.7719 5.08546 0
      vertex 48.7281 5.08546 0
      vertex 43.99 5.04207 0
    endloop
  endfacet
  facet normal 0 0 -1
    outer loop
      vertex 48.7281 5.08546 0
      vertex 43.7719 5.08546 0
      vertex 48.95 5.1 0
    endloop
  endfacet
  facet normal 0 0 -1
    outer loop
      vertex 43.55 5.1 0
      vertex 48.95 5.1 0
      vertex 43.7719 5.08546 0
    endloop
  endfacet
  facet normal 0 0 -1
    outer loop
      vertex 7.35 6.6 0
      vertex 48.95 5.1 0
      vertex 43.55 5.1 0
    endloop
  endfacet
  facet normal 0 0 -1
    outer loop
      vertex 7.35 6.6 0
      vertex 43.55 5.1 0
      vertex 40.95 5.1 0
    endloop
  endfacet
  facet normal 0 0 -1
    outer loop
      vertex 37.25 3.4 0
      vertex 39.2645 3.62189 0
      vertex 39.25 3.4 0
    endloop
  endfacet
  facet normal 0 0 -1
    outer loop
      vertex 37.2355 3.62189 0
      vertex 39.2645 3.62189 0
      vertex 37.25 3.4 0
    endloop
  endfacet
  facet normal 0 0 -1
    outer loop
      vertex 39.2645 3.62189 0
      vertex 37.2355 3.62189 0
      vertex 39.3079 3.83999 0
    endloop
  endfacet
  facet normal 0 0 -1
    outer loop
      vertex 37.1921 3.83999 0
      vertex 39.3079 3.83999 0
      vertex 37.2355 3.62189 0
    endloop
  endfacet
  facet normal 0 0 -1
    outer loop
      vertex 39.3079 3.83999 0
      vertex 37.1921 3.83999 0
      vertex 39.3794 4.05056 0
    endloop
  endfacet
  facet normal 0 0 -1
    outer loop
      vertex 37.1206 4.05056 0
      vertex 39.3794 4.05056 0
      vertex 37.1921 3.83999 0
    endloop
  endfacet
  facet normal 0 0 -1
    outer loop
      vertex 39.3794 4.05056 0
      vertex 37.1206 4.05056 0
      vertex 39.4778 4.25 0
    endloop
  endfacet
  facet normal 0 0 -1
    outer loop
      vertex 37.0222 4.25 0
      vertex 39.4778 4.25 0
      vertex 37.1206 4.05056 0
    endloop
  endfacet
  facet normal 0 0 -1
    outer loop
      vertex 39.4778 4.25 0
      vertex 37.0222 4.25 0
      vertex 39.6013 4.43489 0
    endloop
  endfacet
  facet normal 0 0 -1
    outer loop
      vertex 36.8987 4.43489 0
      vertex 39.6013 4.43489 0
      vertex 37.0222 4.25 0
    endloop
  endfacet
  facet normal 0 0 -1
    outer loop
      vertex 39.6013 4.43489 0
      vertex 36.8987 4.43489 0
      vertex 39.7479 4.60208 0
    endloop
  endfacet
  facet normal 0 0 -1
    outer loop
      vertex 36.7521 4.60208 0
      vertex 39.7479 4.60208 0
      vertex 36.8987 4.43489 0
    endloop
  endfacet
  facet normal 0 0 -1
    outer loop
      vertex 39.7479 4.60208 0
      vertex 36.7521 4.60208 0
      vertex 39.9151 4.7487 0
    endloop
  endfacet
  facet normal 0 0 -1
    outer loop
      vertex 36.5849 4.7487 0
      vertex 39.9151 4.7487 0
      vertex 36.7521 4.60208 0
    endloop
  endfacet
  facet normal 0 0 -1
    outer loop
      vertex 39.9151 4.7487 0
      vertex 36.5849 4.7487 0
      vertex 40.1 4.87224 0
    endloop
  endfacet
  facet normal 0 0 -1
    outer loop
      vertex 36.4 4.87224 0
      vertex 40.1 4.87224 0
      vertex 36.5849 4.7487 0
    endloop
  endfacet
  facet normal 0 0 -1
    outer loop
      vertex 40.1 4.87224 0
      vertex 36.4 4.87224 0
      vertex 40.2994 4.97059 0
    endloop
  endfacet
  facet normal 0 0 -1
    outer loop
      vertex 36.2006 4.97059 0
      vertex 40.2994 4.97059 0
      vertex 36.4 4.87224 0
    endloop
  endfacet
  facet normal 0 0 -1
    outer loop
      vertex 40.2994 4.97059 0
      vertex 36.2006 4.97059 0
      vertex 40.51 5.04207 0
    endloop
  endfacet
  facet normal 0 0 -1
    outer loop
      vertex 35.99 5.04207 0
      vertex 40.51 5.04207 0
      vertex 36.2006 4.97059 0
    endloop
  endfacet
  facet normal 0 0 -1
    outer loop
      vertex 40.51 5.04207 0
      vertex 35.99 5.04207 0
      vertex 40.7281 5.08546 0
    endloop
  endfacet
  facet normal 0 0 -1
    outer loop
      vertex 35.7719 5.08546 0
      vertex 40.7281 5.08546 0
      vertex 35.99 5.04207 0
    endloop
  endfacet
  facet normal 0 0 -1
    outer loop
      vertex 40.7281 5.08546 0
      vertex 35.7719 5.08546 0
      vertex 40.95 5.1 0
    endloop
  endfacet
  facet normal 0 0 -1
    outer loop
      vertex 35.55 5.1 0
      vertex 40.95 5.1 0
      vertex 35.7719 5.08546 0
    endloop
  endfacet
  facet normal 0 0 -1
    outer loop
      vertex 7.35 6.6 0
      vertex 40.95 5.1 0
      vertex 35.55 5.1 0
    endloop
  endfacet
  facet normal 0 0 -1
    outer loop
      vertex 7.35 6.6 0
      vertex 35.55 5.1 0
      vertex 32.95 5.1 0
    endloop
  endfacet
  facet normal 0 0 -1
    outer loop
      vertex 31.2645 3.17811 0
      vertex 21.8 5.3 0
      vertex 31.25 3.4 0
    endloop
  endfacet
  facet normal 0 0 -1
    outer loop
      vertex 31.25 3.4 0
      vertex 21.8 5.3 0
      vertex 31.2645 3.62189 0
    endloop
  endfacet
  facet normal 0 0 -1
    outer loop
      vertex 31.2645 3.62189 0
      vertex 21.8 5.3 0
      vertex 31.3079 3.83999 0
    endloop
  endfacet
  facet normal 0 0 -1
    outer loop
      vertex 31.3079 3.83999 0
      vertex 21.8 5.3 0
      vertex 31.3794 4.05056 0
    endloop
  endfacet
  facet normal 0 0 -1
    outer loop
      vertex 31.3794 4.05056 0
      vertex 21.8 5.3 0
      vertex 31.4778 4.25 0
    endloop
  endfacet
  facet normal 0 0 -1
    outer loop
      vertex 31.4778 4.25 0
      vertex 21.8 5.3 0
      vertex 31.6013 4.43489 0
    endloop
  endfacet
  facet normal 0 0 -1
    outer loop
      vertex 31.6013 4.43489 0
      vertex 21.8 5.3 0
      vertex 31.7479 4.60208 0
    endloop
  endfacet
  facet normal 0 0 -1
    outer loop
      vertex 31.7479 4.60208 0
      vertex 21.8 5.3 0
      vertex 31.9151 4.7487 0
    endloop
  endfacet
  facet normal 0 0 -1
    outer loop
      vertex 31.9151 4.7487 0
      vertex 21.8 5.3 0
      vertex 32.1 4.87224 0
    endloop
  endfacet
  facet normal 0 0 -1
    outer loop
      vertex 32.1 4.87224 0
      vertex 21.8 5.3 0
      vertex 32.2994 4.97059 0
    endloop
  endfacet
  facet normal 0 0 -1
    outer loop
      vertex 21.8 5.3 0
      vertex 32.51 5.04207 0
      vertex 32.2994 4.97059 0
    endloop
  endfacet
  facet normal 0 0 -1
    outer loop
      vertex 21.8 5.3 0
      vertex 32.7281 5.08546 0
      vertex 32.51 5.04207 0
    endloop
  endfacet
  facet normal 0 0 -1
    outer loop
      vertex 21.8 5.3 0
      vertex 32.95 5.1 0
      vertex 32.7281 5.08546 0
    endloop
  endfacet
  facet normal 0 0 -1
    outer loop
      vertex 7.35 6.6 0
      vertex 32.95 5.1 0
      vertex 21.8 5.3 0
    endloop
  endfacet
  facet normal 0 0 -1
    outer loop
      vertex 64.95 5.1 0
      vertex 7.35 6.6 0
      vertex 157.15 6.6 0
    endloop
  endfacet
  facet normal 0 0 -1
    outer loop
      vertex 6.2 5.3 0
      vertex 7.35 6.6 0
      vertex 21.8 5.3 0
    endloop
  endfacet
  facet normal -0 0 -1
    outer loop
      vertex 7.35 6.6 0
      vertex 6.2 5.3 0
      vertex 7.08895 6.6171 0
    endloop
  endfacet
  facet normal 0 0 -1
    outer loop
      vertex 6.2 5.3 0
      vertex 6.83236 6.66815 0
      vertex 7.08895 6.6171 0
    endloop
  endfacet
  facet normal 0 0 -1
    outer loop
      vertex 6.2 5.3 0
      vertex 6.58463 6.75224 0
      vertex 6.83236 6.66815 0
    endloop
  endfacet
  facet normal 0 0 -1
    outer loop
      vertex 6.2 5.3 0
      vertex 6.35 6.86794 0
      vertex 6.58463 6.75224 0
    endloop
  endfacet
  facet normal -0 0 -1
    outer loop
      vertex 6.35 6.86794 0
      vertex 6.2 5.3 0
      vertex 6.13247 7.0133 0
    endloop
  endfacet
  facet normal 0 0 -1
    outer loop
      vertex 164.186 78.7822 0
      vertex 159.15 92.4 0
      vertex 164.186 97.8364 0
    endloop
  endfacet
  facet normal 0 0 -1
    outer loop
      vertex 159.133 92.661 0
      vertex 164.186 97.8364 0
      vertex 159.15 92.4 0
    endloop
  endfacet
  facet normal 0 0 -1
    outer loop
      vertex 159.082 92.9176 0
      vertex 164.186 97.8364 0
      vertex 159.133 92.661 0
    endloop
  endfacet
  facet normal 0 0 -1
    outer loop
      vertex 158.998 93.1654 0
      vertex 164.186 97.8364 0
      vertex 159.082 92.9176 0
    endloop
  endfacet
  facet normal 0 0 -1
    outer loop
      vertex 158.882 93.4 0
      vertex 164.186 97.8364 0
      vertex 158.998 93.1654 0
    endloop
  endfacet
  facet normal 0 0 -1
    outer loop
      vertex 158.737 93.6175 0
      vertex 164.186 97.8364 0
      vertex 158.882 93.4 0
    endloop
  endfacet
  facet normal 0 0 -1
    outer loop
      vertex 158.564 93.8142 0
      vertex 164.186 97.8364 0
      vertex 158.737 93.6175 0
    endloop
  endfacet
  facet normal 0 0 -1
    outer loop
      vertex 158.368 93.9867 0
      vertex 164.186 97.8364 0
      vertex 158.564 93.8142 0
    endloop
  endfacet
  facet normal 0 0 -1
    outer loop
      vertex 158.15 94.132 0
      vertex 164.186 97.8364 0
      vertex 158.368 93.9867 0
    endloop
  endfacet
  facet normal 0 0 -1
    outer loop
      vertex 157.915 94.2477 0
      vertex 164.186 97.8364 0
      vertex 158.15 94.132 0
    endloop
  endfacet
  facet normal 0 0 -1
    outer loop
      vertex 157.668 94.3318 0
      vertex 164.186 97.8364 0
      vertex 157.915 94.2477 0
    endloop
  endfacet
  facet normal 0 0 -1
    outer loop
      vertex 157.411 94.3829 0
      vertex 164.186 97.8364 0
      vertex 157.668 94.3318 0
    endloop
  endfacet
  facet normal 0 0 -1
    outer loop
      vertex 157.15 94.4 0
      vertex 164.186 97.8364 0
      vertex 157.411 94.3829 0
    endloop
  endfacet
  facet normal 0 0 -1
    outer loop
      vertex 110.45 95.6 0
      vertex 157.15 94.4 0
      vertex 110.45 94.4 0
    endloop
  endfacet
  facet normal 0 0 -1
    outer loop
      vertex 157.15 94.4 0
      vertex 110.45 95.6 0
      vertex 164.186 97.8364 0
    endloop
  endfacet
  facet normal 0 0 -1
    outer loop
      vertex 102.45 95.6 0
      vertex 164.186 97.8364 0
      vertex 110.45 95.6 0
    endloop
  endfacet
  facet normal 0 0 -1
    outer loop
      vertex 0.314302 97.8364 0
      vertex 102.45 95.6 0
      vertex 7.35 94.4 0
    endloop
  endfacet
  facet normal 0 0 -1
    outer loop
      vertex 0.314302 97.8364 0
      vertex 5.35 92.4 0
      vertex 0.314302 78.7822 0
    endloop
  endfacet
  facet normal 0 0 -1
    outer loop
      vertex 5.35 92.4 0
      vertex 0.314302 97.8364 0
      vertex 5.3671 92.661 0
    endloop
  endfacet
  facet normal 0 0 -1
    outer loop
      vertex 5.3671 92.661 0
      vertex 0.314302 97.8364 0
      vertex 5.41815 92.9176 0
    endloop
  endfacet
  facet normal 0 0 -1
    outer loop
      vertex 102.45 95.6 0
      vertex 0.314302 97.8364 0
      vertex 164.186 97.8364 0
    endloop
  endfacet
  facet normal 0 0 -1
    outer loop
      vertex 7.08895 94.3829 0
      vertex 0.314302 97.8364 0
      vertex 7.35 94.4 0
    endloop
  endfacet
  facet normal 0 0 -1
    outer loop
      vertex 6.83236 94.3318 0
      vertex 0.314302 97.8364 0
      vertex 7.08895 94.3829 0
    endloop
  endfacet
  facet normal 0 0 -1
    outer loop
      vertex 6.58463 94.2477 0
      vertex 0.314302 97.8364 0
      vertex 6.83236 94.3318 0
    endloop
  endfacet
  facet normal 0 0 -1
    outer loop
      vertex 6.35 94.132 0
      vertex 0.314302 97.8364 0
      vertex 6.58463 94.2477 0
    endloop
  endfacet
  facet normal 0 0 -1
    outer loop
      vertex 6.13247 93.9867 0
      vertex 0.314302 97.8364 0
      vertex 6.35 94.132 0
    endloop
  endfacet
  facet normal 0 0 -1
    outer loop
      vertex 5.93578 93.8142 0
      vertex 0.314302 97.8364 0
      vertex 6.13247 93.9867 0
    endloop
  endfacet
  facet normal 0 0 -1
    outer loop
      vertex 5.7633 93.6175 0
      vertex 0.314302 97.8364 0
      vertex 5.93578 93.8142 0
    endloop
  endfacet
  facet normal 0 0 -1
    outer loop
      vertex 5.61794 93.4 0
      vertex 0.314302 97.8364 0
      vertex 5.7633 93.6175 0
    endloop
  endfacet
  facet normal 0 0 -1
    outer loop
      vertex 5.50224 93.1654 0
      vertex 0.314302 97.8364 0
      vertex 5.61794 93.4 0
    endloop
  endfacet
  facet normal 0 0 -1
    outer loop
      vertex 5.41815 92.9176 0
      vertex 0.314302 97.8364 0
      vertex 5.50224 93.1654 0
    endloop
  endfacet
endsolid OpenSCAD_Model
