solid OpenSCAD_Model
  facet normal 1 -0 0
    outer loop
      vertex 21.5 -8 78.8533
      vertex 21.5 0 75.3533
      vertex 21.5 46.31 78.8533
    endloop
  endfacet
  facet normal 1 0 0
    outer loop
      vertex 21.5 0 75.3533
      vertex 21.5 -8 78.8533
      vertex 21.5 -8 75.3533
    endloop
  endfacet
  facet normal 1 -0 0
    outer loop
      vertex 21.5 48.3 80.8433
      vertex 21.5 50.8 75.8533
      vertex 21.5 50.8 97.8533
    endloop
  endfacet
  facet normal 1 0 0
    outer loop
      vertex 21.5 48.3 80.8433
      vertex 21.5 50.8 97.8533
      vertex 21.5 48.3 97.8533
    endloop
  endfacet
  facet normal 1 -0 0
    outer loop
      vertex 21.5 46.31 78.8533
      vertex 21.5 50.8 75.8533
      vertex 21.5 48.3 80.8433
    endloop
  endfacet
  facet normal 1 0 0
    outer loop
      vertex 21.5 50.8 75.8533
      vertex 21.5 46.31 78.8533
      vertex 21.5 48.8 73.8533
    endloop
  endfacet
  facet normal 1 0 0
    outer loop
      vertex 21.5 0 73.8533
      vertex 21.5 46.31 78.8533
      vertex 21.5 0 75.3533
    endloop
  endfacet
  facet normal 1 0 0
    outer loop
      vertex 21.5 46.31 78.8533
      vertex 21.5 0 73.8533
      vertex 21.5 48.8 73.8533
    endloop
  endfacet
  facet normal 0 1 0
    outer loop
      vertex 21.5 50.8 97.8533
      vertex 13 50.8 92.8031
      vertex 6.5 50.8 97.8533
    endloop
  endfacet
  facet normal 0 1 0
    outer loop
      vertex 21.5 50.8 97.8533
      vertex 15.4749 50.8 90.3282
      vertex 13 50.8 92.8031
    endloop
  endfacet
  facet normal 0 1 0
    outer loop
      vertex 21.5 50.8 97.8533
      vertex 15.7767 50.8 89.984
      vertex 15.4749 50.8 90.3282
    endloop
  endfacet
  facet normal 0 1 0
    outer loop
      vertex 21.5 50.8 97.8533
      vertex 16.0311 50.8 89.6033
      vertex 15.7767 50.8 89.984
    endloop
  endfacet
  facet normal 0 1 0
    outer loop
      vertex 21.5 50.8 97.8533
      vertex 16.2336 50.8 89.1927
      vertex 16.0311 50.8 89.6033
    endloop
  endfacet
  facet normal 0 1 0
    outer loop
      vertex 21.5 50.8 97.8533
      vertex 16.3807 50.8 88.7592
      vertex 16.2336 50.8 89.1927
    endloop
  endfacet
  facet normal 0 1 0
    outer loop
      vertex 21.5 50.8 97.8533
      vertex 16.4701 50.8 88.3102
      vertex 16.3807 50.8 88.7592
    endloop
  endfacet
  facet normal 0 1 0
    outer loop
      vertex 21.5 50.8 97.8533
      vertex 16.5 50.8 87.8533
      vertex 16.4701 50.8 88.3102
    endloop
  endfacet
  facet normal 0 1 -0
    outer loop
      vertex 21.5 50.8 75.8533
      vertex 16.5 50.8 87.8533
      vertex 21.5 50.8 97.8533
    endloop
  endfacet
  facet normal 0 1 0
    outer loop
      vertex 16.5 50.8 87.8533
      vertex 21.5 50.8 75.8533
      vertex 16.4701 50.8 87.3965
    endloop
  endfacet
  facet normal 0 1 0
    outer loop
      vertex 16.4701 50.8 87.3965
      vertex 21.5 50.8 75.8533
      vertex 16.3807 50.8 86.9474
    endloop
  endfacet
  facet normal 0 1 0
    outer loop
      vertex 6.5 50.8 75.8533
      vertex 13.4568 50.8 84.3833
      vertex 21.5 50.8 75.8533
    endloop
  endfacet
  facet normal 0 1 0
    outer loop
      vertex 13.9059 50.8 84.4726
      vertex 21.5 50.8 75.8533
      vertex 13.4568 50.8 84.3833
    endloop
  endfacet
  facet normal 0 1 0
    outer loop
      vertex 14.3394 50.8 84.6197
      vertex 21.5 50.8 75.8533
      vertex 13.9059 50.8 84.4726
    endloop
  endfacet
  facet normal 0 1 0
    outer loop
      vertex 14.75 50.8 84.8222
      vertex 21.5 50.8 75.8533
      vertex 14.3394 50.8 84.6197
    endloop
  endfacet
  facet normal 0 1 0
    outer loop
      vertex 15.1307 50.8 85.0766
      vertex 21.5 50.8 75.8533
      vertex 14.75 50.8 84.8222
    endloop
  endfacet
  facet normal 0 1 0
    outer loop
      vertex 15.4749 50.8 85.3784
      vertex 21.5 50.8 75.8533
      vertex 15.1307 50.8 85.0766
    endloop
  endfacet
  facet normal 0 1 0
    outer loop
      vertex 15.7767 50.8 85.7227
      vertex 21.5 50.8 75.8533
      vertex 15.4749 50.8 85.3784
    endloop
  endfacet
  facet normal 0 1 0
    outer loop
      vertex 16.0311 50.8 86.1033
      vertex 21.5 50.8 75.8533
      vertex 15.7767 50.8 85.7227
    endloop
  endfacet
  facet normal 0 1 0
    outer loop
      vertex 16.2336 50.8 86.5139
      vertex 21.5 50.8 75.8533
      vertex 16.0311 50.8 86.1033
    endloop
  endfacet
  facet normal 0 1 0
    outer loop
      vertex 16.3807 50.8 86.9474
      vertex 21.5 50.8 75.8533
      vertex 16.2336 50.8 86.5139
    endloop
  endfacet
  facet normal 0 1 -0
    outer loop
      vertex 10.5251 50.8 90.3282
      vertex 6.5 50.8 97.8533
      vertex 13 50.8 92.8031
    endloop
  endfacet
  facet normal 0 1 -0
    outer loop
      vertex 10.2233 50.8 89.984
      vertex 6.5 50.8 97.8533
      vertex 10.5251 50.8 90.3282
    endloop
  endfacet
  facet normal 0 1 -0
    outer loop
      vertex 9.96891 50.8 89.6033
      vertex 6.5 50.8 97.8533
      vertex 10.2233 50.8 89.984
    endloop
  endfacet
  facet normal 0 1 -0
    outer loop
      vertex 9.76642 50.8 89.1927
      vertex 6.5 50.8 97.8533
      vertex 9.96891 50.8 89.6033
    endloop
  endfacet
  facet normal 0 1 -0
    outer loop
      vertex 9.61926 50.8 88.7592
      vertex 6.5 50.8 97.8533
      vertex 9.76642 50.8 89.1927
    endloop
  endfacet
  facet normal 0 1 -0
    outer loop
      vertex 9.52994 50.8 88.3102
      vertex 6.5 50.8 97.8533
      vertex 9.61926 50.8 88.7592
    endloop
  endfacet
  facet normal 0 1 -0
    outer loop
      vertex 9.5 50.8 87.8533
      vertex 6.5 50.8 97.8533
      vertex 9.52994 50.8 88.3102
    endloop
  endfacet
  facet normal 0 1 0
    outer loop
      vertex 6.5 50.8 75.8533
      vertex 9.5 50.8 87.8533
      vertex 9.52994 50.8 87.3965
    endloop
  endfacet
  facet normal 0 1 0
    outer loop
      vertex 6.5 50.8 75.8533
      vertex 9.52994 50.8 87.3965
      vertex 9.61926 50.8 86.9474
    endloop
  endfacet
  facet normal 0 1 0
    outer loop
      vertex 13.4568 50.8 84.3833
      vertex 6.5 50.8 75.8533
      vertex 13 50.8 84.3533
    endloop
  endfacet
  facet normal 0 1 0
    outer loop
      vertex 13 50.8 84.3533
      vertex 6.5 50.8 75.8533
      vertex 12.5432 50.8 84.3833
    endloop
  endfacet
  facet normal 0 1 0
    outer loop
      vertex 12.5432 50.8 84.3833
      vertex 6.5 50.8 75.8533
      vertex 12.0941 50.8 84.4726
    endloop
  endfacet
  facet normal 0 1 0
    outer loop
      vertex 12.0941 50.8 84.4726
      vertex 6.5 50.8 75.8533
      vertex 11.6606 50.8 84.6197
    endloop
  endfacet
  facet normal 0 1 0
    outer loop
      vertex 11.6606 50.8 84.6197
      vertex 6.5 50.8 75.8533
      vertex 11.25 50.8 84.8222
    endloop
  endfacet
  facet normal 0 1 0
    outer loop
      vertex 9.5 50.8 87.8533
      vertex 6.5 50.8 75.8533
      vertex 6.5 50.8 97.8533
    endloop
  endfacet
  facet normal 0 1 0
    outer loop
      vertex 9.76642 50.8 86.5139
      vertex 6.5 50.8 75.8533
      vertex 9.61926 50.8 86.9474
    endloop
  endfacet
  facet normal 0 1 0
    outer loop
      vertex 9.96891 50.8 86.1033
      vertex 6.5 50.8 75.8533
      vertex 9.76642 50.8 86.5139
    endloop
  endfacet
  facet normal 0 1 0
    outer loop
      vertex 10.2233 50.8 85.7227
      vertex 6.5 50.8 75.8533
      vertex 9.96891 50.8 86.1033
    endloop
  endfacet
  facet normal 0 1 0
    outer loop
      vertex 10.5251 50.8 85.3784
      vertex 6.5 50.8 75.8533
      vertex 10.2233 50.8 85.7227
    endloop
  endfacet
  facet normal 0 1 0
    outer loop
      vertex 10.8693 50.8 85.0766
      vertex 6.5 50.8 75.8533
      vertex 10.5251 50.8 85.3784
    endloop
  endfacet
  facet normal 0 1 0
    outer loop
      vertex 11.25 50.8 84.8222
      vertex 6.5 50.8 75.8533
      vertex 10.8693 50.8 85.0766
    endloop
  endfacet
  facet normal 0 -1 0
    outer loop
      vertex 0 -8 74.9533
      vertex 6.5 -8 75.3533
      vertex 0 -8 75.3533
    endloop
  endfacet
  facet normal 0 -1 -0
    outer loop
      vertex 6.5 -8 75.3533
      vertex 0 -8 74.9533
      vertex 21.5 -8 75.3533
    endloop
  endfacet
  facet normal 0 -1 -0
    outer loop
      vertex 21.5 -8 75.3533
      vertex 0 -8 74.9533
      vertex 143 -8 75.3533
    endloop
  endfacet
  facet normal 0 -1 0
    outer loop
      vertex 164.5 -8 74.9533
      vertex 143 -8 75.3533
      vertex 0 -8 74.9533
    endloop
  endfacet
  facet normal 0 -1 0
    outer loop
      vertex 143 -8 75.3533
      vertex 164.5 -8 74.9533
      vertex 158 -8 75.3533
    endloop
  endfacet
  facet normal 0 -1 0
    outer loop
      vertex 158 -8 75.3533
      vertex 164.5 -8 74.9533
      vertex 164.5 -8 75.3533
    endloop
  endfacet
  facet normal 0 -1 0
    outer loop
      vertex 6.5 -8 75.3533
      vertex 21.5 -8 78.8533
      vertex 6.5 -8 78.8533
    endloop
  endfacet
  facet normal 0 -1 -0
    outer loop
      vertex 21.5 -8 78.8533
      vertex 6.5 -8 75.3533
      vertex 21.5 -8 75.3533
    endloop
  endfacet
  facet normal 0 -1 0
    outer loop
      vertex 143 -8 75.3533
      vertex 158 -8 78.8533
      vertex 143 -8 78.8533
    endloop
  endfacet
  facet normal 0 -1 -0
    outer loop
      vertex 158 -8 78.8533
      vertex 143 -8 75.3533
      vertex 158 -8 75.3533
    endloop
  endfacet
  facet normal -1 0 0
    outer loop
      vertex 6.5 50.8 75.8533
      vertex 6.5 46.31 78.8533
      vertex 6.5 48.3 80.8433
    endloop
  endfacet
  facet normal -1 0 0
    outer loop
      vertex 6.5 0 73.8533
      vertex 6.5 46.31 78.8533
      vertex 6.5 48.8 73.8533
    endloop
  endfacet
  facet normal -1 0 0
    outer loop
      vertex 6.5 0 75.3533
      vertex 6.5 46.31 78.8533
      vertex 6.5 0 73.8533
    endloop
  endfacet
  facet normal -1 0 0
    outer loop
      vertex 6.5 -8 78.8533
      vertex 6.5 0 75.3533
      vertex 6.5 -8 75.3533
    endloop
  endfacet
  facet normal -1 0 0
    outer loop
      vertex 6.5 0 75.3533
      vertex 6.5 -8 78.8533
      vertex 6.5 46.31 78.8533
    endloop
  endfacet
  facet normal -1 0 0
    outer loop
      vertex 6.5 46.31 78.8533
      vertex 6.5 50.8 75.8533
      vertex 6.5 48.8 73.8533
    endloop
  endfacet
  facet normal -1 0 0
    outer loop
      vertex 6.5 50.8 75.8533
      vertex 6.5 48.3 80.8433
      vertex 6.5 50.8 97.8533
    endloop
  endfacet
  facet normal -1 -0 0
    outer loop
      vertex 6.5 50.8 97.8533
      vertex 6.5 48.3 80.8433
      vertex 6.5 48.3 97.8533
    endloop
  endfacet
  facet normal -0 0 1
    outer loop
      vertex 6.5 46.31 78.8533
      vertex 21.5 -8 78.8533
      vertex 21.5 46.31 78.8533
    endloop
  endfacet
  facet normal 0 0 1
    outer loop
      vertex 21.5 -8 78.8533
      vertex 6.5 46.31 78.8533
      vertex 6.5 -8 78.8533
    endloop
  endfacet
  facet normal 0 0 -1
    outer loop
      vertex 6.5 0 73.8533
      vertex 21.5 48.8 73.8533
      vertex 21.5 0 73.8533
    endloop
  endfacet
  facet normal -0 0 -1
    outer loop
      vertex 21.5 48.8 73.8533
      vertex 6.5 0 73.8533
      vertex 6.5 48.8 73.8533
    endloop
  endfacet
  facet normal 0 -1 0
    outer loop
      vertex 6.5 48.3 97.8533
      vertex 13 48.3 92.8031
      vertex 21.5 48.3 97.8533
    endloop
  endfacet
  facet normal 0 -1 0
    outer loop
      vertex 6.5 48.3 97.8533
      vertex 10.5251 48.3 90.3282
      vertex 13 48.3 92.8031
    endloop
  endfacet
  facet normal 0 -1 0
    outer loop
      vertex 6.5 48.3 97.8533
      vertex 10.2233 48.3 89.984
      vertex 10.5251 48.3 90.3282
    endloop
  endfacet
  facet normal 0 -1 0
    outer loop
      vertex 6.5 48.3 97.8533
      vertex 9.96891 48.3 89.6033
      vertex 10.2233 48.3 89.984
    endloop
  endfacet
  facet normal 0 -1 0
    outer loop
      vertex 6.5 48.3 97.8533
      vertex 9.76642 48.3 89.1927
      vertex 9.96891 48.3 89.6033
    endloop
  endfacet
  facet normal 0 -1 0
    outer loop
      vertex 6.5 48.3 97.8533
      vertex 9.61926 48.3 88.7592
      vertex 9.76642 48.3 89.1927
    endloop
  endfacet
  facet normal 0 -1 0
    outer loop
      vertex 6.5 48.3 97.8533
      vertex 9.52994 48.3 88.3102
      vertex 9.61926 48.3 88.7592
    endloop
  endfacet
  facet normal 0 -1 0
    outer loop
      vertex 6.5 48.3 80.8433
      vertex 9.52994 48.3 88.3102
      vertex 6.5 48.3 97.8533
    endloop
  endfacet
  facet normal 0 -1 0
    outer loop
      vertex 9.52994 48.3 88.3102
      vertex 6.5 48.3 80.8433
      vertex 9.5 48.3 87.8533
    endloop
  endfacet
  facet normal 0 -1 -0
    outer loop
      vertex 9.5 48.3 87.8533
      vertex 6.5 48.3 80.8433
      vertex 9.52994 48.3 87.3965
    endloop
  endfacet
  facet normal 0 -1 -0
    outer loop
      vertex 12.5432 48.3 84.3833
      vertex 6.5 48.3 80.8433
      vertex 13 48.3 84.3533
    endloop
  endfacet
  facet normal 0 -1 -0
    outer loop
      vertex 12.0941 48.3 84.4726
      vertex 6.5 48.3 80.8433
      vertex 12.5432 48.3 84.3833
    endloop
  endfacet
  facet normal 0 -1 -0
    outer loop
      vertex 11.6606 48.3 84.6197
      vertex 6.5 48.3 80.8433
      vertex 12.0941 48.3 84.4726
    endloop
  endfacet
  facet normal 0 -1 -0
    outer loop
      vertex 11.25 48.3 84.8222
      vertex 6.5 48.3 80.8433
      vertex 11.6606 48.3 84.6197
    endloop
  endfacet
  facet normal 0 -1 -0
    outer loop
      vertex 10.8693 48.3 85.0766
      vertex 6.5 48.3 80.8433
      vertex 11.25 48.3 84.8222
    endloop
  endfacet
  facet normal 0 -1 -0
    outer loop
      vertex 10.5251 48.3 85.3784
      vertex 6.5 48.3 80.8433
      vertex 10.8693 48.3 85.0766
    endloop
  endfacet
  facet normal 0 -1 -0
    outer loop
      vertex 10.2233 48.3 85.7227
      vertex 6.5 48.3 80.8433
      vertex 10.5251 48.3 85.3784
    endloop
  endfacet
  facet normal 0 -1 -0
    outer loop
      vertex 9.96891 48.3 86.1033
      vertex 6.5 48.3 80.8433
      vertex 10.2233 48.3 85.7227
    endloop
  endfacet
  facet normal 0 -1 -0
    outer loop
      vertex 9.76642 48.3 86.5139
      vertex 6.5 48.3 80.8433
      vertex 9.96891 48.3 86.1033
    endloop
  endfacet
  facet normal 0 -1 -0
    outer loop
      vertex 9.61926 48.3 86.9474
      vertex 6.5 48.3 80.8433
      vertex 9.76642 48.3 86.5139
    endloop
  endfacet
  facet normal 0 -1 -0
    outer loop
      vertex 9.52994 48.3 87.3965
      vertex 6.5 48.3 80.8433
      vertex 9.61926 48.3 86.9474
    endloop
  endfacet
  facet normal 0 -1 0
    outer loop
      vertex 15.4749 48.3 90.3282
      vertex 21.5 48.3 97.8533
      vertex 13 48.3 92.8031
    endloop
  endfacet
  facet normal 0 -1 0
    outer loop
      vertex 15.7767 48.3 89.984
      vertex 21.5 48.3 97.8533
      vertex 15.4749 48.3 90.3282
    endloop
  endfacet
  facet normal 0 -1 0
    outer loop
      vertex 16.0311 48.3 89.6033
      vertex 21.5 48.3 97.8533
      vertex 15.7767 48.3 89.984
    endloop
  endfacet
  facet normal 0 -1 0
    outer loop
      vertex 16.2336 48.3 89.1927
      vertex 21.5 48.3 97.8533
      vertex 16.0311 48.3 89.6033
    endloop
  endfacet
  facet normal 0 -1 0
    outer loop
      vertex 16.3807 48.3 88.7592
      vertex 21.5 48.3 97.8533
      vertex 16.2336 48.3 89.1927
    endloop
  endfacet
  facet normal 0 -1 0
    outer loop
      vertex 16.4701 48.3 88.3102
      vertex 21.5 48.3 97.8533
      vertex 16.3807 48.3 88.7592
    endloop
  endfacet
  facet normal 0 -1 0
    outer loop
      vertex 21.5 48.3 80.8433
      vertex 16.4701 48.3 88.3102
      vertex 16.5 48.3 87.8533
    endloop
  endfacet
  facet normal 0 -1 0
    outer loop
      vertex 21.5 48.3 80.8433
      vertex 16.5 48.3 87.8533
      vertex 16.4701 48.3 87.3965
    endloop
  endfacet
  facet normal 0 -1 0
    outer loop
      vertex 21.5 48.3 80.8433
      vertex 16.4701 48.3 87.3965
      vertex 16.3807 48.3 86.9474
    endloop
  endfacet
  facet normal 0 -1 0
    outer loop
      vertex 21.5 48.3 80.8433
      vertex 16.3807 48.3 86.9474
      vertex 16.2336 48.3 86.5139
    endloop
  endfacet
  facet normal 0 -1 0
    outer loop
      vertex 6.5 48.3 80.8433
      vertex 13.4568 48.3 84.3833
      vertex 13 48.3 84.3533
    endloop
  endfacet
  facet normal 0 -1 0
    outer loop
      vertex 21.5 48.3 80.8433
      vertex 13.4568 48.3 84.3833
      vertex 6.5 48.3 80.8433
    endloop
  endfacet
  facet normal 0 -1 0
    outer loop
      vertex 13.4568 48.3 84.3833
      vertex 21.5 48.3 80.8433
      vertex 13.9059 48.3 84.4726
    endloop
  endfacet
  facet normal 0 -1 0
    outer loop
      vertex 16.4701 48.3 88.3102
      vertex 21.5 48.3 80.8433
      vertex 21.5 48.3 97.8533
    endloop
  endfacet
  facet normal 0 -1 0
    outer loop
      vertex 16.0311 48.3 86.1033
      vertex 21.5 48.3 80.8433
      vertex 16.2336 48.3 86.5139
    endloop
  endfacet
  facet normal 0 -1 0
    outer loop
      vertex 15.7767 48.3 85.7227
      vertex 21.5 48.3 80.8433
      vertex 16.0311 48.3 86.1033
    endloop
  endfacet
  facet normal 0 -1 0
    outer loop
      vertex 15.4749 48.3 85.3784
      vertex 21.5 48.3 80.8433
      vertex 15.7767 48.3 85.7227
    endloop
  endfacet
  facet normal 0 -1 0
    outer loop
      vertex 15.1307 48.3 85.0766
      vertex 21.5 48.3 80.8433
      vertex 15.4749 48.3 85.3784
    endloop
  endfacet
  facet normal 0 -1 0
    outer loop
      vertex 14.75 48.3 84.8222
      vertex 21.5 48.3 80.8433
      vertex 15.1307 48.3 85.0766
    endloop
  endfacet
  facet normal 0 -1 0
    outer loop
      vertex 14.3394 48.3 84.6197
      vertex 21.5 48.3 80.8433
      vertex 14.75 48.3 84.8222
    endloop
  endfacet
  facet normal 0 -1 0
    outer loop
      vertex 13.9059 48.3 84.4726
      vertex 21.5 48.3 80.8433
      vertex 14.3394 48.3 84.6197
    endloop
  endfacet
  facet normal -0 0 1
    outer loop
      vertex 6.5 50.8 97.8533
      vertex 21.5 48.3 97.8533
      vertex 21.5 50.8 97.8533
    endloop
  endfacet
  facet normal 0 0 1
    outer loop
      vertex 21.5 48.3 97.8533
      vertex 6.5 50.8 97.8533
      vertex 6.5 48.3 97.8533
    endloop
  endfacet
  facet normal 0 -0.707107 0.707107
    outer loop
      vertex 6.5 46.31 78.8533
      vertex 21.5 48.3 80.8433
      vertex 6.5 48.3 80.8433
    endloop
  endfacet
  facet normal 0 -0.707107 0.707107
    outer loop
      vertex 21.5 48.3 80.8433
      vertex 6.5 46.31 78.8533
      vertex 21.5 46.31 78.8533
    endloop
  endfacet
  facet normal 1 -0 0
    outer loop
      vertex 158 -8 78.8533
      vertex 158 0 75.3533
      vertex 158 46.31 78.8533
    endloop
  endfacet
  facet normal 1 0 0
    outer loop
      vertex 158 0 75.3533
      vertex 158 -8 78.8533
      vertex 158 -8 75.3533
    endloop
  endfacet
  facet normal 1 -0 0
    outer loop
      vertex 158 48.3 80.8433
      vertex 158 50.8 75.8533
      vertex 158 50.8 97.8533
    endloop
  endfacet
  facet normal 1 0 0
    outer loop
      vertex 158 48.3 80.8433
      vertex 158 50.8 97.8533
      vertex 158 48.3 97.8533
    endloop
  endfacet
  facet normal 1 -0 0
    outer loop
      vertex 158 46.31 78.8533
      vertex 158 50.8 75.8533
      vertex 158 48.3 80.8433
    endloop
  endfacet
  facet normal 1 0 0
    outer loop
      vertex 158 50.8 75.8533
      vertex 158 46.31 78.8533
      vertex 158 48.8 73.8533
    endloop
  endfacet
  facet normal 1 0 0
    outer loop
      vertex 158 0 73.8533
      vertex 158 46.31 78.8533
      vertex 158 0 75.3533
    endloop
  endfacet
  facet normal 1 0 0
    outer loop
      vertex 158 46.31 78.8533
      vertex 158 0 73.8533
      vertex 158 48.8 73.8533
    endloop
  endfacet
  facet normal 0 1 0
    outer loop
      vertex 158 50.8 97.8533
      vertex 151.5 50.8 92.8031
      vertex 143 50.8 97.8533
    endloop
  endfacet
  facet normal 0 1 0
    outer loop
      vertex 158 50.8 97.8533
      vertex 153.975 50.8 90.3282
      vertex 151.5 50.8 92.8031
    endloop
  endfacet
  facet normal 0 1 0
    outer loop
      vertex 158 50.8 97.8533
      vertex 154.277 50.8 89.984
      vertex 153.975 50.8 90.3282
    endloop
  endfacet
  facet normal 0 1 0
    outer loop
      vertex 158 50.8 97.8533
      vertex 154.531 50.8 89.6033
      vertex 154.277 50.8 89.984
    endloop
  endfacet
  facet normal 0 1 0
    outer loop
      vertex 158 50.8 97.8533
      vertex 154.734 50.8 89.1927
      vertex 154.531 50.8 89.6033
    endloop
  endfacet
  facet normal 0 1 0
    outer loop
      vertex 158 50.8 97.8533
      vertex 154.881 50.8 88.7592
      vertex 154.734 50.8 89.1927
    endloop
  endfacet
  facet normal 0 1 0
    outer loop
      vertex 158 50.8 97.8533
      vertex 154.97 50.8 88.3102
      vertex 154.881 50.8 88.7592
    endloop
  endfacet
  facet normal 0 1 0
    outer loop
      vertex 158 50.8 97.8533
      vertex 155 50.8 87.8533
      vertex 154.97 50.8 88.3102
    endloop
  endfacet
  facet normal 0 1 -0
    outer loop
      vertex 158 50.8 75.8533
      vertex 155 50.8 87.8533
      vertex 158 50.8 97.8533
    endloop
  endfacet
  facet normal 0 1 0
    outer loop
      vertex 155 50.8 87.8533
      vertex 158 50.8 75.8533
      vertex 154.97 50.8 87.3965
    endloop
  endfacet
  facet normal 0 1 0
    outer loop
      vertex 151.957 50.8 84.3833
      vertex 158 50.8 75.8533
      vertex 151.5 50.8 84.3533
    endloop
  endfacet
  facet normal 0 1 0
    outer loop
      vertex 152.406 50.8 84.4726
      vertex 158 50.8 75.8533
      vertex 151.957 50.8 84.3833
    endloop
  endfacet
  facet normal 0 1 0
    outer loop
      vertex 152.839 50.8 84.6197
      vertex 158 50.8 75.8533
      vertex 152.406 50.8 84.4726
    endloop
  endfacet
  facet normal 0 1 0
    outer loop
      vertex 153.25 50.8 84.8222
      vertex 158 50.8 75.8533
      vertex 152.839 50.8 84.6197
    endloop
  endfacet
  facet normal 0 1 0
    outer loop
      vertex 153.631 50.8 85.0766
      vertex 158 50.8 75.8533
      vertex 153.25 50.8 84.8222
    endloop
  endfacet
  facet normal 0 1 0
    outer loop
      vertex 153.975 50.8 85.3784
      vertex 158 50.8 75.8533
      vertex 153.631 50.8 85.0766
    endloop
  endfacet
  facet normal 0 1 0
    outer loop
      vertex 154.277 50.8 85.7227
      vertex 158 50.8 75.8533
      vertex 153.975 50.8 85.3784
    endloop
  endfacet
  facet normal 0 1 0
    outer loop
      vertex 154.531 50.8 86.1033
      vertex 158 50.8 75.8533
      vertex 154.277 50.8 85.7227
    endloop
  endfacet
  facet normal 0 1 0
    outer loop
      vertex 154.734 50.8 86.5139
      vertex 158 50.8 75.8533
      vertex 154.531 50.8 86.1033
    endloop
  endfacet
  facet normal 0 1 0
    outer loop
      vertex 154.881 50.8 86.9474
      vertex 158 50.8 75.8533
      vertex 154.734 50.8 86.5139
    endloop
  endfacet
  facet normal 0 1 0
    outer loop
      vertex 154.97 50.8 87.3965
      vertex 158 50.8 75.8533
      vertex 154.881 50.8 86.9474
    endloop
  endfacet
  facet normal 0 1 -0
    outer loop
      vertex 149.025 50.8 90.3282
      vertex 143 50.8 97.8533
      vertex 151.5 50.8 92.8031
    endloop
  endfacet
  facet normal 0 1 -0
    outer loop
      vertex 148.723 50.8 89.984
      vertex 143 50.8 97.8533
      vertex 149.025 50.8 90.3282
    endloop
  endfacet
  facet normal 0 1 -0
    outer loop
      vertex 148.469 50.8 89.6033
      vertex 143 50.8 97.8533
      vertex 148.723 50.8 89.984
    endloop
  endfacet
  facet normal 0 1 -0
    outer loop
      vertex 148.266 50.8 89.1927
      vertex 143 50.8 97.8533
      vertex 148.469 50.8 89.6033
    endloop
  endfacet
  facet normal 0 1 -0
    outer loop
      vertex 148.119 50.8 88.7592
      vertex 143 50.8 97.8533
      vertex 148.266 50.8 89.1927
    endloop
  endfacet
  facet normal 0 1 -0
    outer loop
      vertex 148.03 50.8 88.3102
      vertex 143 50.8 97.8533
      vertex 148.119 50.8 88.7592
    endloop
  endfacet
  facet normal 0 1 -0
    outer loop
      vertex 148 50.8 87.8533
      vertex 143 50.8 97.8533
      vertex 148.03 50.8 88.3102
    endloop
  endfacet
  facet normal 0 1 0
    outer loop
      vertex 143 50.8 75.8533
      vertex 148 50.8 87.8533
      vertex 148.03 50.8 87.3965
    endloop
  endfacet
  facet normal 0 1 0
    outer loop
      vertex 143 50.8 75.8533
      vertex 148.03 50.8 87.3965
      vertex 148.119 50.8 86.9474
    endloop
  endfacet
  facet normal 0 1 0
    outer loop
      vertex 143 50.8 75.8533
      vertex 148.119 50.8 86.9474
      vertex 148.266 50.8 86.5139
    endloop
  endfacet
  facet normal 0 1 0
    outer loop
      vertex 158 50.8 75.8533
      vertex 151.043 50.8 84.3833
      vertex 151.5 50.8 84.3533
    endloop
  endfacet
  facet normal 0 1 0
    outer loop
      vertex 143 50.8 75.8533
      vertex 151.043 50.8 84.3833
      vertex 158 50.8 75.8533
    endloop
  endfacet
  facet normal 0 1 0
    outer loop
      vertex 151.043 50.8 84.3833
      vertex 143 50.8 75.8533
      vertex 150.594 50.8 84.4726
    endloop
  endfacet
  facet normal 0 1 0
    outer loop
      vertex 150.594 50.8 84.4726
      vertex 143 50.8 75.8533
      vertex 150.161 50.8 84.6197
    endloop
  endfacet
  facet normal 0 1 0
    outer loop
      vertex 150.161 50.8 84.6197
      vertex 143 50.8 75.8533
      vertex 149.75 50.8 84.8222
    endloop
  endfacet
  facet normal 0 1 0
    outer loop
      vertex 149.75 50.8 84.8222
      vertex 143 50.8 75.8533
      vertex 149.369 50.8 85.0766
    endloop
  endfacet
  facet normal 0 1 0
    outer loop
      vertex 148 50.8 87.8533
      vertex 143 50.8 75.8533
      vertex 143 50.8 97.8533
    endloop
  endfacet
  facet normal 0 1 0
    outer loop
      vertex 148.469 50.8 86.1033
      vertex 143 50.8 75.8533
      vertex 148.266 50.8 86.5139
    endloop
  endfacet
  facet normal 0 1 0
    outer loop
      vertex 148.723 50.8 85.7227
      vertex 143 50.8 75.8533
      vertex 148.469 50.8 86.1033
    endloop
  endfacet
  facet normal 0 1 0
    outer loop
      vertex 149.025 50.8 85.3784
      vertex 143 50.8 75.8533
      vertex 148.723 50.8 85.7227
    endloop
  endfacet
  facet normal 0 1 0
    outer loop
      vertex 149.369 50.8 85.0766
      vertex 143 50.8 75.8533
      vertex 149.025 50.8 85.3784
    endloop
  endfacet
  facet normal -1 0 0
    outer loop
      vertex 143 50.8 75.8533
      vertex 143 46.31 78.8533
      vertex 143 48.3 80.8433
    endloop
  endfacet
  facet normal -1 0 0
    outer loop
      vertex 143 0 73.8533
      vertex 143 46.31 78.8533
      vertex 143 48.8 73.8533
    endloop
  endfacet
  facet normal -1 0 0
    outer loop
      vertex 143 0 75.3533
      vertex 143 46.31 78.8533
      vertex 143 0 73.8533
    endloop
  endfacet
  facet normal -1 0 0
    outer loop
      vertex 143 -8 78.8533
      vertex 143 0 75.3533
      vertex 143 -8 75.3533
    endloop
  endfacet
  facet normal -1 0 0
    outer loop
      vertex 143 0 75.3533
      vertex 143 -8 78.8533
      vertex 143 46.31 78.8533
    endloop
  endfacet
  facet normal -1 0 0
    outer loop
      vertex 143 46.31 78.8533
      vertex 143 50.8 75.8533
      vertex 143 48.8 73.8533
    endloop
  endfacet
  facet normal -1 0 0
    outer loop
      vertex 143 50.8 75.8533
      vertex 143 48.3 80.8433
      vertex 143 50.8 97.8533
    endloop
  endfacet
  facet normal -1 -0 0
    outer loop
      vertex 143 50.8 97.8533
      vertex 143 48.3 80.8433
      vertex 143 48.3 97.8533
    endloop
  endfacet
  facet normal -0 0 1
    outer loop
      vertex 143 46.31 78.8533
      vertex 158 -8 78.8533
      vertex 158 46.31 78.8533
    endloop
  endfacet
  facet normal 0 0 1
    outer loop
      vertex 158 -8 78.8533
      vertex 143 46.31 78.8533
      vertex 143 -8 78.8533
    endloop
  endfacet
  facet normal 0 0 -1
    outer loop
      vertex 143 0 73.8533
      vertex 158 48.8 73.8533
      vertex 158 0 73.8533
    endloop
  endfacet
  facet normal -0 0 -1
    outer loop
      vertex 158 48.8 73.8533
      vertex 143 0 73.8533
      vertex 143 48.8 73.8533
    endloop
  endfacet
  facet normal 0 -1 0
    outer loop
      vertex 143 48.3 97.8533
      vertex 151.5 48.3 92.8031
      vertex 158 48.3 97.8533
    endloop
  endfacet
  facet normal 0 -1 0
    outer loop
      vertex 143 48.3 97.8533
      vertex 149.025 48.3 90.3282
      vertex 151.5 48.3 92.8031
    endloop
  endfacet
  facet normal 0 -1 0
    outer loop
      vertex 143 48.3 97.8533
      vertex 148.723 48.3 89.984
      vertex 149.025 48.3 90.3282
    endloop
  endfacet
  facet normal 0 -1 0
    outer loop
      vertex 143 48.3 97.8533
      vertex 148.469 48.3 89.6033
      vertex 148.723 48.3 89.984
    endloop
  endfacet
  facet normal 0 -1 0
    outer loop
      vertex 143 48.3 97.8533
      vertex 148.266 48.3 89.1927
      vertex 148.469 48.3 89.6033
    endloop
  endfacet
  facet normal 0 -1 0
    outer loop
      vertex 143 48.3 97.8533
      vertex 148.119 48.3 88.7592
      vertex 148.266 48.3 89.1927
    endloop
  endfacet
  facet normal 0 -1 0
    outer loop
      vertex 143 48.3 97.8533
      vertex 148.03 48.3 88.3102
      vertex 148.119 48.3 88.7592
    endloop
  endfacet
  facet normal 0 -1 0
    outer loop
      vertex 143 48.3 80.8433
      vertex 148.03 48.3 88.3102
      vertex 143 48.3 97.8533
    endloop
  endfacet
  facet normal 0 -1 0
    outer loop
      vertex 148.03 48.3 88.3102
      vertex 143 48.3 80.8433
      vertex 148 48.3 87.8533
    endloop
  endfacet
  facet normal 0 -1 -0
    outer loop
      vertex 148 48.3 87.8533
      vertex 143 48.3 80.8433
      vertex 148.03 48.3 87.3965
    endloop
  endfacet
  facet normal 0 -1 -0
    outer loop
      vertex 148.03 48.3 87.3965
      vertex 143 48.3 80.8433
      vertex 148.119 48.3 86.9474
    endloop
  endfacet
  facet normal 0 -1 0
    outer loop
      vertex 158 48.3 80.8433
      vertex 151.043 48.3 84.3833
      vertex 143 48.3 80.8433
    endloop
  endfacet
  facet normal 0 -1 -0
    outer loop
      vertex 150.594 48.3 84.4726
      vertex 143 48.3 80.8433
      vertex 151.043 48.3 84.3833
    endloop
  endfacet
  facet normal 0 -1 -0
    outer loop
      vertex 150.161 48.3 84.6197
      vertex 143 48.3 80.8433
      vertex 150.594 48.3 84.4726
    endloop
  endfacet
  facet normal 0 -1 -0
    outer loop
      vertex 149.75 48.3 84.8222
      vertex 143 48.3 80.8433
      vertex 150.161 48.3 84.6197
    endloop
  endfacet
  facet normal 0 -1 -0
    outer loop
      vertex 149.369 48.3 85.0766
      vertex 143 48.3 80.8433
      vertex 149.75 48.3 84.8222
    endloop
  endfacet
  facet normal 0 -1 -0
    outer loop
      vertex 149.025 48.3 85.3784
      vertex 143 48.3 80.8433
      vertex 149.369 48.3 85.0766
    endloop
  endfacet
  facet normal 0 -1 -0
    outer loop
      vertex 148.723 48.3 85.7227
      vertex 143 48.3 80.8433
      vertex 149.025 48.3 85.3784
    endloop
  endfacet
  facet normal 0 -1 -0
    outer loop
      vertex 148.469 48.3 86.1033
      vertex 143 48.3 80.8433
      vertex 148.723 48.3 85.7227
    endloop
  endfacet
  facet normal 0 -1 -0
    outer loop
      vertex 148.266 48.3 86.5139
      vertex 143 48.3 80.8433
      vertex 148.469 48.3 86.1033
    endloop
  endfacet
  facet normal 0 -1 -0
    outer loop
      vertex 148.119 48.3 86.9474
      vertex 143 48.3 80.8433
      vertex 148.266 48.3 86.5139
    endloop
  endfacet
  facet normal 0 -1 0
    outer loop
      vertex 153.975 48.3 90.3282
      vertex 158 48.3 97.8533
      vertex 151.5 48.3 92.8031
    endloop
  endfacet
  facet normal 0 -1 0
    outer loop
      vertex 154.277 48.3 89.984
      vertex 158 48.3 97.8533
      vertex 153.975 48.3 90.3282
    endloop
  endfacet
  facet normal 0 -1 0
    outer loop
      vertex 154.531 48.3 89.6033
      vertex 158 48.3 97.8533
      vertex 154.277 48.3 89.984
    endloop
  endfacet
  facet normal 0 -1 0
    outer loop
      vertex 154.734 48.3 89.1927
      vertex 158 48.3 97.8533
      vertex 154.531 48.3 89.6033
    endloop
  endfacet
  facet normal 0 -1 0
    outer loop
      vertex 154.881 48.3 88.7592
      vertex 158 48.3 97.8533
      vertex 154.734 48.3 89.1927
    endloop
  endfacet
  facet normal 0 -1 0
    outer loop
      vertex 154.97 48.3 88.3102
      vertex 158 48.3 97.8533
      vertex 154.881 48.3 88.7592
    endloop
  endfacet
  facet normal 0 -1 0
    outer loop
      vertex 158 48.3 80.8433
      vertex 154.97 48.3 88.3102
      vertex 155 48.3 87.8533
    endloop
  endfacet
  facet normal 0 -1 0
    outer loop
      vertex 158 48.3 80.8433
      vertex 155 48.3 87.8533
      vertex 154.97 48.3 87.3965
    endloop
  endfacet
  facet normal 0 -1 0
    outer loop
      vertex 158 48.3 80.8433
      vertex 154.97 48.3 87.3965
      vertex 154.881 48.3 86.9474
    endloop
  endfacet
  facet normal 0 -1 0
    outer loop
      vertex 151.043 48.3 84.3833
      vertex 158 48.3 80.8433
      vertex 151.5 48.3 84.3533
    endloop
  endfacet
  facet normal 0 -1 0
    outer loop
      vertex 151.5 48.3 84.3533
      vertex 158 48.3 80.8433
      vertex 151.957 48.3 84.3833
    endloop
  endfacet
  facet normal 0 -1 0
    outer loop
      vertex 151.957 48.3 84.3833
      vertex 158 48.3 80.8433
      vertex 152.406 48.3 84.4726
    endloop
  endfacet
  facet normal 0 -1 0
    outer loop
      vertex 154.97 48.3 88.3102
      vertex 158 48.3 80.8433
      vertex 158 48.3 97.8533
    endloop
  endfacet
  facet normal 0 -1 0
    outer loop
      vertex 154.734 48.3 86.5139
      vertex 158 48.3 80.8433
      vertex 154.881 48.3 86.9474
    endloop
  endfacet
  facet normal 0 -1 0
    outer loop
      vertex 154.531 48.3 86.1033
      vertex 158 48.3 80.8433
      vertex 154.734 48.3 86.5139
    endloop
  endfacet
  facet normal 0 -1 0
    outer loop
      vertex 154.277 48.3 85.7227
      vertex 158 48.3 80.8433
      vertex 154.531 48.3 86.1033
    endloop
  endfacet
  facet normal 0 -1 0
    outer loop
      vertex 153.975 48.3 85.3784
      vertex 158 48.3 80.8433
      vertex 154.277 48.3 85.7227
    endloop
  endfacet
  facet normal 0 -1 0
    outer loop
      vertex 153.631 48.3 85.0766
      vertex 158 48.3 80.8433
      vertex 153.975 48.3 85.3784
    endloop
  endfacet
  facet normal 0 -1 0
    outer loop
      vertex 153.25 48.3 84.8222
      vertex 158 48.3 80.8433
      vertex 153.631 48.3 85.0766
    endloop
  endfacet
  facet normal 0 -1 0
    outer loop
      vertex 152.839 48.3 84.6197
      vertex 158 48.3 80.8433
      vertex 153.25 48.3 84.8222
    endloop
  endfacet
  facet normal 0 -1 0
    outer loop
      vertex 152.406 48.3 84.4726
      vertex 158 48.3 80.8433
      vertex 152.839 48.3 84.6197
    endloop
  endfacet
  facet normal -0 0 1
    outer loop
      vertex 143 50.8 97.8533
      vertex 158 48.3 97.8533
      vertex 158 50.8 97.8533
    endloop
  endfacet
  facet normal 0 0 1
    outer loop
      vertex 158 48.3 97.8533
      vertex 143 50.8 97.8533
      vertex 143 48.3 97.8533
    endloop
  endfacet
  facet normal 0 -0.707107 0.707107
    outer loop
      vertex 143 46.31 78.8533
      vertex 158 48.3 80.8433
      vertex 143 48.3 80.8433
    endloop
  endfacet
  facet normal 0 -0.707107 0.707107
    outer loop
      vertex 158 48.3 80.8433
      vertex 143 46.31 78.8533
      vertex 158 46.31 78.8533
    endloop
  endfacet
  facet normal 0 -0.707107 0.707107
    outer loop
      vertex 95.9 -63.9321 19.0212
      vertex 112 -64.2857 18.6676
      vertex 112 -63.9321 19.0212
    endloop
  endfacet
  facet normal 0 -0.707107 0.707107
    outer loop
      vertex 112 -64.2857 18.6676
      vertex 111.8 -72.074 10.8793
      vertex 111.974 -72.1562 10.7971
    endloop
  endfacet
  facet normal 6.80209e-15 -0.707107 0.707107
    outer loop
      vertex 112 -64.2857 18.6676
      vertex 111.612 -72.0086 10.9447
      vertex 111.8 -72.074 10.8793
    endloop
  endfacet
  facet normal -6.493e-15 -0.707107 0.707107
    outer loop
      vertex 112 -64.2857 18.6676
      vertex 111.414 -71.961 10.9923
      vertex 111.612 -72.0086 10.9447
    endloop
  endfacet
  facet normal 2.52736e-14 -0.707107 0.707107
    outer loop
      vertex 112 -64.2857 18.6676
      vertex 111.209 -71.9321 11.0212
      vertex 111.414 -71.961 10.9923
    endloop
  endfacet
  facet normal 0.00033672 -0.707124 0.707089
    outer loop
      vertex 112 -64.2857 18.6676
      vertex 111 -71.9225 11.0309
      vertex 111.209 -71.9321 11.0212
    endloop
  endfacet
  facet normal -0.000340817 -0.70708 0.707134
    outer loop
      vertex 112 -64.2857 18.6676
      vertex 110.791 -71.9321 11.0212
      vertex 111 -71.9225 11.0309
    endloop
  endfacet
  facet normal -2.62267e-14 -0.707107 0.707107
    outer loop
      vertex 112 -64.2857 18.6676
      vertex 110.586 -71.961 10.9923
      vertex 110.791 -71.9321 11.0212
    endloop
  endfacet
  facet normal 6.9186e-15 -0.707107 0.707107
    outer loop
      vertex 112 -64.2857 18.6676
      vertex 110.388 -72.0086 10.9447
      vertex 110.586 -71.961 10.9923
    endloop
  endfacet
  facet normal -7.46286e-15 -0.707107 0.707107
    outer loop
      vertex 112 -64.2857 18.6676
      vertex 110.2 -72.074 10.8793
      vertex 110.388 -72.0086 10.9447
    endloop
  endfacet
  facet normal 0 -0.707107 0.707107
    outer loop
      vertex 112 -64.2857 18.6676
      vertex 110.026 -72.1562 10.7971
      vertex 110.2 -72.074 10.8793
    endloop
  endfacet
  facet normal 0 -0.707107 0.707107
    outer loop
      vertex 112 -64.2857 18.6676
      vertex 109.869 -72.2538 10.6995
      vertex 110.026 -72.1562 10.7971
    endloop
  endfacet
  facet normal 0 -0.707107 0.707107
    outer loop
      vertex 112 -64.2857 18.6676
      vertex 109.731 -72.3651 10.5882
      vertex 109.869 -72.2538 10.6995
    endloop
  endfacet
  facet normal -3.23902e-16 -0.707107 0.707107
    outer loop
      vertex 112 -64.2857 18.6676
      vertex 95.9 -63.9321 19.0212
      vertex 109.731 -72.3651 10.5882
    endloop
  endfacet
  facet normal 7.88588e-15 -0.707107 0.707107
    outer loop
      vertex 109.731 -72.3651 10.5882
      vertex 95.9 -63.9321 19.0212
      vertex 109.614 -72.4881 10.4652
    endloop
  endfacet
  facet normal 0.000232007 -0.706921 0.707293
    outer loop
      vertex 109.614 -72.4881 10.4652
      vertex 95.9 -63.9321 19.0212
      vertex 109.522 -72.6209 10.3325
    endloop
  endfacet
  facet normal -0.000304106 -0.707332 0.706882
    outer loop
      vertex 109.414 -72.9062 10.0472
      vertex 95.9 -63.9321 19.0212
      vertex 109.4 -73.0538 9.8995
    endloop
  endfacet
  facet normal 0.000267997 -0.706901 0.707312
    outer loop
      vertex 109.455 -72.761 10.1923
      vertex 95.9 -63.9321 19.0212
      vertex 109.414 -72.9062 10.0472
    endloop
  endfacet
  facet normal -0.000250594 -0.707299 0.706914
    outer loop
      vertex 109.522 -72.6209 10.3325
      vertex 95.9 -63.9321 19.0212
      vertex 109.455 -72.761 10.1923
    endloop
  endfacet
  facet normal 0.000304106 -0.707332 0.706882
    outer loop
      vertex 146.1 -63.9321 19.0212
      vertex 132.586 -72.9062 10.0472
      vertex 132.6 -73.0538 9.8995
    endloop
  endfacet
  facet normal -0.000267997 -0.706901 0.707312
    outer loop
      vertex 146.1 -63.9321 19.0212
      vertex 132.545 -72.761 10.1923
      vertex 132.586 -72.9062 10.0472
    endloop
  endfacet
  facet normal 0.000250594 -0.707299 0.706914
    outer loop
      vertex 146.1 -63.9321 19.0212
      vertex 132.478 -72.6209 10.3325
      vertex 132.545 -72.761 10.1923
    endloop
  endfacet
  facet normal -0.000232007 -0.706921 0.707293
    outer loop
      vertex 146.1 -63.9321 19.0212
      vertex 132.386 -72.4881 10.4652
      vertex 132.478 -72.6209 10.3325
    endloop
  endfacet
  facet normal -7.47698e-15 -0.707107 0.707107
    outer loop
      vertex 146.1 -63.9321 19.0212
      vertex 132.269 -72.3651 10.5882
      vertex 132.386 -72.4881 10.4652
    endloop
  endfacet
  facet normal 3.23902e-16 -0.707107 0.707107
    outer loop
      vertex 130 -64.2857 18.6676
      vertex 132.269 -72.3651 10.5882
      vertex 146.1 -63.9321 19.0212
    endloop
  endfacet
  facet normal -6.372e-16 -0.707107 0.707107
    outer loop
      vertex 132.269 -72.3651 10.5882
      vertex 130 -64.2857 18.6676
      vertex 132.131 -72.2538 10.6995
    endloop
  endfacet
  facet normal -4.51606e-16 -0.707107 0.707107
    outer loop
      vertex 132.131 -72.2538 10.6995
      vertex 130 -64.2857 18.6676
      vertex 131.974 -72.1562 10.7971
    endloop
  endfacet
  facet normal -3.25151e-16 -0.707107 0.707107
    outer loop
      vertex 131.974 -72.1562 10.7971
      vertex 130 -64.2857 18.6676
      vertex 131.8 -72.074 10.8793
    endloop
  endfacet
  facet normal 6.99643e-15 -0.707107 0.707107
    outer loop
      vertex 131.8 -72.074 10.8793
      vertex 130 -64.2857 18.6676
      vertex 131.612 -72.0086 10.9447
    endloop
  endfacet
  facet normal -6.81049e-15 -0.707107 0.707107
    outer loop
      vertex 131.612 -72.0086 10.9447
      vertex 130 -64.2857 18.6676
      vertex 131.414 -71.961 10.9923
    endloop
  endfacet
  facet normal 2.50614e-14 -0.707107 0.707107
    outer loop
      vertex 131.414 -71.961 10.9923
      vertex 130 -64.2857 18.6676
      vertex 131.209 -71.9321 11.0212
    endloop
  endfacet
  facet normal 0.000340817 -0.70708 0.707134
    outer loop
      vertex 131.209 -71.9321 11.0212
      vertex 130 -64.2857 18.6676
      vertex 131 -71.9225 11.0309
    endloop
  endfacet
  facet normal -0.00033672 -0.707124 0.707089
    outer loop
      vertex 131 -71.9225 11.0309
      vertex 130 -64.2857 18.6676
      vertex 130.791 -71.9321 11.0212
    endloop
  endfacet
  facet normal -2.41506e-14 -0.707107 0.707107
    outer loop
      vertex 130.791 -71.9321 11.0212
      vertex 130 -64.2857 18.6676
      vertex 130.586 -71.961 10.9923
    endloop
  endfacet
  facet normal 6.39155e-15 -0.707107 0.707107
    outer loop
      vertex 130.586 -71.961 10.9923
      vertex 130 -64.2857 18.6676
      vertex 130.388 -72.0086 10.9447
    endloop
  endfacet
  facet normal -6.37696e-15 -0.707107 0.707107
    outer loop
      vertex 130.388 -72.0086 10.9447
      vertex 130 -64.2857 18.6676
      vertex 130.2 -72.074 10.8793
    endloop
  endfacet
  facet normal 0 -0.707107 0.707107
    outer loop
      vertex 130 -64.2857 18.6676
      vertex 146.1 -63.9321 19.0212
      vertex 130 -63.9321 19.0212
    endloop
  endfacet
  facet normal 3.43414e-16 -0.707107 0.707107
    outer loop
      vertex 130.2 -72.074 10.8793
      vertex 130 -64.2857 18.6676
      vertex 130.026 -72.1562 10.7971
    endloop
  endfacet
  facet normal 0 -0.707107 0.707107
    outer loop
      vertex 130 -64.2857 18.6676
      vertex 129.869 -72.2538 10.6995
      vertex 130.026 -72.1562 10.7971
    endloop
  endfacet
  facet normal 0 -0.707107 0.707107
    outer loop
      vertex 130 -64.2857 18.6676
      vertex 129.731 -72.3651 10.5882
      vertex 129.869 -72.2538 10.6995
    endloop
  endfacet
  facet normal 2.20315e-14 -0.707107 0.707107
    outer loop
      vertex 130 -64.2857 18.6676
      vertex 129.614 -72.4881 10.4652
      vertex 129.731 -72.3651 10.5882
    endloop
  endfacet
  facet normal 0.000824586 -0.707126 0.707087
    outer loop
      vertex 130 -64.2857 18.6676
      vertex 129.522 -72.6209 10.3325
      vertex 129.614 -72.4881 10.4652
    endloop
  endfacet
  facet normal 0 -0.707103 0.707111
    outer loop
      vertex 112.478 -72.6209 10.3325
      vertex 129.522 -72.6209 10.3325
      vertex 130 -64.2857 18.6676
    endloop
  endfacet
  facet normal 0 -0.707359 0.706854
    outer loop
      vertex 129.522 -72.6209 10.3325
      vertex 112.478 -72.6209 10.3325
      vertex 129.455 -72.761 10.1923
    endloop
  endfacet
  facet normal 0 -0.707359 0.706854
    outer loop
      vertex 112.545 -72.761 10.1923
      vertex 129.455 -72.761 10.1923
      vertex 112.478 -72.6209 10.3325
    endloop
  endfacet
  facet normal 0 -0.706863 0.70735
    outer loop
      vertex 129.455 -72.761 10.1923
      vertex 112.545 -72.761 10.1923
      vertex 129.414 -72.9062 10.0472
    endloop
  endfacet
  facet normal 0 -0.707346 0.706867
    outer loop
      vertex 129.4 -73.0538 9.8995
      vertex 112.586 -72.9062 10.0472
      vertex 112.6 -73.0538 9.8995
    endloop
  endfacet
  facet normal 0 -0.707346 0.706867
    outer loop
      vertex 129.414 -72.9062 10.0472
      vertex 112.586 -72.9062 10.0472
      vertex 129.4 -73.0538 9.8995
    endloop
  endfacet
  facet normal 0 -0.706863 0.70735
    outer loop
      vertex 112.586 -72.9062 10.0472
      vertex 129.414 -72.9062 10.0472
      vertex 112.545 -72.761 10.1923
    endloop
  endfacet
  facet normal 0 -0.707103 0.707111
    outer loop
      vertex 112 -64.2857 18.6676
      vertex 112.478 -72.6209 10.3325
      vertex 130 -64.2857 18.6676
    endloop
  endfacet
  facet normal -0.000824586 -0.707126 0.707087
    outer loop
      vertex 112.478 -72.6209 10.3325
      vertex 112 -64.2857 18.6676
      vertex 112.386 -72.4881 10.4652
    endloop
  endfacet
  facet normal -2.30642e-14 -0.707107 0.707107
    outer loop
      vertex 112.386 -72.4881 10.4652
      vertex 112 -64.2857 18.6676
      vertex 112.269 -72.3651 10.5882
    endloop
  endfacet
  facet normal -5.06473e-16 -0.707107 0.707107
    outer loop
      vertex 112.269 -72.3651 10.5882
      vertex 112 -64.2857 18.6676
      vertex 112.131 -72.2538 10.6995
    endloop
  endfacet
  facet normal -3.80411e-16 -0.707107 0.707107
    outer loop
      vertex 112.131 -72.2538 10.6995
      vertex 112 -64.2857 18.6676
      vertex 111.974 -72.1562 10.7971
    endloop
  endfacet
  facet normal -8.0385e-07 -0.707107 0.707107
    outer loop
      vertex 164.5 -8 74.9533
      vertex 155.6 -32.3245 50.6288
      vertex 164.5 -80.1249 2.82843
    endloop
  endfacet
  facet normal 0 -0.707107 0.707107
    outer loop
      vertex 164.5 -8 74.9533
      vertex 155.595 -32.2088 50.7445
      vertex 155.6 -32.3245 50.6288
    endloop
  endfacet
  facet normal 0 -0.707107 0.707107
    outer loop
      vertex 164.5 -8 74.9533
      vertex 155.593 -32.1931 50.7602
      vertex 155.595 -32.2088 50.7445
    endloop
  endfacet
  facet normal 1.14558e-14 -0.707107 0.707107
    outer loop
      vertex 164.5 -8 74.9533
      vertex 155.535 -31.5628 51.3905
      vertex 155.593 -32.1931 50.7602
    endloop
  endfacet
  facet normal 0 -0.707107 0.707107
    outer loop
      vertex 164.5 -8 74.9533
      vertex 155.492 -31.3335 51.6198
      vertex 155.535 -31.5628 51.3905
    endloop
  endfacet
  facet normal 8.12272e-15 -0.707107 0.707107
    outer loop
      vertex 164.5 -8 74.9533
      vertex 155.313 -30.6985 52.2548
      vertex 155.492 -31.3335 51.6198
    endloop
  endfacet
  facet normal 0.0168099 -0.710401 0.703597
    outer loop
      vertex 164.5 -8 74.9533
      vertex 155.311 -30.6931 52.2603
      vertex 155.313 -30.6985 52.2548
    endloop
  endfacet
  facet normal -0.000411436 -0.707022 0.707192
    outer loop
      vertex 164.5 -8 74.9533
      vertex 155.229 -30.4752 52.4781
      vertex 155.311 -30.6931 52.2603
    endloop
  endfacet
  facet normal 0 -0.707107 0.707107
    outer loop
      vertex 164.5 -8 74.9533
      vertex 155.222 -30.4602 52.4931
      vertex 155.229 -30.4752 52.4781
    endloop
  endfacet
  facet normal 3.34459e-15 -0.707107 0.707107
    outer loop
      vertex 164.5 -8 74.9533
      vertex 154.934 -29.8621 53.0912
      vertex 155.222 -30.4602 52.4931
    endloop
  endfacet
  facet normal 0.0133474 -0.709958 0.704118
    outer loop
      vertex 164.5 -8 74.9533
      vertex 154.931 -29.8569 53.0965
      vertex 154.934 -29.8621 53.0912
    endloop
  endfacet
  facet normal -0.000328408 -0.707033 0.70718
    outer loop
      vertex 164.5 -8 74.9533
      vertex 154.809 -29.6484 53.3049
      vertex 154.931 -29.8569 53.0965
    endloop
  endfacet
  facet normal 0.00432892 -0.708068 0.706131
    outer loop
      vertex 164.5 -8 74.9533
      vertex 154.799 -29.6343 53.3191
      vertex 154.809 -29.6484 53.3049
    endloop
  endfacet
  facet normal -0.000106092 -0.707081 0.707132
    outer loop
      vertex 164.5 -8 74.9533
      vertex 154.404 -29.0677 53.8856
      vertex 154.799 -29.6343 53.3191
    endloop
  endfacet
  facet normal 9.01615e-13 -0.707107 0.707107
    outer loop
      vertex 164.5 -8 74.9533
      vertex 154.4 -29.0628 53.8905
      vertex 154.404 -29.0677 53.8856
    endloop
  endfacet
  facet normal -7.55318e-15 -0.707107 0.707107
    outer loop
      vertex 164.5 -8 74.9533
      vertex 154.241 -28.8675 54.0858
      vertex 154.4 -29.0628 53.8905
    endloop
  endfacet
  facet normal -9.88314e-14 -0.707107 0.707107
    outer loop
      vertex 164.5 -8 74.9533
      vertex 154.228 -28.8543 54.099
      vertex 154.241 -28.8675 54.0858
    endloop
  endfacet
  facet normal 7.66162e-15 -0.707107 0.707107
    outer loop
      vertex 164.5 -8 74.9533
      vertex 153.732 -28.3291 54.6242
      vertex 154.228 -28.8543 54.099
    endloop
  endfacet
  facet normal 0.00961072 -0.709615 0.704524
    outer loop
      vertex 164.5 -8 74.9533
      vertex 153.727 -28.3247 54.6287
      vertex 153.732 -28.3291 54.6242
    endloop
  endfacet
  facet normal -0.000242644 -0.707041 0.707173
    outer loop
      vertex 164.5 -8 74.9533
      vertex 153.533 -28.1457 54.8076
      vertex 153.727 -28.3247 54.6287
    endloop
  endfacet
  facet normal -9.28935e-14 -0.707107 0.707107
    outer loop
      vertex 164.5 -8 74.9533
      vertex 153.518 -28.1338 54.8195
      vertex 153.533 -28.1457 54.8076
    endloop
  endfacet
  facet normal 4.70821e-15 -0.707107 0.707107
    outer loop
      vertex 164.5 -8 74.9533
      vertex 152.929 -27.6589 55.2944
      vertex 153.518 -28.1338 54.8195
    endloop
  endfacet
  facet normal 0 -0.707107 0.707107
    outer loop
      vertex 164.5 -8 74.9533
      vertex 152.924 -27.6549 55.2984
      vertex 152.929 -27.6589 55.2944
    endloop
  endfacet
  facet normal 0 -0.707107 0.707107
    outer loop
      vertex 164.5 -8 74.9533
      vertex 152.698 -27.4954 55.4579
      vertex 152.924 -27.6549 55.2984
    endloop
  endfacet
  facet normal -8.85022e-14 -0.707107 0.707107
    outer loop
      vertex 164.5 -8 74.9533
      vertex 152.681 -27.485 55.4683
      vertex 152.698 -27.4954 55.4579
    endloop
  endfacet
  facet normal 0 -0.707107 0.707107
    outer loop
      vertex 164.5 -8 74.9533
      vertex 152.01 -27.0685 55.8848
      vertex 152.681 -27.485 55.4683
    endloop
  endfacet
  facet normal 0.00763606 -0.709583 0.704581
    outer loop
      vertex 164.5 -8 74.9533
      vertex 152.003 -27.0651 55.8883
      vertex 152.01 -27.0685 55.8848
    endloop
  endfacet
  facet normal -0.000204649 -0.707038 0.707176
    outer loop
      vertex 164.5 -8 74.9533
      vertex 151.75 -26.9277 56.0256
      vertex 152.003 -27.0651 55.8883
    endloop
  endfacet
  facet normal 0.00295932 -0.7081 0.706106
    outer loop
      vertex 164.5 -8 74.9533
      vertex 151.732 -26.919 56.0344
      vertex 151.75 -26.9277 56.0256
    endloop
  endfacet
  facet normal -7.08262e-05 -0.707081 0.707133
    outer loop
      vertex 164.5 -8 74.9533
      vertex 150.989 -26.568 56.3853
      vertex 151.732 -26.919 56.0344
    endloop
  endfacet
  facet normal 0 -0.707107 0.707107
    outer loop
      vertex 164.5 -8 74.9533
      vertex 150.706 -26.4524 56.5009
      vertex 150.989 -26.568 56.3853
    endloop
  endfacet
  facet normal -8.6327e-14 -0.707107 0.707107
    outer loop
      vertex 164.5 -8 74.9533
      vertex 150.686 -26.4454 56.5079
      vertex 150.706 -26.4524 56.5009
    endloop
  endfacet
  facet normal 2.157e-15 -0.707107 0.707107
    outer loop
      vertex 164.5 -8 74.9533
      vertex 149.885 -26.166 56.7873
      vertex 150.686 -26.4454 56.5079
    endloop
  endfacet
  facet normal 0 -0.707107 0.707107
    outer loop
      vertex 164.5 -8 74.9533
      vertex 149.877 -26.1639 56.7894
      vertex 149.885 -26.166 56.7873
    endloop
  endfacet
  facet normal -6.07003e-15 -0.707107 0.707107
    outer loop
      vertex 164.5 -8 74.9533
      vertex 149.582 -26.0775 56.8758
      vertex 149.877 -26.1639 56.7894
    endloop
  endfacet
  facet normal 0 -0.707107 0.707107
    outer loop
      vertex 164.5 -8 74.9533
      vertex 148.715 -25.8694 57.0839
      vertex 149.582 -26.0775 56.8758
    endloop
  endfacet
  facet normal 0.00853861 -0.710842 0.7033
    outer loop
      vertex 164.5 -8 74.9533
      vertex 148.708 -25.868 57.0854
      vertex 148.715 -25.8694 57.0839
    endloop
  endfacet
  facet normal -0.000195467 -0.707018 0.707195
    outer loop
      vertex 164.5 -8 74.9533
      vertex 148.399 -25.8096 57.1437
      vertex 148.708 -25.868 57.0854
    endloop
  endfacet
  facet normal -9.48171e-14 -0.707107 0.707107
    outer loop
      vertex 164.5 -8 74.9533
      vertex 148.378 -25.8065 57.1468
      vertex 148.399 -25.8096 57.1437
    endloop
  endfacet
  facet normal 2.28344e-15 -0.707107 0.707107
    outer loop
      vertex 164.5 -8 74.9533
      vertex 147.501 -25.6833 57.27
      vertex 148.378 -25.8065 57.1468
    endloop
  endfacet
  facet normal 0 -0.707107 0.707107
    outer loop
      vertex 164.5 -8 74.9533
      vertex 147.493 -25.6825 57.2708
      vertex 147.501 -25.6833 57.27
    endloop
  endfacet
  facet normal -1.98077e-14 -0.707107 0.707107
    outer loop
      vertex 164.5 -8 74.9533
      vertex 147.177 -25.6531 57.3002
      vertex 147.493 -25.6825 57.2708
    endloop
  endfacet
  facet normal 0.0030703 -0.708608 0.705595
    outer loop
      vertex 164.5 -8 74.9533
      vertex 147.155 -25.6521 57.3013
      vertex 147.177 -25.6531 57.3002
    endloop
  endfacet
  facet normal -7.57221e-05 -0.707068 0.707146
    outer loop
      vertex 164.5 -8 74.9533
      vertex 146.264 -25.6107 57.3426
      vertex 147.155 -25.6521 57.3013
    endloop
  endfacet
  facet normal 0.00042119 -0.707325 0.706889
    outer loop
      vertex 164.5 -8 74.9533
      vertex 146.1 -25.607 57.3464
      vertex 146.264 -25.6107 57.3426
    endloop
  endfacet
  facet normal 0 -0.707105 0.707109
    outer loop
      vertex 164.5 -8 74.9533
      vertex 95.9 -25.607 57.3464
      vertex 146.1 -25.607 57.3464
    endloop
  endfacet
  facet normal -3.56179e-07 -0.707104 0.707109
    outer loop
      vertex 62.3329 -14.7341 68.2192
      vertex 95.9 -25.607 57.3464
      vertex 164.5 -8 74.9533
    endloop
  endfacet
  facet normal -4.41005e-06 -0.70711 0.707103
    outer loop
      vertex 65.0112 -16.395 66.5583
      vertex 95.9 -25.607 57.3464
      vertex 62.3329 -14.7341 68.2192
    endloop
  endfacet
  facet normal 0.000362425 -0.706495 0.707718
    outer loop
      vertex 65.1898 -16.5058 66.4476
      vertex 95.9 -25.607 57.3464
      vertex 65.0112 -16.395 66.5583
    endloop
  endfacet
  facet normal -0.000401415 -0.707784 0.706429
    outer loop
      vertex 95.9 -25.607 57.3464
      vertex 65.1898 -16.5058 66.4476
      vertex 95.7365 -25.6107 57.3426
    endloop
  endfacet
  facet normal 3.2869e-07 -0.70711 0.707103
    outer loop
      vertex 95.7365 -25.6107 57.3426
      vertex 65.1898 -16.5058 66.4476
      vertex 95.7142 -25.6118 57.3415
    endloop
  endfacet
  facet normal -0.000219031 -0.707478 0.706736
    outer loop
      vertex 65.421 -16.6693 66.284
      vertex 95.7142 -25.6118 57.3415
      vertex 65.1898 -16.5058 66.4476
    endloop
  endfacet
  facet normal -4.86054e-15 -0.707107 0.707107
    outer loop
      vertex 95.7142 -25.6118 57.3415
      vertex 65.421 -16.6693 66.284
      vertex 94.8228 -25.6531 57.3002
    endloop
  endfacet
  facet normal 4.93075e-13 -0.707107 0.707107
    outer loop
      vertex 94.8228 -25.6531 57.3002
      vertex 65.421 -16.6693 66.284
      vertex 94.8149 -25.6538 57.2995
    endloop
  endfacet
  facet normal 2.11665e-17 -0.707107 0.707107
    outer loop
      vertex 94.8149 -25.6538 57.2995
      vertex 65.421 -16.6693 66.284
      vertex 94.4986 -25.6833 57.27
    endloop
  endfacet
  facet normal 1.38965e-16 -0.707107 0.707107
    outer loop
      vertex 67.9265 -18.6894 64.2639
      vertex 94.4986 -25.6833 57.27
      vertex 65.421 -16.6693 66.284
    endloop
  endfacet
  facet normal -1.16752e-11 -0.707107 0.707107
    outer loop
      vertex 92.4176 -26.0775 56.8758
      vertex 92.1155 -26.166 56.7873
      vertex 92.4103 -26.0797 56.8736
    endloop
  endfacet
  facet normal -3.93302e-14 -0.707107 0.707107
    outer loop
      vertex 72.206 -23.9307 59.0226
      vertex 89.0559 -27.6708 55.2825
      vertex 89.0706 -27.6589 55.2944
    endloop
  endfacet
  facet normal 0 -0.707107 0.707107
    outer loop
      vertex 74.2071 -29.169 53.7843
      vertex 87.1876 -29.6536 53.2997
      vertex 87.1907 -29.6484 53.3049
    endloop
  endfacet
  facet normal -8.9997e-09 -0.707105 0.707108
    outer loop
      vertex 74.55 -55.7651 27.1883
      vertex 86.4 -32.3245 50.6288
      vertex 74.55 -32.3598 50.5935
    endloop
  endfacet
  facet normal 0 -0.707107 0.707107
    outer loop
      vertex 86.4054 -32.2088 50.7445
      vertex 74.55 -32.3598 50.5935
      vertex 86.4 -32.3245 50.6288
    endloop
  endfacet
  facet normal 5.9478e-06 -0.707107 0.707107
    outer loop
      vertex 74.5291 -32.0767 50.8767
      vertex 86.4054 -32.2088 50.7445
      vertex 86.4638 -31.5785 51.3748
    endloop
  endfacet
  facet normal 5.94693e-06 -0.707107 0.707107
    outer loop
      vertex 74.5291 -32.0767 50.8767
      vertex 86.4638 -31.5785 51.3748
      vertex 86.4652 -31.5628 51.3905
    endloop
  endfacet
  facet normal 5.97198e-06 -0.707107 0.707106
    outer loop
      vertex 74.5291 -32.0767 50.8767
      vertex 86.4652 -31.5628 51.3905
      vertex 86.5079 -31.3335 51.6198
    endloop
  endfacet
  facet normal -3.50168e-16 -0.707107 0.707107
    outer loop
      vertex 74.2961 -29.563 53.3903
      vertex 86.5079 -31.3335 51.6198
      vertex 86.6866 -30.6985 52.2548
    endloop
  endfacet
  facet normal 0 -0.707107 0.707107
    outer loop
      vertex 74.2961 -29.563 53.3903
      vertex 86.6866 -30.6985 52.2548
      vertex 86.7691 -30.4806 52.4727
    endloop
  endfacet
  facet normal 5.45536e-06 -0.707108 0.707106
    outer loop
      vertex 74.2534 -29.3338 53.6196
      vertex 86.7691 -30.4806 52.4727
      vertex 86.7712 -30.4752 52.4781
    endloop
  endfacet
  facet normal -2.28823e-16 -0.707107 0.707107
    outer loop
      vertex 74.2071 -29.169 53.7843
      vertex 86.7712 -30.4752 52.4781
      vertex 87.0583 -29.877 53.0763
    endloop
  endfacet
  facet normal 0 -0.707107 0.707107
    outer loop
      vertex 74.2071 -29.169 53.7843
      vertex 87.0583 -29.877 53.0763
      vertex 87.0655 -29.8621 53.0912
    endloop
  endfacet
  facet normal 0 -0.707107 0.707107
    outer loop
      vertex 87.1876 -29.6536 53.2997
      vertex 74.2071 -29.169 53.7843
      vertex 87.0655 -29.8621 53.0912
    endloop
  endfacet
  facet normal -2.11354e-16 -0.707107 0.707107
    outer loop
      vertex 73.5121 -26.6984 56.2549
      vertex 87.1907 -29.6484 53.3049
      vertex 87.5858 -29.0819 53.8714
    endloop
  endfacet
  facet normal 5.34608e-14 -0.707107 0.707107
    outer loop
      vertex 73.5121 -26.6984 56.2549
      vertex 87.5858 -29.0819 53.8714
      vertex 87.5956 -29.0677 53.8856
    endloop
  endfacet
  facet normal -5.35366e-05 -0.707266 0.706948
    outer loop
      vertex 73.5121 -26.6984 56.2549
      vertex 87.5956 -29.0677 53.8856
      vertex 87.7552 -28.8724 54.081
    endloop
  endfacet
  facet normal 0.00197752 -0.700581 0.71357
    outer loop
      vertex 73.5121 -26.6984 56.2549
      vertex 87.7552 -28.8724 54.081
      vertex 87.7591 -28.8675 54.0858
    endloop
  endfacet
  facet normal -1.94111e-05 -0.707165 0.707049
    outer loop
      vertex 73.4275 -26.4751 56.4782
      vertex 87.7591 -28.8675 54.0858
      vertex 88.2554 -28.3423 54.6111
    endloop
  endfacet
  facet normal 0.000600463 -0.704699 0.709506
    outer loop
      vertex 73.4275 -26.4751 56.4782
      vertex 88.2554 -28.3423 54.6111
      vertex 88.2679 -28.3291 54.6242
    endloop
  endfacet
  facet normal 0 -0.707107 0.707107
    outer loop
      vertex 73.4275 -26.4751 56.4782
      vertex 88.2679 -28.3291 54.6242
      vertex 88.4621 -28.1502 54.8031
    endloop
  endfacet
  facet normal 0 -0.707107 0.707107
    outer loop
      vertex 72.206 -23.9307 59.0226
      vertex 88.4621 -28.1502 54.8031
      vertex 88.4669 -28.1457 54.8076
    endloop
  endfacet
  facet normal 9.07751e-16 -0.707107 0.707107
    outer loop
      vertex 89.0559 -27.6708 55.2825
      vertex 72.206 -23.9307 59.0226
      vertex 88.4669 -28.1457 54.8076
    endloop
  endfacet
  facet normal 2.48984e-15 -0.707107 0.707107
    outer loop
      vertex 72.206 -23.9307 59.0226
      vertex 89.0706 -27.6589 55.2944
      vertex 89.2963 -27.4994 55.4539
    endloop
  endfacet
  facet normal -9.95238e-14 -0.707107 0.707107
    outer loop
      vertex 72.206 -23.9307 59.0226
      vertex 89.2963 -27.4994 55.4539
      vertex 89.3019 -27.4954 55.4579
    endloop
  endfacet
  facet normal -2.58716e-16 -0.707107 0.707107
    outer loop
      vertex 72.0809 -23.7171 59.2362
      vertex 89.3019 -27.4954 55.4579
      vertex 89.9735 -27.0789 55.8744
    endloop
  endfacet
  facet normal 3.62486e-14 -0.707107 0.707107
    outer loop
      vertex 72.0809 -23.7171 59.2362
      vertex 89.9735 -27.0789 55.8744
      vertex 89.9903 -27.0685 55.8848
    endloop
  endfacet
  facet normal -2.6586e-15 -0.707107 0.707107
    outer loop
      vertex 72.0809 -23.7171 59.2362
      vertex 89.9903 -27.0685 55.8848
      vertex 90.2434 -26.9312 56.0221
    endloop
  endfacet
  facet normal 1.43712e-13 -0.707107 0.707107
    outer loop
      vertex 70.4002 -21.3072 61.6461
      vertex 90.2434 -26.9312 56.0221
      vertex 90.2497 -26.9277 56.0256
    endloop
  endfacet
  facet normal 0 -0.707107 0.707107
    outer loop
      vertex 70.4002 -21.3072 61.6461
      vertex 90.2497 -26.9277 56.0256
      vertex 90.9925 -26.5768 56.3765
    endloop
  endfacet
  facet normal -4.4984e-14 -0.707107 0.707107
    outer loop
      vertex 70.4002 -21.3072 61.6461
      vertex 90.9925 -26.5768 56.3765
      vertex 91.0111 -26.568 56.3853
    endloop
  endfacet
  facet normal 0 -0.707107 0.707107
    outer loop
      vertex 70.4002 -21.3072 61.6461
      vertex 91.0111 -26.568 56.3853
      vertex 91.2943 -26.4524 56.5009
    endloop
  endfacet
  facet normal 0 -0.707107 0.707107
    outer loop
      vertex 86.4054 -32.2088 50.7445
      vertex 74.5446 -32.2442 50.7091
      vertex 74.55 -32.3598 50.5935
    endloop
  endfacet
  facet normal 2.47107e-15 -0.707107 0.707107
    outer loop
      vertex 70.2367 -21.107 61.8463
      vertex 91.2943 -26.4524 56.5009
      vertex 92.0955 -26.173 56.7803
    endloop
  endfacet
  facet normal -9.87745e-14 -0.707107 0.707107
    outer loop
      vertex 70.2367 -21.107 61.8463
      vertex 92.0955 -26.173 56.7803
      vertex 92.1155 -26.166 56.7873
    endloop
  endfacet
  facet normal 1.25924e-06 -0.707318 0.706896
    outer loop
      vertex 86.4054 -32.2088 50.7445
      vertex 74.5291 -32.0767 50.8767
      vertex 74.5446 -32.2442 50.7091
    endloop
  endfacet
  facet normal 4.13402e-06 -0.707093 0.707121
    outer loop
      vertex 86.5079 -31.3335 51.6198
      vertex 74.2961 -29.563 53.3903
      vertex 74.5291 -32.0767 50.8767
    endloop
  endfacet
  facet normal 1.44646e-06 -0.707109 0.707104
    outer loop
      vertex 68.1256 -18.8729 64.0805
      vertex 92.1155 -26.166 56.7873
      vertex 92.4176 -26.0775 56.8758
    endloop
  endfacet
  facet normal 0.00211149 -0.703083 0.711105
    outer loop
      vertex 94.4986 -25.6833 57.27
      vertex 67.9265 -18.6894 64.2639
      vertex 94.4767 -25.6864 57.267
    endloop
  endfacet
  facet normal -2.30065e-05 -0.707263 0.70695
    outer loop
      vertex 86.7691 -30.4806 52.4727
      vertex 74.2534 -29.3338 53.6196
      vertex 74.2961 -29.563 53.3903
    endloop
  endfacet
  facet normal 4.59638e-05 -0.706886 0.707328
    outer loop
      vertex 86.7712 -30.4752 52.4781
      vertex 74.2071 -29.169 53.7843
      vertex 74.2534 -29.3338 53.6196
    endloop
  endfacet
  facet normal 3.95687e-17 -0.707107 0.707107
    outer loop
      vertex 87.1907 -29.6484 53.3049
      vertex 73.5121 -26.6984 56.2549
      vertex 74.2071 -29.169 53.7843
    endloop
  endfacet
  facet normal -1.88546e-15 -0.707107 0.707107
    outer loop
      vertex 87.7591 -28.8675 54.0858
      vertex 73.4275 -26.4751 56.4782
      vertex 73.5121 -26.6984 56.2549
    endloop
  endfacet
  facet normal 1.21417e-16 -0.707107 0.707107
    outer loop
      vertex 88.4621 -28.1502 54.8031
      vertex 72.206 -23.9307 59.0226
      vertex 73.4275 -26.4751 56.4782
    endloop
  endfacet
  facet normal 2.74274e-15 -0.707107 0.707107
    outer loop
      vertex 89.3019 -27.4954 55.4579
      vertex 72.0809 -23.7171 59.2362
      vertex 72.206 -23.9307 59.0226
    endloop
  endfacet
  facet normal -5.23802e-16 -0.707107 0.707107
    outer loop
      vertex 90.2434 -26.9312 56.0221
      vertex 70.4002 -21.3072 61.6461
      vertex 72.0809 -23.7171 59.2362
    endloop
  endfacet
  facet normal 0 -0.707107 0.707107
    outer loop
      vertex 91.2943 -26.4524 56.5009
      vertex 70.2367 -21.107 61.8463
      vertex 70.4002 -21.3072 61.6461
    endloop
  endfacet
  facet normal -9.36442e-06 -0.707127 0.707087
    outer loop
      vertex 92.1155 -26.166 56.7873
      vertex 68.1256 -18.8729 64.0805
      vertex 70.2367 -21.107 61.8463
    endloop
  endfacet
  facet normal 1.30194e-06 -0.707109 0.707104
    outer loop
      vertex 93.2847 -25.8694 57.0839
      vertex 68.1256 -18.8729 64.0805
      vertex 92.4176 -26.0775 56.8758
    endloop
  endfacet
  facet normal 0.000157553 -0.706828 0.707385
    outer loop
      vertex 68.1256 -18.8729 64.0805
      vertex 93.2847 -25.8694 57.0839
      vertex 67.9265 -18.6894 64.2639
    endloop
  endfacet
  facet normal 8.5029e-17 -0.707107 0.707107
    outer loop
      vertex 93.5928 -25.811 57.1423
      vertex 67.9265 -18.6894 64.2639
      vertex 93.2847 -25.8694 57.0839
    endloop
  endfacet
  facet normal -1.97031e-13 -0.707107 0.707107
    outer loop
      vertex 93.6005 -25.8096 57.1437
      vertex 67.9265 -18.6894 64.2639
      vertex 93.5928 -25.811 57.1423
    endloop
  endfacet
  facet normal -5.35438e-05 -0.707203 0.70701
    outer loop
      vertex 94.4767 -25.6864 57.267
      vertex 67.9265 -18.6894 64.2639
      vertex 93.6005 -25.8096 57.1437
    endloop
  endfacet
  facet normal 2.95255e-05 -0.707331 0.706883
    outer loop
      vertex 164.5 -8 74.9533
      vertex 62.0734 -14.5934 68.36
      vertex 62.3329 -14.7341 68.2192
    endloop
  endfacet
  facet normal 6.07603e-07 -0.707106 0.707107
    outer loop
      vertex 164.5 -8 74.9533
      vertex 61.876 -14.5001 68.4533
      vertex 62.0734 -14.5934 68.36
    endloop
  endfacet
  facet normal -2.21443e-06 -0.707084 0.70713
    outer loop
      vertex 164.5 -8 74.9533
      vertex 58.9139 -13.1006 69.8527
      vertex 61.876 -14.5001 68.4533
    endloop
  endfacet
  facet normal 2.64118e-05 -0.70738 0.706833
    outer loop
      vertex 164.5 -8 74.9533
      vertex 58.6307 -12.985 69.9684
      vertex 58.9139 -13.1006 69.8527
    endloop
  endfacet
  facet normal -1.8798e-06 -0.70708 0.707134
    outer loop
      vertex 164.5 -8 74.9533
      vertex 55.2227 -11.7965 71.1568
      vertex 58.6307 -12.985 69.9684
    endloop
  endfacet
  facet normal -7.46797e-15 -0.707107 0.707107
    outer loop
      vertex 164.5 -8 74.9533
      vertex 55.2038 -11.791 71.1623
      vertex 55.2227 -11.7965 71.1568
    endloop
  endfacet
  facet normal 2.6436e-05 -0.707488 0.706726
    outer loop
      vertex 164.5 -8 74.9533
      vertex 54.9205 -11.7081 71.2453
      vertex 55.2038 -11.791 71.1623
    endloop
  endfacet
  facet normal -3.83053e-05 -0.706531 0.707682
    outer loop
      vertex 164.5 -8 74.9533
      vertex 54.6957 -11.6541 71.2992
      vertex 54.9205 -11.7081 71.2453
    endloop
  endfacet
  facet normal 2.55217e-06 -0.707145 0.707068
    outer loop
      vertex 164.5 -8 74.9533
      vertex 51.3223 -10.8444 72.109
      vertex 54.6957 -11.6541 71.2992
    endloop
  endfacet
  facet normal -0.000418039 -0.698728 0.715387
    outer loop
      vertex 164.5 -8 74.9533
      vertex 51.3026 -10.8406 72.1127
      vertex 51.3223 -10.8444 72.109
    endloop
  endfacet
  facet normal 0 -0.707107 0.707107
    outer loop
      vertex 164.5 -8 74.9533
      vertex 51.0064 -10.7845 72.1688
      vertex 51.3026 -10.8406 72.1127
    endloop
  endfacet
  facet normal -1.25839e-16 -0.707107 0.707107
    outer loop
      vertex 164.5 -8 74.9533
      vertex 47.2795 -10.2603 72.693
      vertex 51.0064 -10.7845 72.1688
    endloop
  endfacet
  facet normal 3.27342e-14 -0.707107 0.707107
    outer loop
      vertex 164.5 -8 74.9533
      vertex 47.2592 -10.2584 72.6949
      vertex 47.2795 -10.2603 72.693
    endloop
  endfacet
  facet normal 6.27372e-16 -0.707107 0.707107
    outer loop
      vertex 164.5 -8 74.9533
      vertex 46.9553 -10.2301 72.7232
      vertex 47.2592 -10.2584 72.6949
    endloop
  endfacet
  facet normal -4.82701e-15 -0.707107 0.707107
    outer loop
      vertex 164.5 -8 74.9533
      vertex 46.7183 -10.2191 72.7342
      vertex 46.9553 -10.2301 72.7232
    endloop
  endfacet
  facet normal -2.07143e-16 -0.707107 0.707107
    outer loop
      vertex 164.5 -8 74.9533
      vertex 43.1635 -10.0544 72.8989
      vertex 46.7183 -10.2191 72.7342
    endloop
  endfacet
  facet normal 0 -0.707107 0.707107
    outer loop
      vertex 0 -8 74.9533
      vertex 43.1635 -10.0544 72.8989
      vertex 164.5 -8 74.9533
    endloop
  endfacet
  facet normal -8.60558e-12 -0.707107 0.707107
    outer loop
      vertex 42.8365 -10.0544 72.8989
      vertex 39.0447 -10.2301 72.7232
      vertex 42.5995 -10.0654 72.8879
    endloop
  endfacet
  facet normal 0.359881 -0.853904 -0.375943
    outer loop
      vertex 31.0795 -11.7081 71.2453
      vertex 30.7773 -11.7965 71.1568
      vertex 31.0606 -11.7136 71.2397
    endloop
  endfacet
  facet normal 1.37535e-14 -0.707107 0.707107
    outer loop
      vertex 0 -8 74.9533
      vertex 12.4416 -26.8631 56.0902
      vertex 12.4879 -26.6984 56.2549
    endloop
  endfacet
  facet normal 0 -0.707107 0.707107
    outer loop
      vertex 0 -8 74.9533
      vertex 11.6884 -29.7306 53.2227
      vertex 11.7039 -29.563 53.3903
    endloop
  endfacet
  facet normal 6.42747e-06 -0.707105 0.707108
    outer loop
      vertex 11.45 -32.3598 50.5935
      vertex 0 -8 74.9533
      vertex 11.45 -55.7651 27.1883
    endloop
  endfacet
  facet normal 0 -0.707107 0.707107
    outer loop
      vertex 11.4554 -32.2442 50.7091
      vertex 0 -8 74.9533
      vertex 11.45 -32.3598 50.5935
    endloop
  endfacet
  facet normal -1.75046e-15 -0.707107 0.707107
    outer loop
      vertex 11.6884 -29.7306 53.2227
      vertex 0 -8 74.9533
      vertex 11.4554 -32.2442 50.7091
    endloop
  endfacet
  facet normal -0.000423084 -0.707222 0.706992
    outer loop
      vertex 11.7466 -29.3338 53.6196
      vertex 0 -8 74.9533
      vertex 11.7039 -29.563 53.3903
    endloop
  endfacet
  facet normal 3.04188e-05 -0.707097 0.707117
    outer loop
      vertex 12.4416 -26.8631 56.0902
      vertex 0 -8 74.9533
      vertex 11.7466 -29.3338 53.6196
    endloop
  endfacet
  facet normal -1.07776e-14 -0.707107 0.707107
    outer loop
      vertex 12.5725 -26.4751 56.4782
      vertex 0 -8 74.9533
      vertex 12.4879 -26.6984 56.2549
    endloop
  endfacet
  facet normal 7.36743e-16 -0.707107 0.707107
    outer loop
      vertex 13.794 -23.9307 59.0226
      vertex 0 -8 74.9533
      vertex 12.5725 -26.4751 56.4782
    endloop
  endfacet
  facet normal 8.13762e-15 -0.707107 0.707107
    outer loop
      vertex 13.9191 -23.7171 59.2362
      vertex 0 -8 74.9533
      vertex 13.794 -23.9307 59.0226
    endloop
  endfacet
  facet normal -5.86565e-16 -0.707107 0.707107
    outer loop
      vertex 15.5998 -21.3072 61.6461
      vertex 0 -8 74.9533
      vertex 13.9191 -23.7171 59.2362
    endloop
  endfacet
  facet normal 0 -0.707107 0.707107
    outer loop
      vertex 15.7633 -21.107 61.8463
      vertex 0 -8 74.9533
      vertex 15.5998 -21.3072 61.6461
    endloop
  endfacet
  facet normal -1.47374e-05 -0.707116 0.707098
    outer loop
      vertex 17.8744 -18.8729 64.0805
      vertex 0 -8 74.9533
      vertex 15.7633 -21.107 61.8463
    endloop
  endfacet
  facet normal 0.000138846 -0.706989 0.707224
    outer loop
      vertex 18.0735 -18.6894 64.2639
      vertex 0 -8 74.9533
      vertex 17.8744 -18.8729 64.0805
    endloop
  endfacet
  facet normal -1.58764e-16 -0.707107 0.707107
    outer loop
      vertex 20.579 -16.6693 66.284
      vertex 0 -8 74.9533
      vertex 18.0735 -18.6894 64.2639
    endloop
  endfacet
  facet normal -0.000114154 -0.707242 0.706971
    outer loop
      vertex 20.8102 -16.5058 66.4476
      vertex 0 -8 74.9533
      vertex 20.579 -16.6693 66.284
    endloop
  endfacet
  facet normal -2.048e-06 -0.707105 0.707108
    outer loop
      vertex 23.4886 -14.8449 68.1085
      vertex 0 -8 74.9533
      vertex 20.8102 -16.5058 66.4476
    endloop
  endfacet
  facet normal 0.000124549 -0.706888 0.707326
    outer loop
      vertex 23.6671 -14.7341 68.2192
      vertex 0 -8 74.9533
      vertex 23.4886 -14.8449 68.1085
    endloop
  endfacet
  facet normal -9.37598e-05 -0.707272 0.706942
    outer loop
      vertex 23.9266 -14.5934 68.36
      vertex 0 -8 74.9533
      vertex 23.6671 -14.7341 68.2192
    endloop
  endfacet
  facet normal 6.92774e-06 -0.707089 0.707125
    outer loop
      vertex 26.8886 -13.1939 69.7594
      vertex 0 -8 74.9533
      vertex 23.9266 -14.5934 68.36
    endloop
  endfacet
  facet normal 0 -0.707107 0.707107
    outer loop
      vertex 27.0861 -13.1006 69.8527
      vertex 0 -8 74.9533
      vertex 26.8886 -13.1939 69.7594
    endloop
  endfacet
  facet normal -7.87999e-05 -0.707316 0.706898
    outer loop
      vertex 27.3693 -12.985 69.9684
      vertex 0 -8 74.9533
      vertex 27.0861 -13.1006 69.8527
    endloop
  endfacet
  facet normal 5.42157e-06 -0.707085 0.707129
    outer loop
      vertex 30.7773 -11.7965 71.1568
      vertex 0 -8 74.9533
      vertex 27.3693 -12.985 69.9684
    endloop
  endfacet
  facet normal -6.93757e-05 -0.707388 0.706826
    outer loop
      vertex 31.0795 -11.7081 71.2453
      vertex 0 -8 74.9533
      vertex 30.7773 -11.7965 71.1568
    endloop
  endfacet
  facet normal 5.4397e-06 -0.707074 0.707139
    outer loop
      vertex 34.4528 -10.8983 72.055
      vertex 0 -8 74.9533
      vertex 31.0795 -11.7081 71.2453
    endloop
  endfacet
  facet normal -8.16316e-05 -0.707592 0.706621
    outer loop
      vertex 34.6777 -10.8444 72.109
      vertex 0 -8 74.9533
      vertex 34.4528 -10.8983 72.055
    endloop
  endfacet
  facet normal -1.42303e-06 -0.707103 0.707111
    outer loop
      vertex 34.9738 -10.7883 72.1651
      vertex 0 -8 74.9533
      vertex 34.6777 -10.8444 72.109
    endloop
  endfacet
  facet normal 0.00105648 -0.700437 0.713714
    outer loop
      vertex 34.9936 -10.7845 72.1688
      vertex 0 -8 74.9533
      vertex 34.9738 -10.7883 72.1651
    endloop
  endfacet
  facet normal 2.952e-16 -0.707107 0.707107
    outer loop
      vertex 38.7205 -10.2603 72.693
      vertex 0 -8 74.9533
      vertex 34.9936 -10.7845 72.1688
    endloop
  endfacet
  facet normal 0 -0.707107 0.707107
    outer loop
      vertex 39.0245 -10.232 72.7213
      vertex 0 -8 74.9533
      vertex 38.7205 -10.2603 72.693
    endloop
  endfacet
  facet normal -9.40554e-14 -0.707107 0.707107
    outer loop
      vertex 39.0447 -10.2301 72.7232
      vertex 0 -8 74.9533
      vertex 39.0245 -10.232 72.7213
    endloop
  endfacet
  facet normal 8.55972e-16 -0.707107 0.707107
    outer loop
      vertex 42.8365 -10.0544 72.8989
      vertex 0 -8 74.9533
      vertex 39.0447 -10.2301 72.7232
    endloop
  endfacet
  facet normal 0 -0.707107 0.707107
    outer loop
      vertex 43.1635 -10.0544 72.8989
      vertex 0 -8 74.9533
      vertex 42.8365 -10.0544 72.8989
    endloop
  endfacet
  facet normal -2.38351e-06 -0.707107 0.707107
    outer loop
      vertex 155.6 -57.2146 25.7387
      vertex 164.5 -80.1249 2.82843
      vertex 155.6 -32.3245 50.6288
    endloop
  endfacet
  facet normal 0.00141414 -0.706831 0.707381
    outer loop
      vertex 155.595 -57.3303 25.6231
      vertex 164.5 -80.1249 2.82843
      vertex 155.6 -57.2146 25.7387
    endloop
  endfacet
  facet normal -0.000227161 -0.707152 0.707061
    outer loop
      vertex 155.536 -57.9606 24.9927
      vertex 164.5 -80.1249 2.82843
      vertex 155.595 -57.3303 25.6231
    endloop
  endfacet
  facet normal -2.0445e-06 -0.707107 0.707107
    outer loop
      vertex 155.535 -57.9763 24.977
      vertex 164.5 -80.1249 2.82843
      vertex 155.536 -57.9606 24.9927
    endloop
  endfacet
  facet normal -1.61644e-06 -0.707107 0.707107
    outer loop
      vertex 155.493 -58.2 24.7533
      vertex 164.5 -80.1249 2.82843
      vertex 155.535 -57.9763 24.977
    endloop
  endfacet
  facet normal -1.64162e-06 -0.707107 0.707107
    outer loop
      vertex 155.492 -58.2056 24.7477
      vertex 164.5 -80.1249 2.82843
      vertex 155.493 -58.2 24.7533
    endloop
  endfacet
  facet normal -1.39887e-06 -0.707107 0.707107
    outer loop
      vertex 155.318 -58.8251 24.1282
      vertex 164.5 -80.1249 2.82843
      vertex 155.492 -58.2056 24.7477
    endloop
  endfacet
  facet normal -1.32146e-06 -0.707107 0.707107
    outer loop
      vertex 155.313 -58.8406 24.1127
      vertex 164.5 -80.1249 2.82843
      vertex 155.318 -58.8251 24.1282
    endloop
  endfacet
  facet normal -1.23356e-06 -0.707107 0.707107
    outer loop
      vertex 155.231 -59.0585 23.8948
      vertex 164.5 -80.1249 2.82843
      vertex 155.313 -58.8406 24.1127
    endloop
  endfacet
  facet normal -1.24262e-06 -0.707107 0.707107
    outer loop
      vertex 155.229 -59.0639 23.8894
      vertex 164.5 -80.1249 2.82843
      vertex 155.231 -59.0585 23.8948
    endloop
  endfacet
  facet normal -1.09485e-06 -0.707107 0.707107
    outer loop
      vertex 154.942 -59.6621 23.2912
      vertex 164.5 -80.1249 2.82843
      vertex 155.229 -59.0639 23.8894
    endloop
  endfacet
  facet normal -1.03254e-06 -0.707107 0.707107
    outer loop
      vertex 154.934 -59.677 23.2763
      vertex 164.5 -80.1249 2.82843
      vertex 154.942 -59.6621 23.2912
    endloop
  endfacet
  facet normal -9.8544e-07 -0.707106 0.707107
    outer loop
      vertex 154.809 -59.8907 23.0626
      vertex 164.5 -80.1249 2.82843
      vertex 154.934 -59.677 23.2763
    endloop
  endfacet
  facet normal -8.91327e-07 -0.707106 0.707107
    outer loop
      vertex 154.414 -60.4572 22.4961
      vertex 164.5 -80.1249 2.82843
      vertex 154.809 -59.8907 23.0626
    endloop
  endfacet
  facet normal -8.86229e-07 -0.707106 0.707107
    outer loop
      vertex 154.404 -60.4714 22.4819
      vertex 164.5 -80.1249 2.82843
      vertex 154.414 -60.4572 22.4961
    endloop
  endfacet
  facet normal -8.12874e-07 -0.707106 0.707107
    outer loop
      vertex 154.245 -60.6667 22.2866
      vertex 164.5 -80.1249 2.82843
      vertex 154.404 -60.4714 22.4819
    endloop
  endfacet
  facet normal -8.11547e-07 -0.707106 0.707107
    outer loop
      vertex 154.241 -60.6716 22.2817
      vertex 164.5 -80.1249 2.82843
      vertex 154.245 -60.6667 22.2866
    endloop
  endfacet
  facet normal -7.40924e-07 -0.707106 0.707107
    outer loop
      vertex 153.745 -61.1968 21.7565
      vertex 164.5 -80.1249 2.82843
      vertex 154.241 -60.6716 22.2817
    endloop
  endfacet
  facet normal -7.21628e-07 -0.707106 0.707107
    outer loop
      vertex 153.732 -61.21 21.7433
      vertex 164.5 -80.1249 2.82843
      vertex 153.745 -61.1968 21.7565
    endloop
  endfacet
  facet normal -6.77916e-07 -0.707106 0.707107
    outer loop
      vertex 153.533 -61.3934 21.5599
      vertex 164.5 -80.1249 2.82843
      vertex 153.732 -61.21 21.7433
    endloop
  endfacet
  facet normal -6.2012e-07 -0.707106 0.707107
    outer loop
      vertex 152.929 -61.8802 21.0731
      vertex 164.5 -80.1249 2.82843
      vertex 153.533 -61.3934 21.5599
    endloop
  endfacet
  facet normal -5.68596e-07 -0.707106 0.707107
    outer loop
      vertex 152.704 -62.0397 20.9136
      vertex 164.5 -80.1249 2.82843
      vertex 152.929 -61.8802 21.0731
    endloop
  endfacet
  facet normal -5.44993e-07 -0.707106 0.707107
    outer loop
      vertex 152.698 -62.0437 20.9096
      vertex 164.5 -80.1249 2.82843
      vertex 152.704 -62.0397 20.9136
    endloop
  endfacet
  facet normal -5.17711e-07 -0.707106 0.707107
    outer loop
      vertex 152.026 -62.4602 20.4931
      vertex 164.5 -80.1249 2.82843
      vertex 152.698 -62.0437 20.9096
    endloop
  endfacet
  facet normal -5.35006e-07 -0.707106 0.707107
    outer loop
      vertex 152.01 -62.4706 20.4827
      vertex 164.5 -80.1249 2.82843
      vertex 152.026 -62.4602 20.4931
    endloop
  endfacet
  facet normal -4.70461e-07 -0.707106 0.707107
    outer loop
      vertex 151.75 -62.6114 20.3419
      vertex 164.5 -80.1249 2.82843
      vertex 152.01 -62.4706 20.4827
    endloop
  endfacet
  facet normal -4.25947e-07 -0.707106 0.707107
    outer loop
      vertex 150.989 -62.9711 19.9822
      vertex 164.5 -80.1249 2.82843
      vertex 151.75 -62.6114 20.3419
    endloop
  endfacet
  facet normal -3.82185e-07 -0.707106 0.707107
    outer loop
      vertex 150.706 -63.0867 19.8666
      vertex 164.5 -80.1249 2.82843
      vertex 150.989 -62.9711 19.9822
    endloop
  endfacet
  facet normal 6.6824e-05 -0.707079 0.707134
    outer loop
      vertex 149.885 -63.3731 19.5803
      vertex 164.5 -80.1249 2.82843
      vertex 150.706 -63.0867 19.8666
    endloop
  endfacet
  facet normal 6.87764e-07 -0.707108 0.707106
    outer loop
      vertex 149.582 -63.4616 19.4918
      vertex 164.5 -80.1249 2.82843
      vertex 149.885 -63.3731 19.5803
    endloop
  endfacet
  facet normal -6.82124e-05 -0.707139 0.707075
    outer loop
      vertex 148.736 -63.6646 19.2887
      vertex 164.5 -80.1249 2.82843
      vertex 149.582 -63.4616 19.4918
    endloop
  endfacet
  facet normal -2.53924e-07 -0.707106 0.707107
    outer loop
      vertex 148.715 -63.6697 19.2836
      vertex 164.5 -80.1249 2.82843
      vertex 148.736 -63.6646 19.2887
    endloop
  endfacet
  facet normal 0.000194068 -0.707013 0.7072
    outer loop
      vertex 148.407 -63.7281 19.2253
      vertex 164.5 -80.1249 2.82843
      vertex 148.715 -63.6697 19.2836
    endloop
  endfacet
  facet normal -0.00750317 -0.710761 0.703394
    outer loop
      vertex 148.399 -63.7295 19.2238
      vertex 164.5 -80.1249 2.82843
      vertex 148.407 -63.7281 19.2253
    endloop
  endfacet
  facet normal -1.59884e-07 -0.707106 0.707107
    outer loop
      vertex 147.523 -63.8527 19.1006
      vertex 164.5 -80.1249 2.82843
      vertex 148.399 -63.7295 19.2238
    endloop
  endfacet
  facet normal -1.60151e-07 -0.707106 0.707107
    outer loop
      vertex 147.501 -63.8558 19.0975
      vertex 164.5 -80.1249 2.82843
      vertex 147.523 -63.8527 19.1006
    endloop
  endfacet
  facet normal -1.10906e-07 -0.707106 0.707107
    outer loop
      vertex 147.185 -63.8853 19.068
      vertex 164.5 -80.1249 2.82843
      vertex 147.501 -63.8558 19.0975
    endloop
  endfacet
  facet normal -1.04545e-07 -0.707106 0.707107
    outer loop
      vertex 147.177 -63.886 19.0673
      vertex 164.5 -80.1249 2.82843
      vertex 147.185 -63.8853 19.068
    endloop
  endfacet
  facet normal 8.35091e-05 -0.707172 0.707041
    outer loop
      vertex 132.545 -73.3466 9.60668
      vertex 147.177 -63.886 19.0673
      vertex 146.264 -63.9284 19.025
    endloop
  endfacet
  facet normal -0.000445805 -0.706786 0.707427
    outer loop
      vertex 132.545 -73.3466 9.60668
      vertex 146.264 -63.9284 19.025
      vertex 146.1 -63.9321 19.0212
    endloop
  endfacet
  facet normal -6.91279e-05 -0.707056 0.707158
    outer loop
      vertex 132.586 -73.2015 9.75182
      vertex 146.1 -63.9321 19.0212
      vertex 132.6 -73.0538 9.8995
    endloop
  endfacet
  facet normal 0.000167117 -0.707228 0.706986
    outer loop
      vertex 132.545 -73.3466 9.60668
      vertex 146.1 -63.9321 19.0212
      vertex 132.586 -73.2015 9.75182
    endloop
  endfacet
  facet normal -1.07185e-06 -0.707107 0.707107
    outer loop
      vertex 147.177 -63.886 19.0673
      vertex 132.545 -73.3466 9.60668
      vertex 164.5 -80.1249 2.82843
    endloop
  endfacet
  facet normal 5.72889e-05 -0.706969 0.707244
    outer loop
      vertex 132.478 -73.4868 9.46654
      vertex 164.5 -80.1249 2.82843
      vertex 132.545 -73.3466 9.60668
    endloop
  endfacet
  facet normal -2.87783e-05 -0.707177 0.707037
    outer loop
      vertex 132.386 -73.6195 9.33381
      vertex 164.5 -80.1249 2.82843
      vertex 132.478 -73.4868 9.46654
    endloop
  endfacet
  facet normal 4.84262e-05 -0.706986 0.707227
    outer loop
      vertex 132.269 -73.7426 9.21076
      vertex 164.5 -80.1249 2.82843
      vertex 132.386 -73.6195 9.33381
    endloop
  endfacet
  facet normal -7.02084e-05 -0.707286 0.706928
    outer loop
      vertex 132.131 -73.8538 9.09949
      vertex 164.5 -80.1249 2.82843
      vertex 132.269 -73.7426 9.21076
    endloop
  endfacet
  facet normal 3.14411e-05 -0.707023 0.70719
    outer loop
      vertex 131.974 -73.9514 9.00192
      vertex 164.5 -80.1249 2.82843
      vertex 132.131 -73.8538 9.09949
    endloop
  endfacet
  facet normal -2.34483e-05 -0.707168 0.707046
    outer loop
      vertex 131.8 -74.0336 8.9197
      vertex 164.5 -80.1249 2.82843
      vertex 131.974 -73.9514 9.00192
    endloop
  endfacet
  facet normal 6.5112e-05 -0.70693 0.707283
    outer loop
      vertex 131.612 -74.0991 8.85425
      vertex 164.5 -80.1249 2.82843
      vertex 131.8 -74.0336 8.9197
    endloop
  endfacet
  facet normal -0.000123412 -0.707445 0.706769
    outer loop
      vertex 131.414 -74.1466 8.80667
      vertex 164.5 -80.1249 2.82843
      vertex 131.612 -74.0991 8.85425
    endloop
  endfacet
  facet normal 5.75788e-05 -0.706944 0.70727
    outer loop
      vertex 131.209 -74.1755 8.7778
      vertex 164.5 -80.1249 2.82843
      vertex 131.414 -74.1466 8.80667
    endloop
  endfacet
  facet normal 5.35957e-05 -0.706955 0.707258
    outer loop
      vertex 131 -74.1852 8.76812
      vertex 164.5 -80.1249 2.82843
      vertex 131.209 -74.1755 8.7778
    endloop
  endfacet
  facet normal -9.15501e-05 -0.707364 0.706849
    outer loop
      vertex 130.791 -74.1755 8.7778
      vertex 164.5 -80.1249 2.82843
      vertex 131 -74.1852 8.76812
    endloop
  endfacet
  facet normal 0 -0.706739 0.707474
    outer loop
      vertex 111.209 -74.1755 8.7778
      vertex 130.791 -74.1755 8.7778
      vertex 130.586 -74.1466 8.80667
    endloop
  endfacet
  facet normal 0 -0.707059 0.707155
    outer loop
      vertex 112.6 -73.0538 9.8995
      vertex 129.414 -73.2015 9.75182
      vertex 129.4 -73.0538 9.8995
    endloop
  endfacet
  facet normal 0 -0.707059 0.707155
    outer loop
      vertex 112.586 -73.2015 9.75182
      vertex 129.414 -73.2015 9.75182
      vertex 112.6 -73.0538 9.8995
    endloop
  endfacet
  facet normal 0 -0.707204 0.707009
    outer loop
      vertex 129.414 -73.2015 9.75182
      vertex 112.586 -73.2015 9.75182
      vertex 129.455 -73.3466 9.60668
    endloop
  endfacet
  facet normal 0 -0.707204 0.707009
    outer loop
      vertex 112.545 -73.3466 9.60668
      vertex 129.455 -73.3466 9.60668
      vertex 112.586 -73.2015 9.75182
    endloop
  endfacet
  facet normal 0 -0.706955 0.707258
    outer loop
      vertex 129.455 -73.3466 9.60668
      vertex 112.545 -73.3466 9.60668
      vertex 129.522 -73.4868 9.46654
    endloop
  endfacet
  facet normal 0 -0.706955 0.707258
    outer loop
      vertex 112.478 -73.4868 9.46654
      vertex 129.522 -73.4868 9.46654
      vertex 112.545 -73.3466 9.60668
    endloop
  endfacet
  facet normal 0 -0.707187 0.707027
    outer loop
      vertex 129.522 -73.4868 9.46654
      vertex 112.478 -73.4868 9.46654
      vertex 129.614 -73.6195 9.33381
    endloop
  endfacet
  facet normal 0 -0.707187 0.707027
    outer loop
      vertex 112.386 -73.6195 9.33381
      vertex 129.614 -73.6195 9.33381
      vertex 112.478 -73.4868 9.46654
    endloop
  endfacet
  facet normal 0 -0.706963 0.70725
    outer loop
      vertex 129.614 -73.6195 9.33381
      vertex 112.386 -73.6195 9.33381
      vertex 129.731 -73.7426 9.21076
    endloop
  endfacet
  facet normal 0 -0.706963 0.70725
    outer loop
      vertex 112.269 -73.7426 9.21076
      vertex 129.731 -73.7426 9.21076
      vertex 112.386 -73.6195 9.33381
    endloop
  endfacet
  facet normal 0 -0.707329 0.706884
    outer loop
      vertex 129.731 -73.7426 9.21076
      vertex 112.269 -73.7426 9.21076
      vertex 129.869 -73.8538 9.09949
    endloop
  endfacet
  facet normal 0 -0.707329 0.706884
    outer loop
      vertex 112.131 -73.8538 9.09949
      vertex 129.869 -73.8538 9.09949
      vertex 112.269 -73.7426 9.21076
    endloop
  endfacet
  facet normal 0 -0.706998 0.707215
    outer loop
      vertex 129.869 -73.8538 9.09949
      vertex 112.131 -73.8538 9.09949
      vertex 130.026 -73.9514 9.00192
    endloop
  endfacet
  facet normal 0 -0.706998 0.707215
    outer loop
      vertex 111.974 -73.9514 9.00192
      vertex 130.026 -73.9514 9.00192
      vertex 112.131 -73.8538 9.09949
    endloop
  endfacet
  facet normal 0 -0.707193 0.707021
    outer loop
      vertex 130.026 -73.9514 9.00192
      vertex 111.974 -73.9514 9.00192
      vertex 130.2 -74.0336 8.9197
    endloop
  endfacet
  facet normal 0 -0.707193 0.707021
    outer loop
      vertex 111.8 -74.0336 8.9197
      vertex 130.2 -74.0336 8.9197
      vertex 111.974 -73.9514 9.00192
    endloop
  endfacet
  facet normal 0 -0.706837 0.707377
    outer loop
      vertex 130.2 -74.0336 8.9197
      vertex 111.8 -74.0336 8.9197
      vertex 130.388 -74.0991 8.85425
    endloop
  endfacet
  facet normal 0 -0.706837 0.707377
    outer loop
      vertex 111.612 -74.0991 8.85425
      vertex 130.388 -74.0991 8.85425
      vertex 111.8 -74.0336 8.9197
    endloop
  endfacet
  facet normal 0 -0.707701 0.706512
    outer loop
      vertex 130.388 -74.0991 8.85425
      vertex 111.612 -74.0991 8.85425
      vertex 130.586 -74.1466 8.80667
    endloop
  endfacet
  facet normal 0 -0.707701 0.706512
    outer loop
      vertex 111.414 -74.1466 8.80667
      vertex 130.586 -74.1466 8.80667
      vertex 111.612 -74.0991 8.85425
    endloop
  endfacet
  facet normal 0 -0.706739 0.707474
    outer loop
      vertex 111.209 -74.1755 8.7778
      vertex 130.586 -74.1466 8.80667
      vertex 111.414 -74.1466 8.80667
    endloop
  endfacet
  facet normal 0 -0.707105 0.707109
    outer loop
      vertex 130.791 -74.1755 8.7778
      vertex 111.209 -74.1755 8.7778
      vertex 164.5 -80.1249 2.82843
    endloop
  endfacet
  facet normal 4.76934e-05 -0.706891 0.707322
    outer loop
      vertex 111 -74.1852 8.76812
      vertex 164.5 -80.1249 2.82843
      vertex 111.209 -74.1755 8.7778
    endloop
  endfacet
  facet normal -3.58519e-05 -0.706764 0.70745
    outer loop
      vertex 51.0064 -77.3404 5.61294
      vertex 111 -74.1852 8.76812
      vertex 110.791 -74.1755 8.7778
    endloop
  endfacet
  facet normal 6.91279e-05 -0.707056 0.707158
    outer loop
      vertex 95.9 -63.9321 19.0212
      vertex 109.414 -73.2015 9.75182
      vertex 109.4 -73.0538 9.8995
    endloop
  endfacet
  facet normal -0.000167117 -0.707228 0.706986
    outer loop
      vertex 95.9 -63.9321 19.0212
      vertex 109.455 -73.3466 9.60668
      vertex 109.414 -73.2015 9.75182
    endloop
  endfacet
  facet normal 0.000447215 -0.706785 0.707428
    outer loop
      vertex 95.7365 -63.9284 19.025
      vertex 109.455 -73.3466 9.60668
      vertex 95.9 -63.9321 19.0212
    endloop
  endfacet
  facet normal -8.34402e-05 -0.707172 0.707042
    outer loop
      vertex 94.8228 -63.886 19.0673
      vertex 109.455 -73.3466 9.60668
      vertex 95.7365 -63.9284 19.025
    endloop
  endfacet
  facet normal 0.000284632 -0.706887 0.707326
    outer loop
      vertex 109.455 -73.3466 9.60668
      vertex 94.8228 -63.886 19.0673
      vertex 109.522 -73.4868 9.46654
    endloop
  endfacet
  facet normal 0.000261042 -0.706905 0.707308
    outer loop
      vertex 94.5065 -63.8566 19.0968
      vertex 109.522 -73.4868 9.46654
      vertex 94.8228 -63.886 19.0673
    endloop
  endfacet
  facet normal -0.0105051 -0.715212 0.698828
    outer loop
      vertex 94.4986 -63.8558 19.0975
      vertex 109.522 -73.4868 9.46654
      vertex 94.5065 -63.8566 19.0968
    endloop
  endfacet
  facet normal 5.28952e-07 -0.707105 0.707109
    outer loop
      vertex 93.6224 -63.7326 19.2207
      vertex 109.522 -73.4868 9.46654
      vertex 94.4986 -63.8558 19.0975
    endloop
  endfacet
  facet normal -0.000173716 -0.707247 0.706967
    outer loop
      vertex 109.522 -73.4868 9.46654
      vertex 93.6224 -63.7326 19.2207
      vertex 109.614 -73.6195 9.33381
    endloop
  endfacet
  facet normal 1.313e-07 -0.707106 0.707107
    outer loop
      vertex 93.6005 -63.7295 19.2238
      vertex 109.614 -73.6195 9.33381
      vertex 93.6224 -63.7326 19.2207
    endloop
  endfacet
  facet normal 1.95533e-07 -0.707106 0.707107
    outer loop
      vertex 93.2924 -63.6711 19.2822
      vertex 109.614 -73.6195 9.33381
      vertex 93.6005 -63.7295 19.2238
    endloop
  endfacet
  facet normal 1.84168e-07 -0.707106 0.707107
    outer loop
      vertex 93.2847 -63.6697 19.2836
      vertex 109.614 -73.6195 9.33381
      vertex 93.2924 -63.6711 19.2822
    endloop
  endfacet
  facet normal 1.91303e-06 -0.707105 0.707109
    outer loop
      vertex 67.9265 -69.4355 13.5179
      vertex 109.614 -73.6195 9.33381
      vertex 93.2847 -63.6697 19.2836
    endloop
  endfacet
  facet normal -1.76661e-06 -0.707123 0.70709
    outer loop
      vertex 65.421 -71.4556 11.4977
      vertex 109.614 -73.6195 9.33381
      vertex 67.9265 -69.4355 13.5179
    endloop
  endfacet
  facet normal 1.45848e-05 -0.706956 0.707257
    outer loop
      vertex 109.614 -73.6195 9.33381
      vertex 65.421 -71.4556 11.4977
      vertex 109.731 -73.7426 9.21076
    endloop
  endfacet
  facet normal 1.4322e-06 -0.707104 0.70711
    outer loop
      vertex 67.9265 -69.4355 13.5179
      vertex 93.2847 -63.6697 19.2836
      vertex 92.4388 -63.4666 19.4867
    endloop
  endfacet
  facet normal 0.00168745 -0.710556 0.703638
    outer loop
      vertex 67.9265 -69.4355 13.5179
      vertex 92.4388 -63.4666 19.4867
      vertex 92.4176 -63.4616 19.4918
    endloop
  endfacet
  facet normal -1.60494e-06 -0.70711 0.707104
    outer loop
      vertex 68.1256 -69.252 13.7013
      vertex 92.4176 -63.4616 19.4918
      vertex 92.1155 -63.3731 19.5803
    endloop
  endfacet
  facet normal -3.72695e-05 -0.707037 0.707177
    outer loop
      vertex 68.1256 -69.252 13.7013
      vertex 92.1155 -63.3731 19.5803
      vertex 91.2943 -63.0867 19.8666
    endloop
  endfacet
  facet normal 0 -0.707107 0.707107
    outer loop
      vertex 70.2367 -67.0179 15.9354
      vertex 91.2943 -63.0867 19.8666
      vertex 91.0111 -62.9711 19.9822
    endloop
  endfacet
  facet normal 9.52132e-16 -0.707107 0.707107
    outer loop
      vertex 70.2367 -67.0179 15.9354
      vertex 91.0111 -62.9711 19.9822
      vertex 90.2497 -62.6114 20.3419
    endloop
  endfacet
  facet normal 2.56209e-06 -0.707104 0.707109
    outer loop
      vertex 70.4002 -66.8177 16.1357
      vertex 90.2497 -62.6114 20.3419
      vertex 89.9903 -62.4706 20.4827
    endloop
  endfacet
  facet normal 3.6787e-14 -0.707107 0.707107
    outer loop
      vertex 70.5053 -66.667 16.2863
      vertex 89.3187 -62.0541 20.8992
      vertex 89.3019 -62.0437 20.9096
    endloop
  endfacet
  facet normal -2.90897e-14 -0.707107 0.707107
    outer loop
      vertex 73.5121 -61.4264 21.5269
      vertex 86.7784 -59.0789 23.8744
      vertex 86.7712 -59.0639 23.8894
    endloop
  endfacet
  facet normal 5.96715e-06 -0.707107 0.707107
    outer loop
      vertex 86.4 -32.3245 50.6288
      vertex 74.55 -55.7651 27.1883
      vertex 86.4 -57.2146 25.7387
    endloop
  endfacet
  facet normal -7.34491e-05 -0.707431 0.706782
    outer loop
      vertex 74.545 -55.8734 27.0799
      vertex 86.4 -57.2146 25.7387
      vertex 74.55 -55.7651 27.1883
    endloop
  endfacet
  facet normal 0.00109654 -0.702244 0.711936
    outer loop
      vertex 74.5446 -55.8807 27.0727
      vertex 86.4 -57.2146 25.7387
      vertex 74.545 -55.8734 27.0799
    endloop
  endfacet
  facet normal 7.51552e-05 -0.706799 0.707414
    outer loop
      vertex 86.4 -57.2146 25.7387
      vertex 74.5446 -55.8807 27.0727
      vertex 86.4054 -57.3303 25.6231
    endloop
  endfacet
  facet normal -3.39955e-06 -0.707121 0.707093
    outer loop
      vertex 74.3116 -58.3943 24.559
      vertex 86.4054 -57.3303 25.6231
      vertex 74.5446 -55.8807 27.0727
    endloop
  endfacet
  facet normal 0.000386137 -0.709331 0.704876
    outer loop
      vertex 86.4054 -57.3303 25.6231
      vertex 74.3116 -58.3943 24.559
      vertex 86.4068 -57.346 25.6073
    endloop
  endfacet
  facet normal -2.65604e-16 -0.707107 0.707107
    outer loop
      vertex 86.4068 -57.346 25.6073
      vertex 74.3116 -58.3943 24.559
      vertex 86.4652 -57.9763 24.977
    endloop
  endfacet
  facet normal 0 -0.707107 0.707107
    outer loop
      vertex 86.4652 -57.9763 24.977
      vertex 74.3116 -58.3943 24.559
      vertex 86.4663 -57.9819 24.9714
    endloop
  endfacet
  facet normal -1.43642e-05 -0.706895 0.707318
    outer loop
      vertex 74.2961 -58.5619 24.3915
      vertex 86.4663 -57.9819 24.9714
      vertex 74.3116 -58.3943 24.559
    endloop
  endfacet
  facet normal 5.75911e-06 -0.707106 0.707107
    outer loop
      vertex 86.4663 -57.9819 24.9714
      vertex 74.2961 -58.5619 24.3915
      vertex 86.5079 -58.2056 24.7477
    endloop
  endfacet
  facet normal 1.48693e-05 -0.707262 0.706951
    outer loop
      vertex 74.2534 -58.7911 24.1622
      vertex 86.5079 -58.2056 24.7477
      vertex 74.2961 -58.5619 24.3915
    endloop
  endfacet
  facet normal -0.000215733 -0.704846 0.709361
    outer loop
      vertex 86.5079 -58.2056 24.7477
      vertex 74.2534 -58.7911 24.1622
      vertex 86.5123 -58.2211 24.7323
    endloop
  endfacet
  facet normal -4.54902e-07 -0.707164 0.70705
    outer loop
      vertex 86.5123 -58.2211 24.7323
      vertex 74.2534 -58.7911 24.1622
      vertex 86.6866 -58.8406 24.1127
    endloop
  endfacet
  facet normal 5.17282e-05 -0.700581 0.713573
    outer loop
      vertex 86.6866 -58.8406 24.1127
      vertex 74.2534 -58.7911 24.1622
      vertex 86.6886 -58.8461 24.1073
    endloop
  endfacet
  facet normal -7.13259e-06 -0.70727 0.706943
    outer loop
      vertex 86.6886 -58.8461 24.1073
      vertex 74.2534 -58.7911 24.1622
      vertex 86.7712 -59.0639 23.8894
    endloop
  endfacet
  facet normal 2.27067e-16 -0.707107 0.707107
    outer loop
      vertex 73.5121 -61.4264 21.5269
      vertex 86.7712 -59.0639 23.8894
      vertex 74.2534 -58.7911 24.1622
    endloop
  endfacet
  facet normal 1.82388e-16 -0.707107 0.707107
    outer loop
      vertex 86.7784 -59.0789 23.8744
      vertex 73.5121 -61.4264 21.5269
      vertex 87.0655 -59.677 23.2763
    endloop
  endfacet
  facet normal -1.23475e-15 -0.707107 0.707107
    outer loop
      vertex 87.0655 -59.677 23.2763
      vertex 73.5121 -61.4264 21.5269
      vertex 87.1907 -59.8907 23.0626
    endloop
  endfacet
  facet normal -0.00052056 -0.704785 0.709421
    outer loop
      vertex 87.1907 -59.8907 23.0626
      vertex 73.5121 -61.4264 21.5269
      vertex 87.2005 -59.9049 23.0485
    endloop
  endfacet
  facet normal -5.39304e-06 -0.707106 0.707108
    outer loop
      vertex 73.4327 -61.6358 21.3175
      vertex 87.2005 -59.9049 23.0485
      vertex 73.5121 -61.4264 21.5269
    endloop
  endfacet
  facet normal -5.38753e-06 -0.707106 0.707108
    outer loop
      vertex 73.4275 -61.6498 21.3035
      vertex 87.2005 -59.9049 23.0485
      vertex 73.4327 -61.6358 21.3175
    endloop
  endfacet
  facet normal 9.81163e-06 -0.707166 0.707048
    outer loop
      vertex 87.2005 -59.9049 23.0485
      vertex 73.4275 -61.6498 21.3035
      vertex 87.5956 -60.4714 22.4819
    endloop
  endfacet
  facet normal -0.00113472 -0.700252 0.713895
    outer loop
      vertex 87.5956 -60.4714 22.4819
      vertex 73.4275 -61.6498 21.3035
      vertex 87.5996 -60.4763 22.4771
    endloop
  endfacet
  facet normal 2.3402e-05 -0.707278 0.706935
    outer loop
      vertex 87.5996 -60.4763 22.4771
      vertex 73.4275 -61.6498 21.3035
      vertex 87.7591 -60.6716 22.2817
    endloop
  endfacet
  facet normal 0 -0.707107 0.707107
    outer loop
      vertex 72.2824 -64.0351 18.9182
      vertex 87.7591 -60.6716 22.2817
      vertex 73.4275 -61.6498 21.3035
    endloop
  endfacet
  facet normal -0.000968528 -0.704875 0.709331
    outer loop
      vertex 87.7591 -60.6716 22.2817
      vertex 72.2824 -64.0351 18.9182
      vertex 87.7716 -60.6848 22.2686
    endloop
  endfacet
  facet normal 2.03873e-05 -0.707164 0.707049
    outer loop
      vertex 87.7716 -60.6848 22.2686
      vertex 72.2824 -64.0351 18.9182
      vertex 88.2679 -61.21 21.7433
    endloop
  endfacet
  facet normal -8.58592e-05 -0.706864 0.70735
    outer loop
      vertex 72.206 -64.1942 18.7592
      vertex 88.2679 -61.21 21.7433
      vertex 72.2824 -64.0351 18.9182
    endloop
  endfacet
  facet normal 3.66379e-06 -0.707105 0.707109
    outer loop
      vertex 88.2679 -61.21 21.7433
      vertex 72.206 -64.1942 18.7592
      vertex 88.4669 -61.3934 21.5599
    endloop
  endfacet
  facet normal 6.8235e-05 -0.707292 0.706921
    outer loop
      vertex 72.0809 -64.4078 18.5455
      vertex 88.4669 -61.3934 21.5599
      vertex 72.206 -64.1942 18.7592
    endloop
  endfacet
  facet normal -8.97516e-16 -0.707107 0.707107
    outer loop
      vertex 88.4669 -61.3934 21.5599
      vertex 72.0809 -64.4078 18.5455
      vertex 89.0706 -61.8802 21.0731
    endloop
  endfacet
  facet normal 7.68451e-14 -0.707107 0.707107
    outer loop
      vertex 89.0706 -61.8802 21.0731
      vertex 72.0809 -64.4078 18.5455
      vertex 89.0763 -61.8842 21.0691
    endloop
  endfacet
  facet normal -2.0583e-15 -0.707107 0.707107
    outer loop
      vertex 89.0763 -61.8842 21.0691
      vertex 72.0809 -64.4078 18.5455
      vertex 89.3019 -62.0437 20.9096
    endloop
  endfacet
  facet normal -6.42661e-16 -0.707107 0.707107
    outer loop
      vertex 70.5053 -66.667 16.2863
      vertex 89.3019 -62.0437 20.9096
      vertex 72.0809 -64.4078 18.5455
    endloop
  endfacet
  facet normal 1.0052e-16 -0.707107 0.707107
    outer loop
      vertex 89.3187 -62.0541 20.8992
      vertex 70.5053 -66.667 16.2863
      vertex 89.9903 -62.4706 20.4827
    endloop
  endfacet
  facet normal -0.00011896 -0.706831 0.707383
    outer loop
      vertex 70.4002 -66.8177 16.1357
      vertex 89.9903 -62.4706 20.4827
      vertex 70.5053 -66.667 16.2863
    endloop
  endfacet
  facet normal 0.000100814 -0.707336 0.706877
    outer loop
      vertex 90.2497 -62.6114 20.3419
      vertex 70.4002 -66.8177 16.1357
      vertex 70.2469 -67.0054 15.9479
    endloop
  endfacet
  facet normal -3.67244e-14 -0.707107 0.707107
    outer loop
      vertex 90.2497 -62.6114 20.3419
      vertex 70.2469 -67.0054 15.9479
      vertex 70.2367 -67.0179 15.9354
    endloop
  endfacet
  facet normal 6.48369e-17 -0.707107 0.707107
    outer loop
      vertex 91.2943 -63.0867 19.8666
      vertex 70.2367 -67.0179 15.9354
      vertex 68.1256 -69.252 13.7013
    endloop
  endfacet
  facet normal -0.00012787 -0.706845 0.707369
    outer loop
      vertex 92.4176 -63.4616 19.4918
      vertex 68.1256 -69.252 13.7013
      vertex 67.9265 -69.4355 13.5179
    endloop
  endfacet
  facet normal -8.92362e-07 -0.707106 0.707107
    outer loop
      vertex 65.1898 -71.6191 11.3342
      vertex 109.731 -73.7426 9.21076
      vertex 65.421 -71.4556 11.4977
    endloop
  endfacet
  facet normal -2.35602e-05 -0.707344 0.70687
    outer loop
      vertex 109.731 -73.7426 9.21076
      vertex 65.1898 -71.6191 11.3342
      vertex 109.869 -73.8538 9.09949
    endloop
  endfacet
  facet normal 1.25481e-06 -0.707096 0.707118
    outer loop
      vertex 62.3329 -73.3908 9.56256
      vertex 109.869 -73.8538 9.09949
      vertex 65.1898 -71.6191 11.3342
    endloop
  endfacet
  facet normal 3.209e-06 -0.706996 0.707218
    outer loop
      vertex 109.869 -73.8538 9.09949
      vertex 62.3329 -73.3908 9.56256
      vertex 110.026 -73.9514 9.00192
    endloop
  endfacet
  facet normal -3.46605e-06 -0.707279 0.706934
    outer loop
      vertex 62.0734 -73.5315 9.42179
      vertex 110.026 -73.9514 9.00192
      vertex 62.3329 -73.3908 9.56256
    endloop
  endfacet
  facet normal -1.98546e-06 -0.707195 0.707019
    outer loop
      vertex 110.026 -73.9514 9.00192
      vertex 62.0734 -73.5315 9.42179
      vertex 110.2 -74.0336 8.9197
    endloop
  endfacet
  facet normal -9.54018e-08 -0.707104 0.707109
    outer loop
      vertex 58.9139 -75.0243 7.929
      vertex 110.2 -74.0336 8.9197
      vertex 62.0734 -73.5315 9.42179
    endloop
  endfacet
  facet normal 2.48036e-06 -0.707171 0.707043
    outer loop
      vertex 58.6307 -75.1399 7.81338
      vertex 110.2 -74.0336 8.9197
      vertex 58.9139 -75.0243 7.929
    endloop
  endfacet
  facet normal -1.11703e-05 -0.706853 0.707361
    outer loop
      vertex 110.2 -74.0336 8.9197
      vertex 58.6307 -75.1399 7.81338
      vertex 110.388 -74.0991 8.85425
    endloop
  endfacet
  facet normal -1.96293e-06 -0.707082 0.707132
    outer loop
      vertex 55.4357 -76.2541 6.69925
      vertex 110.388 -74.0991 8.85425
      vertex 58.6307 -75.1399 7.81338
    endloop
  endfacet
  facet normal 3.36695e-05 -0.707536 0.706677
    outer loop
      vertex 55.2227 -76.3283 6.62497
      vertex 110.388 -74.0991 8.85425
      vertex 55.4357 -76.2541 6.69925
    endloop
  endfacet
  facet normal 4.02799e-05 -0.707618 0.706596
    outer loop
      vertex 110.388 -74.0991 8.85425
      vertex 55.2227 -76.3283 6.62497
      vertex 110.586 -74.1466 8.80667
    endloop
  endfacet
  facet normal -1.94016e-05 -0.706861 0.707353
    outer loop
      vertex 54.9394 -76.4113 6.54202
      vertex 110.586 -74.1466 8.80667
      vertex 55.2227 -76.3283 6.62497
    endloop
  endfacet
  facet normal 0.00018265 -0.709339 0.704867
    outer loop
      vertex 54.9205 -76.4168 6.53649
      vertex 110.586 -74.1466 8.80667
      vertex 54.9394 -76.4113 6.54202
    endloop
  endfacet
  facet normal -2.30308e-05 -0.706821 0.707392
    outer loop
      vertex 110.586 -74.1466 8.80667
      vertex 54.9205 -76.4168 6.53649
      vertex 110.791 -74.1755 8.7778
    endloop
  endfacet
  facet normal -1.51958e-07 -0.707106 0.707107
    outer loop
      vertex 51.3223 -77.2805 5.67279
      vertex 110.791 -74.1755 8.7778
      vertex 54.9205 -76.4168 6.53649
    endloop
  endfacet
  facet normal 8.91936e-06 -0.707193 0.70702
    outer loop
      vertex 51.0262 -77.3366 5.61668
      vertex 110.791 -74.1755 8.7778
      vertex 51.3223 -77.2805 5.67279
    endloop
  endfacet
  facet normal -0.000824465 -0.699272 0.714855
    outer loop
      vertex 51.0064 -77.3404 5.61294
      vertex 110.791 -74.1755 8.7778
      vertex 51.0262 -77.3366 5.61668
    endloop
  endfacet
  facet normal 1.17471e-07 -0.707106 0.707108
    outer loop
      vertex 111 -74.1852 8.76812
      vertex 51.0064 -77.3404 5.61294
      vertex 164.5 -80.1249 2.82843
    endloop
  endfacet
  facet normal -1.14932e-06 -0.707131 0.707082
    outer loop
      vertex 47.5124 -77.8318 5.1215
      vertex 164.5 -80.1249 2.82843
      vertex 51.0064 -77.3404 5.61294
    endloop
  endfacet
  facet normal 1.46862e-05 -0.706727 0.707486
    outer loop
      vertex 47.2795 -77.8646 5.08874
      vertex 164.5 -80.1249 2.82843
      vertex 47.5124 -77.8318 5.1215
    endloop
  endfacet
  facet normal 4.04178e-06 -0.707004 0.70721
    outer loop
      vertex 46.9755 -77.8929 5.06045
      vertex 164.5 -80.1249 2.82843
      vertex 47.2795 -77.8646 5.08874
    endloop
  endfacet
  facet normal 5.90355e-05 -0.705554 0.708656
    outer loop
      vertex 46.9553 -77.8948 5.05856
      vertex 164.5 -80.1249 2.82843
      vertex 46.9755 -77.8929 5.06045
    endloop
  endfacet
  facet normal -2.76115e-06 -0.707184 0.707029
    outer loop
      vertex 43.4005 -78.0595 4.89381
      vertex 164.5 -80.1249 2.82843
      vertex 46.9553 -77.8948 5.05856
    endloop
  endfacet
  facet normal 1.59602e-05 -0.706635 0.707578
    outer loop
      vertex 43.1635 -78.0705 4.88283
      vertex 164.5 -80.1249 2.82843
      vertex 43.4005 -78.0595 4.89381
    endloop
  endfacet
  facet normal 0 -0.707107 0.707107
    outer loop
      vertex 0 -80.1249 2.82843
      vertex 43.1635 -78.0705 4.88283
      vertex 42.8365 -78.0705 4.88283
    endloop
  endfacet
  facet normal 0.0441587 -0.0451784 0.998002
    outer loop
      vertex 39.0447 -77.8948 5.05856
      vertex 42.8365 -78.0705 4.88283
      vertex 39.2817 -77.9057 5.04758
    endloop
  endfacet
  facet normal -0.0900068 0.0286385 -0.995529
    outer loop
      vertex 38.7205 -77.8646 5.08874
      vertex 39.0447 -77.8948 5.05856
      vertex 38.7408 -77.8665 5.08685
    endloop
  endfacet
  facet normal 6.57273e-05 -0.707521 0.706692
    outer loop
      vertex 0 -80.1249 2.82843
      vertex 35.2265 -77.3731 5.58018
      vertex 34.9936 -77.3404 5.61294
    endloop
  endfacet
  facet normal -3.33193e-05 -0.707012 0.707202
    outer loop
      vertex 0 -80.1249 2.82843
      vertex 27.5823 -75.2142 7.73911
      vertex 27.3693 -75.1399 7.81338
    endloop
  endfacet
  facet normal 0.00283651 -0.708766 0.705438
    outer loop
      vertex 0 -80.1249 2.82843
      vertex 15.61 -66.8302 16.1231
      vertex 15.5998 -66.8177 16.1357
    endloop
  endfacet
  facet normal 0.877014 0.359606 -0.318638
    outer loop
      vertex 11.45 -55.7651 27.1883
      vertex 11.4554 -55.8807 27.0727
      vertex 11.4503 -55.7723 27.181
    endloop
  endfacet
  facet normal -4.94866e-06 -0.707107 0.707107
    outer loop
      vertex 0 -80.1249 2.82843
      vertex 11.45 -55.7651 27.1883
      vertex 0 -8 74.9533
    endloop
  endfacet
  facet normal -3.93214e-06 -0.707107 0.707107
    outer loop
      vertex 11.45 -55.7651 27.1883
      vertex 0 -80.1249 2.82843
      vertex 11.4554 -55.8807 27.0727
    endloop
  endfacet
  facet normal 0.000743325 -0.707283 0.70693
    outer loop
      vertex 11.4554 -55.8807 27.0727
      vertex 0 -80.1249 2.82843
      vertex 11.4709 -56.0482 26.9051
    endloop
  endfacet
  facet normal -4.78798e-05 -0.707095 0.707119
    outer loop
      vertex 11.4709 -56.0482 26.9051
      vertex 0 -80.1249 2.82843
      vertex 11.7039 -58.5619 24.3915
    endloop
  endfacet
  facet normal 0 -0.707107 0.707107
    outer loop
      vertex 43.1635 -78.0705 4.88283
      vertex 0 -80.1249 2.82843
      vertex 164.5 -80.1249 2.82843
    endloop
  endfacet
  facet normal 2.84525e-06 -0.707136 0.707077
    outer loop
      vertex 39.0447 -77.8948 5.05856
      vertex 0 -80.1249 2.82843
      vertex 42.8365 -78.0705 4.88283
    endloop
  endfacet
  facet normal -1.69206e-05 -0.706963 0.70725
    outer loop
      vertex 38.7205 -77.8646 5.08874
      vertex 0 -80.1249 2.82843
      vertex 39.0447 -77.8948 5.05856
    endloop
  endfacet
  facet normal -3.69035e-06 -0.707077 0.707137
    outer loop
      vertex 35.2265 -77.3731 5.58018
      vertex 0 -80.1249 2.82843
      vertex 38.7205 -77.8646 5.08874
    endloop
  endfacet
  facet normal 6.91969e-06 -0.707152 0.707062
    outer loop
      vertex 34.6974 -77.2843 5.66905
      vertex 0 -80.1249 2.82843
      vertex 34.9936 -77.3404 5.61294
    endloop
  endfacet
  facet normal -0.000645547 -0.703156 0.711036
    outer loop
      vertex 34.6777 -77.2805 5.67279
      vertex 0 -80.1249 2.82843
      vertex 34.6974 -77.2843 5.66905
    endloop
  endfacet
  facet normal 6.07905e-07 -0.707106 0.707108
    outer loop
      vertex 31.0795 -76.4168 6.53649
      vertex 0 -80.1249 2.82843
      vertex 34.6777 -77.2805 5.67279
    endloop
  endfacet
  facet normal 3.67846e-05 -0.707257 0.706956
    outer loop
      vertex 30.7962 -76.3339 6.61944
      vertex 0 -80.1249 2.82843
      vertex 31.0795 -76.4168 6.53649
    endloop
  endfacet
  facet normal -0.000772258 -0.703964 0.710235
    outer loop
      vertex 30.7773 -76.3283 6.62497
      vertex 0 -80.1249 2.82843
      vertex 30.7962 -76.3339 6.61944
    endloop
  endfacet
  facet normal 3.33159e-06 -0.707115 0.707099
    outer loop
      vertex 27.5823 -75.2142 7.73911
      vertex 0 -80.1249 2.82843
      vertex 30.7773 -76.3283 6.62497
    endloop
  endfacet
  facet normal 1.62996e-05 -0.707148 0.707066
    outer loop
      vertex 27.0861 -75.0243 7.929
      vertex 0 -80.1249 2.82843
      vertex 27.3693 -75.1399 7.81338
    endloop
  endfacet
  facet normal -7.78015e-08 -0.707104 0.707109
    outer loop
      vertex 23.9266 -73.5315 9.42179
      vertex 0 -80.1249 2.82843
      vertex 27.0861 -75.0243 7.929
    endloop
  endfacet
  facet normal 6.50487e-05 -0.707223 0.706991
    outer loop
      vertex 23.6671 -73.3908 9.56256
      vertex 0 -80.1249 2.82843
      vertex 23.9266 -73.5315 9.42179
    endloop
  endfacet
  facet normal -5.28515e-06 -0.707099 0.707114
    outer loop
      vertex 20.8102 -71.6191 11.3342
      vertex 0 -80.1249 2.82843
      vertex 23.6671 -73.3908 9.56256
    endloop
  endfacet
  facet normal 6.45997e-07 -0.707106 0.707107
    outer loop
      vertex 20.579 -71.4556 11.4977
      vertex 0 -80.1249 2.82843
      vertex 20.8102 -71.6191 11.3342
    endloop
  endfacet
  facet normal 1.03623e-05 -0.707118 0.707096
    outer loop
      vertex 18.0735 -69.4355 13.5179
      vertex 0 -80.1249 2.82843
      vertex 20.579 -71.4556 11.4977
    endloop
  endfacet
  facet normal -0.000140514 -0.70699 0.707223
    outer loop
      vertex 17.8744 -69.252 13.7013
      vertex 0 -80.1249 2.82843
      vertex 18.0735 -69.4355 13.5179
    endloop
  endfacet
  facet normal 7.53613e-07 -0.707106 0.707107
    outer loop
      vertex 15.7633 -67.0179 15.9354
      vertex 0 -80.1249 2.82843
      vertex 17.8744 -69.252 13.7013
    endloop
  endfacet
  facet normal 8.01461e-07 -0.707106 0.707107
    outer loop
      vertex 15.61 -66.8302 16.1231
      vertex 0 -80.1249 2.82843
      vertex 15.7633 -67.0179 15.9354
    endloop
  endfacet
  facet normal -1.87294e-05 -0.707098 0.707116
    outer loop
      vertex 14.0242 -64.5584 18.3949
      vertex 0 -80.1249 2.82843
      vertex 15.5998 -66.8177 16.1357
    endloop
  endfacet
  facet normal 8.52358e-07 -0.707106 0.707107
    outer loop
      vertex 13.9191 -64.4078 18.5455
      vertex 0 -80.1249 2.82843
      vertex 14.0242 -64.5584 18.3949
    endloop
  endfacet
  facet normal 0.000225889 -0.707206 0.707007
    outer loop
      vertex 13.794 -64.1942 18.7592
      vertex 0 -80.1249 2.82843
      vertex 13.9191 -64.4078 18.5455
    endloop
  endfacet
  facet normal -2.43332e-05 -0.707098 0.707116
    outer loop
      vertex 12.6489 -61.8088 21.1445
      vertex 0 -80.1249 2.82843
      vertex 13.794 -64.1942 18.7592
    endloop
  endfacet
  facet normal 9.88968e-07 -0.707107 0.707107
    outer loop
      vertex 12.5725 -61.6498 21.3035
      vertex 0 -80.1249 2.82843
      vertex 12.6489 -61.8088 21.1445
    endloop
  endfacet
  facet normal 1.08402e-06 -0.707107 0.707107
    outer loop
      vertex 12.4932 -61.4404 21.5129
      vertex 0 -80.1249 2.82843
      vertex 12.5725 -61.6498 21.3035
    endloop
  endfacet
  facet normal 1.08415e-06 -0.707107 0.707107
    outer loop
      vertex 12.4879 -61.4264 21.5269
      vertex 0 -80.1249 2.82843
      vertex 12.4932 -61.4404 21.5129
    endloop
  endfacet
  facet normal 1.19526e-06 -0.707107 0.707107
    outer loop
      vertex 11.7466 -58.7911 24.1622
      vertex 0 -80.1249 2.82843
      vertex 12.4879 -61.4264 21.5269
    endloop
  endfacet
  facet normal 0.000419936 -0.707222 0.706992
    outer loop
      vertex 11.7039 -58.5619 24.3915
      vertex 0 -80.1249 2.82843
      vertex 11.7466 -58.7911 24.1622
    endloop
  endfacet
  facet normal 0 -0.707107 0.707107
    outer loop
      vertex 72.05 -32.3598 50.5935
      vertex 70.2647 -41.5243 41.429
      vertex 70.5 -44.0624 38.8909
    endloop
  endfacet
  facet normal 9.97849e-06 -0.707119 0.707094
    outer loop
      vertex 62.4454 -30.3124 52.6409
      vertex 70.9838 -26.8843 56.069
      vertex 69.8387 -24.499 58.4544
    endloop
  endfacet
  facet normal -0.00024459 -0.706957 0.707256
    outer loop
      vertex 62.4454 -30.3124 52.6409
      vertex 69.8387 -24.499 58.4544
      vertex 69.7337 -24.3483 58.605
    endloop
  endfacet
  facet normal -1.609e-05 -0.707109 0.707105
    outer loop
      vertex 72.0345 -32.1923 50.7611
      vertex 69.563 -39.0296 43.9237
      vertex 70.2647 -41.5243 41.429
    endloop
  endfacet
  facet normal -1.22891e-05 -0.70711 0.707104
    outer loop
      vertex 72.0345 -32.1923 50.7611
      vertex 68.4067 -36.621 46.3323
      vertex 69.563 -39.0296 43.9237
    endloop
  endfacet
  facet normal 3.88526e-16 -0.707107 0.707107
    outer loop
      vertex 62.4454 -30.3124 52.6409
      vertex 69.7337 -24.3483 58.605
      vertex 68.158 -22.0891 60.8642
    endloop
  endfacet
  facet normal 1.06779e-14 -0.707107 0.707107
    outer loop
      vertex 62.4454 -30.3124 52.6409
      vertex 68.158 -22.0891 60.8642
      vertex 68.0261 -21.9495 61.0038
    endloop
  endfacet
  facet normal -1.0528e-05 -0.70711 0.707103
    outer loop
      vertex 72.0345 -32.1923 50.7611
      vertex 66.8157 -34.3397 48.6136
      vertex 68.4067 -36.621 46.3323
    endloop
  endfacet
  facet normal 4.92805e-16 -0.707107 0.707107
    outer loop
      vertex 59.7409 -28.6353 54.318
      vertex 68.0261 -21.9495 61.0038
      vertex 66.0469 -19.855 63.0983
    endloop
  endfacet
  facet normal -2.42014e-05 -0.707094 0.70712
    outer loop
      vertex 71.8015 -29.6786 53.2747
      vertex 66.8157 -34.3397 48.6136
      vertex 72.0345 -32.1923 50.7611
    endloop
  endfacet
  facet normal -8.67793e-16 -0.707107 0.707107
    outer loop
      vertex 59.7409 -28.6353 54.318
      vertex 66.0469 -19.855 63.0983
      vertex 63.5414 -17.8348 65.1185
    endloop
  endfacet
  facet normal 1.65582e-14 -0.707107 0.707107
    outer loop
      vertex 56.75 -27.2222 55.7311
      vertex 63.5414 -17.8348 65.1185
      vertex 63.3629 -17.7241 65.2292
    endloop
  endfacet
  facet normal 3.08118e-16 -0.707107 0.707107
    outer loop
      vertex 70.9838 -26.8843 56.069
      vertex 62.4454 -30.3124 52.6409
      vertex 64.8172 -32.2248 50.7285
    endloop
  endfacet
  facet normal -8.27656e-16 -0.707107 0.707107
    outer loop
      vertex 56.75 -27.2222 55.7311
      vertex 63.3629 -17.7241 65.2292
      vertex 60.6845 -16.0632 66.8901
    endloop
  endfacet
  facet normal 3.90845e-15 -0.707107 0.707107
    outer loop
      vertex 56.75 -27.2222 55.7311
      vertex 60.6845 -16.0632 66.8901
      vertex 60.487 -15.9699 66.9834
    endloop
  endfacet
  facet normal -4.71369e-16 -0.707107 0.707107
    outer loop
      vertex 68.0261 -21.9495 61.0038
      vertex 59.7409 -28.6353 54.318
      vertex 62.4454 -30.3124 52.6409
    endloop
  endfacet
  facet normal 2.52845e-16 -0.707107 0.707107
    outer loop
      vertex 53.5238 -26.0972 56.8561
      vertex 60.487 -15.9699 66.9834
      vertex 57.525 -14.5704 68.3829
    endloop
  endfacet
  facet normal -2.19043e-14 -0.707107 0.707107
    outer loop
      vertex 53.5238 -26.0972 56.8561
      vertex 57.525 -14.5704 68.3829
      vertex 57.312 -14.4961 68.4572
    endloop
  endfacet
  facet normal 0 -0.707107 0.707107
    outer loop
      vertex 63.5414 -17.8348 65.1185
      vertex 56.75 -27.2222 55.7311
      vertex 59.7409 -28.6353 54.318
    endloop
  endfacet
  facet normal -1.4603e-15 -0.707107 0.707107
    outer loop
      vertex 53.5238 -26.0972 56.8561
      vertex 57.312 -14.4961 68.4572
      vertex 54.1169 -13.382 69.5713
    endloop
  endfacet
  facet normal 0 -0.707107 0.707107
    outer loop
      vertex 60.487 -15.9699 66.9834
      vertex 53.5238 -26.0972 56.8561
      vertex 56.75 -27.2222 55.7311
    endloop
  endfacet
  facet normal 1.7376e-15 -0.707107 0.707107
    outer loop
      vertex 50.1175 -25.2796 57.6737
      vertex 54.1169 -13.382 69.5713
      vertex 50.5187 -12.5183 70.435
    endloop
  endfacet
  facet normal 0.000302273 -0.707112 0.707102
    outer loop
      vertex 50.1175 -25.2796 57.6737
      vertex 50.5187 -12.5183 70.435
      vertex 50.2858 -12.4856 70.4678
    endloop
  endfacet
  facet normal -9.17749e-16 -0.707107 0.707107
    outer loop
      vertex 54.1169 -13.382 69.5713
      vertex 50.1175 -25.2796 57.6737
      vertex 53.5238 -26.0972 56.8561
    endloop
  endfacet
  facet normal -2.01928e-05 -0.707107 0.707107
    outer loop
      vertex 46.5895 -24.7834 58.1699
      vertex 50.2858 -12.4856 70.4678
      vertex 46.7918 -11.9941 70.9592
    endloop
  endfacet
  facet normal -7.75894e-07 -0.70711 0.707104
    outer loop
      vertex 50.2858 -12.4856 70.4678
      vertex 46.5895 -24.7834 58.1699
      vertex 50.1175 -25.2796 57.6737
    endloop
  endfacet
  facet normal 1.24236e-15 -0.707107 0.707107
    outer loop
      vertex 43 -24.617 58.3363
      vertex 46.7918 -11.9941 70.9592
      vertex 43 -11.8184 71.1349
    endloop
  endfacet
  facet normal 8.74916e-16 -0.707107 0.707107
    outer loop
      vertex 46.7918 -11.9941 70.9592
      vertex 43 -24.617 58.3363
      vertex 46.5895 -24.7834 58.1699
    endloop
  endfacet
  facet normal -1.32648e-15 -0.707107 0.707107
    outer loop
      vertex 39.2082 -11.9941 70.9592
      vertex 43 -24.617 58.3363
      vertex 43 -11.8184 71.1349
    endloop
  endfacet
  facet normal -7.04034e-16 -0.707107 0.707107
    outer loop
      vertex 43 -24.617 58.3363
      vertex 39.2082 -11.9941 70.9592
      vertex 39.4105 -24.7834 58.1699
    endloop
  endfacet
  facet normal 1.61203e-14 -0.707107 0.707107
    outer loop
      vertex 38.9753 -12.0269 70.9264
      vertex 39.4105 -24.7834 58.1699
      vertex 39.2082 -11.9941 70.9592
    endloop
  endfacet
  facet normal 3.78631e-16 -0.707107 0.707107
    outer loop
      vertex 35.4813 -12.5183 70.435
      vertex 39.4105 -24.7834 58.1699
      vertex 38.9753 -12.0269 70.9264
    endloop
  endfacet
  facet normal -6.52745e-16 -0.707107 0.707107
    outer loop
      vertex 39.4105 -24.7834 58.1699
      vertex 35.4813 -12.5183 70.435
      vertex 35.8825 -25.2796 57.6737
    endloop
  endfacet
  facet normal -1.629e-15 -0.707107 0.707107
    outer loop
      vertex 31.8831 -13.382 69.5713
      vertex 35.8825 -25.2796 57.6737
      vertex 35.4813 -12.5183 70.435
    endloop
  endfacet
  facet normal 2.11002e-14 -0.707107 0.707107
    outer loop
      vertex 31.6701 -13.4563 69.497
      vertex 35.8825 -25.2796 57.6737
      vertex 31.8831 -13.382 69.5713
    endloop
  endfacet
  facet normal 7.75749e-16 -0.707107 0.707107
    outer loop
      vertex 35.8825 -25.2796 57.6737
      vertex 31.6701 -13.4563 69.497
      vertex 32.4762 -26.0972 56.8561
    endloop
  endfacet
  facet normal 1.1865e-15 -0.707107 0.707107
    outer loop
      vertex 28.475 -14.5704 68.3829
      vertex 32.4762 -26.0972 56.8561
      vertex 31.6701 -13.4563 69.497
    endloop
  endfacet
  facet normal -3.80398e-14 -0.707107 0.707107
    outer loop
      vertex 28.2775 -14.6637 68.2896
      vertex 32.4762 -26.0972 56.8561
      vertex 28.475 -14.5704 68.3829
    endloop
  endfacet
  facet normal 1.6751e-15 -0.707107 0.707107
    outer loop
      vertex 25.3155 -16.0632 66.8901
      vertex 32.4762 -26.0972 56.8561
      vertex 28.2775 -14.6637 68.2896
    endloop
  endfacet
  facet normal 6.21396e-17 -0.707107 0.707107
    outer loop
      vertex 32.4762 -26.0972 56.8561
      vertex 25.3155 -16.0632 66.8901
      vertex 29.25 -27.2222 55.7311
    endloop
  endfacet
  facet normal -2.29513e-14 -0.707107 0.707107
    outer loop
      vertex 25.1369 -16.1739 66.7794
      vertex 29.25 -27.2222 55.7311
      vertex 25.3155 -16.0632 66.8901
    endloop
  endfacet
  facet normal 6.55245e-16 -0.707107 0.707107
    outer loop
      vertex 22.4586 -17.8348 65.1185
      vertex 29.25 -27.2222 55.7311
      vertex 25.1369 -16.1739 66.7794
    endloop
  endfacet
  facet normal 0 -0.707107 0.707107
    outer loop
      vertex 29.25 -27.2222 55.7311
      vertex 22.4586 -17.8348 65.1185
      vertex 26.2591 -28.6353 54.318
    endloop
  endfacet
  facet normal 7.95477e-16 -0.707107 0.707107
    outer loop
      vertex 19.9531 -19.855 63.0983
      vertex 26.2591 -28.6353 54.318
      vertex 22.4586 -17.8348 65.1185
    endloop
  endfacet
  facet normal -1.06248e-14 -0.707107 0.707107
    outer loop
      vertex 19.8211 -19.9946 62.9587
      vertex 26.2591 -28.6353 54.318
      vertex 19.9531 -19.855 63.0983
    endloop
  endfacet
  facet normal -6.98157e-16 -0.707107 0.707107
    outer loop
      vertex 17.842 -22.0891 60.8642
      vertex 26.2591 -28.6353 54.318
      vertex 19.8211 -19.9946 62.9587
    endloop
  endfacet
  facet normal 3.94737e-16 -0.707107 0.707107
    outer loop
      vertex 26.2591 -28.6353 54.318
      vertex 17.842 -22.0891 60.8642
      vertex 23.5546 -30.3124 52.6409
    endloop
  endfacet
  facet normal 1.15623e-14 -0.707107 0.707107
    outer loop
      vertex 17.7369 -22.2397 60.7136
      vertex 23.5546 -30.3124 52.6409
      vertex 17.842 -22.0891 60.8642
    endloop
  endfacet
  facet normal 2.20712e-05 -0.707099 0.707115
    outer loop
      vertex 16.1613 -24.499 58.4544
      vertex 23.5546 -30.3124 52.6409
      vertex 17.7369 -22.2397 60.7136
    endloop
  endfacet
  facet normal -0.000246887 -0.70727 0.706944
    outer loop
      vertex 16.085 -24.658 58.2953
      vertex 23.5546 -30.3124 52.6409
      vertex 16.1613 -24.499 58.4544
    endloop
  endfacet
  facet normal -6.80283e-16 -0.707107 0.707107
    outer loop
      vertex 23.5546 -30.3124 52.6409
      vertex 16.085 -24.658 58.2953
      vertex 21.1828 -32.2248 50.7285
    endloop
  endfacet
  facet normal 9.59379e-16 -0.707107 0.707107
    outer loop
      vertex 14.1985 -29.6786 53.2747
      vertex 21.1828 -32.2248 50.7285
      vertex 14.9399 -27.0433 55.91
    endloop
  endfacet
  facet normal -9.04756e-16 -0.707107 0.707107
    outer loop
      vertex 14.9399 -27.0433 55.91
      vertex 21.1828 -32.2248 50.7285
      vertex 16.085 -24.658 58.2953
    endloop
  endfacet
  facet normal 3.56829e-16 -0.707107 0.707107
    outer loop
      vertex 14.183 -29.8462 53.1071
      vertex 21.1828 -32.2248 50.7285
      vertex 14.1985 -29.6786 53.2747
    endloop
  endfacet
  facet normal 2.56899e-16 -0.707107 0.707107
    outer loop
      vertex 21.1828 -32.2248 50.7285
      vertex 14.183 -29.8462 53.1071
      vertex 19.1843 -34.3397 48.6136
    endloop
  endfacet
  facet normal 0 -0.707107 0.707107
    outer loop
      vertex 16.437 -39.0296 43.9237
      vertex 13.95 -32.3598 50.5935
      vertex 15.7353 -41.5243 41.429
    endloop
  endfacet
  facet normal 0 -0.707107 0.707107
    outer loop
      vertex 19.1843 -34.3397 48.6136
      vertex 13.95 -32.3598 50.5935
      vertex 17.5933 -36.621 46.3323
    endloop
  endfacet
  facet normal 0 -0.707107 0.707107
    outer loop
      vertex 15.7353 -41.5243 41.429
      vertex 13.95 -32.3598 50.5935
      vertex 15.5 -44.0624 38.8909
    endloop
  endfacet
  facet normal 2.28098e-05 -0.707105 0.707108
    outer loop
      vertex 13.95 -55.7651 27.1883
      vertex 15.5 -44.0624 38.8909
      vertex 13.95 -32.3598 50.5935
    endloop
  endfacet
  facet normal -3.22821e-16 -0.707107 0.707107
    outer loop
      vertex 13.95 -32.3598 50.5935
      vertex 19.1843 -34.3397 48.6136
      vertex 14.183 -29.8462 53.1071
    endloop
  endfacet
  facet normal 0 -0.707107 0.707107
    outer loop
      vertex 17.5933 -36.621 46.3323
      vertex 13.95 -32.3598 50.5935
      vertex 16.437 -39.0296 43.9237
    endloop
  endfacet
  facet normal 5.794e-05 -0.707108 0.707106
    outer loop
      vertex 15.5 -44.0624 38.8909
      vertex 13.95 -55.7651 27.1883
      vertex 15.0162 -61.2406 21.7127
    endloop
  endfacet
  facet normal 0.00012656 -0.707101 0.707113
    outer loop
      vertex 14.1985 -58.4463 24.5071
      vertex 15.0162 -61.2406 21.7127
      vertex 13.95 -55.7651 27.1883
    endloop
  endfacet
  facet normal -0.000135141 -0.707139 0.707074
    outer loop
      vertex 15.0162 -61.2406 21.7127
      vertex 14.1985 -58.4463 24.5071
      vertex 14.9399 -61.0816 21.8717
    endloop
  endfacet
  facet normal 0.00146886 -0.707249 0.706963
    outer loop
      vertex 70.2647 -41.5243 41.429
      vertex 72.05 -32.3598 50.5935
      vertex 72.0345 -32.1923 50.7611
    endloop
  endfacet
  facet normal -9.90327e-16 -0.707107 0.707107
    outer loop
      vertex 71.0601 -27.0433 55.91
      vertex 64.8172 -32.2248 50.7285
      vertex 71.8015 -29.6786 53.2747
    endloop
  endfacet
  facet normal -2.28098e-05 -0.707105 0.707108
    outer loop
      vertex 72.05 -32.3598 50.5935
      vertex 70.5 -44.0624 38.8909
      vertex 72.05 -55.7651 27.1883
    endloop
  endfacet
  facet normal 1.99094e-14 -0.707107 0.707107
    outer loop
      vertex 64.8172 -32.2248 50.7285
      vertex 71.0601 -27.0433 55.91
      vertex 70.9838 -26.8843 56.069
    endloop
  endfacet
  facet normal -2.68364e-05 -0.707106 0.707108
    outer loop
      vertex 70.2647 -46.6006 36.3527
      vertex 72.05 -55.7651 27.1883
      vertex 70.5 -44.0624 38.8909
    endloop
  endfacet
  facet normal -3.16237e-16 -0.707107 0.707107
    outer loop
      vertex 66.8157 -34.3397 48.6136
      vertex 71.8015 -29.6786 53.2747
      vertex 64.8172 -32.2248 50.7285
    endloop
  endfacet
  facet normal -1.62067e-05 -0.707105 0.707109
    outer loop
      vertex 69.563 -49.0953 33.858
      vertex 72.05 -55.7651 27.1883
      vertex 70.2647 -46.6006 36.3527
    endloop
  endfacet
  facet normal -1.24295e-05 -0.707104 0.70711
    outer loop
      vertex 68.4067 -51.5039 31.4494
      vertex 72.05 -55.7651 27.1883
      vertex 69.563 -49.0953 33.858
    endloop
  endfacet
  facet normal 9.2772e-06 -0.707095 0.707119
    outer loop
      vertex 66.8157 -53.7852 29.1682
      vertex 72.05 -55.7651 27.1883
      vertex 68.4067 -51.5039 31.4494
    endloop
  endfacet
  facet normal -0.000102486 -0.707242 0.706971
    outer loop
      vertex 66.634 -53.9774 28.9759
      vertex 72.05 -55.7651 27.1883
      vertex 66.8157 -53.7852 29.1682
    endloop
  endfacet
  facet normal -1.26683e-05 -0.707106 0.707107
    outer loop
      vertex 72.05 -55.7651 27.1883
      vertex 66.634 -53.9774 28.9759
      vertex 71.8015 -58.4463 24.5071
    endloop
  endfacet
  facet normal -7.53025e-06 -0.707103 0.70711
    outer loop
      vertex 64.8172 -55.9001 27.0532
      vertex 71.8015 -58.4463 24.5071
      vertex 66.634 -53.9774 28.9759
    endloop
  endfacet
  facet normal -1.80542e-05 -0.707118 0.707096
    outer loop
      vertex 71.8015 -58.4463 24.5071
      vertex 64.8172 -55.9001 27.0532
      vertex 71.0601 -61.0816 21.8717
    endloop
  endfacet
  facet normal 0 -0.707107 0.707107
    outer loop
      vertex 64.6016 -56.0739 26.8794
      vertex 71.0601 -61.0816 21.8717
      vertex 64.8172 -55.9001 27.0532
    endloop
  endfacet
  facet normal 0 -0.707107 0.707107
    outer loop
      vertex 71.0601 -61.0816 21.8717
      vertex 64.6016 -56.0739 26.8794
      vertex 69.915 -63.4669 19.4864
    endloop
  endfacet
  facet normal -1.49662e-15 -0.707107 0.707107
    outer loop
      vertex 62.4454 -57.8124 25.1409
      vertex 69.915 -63.4669 19.4864
      vertex 64.6016 -56.0739 26.8794
    endloop
  endfacet
  facet normal -4.84864e-16 -0.707107 0.707107
    outer loop
      vertex 69.915 -63.4669 19.4864
      vertex 62.4454 -57.8124 25.1409
      vertex 69.8387 -63.6259 19.3274
    endloop
  endfacet
  facet normal -9.71313e-16 -0.707107 0.707107
    outer loop
      vertex 69.8387 -63.6259 19.3274
      vertex 62.4454 -57.8124 25.1409
      vertex 68.2631 -65.8852 17.0681
    endloop
  endfacet
  facet normal -1.19264e-14 -0.707107 0.707107
    outer loop
      vertex 68.2631 -65.8852 17.0681
      vertex 62.4454 -57.8124 25.1409
      vertex 68.158 -66.0358 16.9175
    endloop
  endfacet
  facet normal 6.31574e-16 -0.707107 0.707107
    outer loop
      vertex 59.7409 -59.4895 23.4638
      vertex 68.158 -66.0358 16.9175
      vertex 62.4454 -57.8124 25.1409
    endloop
  endfacet
  facet normal 1.76588e-15 -0.707107 0.707107
    outer loop
      vertex 68.158 -66.0358 16.9175
      vertex 59.7409 -59.4895 23.4638
      vertex 66.1788 -68.1303 14.823
    endloop
  endfacet
  facet normal 5.00654e-15 -0.707107 0.707107
    outer loop
      vertex 66.1788 -68.1303 14.823
      vertex 59.7409 -59.4895 23.4638
      vertex 66.0469 -68.2699 14.6834
    endloop
  endfacet
  facet normal -2.77694e-15 -0.707107 0.707107
    outer loop
      vertex 66.0469 -68.2699 14.6834
      vertex 59.7409 -59.4895 23.4638
      vertex 63.698 -70.1638 12.7895
    endloop
  endfacet
  facet normal 8.03503e-16 -0.707107 0.707107
    outer loop
      vertex 56.75 -60.9027 22.0506
      vertex 63.698 -70.1638 12.7895
      vertex 59.7409 -59.4895 23.4638
    endloop
  endfacet
  facet normal 0.00028136 -0.707001 0.707212
    outer loop
      vertex 63.698 -70.1638 12.7895
      vertex 56.75 -60.9027 22.0506
      vertex 63.5414 -70.2901 12.6633
    endloop
  endfacet
  facet normal -2.03101e-05 -0.70711 0.707103
    outer loop
      vertex 63.5414 -70.2901 12.6633
      vertex 56.75 -60.9027 22.0506
      vertex 60.6845 -72.0617 10.8916
    endloop
  endfacet
  facet normal 0.000214696 -0.707069 0.707145
    outer loop
      vertex 56.4567 -61.005 21.9484
      vertex 60.6845 -72.0617 10.8916
      vertex 56.75 -60.9027 22.0506
    endloop
  endfacet
  facet normal -1.93052e-05 -0.707114 0.7071
    outer loop
      vertex 53.5238 -62.0277 20.9256
      vertex 60.6845 -72.0617 10.8916
      vertex 56.4567 -61.005 21.9484
    endloop
  endfacet
  facet normal 8.36851e-06 -0.707104 0.70711
    outer loop
      vertex 60.6845 -72.0617 10.8916
      vertex 53.5238 -62.0277 20.9256
      vertex 57.525 -73.5545 9.39885
    endloop
  endfacet
  facet normal -6.7929e-07 -0.707105 0.707108
    outer loop
      vertex 53.2141 -62.102 20.8513
      vertex 57.525 -73.5545 9.39885
      vertex 53.5238 -62.0277 20.9256
    endloop
  endfacet
  facet normal -2.78563e-06 -0.707106 0.707108
    outer loop
      vertex 57.525 -73.5545 9.39885
      vertex 53.2141 -62.102 20.8513
      vertex 54.1169 -74.7429 8.21044
    endloop
  endfacet
  facet normal -5.28037e-07 -0.707106 0.707108
    outer loop
      vertex 50.1175 -62.8453 20.108
      vertex 54.1169 -74.7429 8.21044
      vertex 53.2141 -62.102 20.8513
    endloop
  endfacet
  facet normal -5.28036e-07 -0.707106 0.707108
    outer loop
      vertex 54.1169 -74.7429 8.21044
      vertex 50.1175 -62.8453 20.108
      vertex 50.5187 -75.6066 7.34674
    endloop
  endfacet
  facet normal -3.10322e-07 -0.707106 0.707108
    outer loop
      vertex 49.7968 -62.8904 20.0629
      vertex 50.5187 -75.6066 7.34674
      vertex 50.1175 -62.8453 20.108
    endloop
  endfacet
  facet normal -3.10361e-07 -0.707106 0.707108
    outer loop
      vertex 46.5895 -63.3415 19.6118
      vertex 50.5187 -75.6066 7.34674
      vertex 49.7968 -62.8904 20.0629
    endloop
  endfacet
  facet normal -8.05644e-06 -0.707107 0.707107
    outer loop
      vertex 50.5187 -75.6066 7.34674
      vertex 46.5895 -63.3415 19.6118
      vertex 47.0247 -76.098 6.8553
    endloop
  endfacet
  facet normal -7.67578e-15 -0.707107 0.707107
    outer loop
      vertex 46.2631 -63.3566 19.5967
      vertex 47.0247 -76.098 6.8553
      vertex 46.5895 -63.3415 19.6118
    endloop
  endfacet
  facet normal 0.000120431 -0.707103 0.70711
    outer loop
      vertex 47.0247 -76.098 6.8553
      vertex 46.2631 -63.3566 19.5967
      vertex 46.7918 -76.1308 6.82254
    endloop
  endfacet
  facet normal -1.02468e-07 -0.707106 0.707108
    outer loop
      vertex 43 -63.5079 19.4454
      vertex 46.7918 -76.1308 6.82254
      vertex 46.2631 -63.3566 19.5967
    endloop
  endfacet
  facet normal -9.91167e-06 -0.707107 0.707106
    outer loop
      vertex 46.7918 -76.1308 6.82254
      vertex 43 -63.5079 19.4454
      vertex 43.237 -76.2955 6.65779
    endloop
  endfacet
  facet normal 5.96458e-05 -0.707107 0.707107
    outer loop
      vertex 43 -63.5079 19.4454
      vertex 43 -76.3065 6.64681
      vertex 43.237 -76.2955 6.65779
    endloop
  endfacet
  facet normal 0.00021673 -0.707106 0.707107
    outer loop
      vertex 42.6737 -63.4928 19.4606
      vertex 43 -76.3065 6.64681
      vertex 43 -63.5079 19.4454
    endloop
  endfacet
  facet normal 9.72714e-06 -0.707109 0.707104
    outer loop
      vertex 42.6737 -63.4928 19.4606
      vertex 39.4452 -76.1418 6.81156
      vertex 43 -76.3065 6.64681
    endloop
  endfacet
  facet normal -2.15182e-05 -0.707105 0.707108
    outer loop
      vertex 39.4105 -63.3415 19.6118
      vertex 39.4452 -76.1418 6.81156
      vertex 42.6737 -63.4928 19.4606
    endloop
  endfacet
  facet normal -5.95252e-05 -0.707105 0.707108
    outer loop
      vertex 39.4105 -63.3415 19.6118
      vertex 39.2082 -76.1308 6.82254
      vertex 39.4452 -76.1418 6.81156
    endloop
  endfacet
  facet normal 3.10321e-07 -0.707106 0.707108
    outer loop
      vertex 39.0898 -63.2964 19.6569
      vertex 39.2082 -76.1308 6.82254
      vertex 39.4105 -63.3415 19.6118
    endloop
  endfacet
  facet normal -1.55181e-07 -0.707107 0.707106
    outer loop
      vertex 35.7142 -75.6393 7.31398
      vertex 39.0898 -63.2964 19.6569
      vertex 35.8825 -62.8453 20.108
    endloop
  endfacet
  facet normal -1.1848e-05 -0.707106 0.707108
    outer loop
      vertex 39.0898 -63.2964 19.6569
      vertex 35.7142 -75.6393 7.31398
      vertex 39.2082 -76.1308 6.82254
    endloop
  endfacet
  facet normal 0.000211798 -0.707141 0.707072
    outer loop
      vertex 31.8831 -74.7429 8.21044
      vertex 35.8825 -62.8453 20.108
      vertex 35.5728 -62.771 20.1824
    endloop
  endfacet
  facet normal 0.000181675 -0.707109 0.707105
    outer loop
      vertex 35.8825 -62.8453 20.108
      vertex 35.4813 -75.6066 7.34674
      vertex 35.7142 -75.6393 7.31398
    endloop
  endfacet
  facet normal -2.20541e-05 -0.707105 0.707108
    outer loop
      vertex 31.8831 -74.7429 8.21044
      vertex 35.5728 -62.771 20.1824
      vertex 32.4762 -62.0277 20.9256
    endloop
  endfacet
  facet normal 9.54283e-07 -0.707105 0.707108
    outer loop
      vertex 28.475 -73.5545 9.39885
      vertex 32.4762 -62.0277 20.9256
      vertex 32.1829 -61.9254 21.0279
    endloop
  endfacet
  facet normal 5.28036e-07 -0.707106 0.707108
    outer loop
      vertex 35.8825 -62.8453 20.108
      vertex 31.8831 -74.7429 8.21044
      vertex 35.4813 -75.6066 7.34674
    endloop
  endfacet
  facet normal 0 -0.707107 0.707107
    outer loop
      vertex 25.3155 -72.0617 10.8916
      vertex 32.1829 -61.9254 21.0279
      vertex 29.25 -60.9027 22.0506
    endloop
  endfacet
  facet normal 2.80483e-06 -0.707106 0.707108
    outer loop
      vertex 32.4762 -62.0277 20.9256
      vertex 28.475 -73.5545 9.39885
      vertex 31.8831 -74.7429 8.21044
    endloop
  endfacet
  facet normal 2.65243e-06 -0.707104 0.70711
    outer loop
      vertex 22.4586 -70.2901 12.6633
      vertex 29.25 -60.9027 22.0506
      vertex 26.2591 -59.4895 23.4638
    endloop
  endfacet
  facet normal -8.47674e-06 -0.707104 0.70711
    outer loop
      vertex 32.1829 -61.9254 21.0279
      vertex 25.3155 -72.0617 10.8916
      vertex 28.475 -73.5545 9.39885
    endloop
  endfacet
  facet normal -6.28486e-16 -0.707107 0.707107
    outer loop
      vertex 17.9739 -66.1754 16.7779
      vertex 26.2591 -59.4895 23.4638
      vertex 23.5546 -57.8124 25.1409
    endloop
  endfacet
  facet normal 0 -0.707107 0.707107
    outer loop
      vertex 16.2663 -63.7765 19.1768
      vertex 23.5546 -57.8124 25.1409
      vertex 23.3389 -57.6386 25.3147
    endloop
  endfacet
  facet normal 2.03101e-05 -0.70711 0.707103
    outer loop
      vertex 29.25 -60.9027 22.0506
      vertex 22.4586 -70.2901 12.6633
      vertex 25.3155 -72.0617 10.8916
    endloop
  endfacet
  facet normal 1.24278e-15 -0.707107 0.707107
    outer loop
      vertex 15.0162 -61.2406 21.7127
      vertex 23.3389 -57.6386 25.3147
      vertex 21.1828 -55.9001 27.0532
    endloop
  endfacet
  facet normal -5.82539e-15 -0.707107 0.707107
    outer loop
      vertex 15.0162 -61.2406 21.7127
      vertex 21.1828 -55.9001 27.0532
      vertex 21.0011 -55.7078 27.2455
    endloop
  endfacet
  facet normal 4.11208e-06 -0.707104 0.707109
    outer loop
      vertex 26.2591 -59.4895 23.4638
      vertex 20.1097 -68.3962 14.5572
      vertex 22.4586 -70.2901 12.6633
    endloop
  endfacet
  facet normal -0.000285964 -0.707004 0.707209
    outer loop
      vertex 26.2591 -59.4895 23.4638
      vertex 19.9531 -68.2699 14.6834
      vertex 20.1097 -68.3962 14.5572
    endloop
  endfacet
  facet normal 1.8147e-05 -0.707117 0.707097
    outer loop
      vertex 15.0162 -61.2406 21.7127
      vertex 21.0011 -55.7078 27.2455
      vertex 19.1843 -53.7852 29.1682
    endloop
  endfacet
  facet normal -2.13548e-15 -0.707107 0.707107
    outer loop
      vertex 26.2591 -59.4895 23.4638
      vertex 17.9739 -66.1754 16.7779
      vertex 19.9531 -68.2699 14.6834
    endloop
  endfacet
  facet normal 0 -0.707107 0.707107
    outer loop
      vertex 23.5546 -57.8124 25.1409
      vertex 17.842 -66.0358 16.9175
      vertex 17.9739 -66.1754 16.7779
    endloop
  endfacet
  facet normal -3.22174e-05 -0.707103 0.707111
    outer loop
      vertex 15.0162 -61.2406 21.7127
      vertex 19.1843 -53.7852 29.1682
      vertex 17.5933 -51.5039 31.4494
    endloop
  endfacet
  facet normal -1.15066e-15 -0.707107 0.707107
    outer loop
      vertex 15.0162 -61.2406 21.7127
      vertex 17.5933 -51.5039 31.4494
      vertex 16.437 -49.0953 33.858
    endloop
  endfacet
  facet normal 7.7703e-16 -0.707107 0.707107
    outer loop
      vertex 23.5546 -57.8124 25.1409
      vertex 16.2663 -63.7765 19.1768
      vertex 17.842 -66.0358 16.9175
    endloop
  endfacet
  facet normal 5.23871e-16 -0.707107 0.707107
    outer loop
      vertex 23.3389 -57.6386 25.3147
      vertex 15.0162 -61.2406 21.7127
      vertex 16.1613 -63.6259 19.3274
    endloop
  endfacet
  facet normal 1.66549e-15 -0.707107 0.707107
    outer loop
      vertex 15.0162 -61.2406 21.7127
      vertex 16.437 -49.0953 33.858
      vertex 15.7353 -46.6006 36.3527
    endloop
  endfacet
  facet normal 0 -0.707107 0.707107
    outer loop
      vertex 15.0162 -61.2406 21.7127
      vertex 15.7353 -46.6006 36.3527
      vertex 15.5 -44.0624 38.8909
    endloop
  endfacet
  facet normal 8.81655e-15 -0.707107 0.707107
    outer loop
      vertex 23.3389 -57.6386 25.3147
      vertex 16.1613 -63.6259 19.3274
      vertex 16.2663 -63.7765 19.1768
    endloop
  endfacet
  facet normal -0.000239911 -0.707153 0.707061
    outer loop
      vertex 90.3465 -60.2279 22.7255
      vertex 88.9015 -57.2304 25.7229
      vertex 89.8502 -59.7026 23.2507
    endloop
  endfacet
  facet normal -6.09348e-05 -0.70711 0.707104
    outer loop
      vertex 88.9015 -57.2304 25.7229
      vertex 90.3465 -60.2279 22.7255
      vertex 88.9 -57.2146 25.7387
    endloop
  endfacet
  facet normal 0.000221959 -0.707042 0.707172
    outer loop
      vertex 88.9 -57.2146 25.7387
      vertex 90.3465 -60.2279 22.7255
      vertex 90.9502 -60.7146 22.2387
    endloop
  endfacet
  facet normal -5.56056e-15 -0.707107 0.707107
    outer loop
      vertex 88.9 -57.2146 25.7387
      vertex 90.9502 -60.7146 22.2387
      vertex 91.6572 -61.1503 21.803
    endloop
  endfacet
  facet normal 1.20072e-14 -0.707107 0.707107
    outer loop
      vertex 91.6572 -61.1503 21.803
      vertex 90.9502 -60.7146 22.2387
      vertex 91.6387 -61.1415 21.8118
    endloop
  endfacet
  facet normal 1.24651e-15 -0.707107 0.707107
    outer loop
      vertex 88.9 -57.2146 25.7387
      vertex 91.6572 -61.1503 21.803
      vertex 92.42 -61.5082 21.4451
    endloop
  endfacet
  facet normal -4.94458e-13 -0.707107 0.707107
    outer loop
      vertex 92.42 -61.5082 21.4451
      vertex 91.6572 -61.1503 21.803
      vertex 92.4 -61.5012 21.4521
    endloop
  endfacet
  facet normal 0 -0.707107 0.707107
    outer loop
      vertex 88.9 -57.2146 25.7387
      vertex 92.42 -61.5082 21.4451
      vertex 93.2424 -61.7927 21.1606
    endloop
  endfacet
  facet normal -3.89007e-13 -0.707107 0.707107
    outer loop
      vertex 93.2424 -61.7927 21.1606
      vertex 92.42 -61.5082 21.4451
      vertex 93.2212 -61.7876 21.1657
    endloop
  endfacet
  facet normal 0 -0.707107 0.707107
    outer loop
      vertex 88.9 -57.2146 25.7387
      vertex 93.2424 -61.7927 21.1606
      vertex 94.1102 -61.9988 20.9545
    endloop
  endfacet
  facet normal -2.8397e-13 -0.707107 0.707107
    outer loop
      vertex 94.1102 -61.9988 20.9545
      vertex 93.2424 -61.7927 21.1606
      vertex 94.0883 -61.9957 20.9576
    endloop
  endfacet
  facet normal 3.53869e-15 -0.707107 0.707107
    outer loop
      vertex 88.9 -57.2146 25.7387
      vertex 94.1102 -61.9988 20.9545
      vertex 94.9863 -62.122 20.8313
    endloop
  endfacet
  facet normal -2.97237e-15 -0.707107 0.707107
    outer loop
      vertex 88.9 -57.2146 25.7387
      vertex 94.9863 -62.122 20.8313
      vertex 95.9 -62.1644 20.7889
    endloop
  endfacet
  facet normal -3.51795e-06 -0.707109 0.707104
    outer loop
      vertex 88.9 -57.2146 25.7387
      vertex 95.9 -62.1644 20.7889
      vertex 112 -59.336 23.6174
    endloop
  endfacet
  facet normal 0 -0.707119 0.707094
    outer loop
      vertex 112 -59.336 23.6174
      vertex 95.9 -62.1644 20.7889
      vertex 112 -62.1644 20.7889
    endloop
  endfacet
  facet normal 0.00339705 -0.709501 0.704697
    outer loop
      vertex 88.9 -32.3245 50.6288
      vertex 95.9 -27.3747 55.5786
      vertex 95.8777 -27.3758 55.5776
    endloop
  endfacet
  facet normal 0 -0.707106 0.707108
    outer loop
      vertex 95.9 -27.3747 55.5786
      vertex 130 -59.336 23.6174
      vertex 146.1 -27.3747 55.5786
    endloop
  endfacet
  facet normal -0.00173094 -0.689079 0.724684
    outer loop
      vertex 94.9644 -27.4202 55.5332
      vertex 95.8777 -27.3758 55.5776
      vertex 94.9863 -27.4171 55.5362
    endloop
  endfacet
  facet normal 1.15353e-06 -0.707106 0.707108
    outer loop
      vertex 153.1 -32.3245 50.6288
      vertex 146.1 -27.3747 55.5786
      vertex 130 -59.336 23.6174
    endloop
  endfacet
  facet normal 7.45758e-07 -0.707114 0.707099
    outer loop
      vertex 95.8777 -27.3758 55.5776
      vertex 94.9644 -27.4202 55.5332
      vertex 88.9 -32.3245 50.6288
    endloop
  endfacet
  facet normal -2.38114e-17 -0.707107 0.707107
    outer loop
      vertex 146.1 -27.3747 55.5786
      vertex 153.1 -32.3245 50.6288
      vertex 146.991 -27.416 55.5373
    endloop
  endfacet
  facet normal -0.00500677 -0.689373 0.724389
    outer loop
      vertex 94.0671 -27.5485 55.4049
      vertex 94.9644 -27.4202 55.5332
      vertex 94.0883 -27.5434 55.4099
    endloop
  endfacet
  facet normal 6.66132e-15 -0.707107 0.707107
    outer loop
      vertex 147.89 -27.5403 55.413
      vertex 146.991 -27.416 55.5373
      vertex 153.1 -32.3245 50.6288
    endloop
  endfacet
  facet normal 2.50432e-06 -0.707116 0.707098
    outer loop
      vertex 94.9644 -27.4202 55.5332
      vertex 94.0671 -27.5485 55.4049
      vertex 88.9 -32.3245 50.6288
    endloop
  endfacet
  facet normal -2.95179e-15 -0.707107 0.707107
    outer loop
      vertex 146.991 -27.416 55.5373
      vertex 147.89 -27.5403 55.413
      vertex 147.014 -27.4171 55.5362
    endloop
  endfacet
  facet normal -0.000266072 -0.706727 0.707487
    outer loop
      vertex 93.2012 -27.7585 55.1948
      vertex 94.0671 -27.5485 55.4049
      vertex 93.2212 -27.7515 55.2018
    endloop
  endfacet
  facet normal -3.74814e-15 -0.707107 0.707107
    outer loop
      vertex 148.758 -27.7464 55.2069
      vertex 147.89 -27.5403 55.413
      vertex 153.1 -32.3245 50.6288
    endloop
  endfacet
  facet normal -0.000105849 -0.707057 0.707157
    outer loop
      vertex 94.0671 -27.5485 55.4049
      vertex 93.2012 -27.7585 55.1948
      vertex 88.9 -32.3245 50.6288
    endloop
  endfacet
  facet normal -2.76607e-13 -0.707107 0.707107
    outer loop
      vertex 147.89 -27.5403 55.413
      vertex 148.758 -27.7464 55.2069
      vertex 147.912 -27.5434 55.4099
    endloop
  endfacet
  facet normal 0.00013142 -0.707169 0.707045
    outer loop
      vertex 88.9 -32.3245 50.6288
      vertex 93.2012 -27.7585 55.1948
      vertex 92.4 -28.0379 54.9155
    endloop
  endfacet
  facet normal 0 -0.707106 0.707108
    outer loop
      vertex 95.9 -27.3747 55.5786
      vertex 112 -59.336 23.6174
      vertex 130 -59.336 23.6174
    endloop
  endfacet
  facet normal -0.000392476 -0.70679 0.707424
    outer loop
      vertex 91.6219 -28.408 54.5453
      vertex 92.4 -28.0379 54.9155
      vertex 91.6387 -28.3976 54.5557
    endloop
  endfacet
  facet normal -4.53407e-15 -0.707107 0.707107
    outer loop
      vertex 149.58 -28.0309 54.9224
      vertex 148.758 -27.7464 55.2069
      vertex 153.1 -32.3245 50.6288
    endloop
  endfacet
  facet normal -0.00013576 -0.70706 0.707154
    outer loop
      vertex 92.4 -28.0379 54.9155
      vertex 91.6219 -28.408 54.5453
      vertex 88.9 -32.3245 50.6288
    endloop
  endfacet
  facet normal -4.5675e-16 -0.707107 0.707107
    outer loop
      vertex 150.361 -28.3976 54.5557
      vertex 149.58 -28.0309 54.9224
      vertex 153.1 -32.3245 50.6288
    endloop
  endfacet
  facet normal 0 -0.707107 0.707107
    outer loop
      vertex 90.9355 -28.8363 54.117
      vertex 91.6219 -28.408 54.5453
      vertex 90.9502 -28.8245 54.1288
    endloop
  endfacet
  facet normal -0.0135997 -0.721375 0.692411
    outer loop
      vertex 149.58 -28.0309 54.9224
      vertex 150.361 -28.3976 54.5557
      vertex 149.6 -28.0379 54.9155
    endloop
  endfacet
  facet normal 0 -0.707107 0.707107
    outer loop
      vertex 91.6219 -28.408 54.5453
      vertex 90.9355 -28.8363 54.117
      vertex 88.9 -32.3245 50.6288
    endloop
  endfacet
  facet normal -0.000185336 -0.707171 0.707042
    outer loop
      vertex 150.361 -28.3976 54.5557
      vertex 153.1 -32.3245 50.6288
      vertex 151.033 -28.8141 54.1393
    endloop
  endfacet
  facet normal 0.0185905 -0.718345 0.695439
    outer loop
      vertex 90.3341 -29.3244 53.6289
      vertex 90.9355 -28.8363 54.117
      vertex 90.3465 -29.3113 53.6421
    endloop
  endfacet
  facet normal 0.000190289 -0.707061 0.707153
    outer loop
      vertex 151.639 -29.2994 53.6539
      vertex 151.033 -28.8141 54.1393
      vertex 153.1 -32.3245 50.6288
    endloop
  endfacet
  facet normal 7.82006e-15 -0.707107 0.707107
    outer loop
      vertex 90.9355 -28.8363 54.117
      vertex 90.3341 -29.3244 53.6289
      vertex 88.9 -32.3245 50.6288
    endloop
  endfacet
  facet normal 0.0175011 -0.696062 0.717768
    outer loop
      vertex 151.033 -28.8141 54.1393
      vertex 151.639 -29.2994 53.6539
      vertex 151.05 -28.8245 54.1288
    endloop
  endfacet
  facet normal -0.0203635 -0.697273 0.716516
    outer loop
      vertex 89.8279 -29.8638 53.0896
      vertex 90.3341 -29.3244 53.6289
      vertex 89.8378 -29.8496 53.1037
    endloop
  endfacet
  facet normal 7.22643e-15 -0.707107 0.707107
    outer loop
      vertex 148.758 -27.7464 55.2069
      vertex 149.58 -28.0309 54.9224
      vertex 148.779 -27.7515 55.2018
    endloop
  endfacet
  facet normal 0.000284686 -0.707175 0.707039
    outer loop
      vertex 90.3341 -29.3244 53.6289
      vertex 89.8279 -29.8638 53.0896
      vertex 88.9 -32.3245 50.6288
    endloop
  endfacet
  facet normal 0 -0.707107 0.707107
    outer loop
      vertex 153.099 -32.3087 50.6446
      vertex 151.639 -29.2994 53.6539
      vertex 153.1 -32.3245 50.6288
    endloop
  endfacet
  facet normal -0.000565083 -0.706972 0.707241
    outer loop
      vertex 89.4257 -30.4452 52.5081
      vertex 89.8279 -29.8638 53.0896
      vertex 89.4328 -30.4303 52.523
    endloop
  endfacet
  facet normal 0 -0.707107 0.707107
    outer loop
      vertex 152.15 -29.8365 53.1168
      vertex 151.639 -29.2994 53.6539
      vertex 153.099 -32.3087 50.6446
    endloop
  endfacet
  facet normal -0.000295181 -0.707065 0.707148
    outer loop
      vertex 89.8279 -29.8638 53.0896
      vertex 89.4257 -30.4452 52.5081
      vertex 88.9 -32.3245 50.6288
    endloop
  endfacet
  facet normal -0.0259282 -0.719096 0.694427
    outer loop
      vertex 151.639 -29.2994 53.6539
      vertex 152.15 -29.8365 53.1168
      vertex 151.653 -29.3113 53.6421
    endloop
  endfacet
  facet normal 0 -0.707107 0.707107
    outer loop
      vertex 88.9 -32.3245 50.6288
      vertex 89.4257 -30.4452 52.5081
      vertex 89.1385 -31.0434 51.9099
    endloop
  endfacet
  facet normal 0 -0.707107 0.707107
    outer loop
      vertex 152.557 -30.4161 52.5372
      vertex 152.15 -29.8365 53.1168
      vertex 153.099 -32.3087 50.6446
    endloop
  endfacet
  facet normal -0.0241273 -0.7035 0.710286
    outer loop
      vertex 88.9584 -31.6942 51.2592
      vertex 89.1385 -31.0434 51.9099
      vertex 88.9599 -31.6784 51.2749
    endloop
  endfacet
  facet normal -8.97215e-13 -0.707107 0.707107
    outer loop
      vertex 152.15 -29.8365 53.1168
      vertex 152.557 -30.4161 52.5372
      vertex 152.162 -29.8496 53.1037
    endloop
  endfacet
  facet normal 0.00119948 -0.707218 0.706995
    outer loop
      vertex 88.9 -32.3245 50.6288
      vertex 89.1385 -31.0434 51.9099
      vertex 88.9584 -31.6942 51.2592
    endloop
  endfacet
  facet normal -2.07995e-14 -0.707107 0.707107
    outer loop
      vertex 152.854 -31.0284 51.9249
      vertex 152.557 -30.4161 52.5372
      vertex 153.099 -32.3087 50.6446
    endloop
  endfacet
  facet normal -1.15353e-06 -0.707106 0.707108
    outer loop
      vertex 95.9 -27.3747 55.5786
      vertex 88.9 -32.3245 50.6288
      vertex 112 -59.336 23.6174
    endloop
  endfacet
  facet normal -7.88533e-13 -0.707107 0.707107
    outer loop
      vertex 152.557 -30.4161 52.5372
      vertex 152.854 -31.0284 51.9249
      vertex 152.567 -30.4303 52.523
    endloop
  endfacet
  facet normal -3.06107e-06 -0.707107 0.707107
    outer loop
      vertex 112 -59.336 23.6174
      vertex 88.9 -32.3245 50.6288
      vertex 88.9 -57.2146 25.7387
    endloop
  endfacet
  facet normal 9.27643e-13 -0.707107 0.707107
    outer loop
      vertex 152.854 -31.0284 51.9249
      vertex 153.04 -31.6784 51.2749
      vertex 152.861 -31.0434 51.9099
    endloop
  endfacet
  facet normal 1.55752e-12 -0.707107 0.707107
    outer loop
      vertex 89.8502 -59.7026 23.2507
      vertex 89.4427 -59.123 23.8303
      vertex 89.8378 -59.6895 23.2638
    endloop
  endfacet
  facet normal 3.06107e-06 -0.707107 0.707107
    outer loop
      vertex 153.1 -32.3245 50.6288
      vertex 130 -59.336 23.6174
      vertex 153.1 -57.2146 25.7387
    endloop
  endfacet
  facet normal 8.76609e-13 -0.707107 0.707107
    outer loop
      vertex 88.9642 -57.8762 25.0771
      vertex 88.9015 -57.2304 25.7229
      vertex 88.9599 -57.8607 25.0926
    endloop
  endfacet
  facet normal 3.51795e-06 -0.707109 0.707104
    outer loop
      vertex 146.1 -62.1644 20.7889
      vertex 153.1 -57.2146 25.7387
      vertex 130 -59.336 23.6174
    endloop
  endfacet
  facet normal -1.36032e-14 -0.707107 0.707107
    outer loop
      vertex 88.9015 -57.2304 25.7229
      vertex 88.9642 -57.8762 25.0771
      vertex 89.4427 -59.123 23.8303
    endloop
  endfacet
  facet normal 5.74067e-15 -0.707107 0.707107
    outer loop
      vertex 147.036 -62.1189 20.8344
      vertex 153.1 -57.2146 25.7387
      vertex 146.1 -62.1644 20.7889
    endloop
  endfacet
  facet normal 0 -0.707107 0.707107
    outer loop
      vertex 89.4427 -59.123 23.8303
      vertex 88.9642 -57.8762 25.0771
      vertex 89.1385 -58.4957 24.4576
    endloop
  endfacet
  facet normal -2.08985e-14 -0.707107 0.707107
    outer loop
      vertex 153.04 -31.6784 51.2749
      vertex 152.854 -31.0284 51.9249
      vertex 153.099 -32.3087 50.6446
    endloop
  endfacet
  facet normal 8.33704e-13 -0.707107 0.707107
    outer loop
      vertex 89.4427 -59.123 23.8303
      vertex 89.1385 -58.4957 24.4576
      vertex 89.4328 -59.1088 23.8445
    endloop
  endfacet
  facet normal -6.72064e-15 -0.707107 0.707107
    outer loop
      vertex 147.933 -61.9906 20.9627
      vertex 153.1 -57.2146 25.7387
      vertex 147.036 -62.1189 20.8344
    endloop
  endfacet
  facet normal 7.20612e-15 -0.707107 0.707107
    outer loop
      vertex 89.4427 -59.123 23.8303
      vertex 89.8502 -59.7026 23.2507
      vertex 88.9015 -57.2304 25.7229
    endloop
  endfacet
  facet normal 3.75676e-15 -0.707107 0.707107
    outer loop
      vertex 148.799 -61.7806 21.1727
      vertex 153.1 -57.2146 25.7387
      vertex 147.933 -61.9906 20.9627
    endloop
  endfacet
  facet normal -0.000128899 -0.707046 0.707167
    outer loop
      vertex 149.619 -61.4925 21.4609
      vertex 153.1 -57.2146 25.7387
      vertex 148.799 -61.7806 21.1727
    endloop
  endfacet
  facet normal 0.000142214 -0.707156 0.707057
    outer loop
      vertex 150.361 -61.1415 21.8118
      vertex 153.1 -57.2146 25.7387
      vertex 149.619 -61.4925 21.4609
    endloop
  endfacet
  facet normal 5.72297e-15 -0.707107 0.707107
    outer loop
      vertex 151.05 -60.7146 22.2387
      vertex 153.1 -57.2146 25.7387
      vertex 150.361 -61.1415 21.8118
    endloop
  endfacet
  facet normal -7.7727e-15 -0.707107 0.707107
    outer loop
      vertex 151.666 -60.2147 22.7386
      vertex 153.1 -57.2146 25.7387
      vertex 151.05 -60.7146 22.2387
    endloop
  endfacet
  facet normal 8.22423e-15 -0.707107 0.707107
    outer loop
      vertex 152.172 -59.6753 23.278
      vertex 153.1 -57.2146 25.7387
      vertex 151.666 -60.2147 22.7386
    endloop
  endfacet
  facet normal -1.37214e-14 -0.707107 0.707107
    outer loop
      vertex 152.567 -59.1088 23.8445
      vertex 153.1 -57.2146 25.7387
      vertex 152.172 -59.6753 23.278
    endloop
  endfacet
  facet normal -2.1193e-14 -0.707107 0.707107
    outer loop
      vertex 153.1 -57.2146 25.7387
      vertex 152.866 -58.4802 24.4731
      vertex 153.042 -57.8449 25.1084
    endloop
  endfacet
  facet normal 0 -0.707107 0.707107
    outer loop
      vertex 153.042 -57.8449 25.1084
      vertex 152.866 -58.4802 24.4731
      vertex 153.04 -57.8607 25.0926
    endloop
  endfacet
  facet normal 1.05845e-12 -0.707107 0.707107
    outer loop
      vertex 152.866 -58.4802 24.4731
      vertex 152.567 -59.1088 23.8445
      vertex 152.861 -58.4957 24.4576
    endloop
  endfacet
  facet normal -0.0220598 -0.693213 0.720396
    outer loop
      vertex 151.666 -60.2147 22.7386
      vertex 151.05 -60.7146 22.2387
      vertex 151.653 -60.2279 22.7255
    endloop
  endfacet
  facet normal 0.0116165 -0.723514 0.690212
    outer loop
      vertex 149.619 -61.4925 21.4609
      vertex 148.799 -61.7806 21.1727
      vertex 149.6 -61.5012 21.4521
    endloop
  endfacet
  facet normal -7.36515e-13 -0.707107 0.707107
    outer loop
      vertex 152.172 -59.6753 23.278
      vertex 151.666 -60.2147 22.7386
      vertex 152.162 -59.6895 23.2638
    endloop
  endfacet
  facet normal 9.46986e-15 -0.707107 0.707107
    outer loop
      vertex 148.799 -61.7806 21.1727
      vertex 147.933 -61.9906 20.9627
      vertex 148.779 -61.7876 21.1657
    endloop
  endfacet
  facet normal -6.78748e-15 -0.707107 0.707107
    outer loop
      vertex 153.1 -57.2146 25.7387
      vertex 152.567 -59.1088 23.8445
      vertex 152.866 -58.4802 24.4731
    endloop
  endfacet
  facet normal 1.57781e-13 -0.707107 0.707107
    outer loop
      vertex 147.933 -61.9906 20.9627
      vertex 147.036 -62.1189 20.8344
      vertex 147.912 -61.9957 20.9576
    endloop
  endfacet
  facet normal 0 -0.707119 0.707094
    outer loop
      vertex 146.1 -62.1644 20.7889
      vertex 130 -59.336 23.6174
      vertex 130 -62.1644 20.7889
    endloop
  endfacet
  facet normal -5.19441e-14 -0.707107 0.707107
    outer loop
      vertex 147.036 -62.1189 20.8344
      vertex 146.1 -62.1644 20.7889
      vertex 147.014 -62.122 20.8313
    endloop
  endfacet
  facet normal -4.41719e-15 -0.707107 0.707107
    outer loop
      vertex 40.4488 -28.9779 53.9754
      vertex 43.2551 -28.8715 54.0818
      vertex 43 -28.8596 54.0937
    endloop
  endfacet
  facet normal -1.04535e-14 -0.707107 0.707107
    outer loop
      vertex 40.1937 -59.1352 23.8181
      vertex 40.4488 -28.9779 53.9754
      vertex 40.1937 -28.9897 53.9636
    endloop
  endfacet
  facet normal 0 -0.707107 0.707107
    outer loop
      vertex 40.4488 -28.9779 53.9754
      vertex 43 -59.2652 23.6881
      vertex 43.2551 -28.8715 54.0818
    endloop
  endfacet
  facet normal 9.66788e-16 -0.707107 0.707107
    outer loop
      vertex 40.1937 -59.1352 23.8181
      vertex 40.1937 -28.9897 53.9636
      vertex 37.4354 -29.3777 53.5756
    endloop
  endfacet
  facet normal 9.79656e-16 -0.707107 0.707107
    outer loop
      vertex 43.2551 -28.8715 54.0818
      vertex 43 -59.2652 23.6881
      vertex 45.8063 -28.9897 53.9636
    endloop
  endfacet
  facet normal 0 -0.707107 0.707107
    outer loop
      vertex 45.8063 -59.1352 23.8181
      vertex 45.8063 -28.9897 53.9636
      vertex 43 -59.2652 23.6881
    endloop
  endfacet
  facet normal 0 -0.707107 0.707107
    outer loop
      vertex 37.4354 -58.7472 24.2061
      vertex 37.4354 -29.3777 53.5756
      vertex 35.0144 -29.9588 52.9945
    endloop
  endfacet
  facet normal -1.18204e-14 -0.707107 0.707107
    outer loop
      vertex 34.7723 -58.108 24.8453
      vertex 35.0144 -29.9588 52.9945
      vertex 34.7723 -30.0169 52.9364
    endloop
  endfacet
  facet normal -9.2147e-16 -0.707107 0.707107
    outer loop
      vertex 45.8063 -28.9897 53.9636
      vertex 45.8063 -59.1352 23.8181
      vertex 48.5646 -29.3777 53.5756
    endloop
  endfacet
  facet normal 1.01268e-14 -0.707107 0.707107
    outer loop
      vertex 48.5646 -29.3777 53.5756
      vertex 45.8063 -59.1352 23.8181
      vertex 48.8067 -29.4358 53.5175
    endloop
  endfacet
  facet normal 1.24802e-15 -0.707107 0.707107
    outer loop
      vertex 34.7723 -58.108 24.8453
      vertex 34.7723 -30.0169 52.9364
      vertex 32.4793 -30.8165 52.1368
    endloop
  endfacet
  facet normal -4.41493e-14 -0.707107 0.707107
    outer loop
      vertex 30.1242 -31.9008 51.0525
      vertex 32.4793 -30.8165 52.1368
      vertex 32.25 -30.8964 52.0569
    endloop
  endfacet
  facet normal 0 -0.707107 0.707107
    outer loop
      vertex 48.5646 -58.7472 24.2061
      vertex 48.8067 -29.4358 53.5175
      vertex 45.8063 -59.1352 23.8181
    endloop
  endfacet
  facet normal 0 -0.707107 0.707107
    outer loop
      vertex 48.8067 -29.4358 53.5175
      vertex 48.5646 -58.7472 24.2061
      vertex 51.2277 -30.0169 52.9364
    endloop
  endfacet
  facet normal 4.08565e-17 -0.707107 0.707107
    outer loop
      vertex 32.4793 -30.8165 52.1368
      vertex 30.1242 -31.9008 51.0525
      vertex 32.0374 -57.128 25.8253
    endloop
  endfacet
  facet normal 0.00139696 -0.708232 0.705979
    outer loop
      vertex 27.7972 -33.3125 49.6409
      vertex 30.1242 -31.9008 51.0525
      vertex 29.9116 -32.0013 50.9521
    endloop
  endfacet
  facet normal -0.000298722 -0.707093 0.707121
    outer loop
      vertex 51.2277 -30.0169 52.9364
      vertex 48.5646 -58.7472 24.2061
      vertex 51.457 -30.0969 52.8565
    endloop
  endfacet
  facet normal 3.06998e-05 -0.707107 0.707107
    outer loop
      vertex 30.1242 -31.9008 51.0525
      vertex 27.7972 -33.3125 49.6409
      vertex 29.7194 -56.0044 26.9489
    endloop
  endfacet
  facet normal 6.07096e-07 -0.707108 0.707106
    outer loop
      vertex 51.2277 -58.108 24.8453
      vertex 51.457 -30.0969 52.8565
      vertex 48.5646 -58.7472 24.2061
    endloop
  endfacet
  facet normal -3.54815e-05 -0.707108 0.707105
    outer loop
      vertex 27.7972 -54.8124 28.1409
      vertex 27.7972 -33.3125 49.6409
      vertex 25.9429 -34.8076 48.1457
    endloop
  endfacet
  facet normal 2.72342e-05 -0.707108 0.707105
    outer loop
      vertex 53.9626 -30.9969 51.9564
      vertex 51.457 -30.0969 52.8565
      vertex 51.2277 -58.108 24.8453
    endloop
  endfacet
  facet normal 0 -0.707107 0.707107
    outer loop
      vertex 25.9429 -53.3173 29.636
      vertex 25.9429 -34.8076 48.1457
      vertex 24.3805 -36.461 46.4923
    endloop
  endfacet
  facet normal 0.000117535 -0.706982 0.707231
    outer loop
      vertex 51.457 -30.0969 52.8565
      vertex 53.9626 -30.9969 51.9564
      vertex 53.75 -30.8964 52.0569
    endloop
  endfacet
  facet normal -1.02806e-15 -0.707107 0.707107
    outer loop
      vertex 53.75 -57.2284 25.7249
      vertex 53.9626 -30.9969 51.9564
      vertex 51.2277 -58.108 24.8453
    endloop
  endfacet
  facet normal 0 -0.707107 0.707107
    outer loop
      vertex 24.3805 -51.6638 31.2895
      vertex 24.3805 -36.461 46.4923
      vertex 23.2497 -38.0824 44.8709
    endloop
  endfacet
  facet normal 0 -0.707107 0.707107
    outer loop
      vertex 22.3148 -39.9565 42.9968
      vertex 23.2497 -38.0824 44.8709
      vertex 23.1366 -38.2446 44.7087
    endloop
  endfacet
  facet normal -3.33909e-05 -0.707107 0.707107
    outer loop
      vertex 55.8758 -56.2241 26.7293
      vertex 53.9626 -30.9969 51.9564
      vertex 53.75 -57.2284 25.7249
    endloop
  endfacet
  facet normal -3.31257e-05 -0.707107 0.707107
    outer loop
      vertex 53.9626 -30.9969 51.9564
      vertex 55.8758 -56.2241 26.7293
      vertex 56.0884 -32.0013 50.9521
    endloop
  endfacet
  facet normal 0 -0.707107 0.707107
    outer loop
      vertex 23.2497 -38.0824 44.8709
      vertex 22.3148 -39.9565 42.9968
      vertex 23.1366 -49.8803 33.073
    endloop
  endfacet
  facet normal 0 -0.707107 0.707107
    outer loop
      vertex 21.6839 -42.0781 40.8752
      vertex 22.3148 -39.9565 42.9968
      vertex 22.2326 -40.1277 42.8256
    endloop
  endfacet
  facet normal -4.87839e-17 -0.707107 0.707107
    outer loop
      vertex 56.0884 -32.0013 50.9521
      vertex 55.8758 -56.2241 26.7293
      vertex 58.2028 -33.3125 49.6409
    endloop
  endfacet
  facet normal 0 -0.707107 0.707107
    outer loop
      vertex 22.3148 -39.9565 42.9968
      vertex 21.6839 -42.0781 40.8752
      vertex 23.1366 -49.8803 33.073
    endloop
  endfacet
  facet normal 3.5293e-05 -0.707109 0.707105
    outer loop
      vertex 58.0106 -54.9316 28.0217
      vertex 58.2028 -33.3125 49.6409
      vertex 55.8758 -56.2241 26.7293
    endloop
  endfacet
  facet normal 0 -0.707107 0.707107
    outer loop
      vertex 23.1366 -49.8803 33.073
      vertex 21.6839 -42.0781 40.8752
      vertex 21.5 -44.0624 38.8909
    endloop
  endfacet
  facet normal 3.52435e-05 -0.707109 0.707105
    outer loop
      vertex 58.2028 -33.3125 49.6409
      vertex 58.0106 -54.9316 28.0217
      vertex 60.0571 -34.8076 48.1457
    endloop
  endfacet
  facet normal 0 -0.707107 0.707107
    outer loop
      vertex 23.1366 -49.8803 33.073
      vertex 21.5 -44.0624 38.8909
      vertex 21.6839 -46.0468 36.9065
    endloop
  endfacet
  facet normal -1.32637e-16 -0.707107 0.707107
    outer loop
      vertex 60.0571 -53.3173 29.636
      vertex 60.0571 -34.8076 48.1457
      vertex 58.0106 -54.9316 28.0217
    endloop
  endfacet
  facet normal 0 -0.707107 0.707107
    outer loop
      vertex 23.1366 -49.8803 33.073
      vertex 21.6839 -46.0468 36.9065
      vertex 22.2326 -47.9972 34.9561
    endloop
  endfacet
  facet normal 0 -0.707107 0.707107
    outer loop
      vertex 60.0571 -34.8076 48.1457
      vertex 61.7326 -36.6232 46.3301
      vertex 61.6195 -36.461 46.4923
    endloop
  endfacet
  facet normal -1.35088e-15 -0.707107 0.707107
    outer loop
      vertex 23.2497 -38.0824 44.8709
      vertex 23.1366 -49.8803 33.073
      vertex 24.3805 -51.6638 31.2895
    endloop
  endfacet
  facet normal 0 -0.707107 0.707107
    outer loop
      vertex 40.4488 -28.9779 53.9754
      vertex 40.1937 -59.1352 23.8181
      vertex 43 -59.2652 23.6881
    endloop
  endfacet
  facet normal 0 -0.707107 0.707107
    outer loop
      vertex 24.3805 -36.461 46.4923
      vertex 24.3805 -51.6638 31.2895
      vertex 25.9429 -53.3173 29.636
    endloop
  endfacet
  facet normal 1.62006e-16 -0.707107 0.707107
    outer loop
      vertex 60.0571 -34.8076 48.1457
      vertex 60.0571 -53.3173 29.636
      vertex 61.7326 -36.6232 46.3301
    endloop
  endfacet
  facet normal 3.51323e-15 -0.707107 0.707107
    outer loop
      vertex 25.9429 -34.8076 48.1457
      vertex 25.9429 -53.3173 29.636
      vertex 27.7972 -54.8124 28.1409
    endloop
  endfacet
  facet normal -2.1552e-16 -0.707107 0.707107
    outer loop
      vertex 61.6195 -51.6638 31.2895
      vertex 61.7326 -36.6232 46.3301
      vertex 60.0571 -53.3173 29.636
    endloop
  endfacet
  facet normal -2.03951e-06 -0.707108 0.707105
    outer loop
      vertex 27.7972 -33.3125 49.6409
      vertex 27.7972 -54.8124 28.1409
      vertex 29.7194 -56.0044 26.9489
    endloop
  endfacet
  facet normal 0 -0.707107 0.707107
    outer loop
      vertex 61.7326 -36.6232 46.3301
      vertex 62.9456 -38.4158 44.5375
      vertex 62.8634 -38.2446 44.7087
    endloop
  endfacet
  facet normal 1.18362e-13 -0.707107 0.707107
    outer loop
      vertex 60.0571 -53.3173 29.636
      vertex 58.0106 -54.9316 28.0217
      vertex 58.2028 -54.8124 28.1409
    endloop
  endfacet
  facet normal -1.42718e-15 -0.707107 0.707107
    outer loop
      vertex 30.1242 -31.9008 51.0525
      vertex 29.7194 -56.0044 26.9489
      vertex 32.0374 -57.128 25.8253
    endloop
  endfacet
  facet normal 8.84564e-14 -0.707107 0.707107
    outer loop
      vertex 32.0374 -57.128 25.8253
      vertex 29.7194 -56.0044 26.9489
      vertex 29.9116 -56.1236 26.8297
    endloop
  endfacet
  facet normal 0 -0.707107 0.707107
    outer loop
      vertex 37.4354 -29.3777 53.5756
      vertex 37.4354 -58.7472 24.2061
      vertex 40.1937 -59.1352 23.8181
    endloop
  endfacet
  facet normal 0.001397 -0.708232 0.705979
    outer loop
      vertex 58.0106 -54.9316 28.0217
      vertex 55.8758 -56.2241 26.7293
      vertex 56.0884 -56.1236 26.8297
    endloop
  endfacet
  facet normal 0 -0.707107 0.707107
    outer loop
      vertex 32.4793 -30.8165 52.1368
      vertex 32.0374 -57.128 25.8253
      vertex 34.7723 -58.108 24.8453
    endloop
  endfacet
  facet normal 3.79273e-14 -0.707107 0.707107
    outer loop
      vertex 34.7723 -58.108 24.8453
      vertex 32.0374 -57.128 25.8253
      vertex 32.25 -57.2284 25.7249
    endloop
  endfacet
  facet normal 0 -0.707107 0.707107
    outer loop
      vertex 35.0144 -29.9588 52.9945
      vertex 34.7723 -58.108 24.8453
      vertex 37.4354 -58.7472 24.2061
    endloop
  endfacet
  facet normal 2.72364e-16 -0.707107 0.707107
    outer loop
      vertex 61.7326 -36.6232 46.3301
      vertex 61.6195 -51.6638 31.2895
      vertex 62.9456 -38.4158 44.5375
    endloop
  endfacet
  facet normal 0 -0.707107 0.707107
    outer loop
      vertex 64.3161 -42.0781 40.8752
      vertex 62.8634 -49.8803 33.073
      vertex 64.5 -44.0624 38.8909
    endloop
  endfacet
  facet normal 0 -0.707107 0.707107
    outer loop
      vertex 62.9456 -38.4158 44.5375
      vertex 62.8634 -49.8803 33.073
      vertex 63.7674 -40.1277 42.8256
    endloop
  endfacet
  facet normal 0 -0.707107 0.707107
    outer loop
      vertex 64.3161 -46.0468 36.9065
      vertex 62.8634 -49.8803 33.073
      vertex 63.7674 -47.9972 34.9561
    endloop
  endfacet
  facet normal 0 -0.707107 0.707107
    outer loop
      vertex 64.5 -44.0624 38.8909
      vertex 62.8634 -49.8803 33.073
      vertex 64.3161 -46.0468 36.9065
    endloop
  endfacet
  facet normal 0 -0.707107 0.707107
    outer loop
      vertex 63.7674 -40.1277 42.8256
      vertex 62.8634 -49.8803 33.073
      vertex 64.3161 -42.0781 40.8752
    endloop
  endfacet
  facet normal 2.13586e-15 -0.707107 0.707107
    outer loop
      vertex 62.8634 -49.8803 33.073
      vertex 62.9456 -38.4158 44.5375
      vertex 61.6195 -51.6638 31.2895
    endloop
  endfacet
  facet normal -0.000111949 0.707137 -0.707077
    outer loop
      vertex 130.586 -69.1326 8.16389
      vertex 164.5 -6.44315 70.8533
      vertex 130.791 -69.1037 8.19276
    endloop
  endfacet
  facet normal 6.50938e-05 0.707079 -0.707135
    outer loop
      vertex 164.5 -6.44315 70.8533
      vertex 111.209 -69.1037 8.19276
      vertex 111 -69.094 8.20244
    endloop
  endfacet
  facet normal 0 0.707107 -0.707107
    outer loop
      vertex 111.414 -69.1326 8.16389
      vertex 164.5 -6.44315 70.8533
      vertex 130.586 -69.1326 8.16389
    endloop
  endfacet
  facet normal 9.23915e-05 0.707067 -0.707146
    outer loop
      vertex 164.5 -6.44315 70.8533
      vertex 111.414 -69.1326 8.16389
      vertex 111.209 -69.1037 8.19276
    endloop
  endfacet
  facet normal 0 0.707627 -0.706586
    outer loop
      vertex 130.388 -69.1801 8.11632
      vertex 111.414 -69.1326 8.16389
      vertex 130.586 -69.1326 8.16389
    endloop
  endfacet
  facet normal 0 0.707627 -0.706586
    outer loop
      vertex 130.388 -69.1801 8.11632
      vertex 111.612 -69.1801 8.11632
      vertex 111.414 -69.1326 8.16389
    endloop
  endfacet
  facet normal 0 0.706891 -0.707323
    outer loop
      vertex 130.2 -69.2456 8.05086
      vertex 111.612 -69.1801 8.11632
      vertex 130.388 -69.1801 8.11632
    endloop
  endfacet
  facet normal 0 0.706891 -0.707323
    outer loop
      vertex 130.2 -69.2456 8.05086
      vertex 111.8 -69.2456 8.05086
      vertex 111.612 -69.1801 8.11632
    endloop
  endfacet
  facet normal 0 0.707193 -0.707021
    outer loop
      vertex 130.026 -69.3278 7.96864
      vertex 111.8 -69.2456 8.05086
      vertex 130.2 -69.2456 8.05086
    endloop
  endfacet
  facet normal 0 0.707193 -0.707021
    outer loop
      vertex 130.026 -69.3278 7.96864
      vertex 111.974 -69.3278 7.96864
      vertex 111.8 -69.2456 8.05086
    endloop
  endfacet
  facet normal 0 0.706998 -0.707215
    outer loop
      vertex 129.869 -69.4254 7.87107
      vertex 111.974 -69.3278 7.96864
      vertex 130.026 -69.3278 7.96864
    endloop
  endfacet
  facet normal 0 0.706998 -0.707215
    outer loop
      vertex 129.869 -69.4254 7.87107
      vertex 112.131 -69.4254 7.87107
      vertex 111.974 -69.3278 7.96864
    endloop
  endfacet
  facet normal 0 0.707011 -0.707202
    outer loop
      vertex 129.731 -69.5367 7.7598
      vertex 112.131 -69.4254 7.87107
      vertex 129.869 -69.4254 7.87107
    endloop
  endfacet
  facet normal 0 0.707011 -0.707202
    outer loop
      vertex 129.731 -69.5367 7.7598
      vertex 112.269 -69.5367 7.7598
      vertex 112.131 -69.4254 7.87107
    endloop
  endfacet
  facet normal 0 0.70725 -0.706963
    outer loop
      vertex 129.614 -69.6597 7.63675
      vertex 112.269 -69.5367 7.7598
      vertex 129.731 -69.5367 7.7598
    endloop
  endfacet
  facet normal 0 0.70725 -0.706963
    outer loop
      vertex 129.614 -69.6597 7.63675
      vertex 112.386 -69.6597 7.63675
      vertex 112.269 -69.5367 7.7598
    endloop
  endfacet
  facet normal 0 0.707187 -0.707027
    outer loop
      vertex 129.522 -69.7924 7.50402
      vertex 112.386 -69.6597 7.63675
      vertex 129.614 -69.6597 7.63675
    endloop
  endfacet
  facet normal 0 0.707187 -0.707027
    outer loop
      vertex 129.522 -69.7924 7.50402
      vertex 112.478 -69.7924 7.50402
      vertex 112.386 -69.6597 7.63675
    endloop
  endfacet
  facet normal 0 0.70693 -0.707283
    outer loop
      vertex 129.455 -69.9326 7.36389
      vertex 112.478 -69.7924 7.50402
      vertex 129.522 -69.7924 7.50402
    endloop
  endfacet
  facet normal 0 0.70693 -0.707283
    outer loop
      vertex 129.455 -69.9326 7.36389
      vertex 112.545 -69.9326 7.36389
      vertex 112.478 -69.7924 7.50402
    endloop
  endfacet
  facet normal 0 0.707229 -0.706985
    outer loop
      vertex 129.414 -70.0777 7.21874
      vertex 112.545 -69.9326 7.36389
      vertex 129.455 -69.9326 7.36389
    endloop
  endfacet
  facet normal 0 0.707229 -0.706985
    outer loop
      vertex 129.414 -70.0777 7.21874
      vertex 112.586 -70.0777 7.21874
      vertex 112.545 -69.9326 7.36389
    endloop
  endfacet
  facet normal 0 0.707035 -0.707179
    outer loop
      vertex 129.4 -70.2254 7.07107
      vertex 112.586 -70.0777 7.21874
      vertex 129.414 -70.0777 7.21874
    endloop
  endfacet
  facet normal 0 0.707035 -0.707179
    outer loop
      vertex 129.4 -70.2254 7.07107
      vertex 112.6 -70.2254 7.07107
      vertex 112.586 -70.0777 7.21874
    endloop
  endfacet
  facet normal 0 0.707059 -0.707155
    outer loop
      vertex 129.414 -70.3731 6.92339
      vertex 112.6 -70.2254 7.07107
      vertex 129.4 -70.2254 7.07107
    endloop
  endfacet
  facet normal 0 0.707059 -0.707155
    outer loop
      vertex 129.414 -70.3731 6.92339
      vertex 112.586 -70.3731 6.92339
      vertex 112.6 -70.2254 7.07107
    endloop
  endfacet
  facet normal 0 0.707204 -0.707009
    outer loop
      vertex 129.455 -70.5182 6.77825
      vertex 112.586 -70.3731 6.92339
      vertex 129.414 -70.3731 6.92339
    endloop
  endfacet
  facet normal 0 0.707204 -0.707009
    outer loop
      vertex 129.455 -70.5182 6.77825
      vertex 112.545 -70.5182 6.77825
      vertex 112.586 -70.3731 6.92339
    endloop
  endfacet
  facet normal 0 0.706955 -0.707258
    outer loop
      vertex 129.522 -70.6584 6.63811
      vertex 112.545 -70.5182 6.77825
      vertex 129.455 -70.5182 6.77825
    endloop
  endfacet
  facet normal 0 0.706955 -0.707258
    outer loop
      vertex 129.522 -70.6584 6.63811
      vertex 112.478 -70.6584 6.63811
      vertex 112.545 -70.5182 6.77825
    endloop
  endfacet
  facet normal 0 0.707187 -0.707027
    outer loop
      vertex 129.614 -70.7911 6.50538
      vertex 112.478 -70.6584 6.63811
      vertex 129.522 -70.6584 6.63811
    endloop
  endfacet
  facet normal 0 0.707187 -0.707027
    outer loop
      vertex 129.614 -70.7911 6.50538
      vertex 112.386 -70.7911 6.50538
      vertex 112.478 -70.6584 6.63811
    endloop
  endfacet
  facet normal 0 0.70725 -0.706963
    outer loop
      vertex 129.731 -70.9141 6.38233
      vertex 112.386 -70.7911 6.50538
      vertex 129.614 -70.7911 6.50538
    endloop
  endfacet
  facet normal 0 0.70725 -0.706963
    outer loop
      vertex 129.731 -70.9141 6.38233
      vertex 112.269 -70.9141 6.38233
      vertex 112.386 -70.7911 6.50538
    endloop
  endfacet
  facet normal 0 0.70698 -0.707234
    outer loop
      vertex 129.869 -71.0254 6.27107
      vertex 112.269 -70.9141 6.38233
      vertex 129.731 -70.9141 6.38233
    endloop
  endfacet
  facet normal 0 0.70698 -0.707234
    outer loop
      vertex 129.869 -71.0254 6.27107
      vertex 112.131 -71.0254 6.27107
      vertex 112.269 -70.9141 6.38233
    endloop
  endfacet
  facet normal 0 0.707034 -0.707179
    outer loop
      vertex 130.026 -71.123 6.17349
      vertex 112.131 -71.0254 6.27107
      vertex 129.869 -71.0254 6.27107
    endloop
  endfacet
  facet normal 0 0.707034 -0.707179
    outer loop
      vertex 130.026 -71.123 6.17349
      vertex 111.974 -71.123 6.17349
      vertex 112.131 -71.0254 6.27107
    endloop
  endfacet
  facet normal 0 0.707193 -0.707021
    outer loop
      vertex 130.2 -71.2052 6.09127
      vertex 111.974 -71.123 6.17349
      vertex 130.026 -71.123 6.17349
    endloop
  endfacet
  facet normal 0 0.707193 -0.707021
    outer loop
      vertex 130.2 -71.2052 6.09127
      vertex 111.8 -71.2052 6.09127
      vertex 111.974 -71.123 6.17349
    endloop
  endfacet
  facet normal 0 0.707377 -0.706837
    outer loop
      vertex 130.388 -71.2706 6.02582
      vertex 111.8 -71.2052 6.09127
      vertex 130.2 -71.2052 6.09127
    endloop
  endfacet
  facet normal 0 0.707377 -0.706837
    outer loop
      vertex 130.388 -71.2706 6.02582
      vertex 111.612 -71.2706 6.02582
      vertex 111.8 -71.2052 6.09127
    endloop
  endfacet
  facet normal 0 0.706884 -0.70733
    outer loop
      vertex 130.586 -71.3182 5.97825
      vertex 111.612 -71.2706 6.02582
      vertex 130.388 -71.2706 6.02582
    endloop
  endfacet
  facet normal 0 0.706884 -0.70733
    outer loop
      vertex 130.586 -71.3182 5.97825
      vertex 111.414 -71.3182 5.97825
      vertex 111.612 -71.2706 6.02582
    endloop
  endfacet
  facet normal 0 0.706739 -0.707474
    outer loop
      vertex 130.791 -71.3471 5.94938
      vertex 111.414 -71.3182 5.97825
      vertex 130.586 -71.3182 5.97825
    endloop
  endfacet
  facet normal 0 0.706739 -0.707474
    outer loop
      vertex 130.791 -71.3471 5.94938
      vertex 111.209 -71.3471 5.94938
      vertex 111.414 -71.3182 5.97825
    endloop
  endfacet
  facet normal 9.16204e-05 0.707365 -0.706848
    outer loop
      vertex 164.5 -77.2965 5.91358e-07
      vertex 130.791 -71.3471 5.94938
      vertex 131 -71.3568 5.9397
    endloop
  endfacet
  facet normal 0 0.707106 -0.707108
    outer loop
      vertex 130.791 -71.3471 5.94938
      vertex 164.5 -77.2965 5.91358e-07
      vertex 111.209 -71.3471 5.94938
    endloop
  endfacet
  facet normal -6.93912e-05 0.707125 -0.707088
    outer loop
      vertex 130.791 -69.1037 8.19276
      vertex 164.5 -6.44315 70.8533
      vertex 131 -69.094 8.20244
    endloop
  endfacet
  facet normal 6.60339e-05 0.707089 -0.707124
    outer loop
      vertex 164.5 -6.44315 70.8533
      vertex 131.209 -69.1037 8.19276
      vertex 131 -69.094 8.20244
    endloop
  endfacet
  facet normal 9.62573e-05 0.707081 -0.707132
    outer loop
      vertex 164.5 -6.44315 70.8533
      vertex 131.414 -69.1326 8.16389
      vertex 131.209 -69.1037 8.19276
    endloop
  endfacet
  facet normal -0.00022197 0.707165 -0.707048
    outer loop
      vertex 164.5 -6.44315 70.8533
      vertex 131.612 -69.1801 8.11632
      vertex 131.414 -69.1326 8.16389
    endloop
  endfacet
  facet normal 0.000127319 0.707074 -0.70714
    outer loop
      vertex 164.5 -6.44315 70.8533
      vertex 131.8 -69.2456 8.05086
      vertex 131.612 -69.1801 8.11632
    endloop
  endfacet
  facet normal -6.52724e-05 0.707124 -0.70709
    outer loop
      vertex 164.5 -6.44315 70.8533
      vertex 131.974 -69.3278 7.96864
      vertex 131.8 -69.2456 8.05086
    endloop
  endfacet
  facet normal 0.000102298 0.70708 -0.707133
    outer loop
      vertex 164.5 -6.44315 70.8533
      vertex 132.131 -69.4254 7.87107
      vertex 131.974 -69.3278 7.96864
    endloop
  endfacet
  facet normal 0.00010855 0.707079 -0.707135
    outer loop
      vertex 164.5 -6.44315 70.8533
      vertex 132.269 -69.5367 7.7598
      vertex 132.131 -69.4254 7.87107
    endloop
  endfacet
  facet normal -1.08583e-07 0.707107 -0.707107
    outer loop
      vertex 164.5 -77.2965 5.91358e-07
      vertex 132.269 -69.5367 7.7598
      vertex 164.5 -6.44315 70.8533
    endloop
  endfacet
  facet normal 8.97523e-05 0.707293 -0.70692
    outer loop
      vertex 132.269 -69.5367 7.7598
      vertex 164.5 -77.2965 5.91358e-07
      vertex 132.386 -69.6597 7.63675
    endloop
  endfacet
  facet normal 4.68469e-05 0.707203 -0.707011
    outer loop
      vertex 132.386 -69.6597 7.63675
      vertex 164.5 -77.2965 5.91358e-07
      vertex 132.478 -69.7924 7.50402
    endloop
  endfacet
  facet normal -9.11896e-05 0.706908 -0.707305
    outer loop
      vertex 132.478 -69.7924 7.50402
      vertex 164.5 -77.2965 5.91358e-07
      vertex 132.545 -69.9326 7.36389
    endloop
  endfacet
  facet normal 6.03014e-05 0.707237 -0.706976
    outer loop
      vertex 132.545 -69.9326 7.36389
      vertex 164.5 -77.2965 5.91358e-07
      vertex 132.586 -70.0777 7.21874
    endloop
  endfacet
  facet normal -3.18302e-05 0.707033 -0.70718
    outer loop
      vertex 132.586 -70.0777 7.21874
      vertex 164.5 -77.2965 5.91358e-07
      vertex 132.6 -70.2254 7.07107
    endloop
  endfacet
  facet normal -2.01246e-05 0.70706 -0.707154
    outer loop
      vertex 132.6 -70.2254 7.07107
      vertex 164.5 -77.2965 5.91358e-07
      vertex 132.586 -70.3731 6.92339
    endloop
  endfacet
  facet normal 4.00613e-05 0.707199 -0.707015
    outer loop
      vertex 132.586 -70.3731 6.92339
      vertex 164.5 -77.2965 5.91358e-07
      vertex 132.545 -70.5182 6.77825
    endloop
  endfacet
  facet normal -4.77301e-05 0.706892 -0.707322
    outer loop
      vertex 111.209 -71.3471 5.94938
      vertex 164.5 -77.2965 5.91358e-07
      vertex 111 -71.3568 5.9397
    endloop
  endfacet
  facet normal -5.36369e-05 0.706955 -0.707258
    outer loop
      vertex 131.209 -71.3471 5.94938
      vertex 164.5 -77.2965 5.91358e-07
      vertex 131 -71.3568 5.9397
    endloop
  endfacet
  facet normal -5.76669e-05 0.706944 -0.707269
    outer loop
      vertex 131.414 -71.3182 5.97825
      vertex 164.5 -77.2965 5.91358e-07
      vertex 131.209 -71.3471 5.94938
    endloop
  endfacet
  facet normal -4.53632e-05 0.706978 -0.707235
    outer loop
      vertex 131.612 -71.2706 6.02582
      vertex 164.5 -77.2965 5.91358e-07
      vertex 131.414 -71.3182 5.97825
    endloop
  endfacet
  facet normal 6.59981e-05 0.707282 -0.706931
    outer loop
      vertex 131.8 -71.2052 6.09127
      vertex 164.5 -77.2965 5.91358e-07
      vertex 131.612 -71.2706 6.02582
    endloop
  endfacet
  facet normal 2.34575e-05 0.707168 -0.707046
    outer loop
      vertex 131.974 -71.123 6.17349
      vertex 164.5 -77.2965 5.91358e-07
      vertex 131.8 -71.2052 6.09127
    endloop
  endfacet
  facet normal -2.08945e-05 0.707051 -0.707162
    outer loop
      vertex 132.131 -71.0254 6.27107
      vertex 164.5 -77.2965 5.91358e-07
      vertex 131.974 -71.123 6.17349
    endloop
  endfacet
  facet normal -3.91648e-05 0.707004 -0.70721
    outer loop
      vertex 132.269 -70.9141 6.38233
      vertex 164.5 -77.2965 5.91358e-07
      vertex 132.131 -71.0254 6.27107
    endloop
  endfacet
  facet normal 4.91922e-05 0.707227 -0.706986
    outer loop
      vertex 132.386 -70.7911 6.50538
      vertex 164.5 -77.2965 5.91358e-07
      vertex 132.269 -70.9141 6.38233
    endloop
  endfacet
  facet normal 2.87897e-05 0.707177 -0.707037
    outer loop
      vertex 132.478 -70.6584 6.63811
      vertex 164.5 -77.2965 5.91358e-07
      vertex 132.386 -70.7911 6.50538
    endloop
  endfacet
  facet normal -5.7277e-05 0.706969 -0.707244
    outer loop
      vertex 132.545 -70.5182 6.77825
      vertex 164.5 -77.2965 5.91358e-07
      vertex 132.478 -70.6584 6.63811
    endloop
  endfacet
  facet normal -7.04606e-05 0.707137 -0.707077
    outer loop
      vertex 110.791 -69.1037 8.19276
      vertex 164.5 -6.44315 70.8533
      vertex 111 -69.094 8.20244
    endloop
  endfacet
  facet normal -0.000117675 0.707157 -0.707056
    outer loop
      vertex 110.586 -69.1326 8.16389
      vertex 164.5 -6.44315 70.8533
      vertex 110.791 -69.1037 8.19276
    endloop
  endfacet
  facet normal 0.000315168 0.706971 -0.707242
    outer loop
      vertex 110.388 -69.1801 8.11632
      vertex 164.5 -6.44315 70.8533
      vertex 110.586 -69.1326 8.16389
    endloop
  endfacet
  facet normal 0 0.707107 -0.707107
    outer loop
      vertex 164.5 -6.44315 70.8533
      vertex 110.388 -69.1801 8.11632
      vertex 0 -6.44315 70.8533
    endloop
  endfacet
  facet normal -9.33544e-05 0.707025 -0.707189
    outer loop
      vertex 110.2 -69.2456 8.05086
      vertex 0 -6.44315 70.8533
      vertex 110.388 -69.1801 8.11632
    endloop
  endfacet
  facet normal 4.44656e-05 0.707146 -0.707068
    outer loop
      vertex 110.026 -69.3278 7.96864
      vertex 0 -6.44315 70.8533
      vertex 110.2 -69.2456 8.05086
    endloop
  endfacet
  facet normal -6.47593e-05 0.70705 -0.707163
    outer loop
      vertex 109.869 -69.4254 7.87107
      vertex 0 -6.44315 70.8533
      vertex 110.026 -69.3278 7.96864
    endloop
  endfacet
  facet normal -6.37949e-05 0.707051 -0.707163
    outer loop
      vertex 109.731 -69.5367 7.7598
      vertex 0 -6.44315 70.8533
      vertex 109.869 -69.4254 7.87107
    endloop
  endfacet
  facet normal 0.000107034 0.7072 -0.707014
    outer loop
      vertex 109.614 -69.6597 7.63675
      vertex 0 -6.44315 70.8533
      vertex 109.731 -69.5367 7.7598
    endloop
  endfacet
  facet normal 6.58549e-05 0.707164 -0.70705
    outer loop
      vertex 109.522 -69.7924 7.50402
      vertex 0 -6.44315 70.8533
      vertex 109.614 -69.6597 7.63675
    endloop
  endfacet
  facet normal -0.000160169 0.706968 -0.707245
    outer loop
      vertex 109.455 -69.9326 7.36389
      vertex 0 -6.44315 70.8533
      vertex 109.522 -69.7924 7.50402
    endloop
  endfacet
  facet normal -1.67775e-05 0.707231 -0.706983
    outer loop
      vertex 0 -77.2965 5.91358e-07
      vertex 109.455 -69.9326 7.36389
      vertex 109.414 -70.0777 7.21874
    endloop
  endfacet
  facet normal 9.14236e-06 0.707035 -0.707179
    outer loop
      vertex 0 -77.2965 5.91358e-07
      vertex 109.414 -70.0777 7.21874
      vertex 109.4 -70.2254 7.07107
    endloop
  endfacet
  facet normal 5.95496e-06 0.707059 -0.707154
    outer loop
      vertex 0 -77.2965 5.91358e-07
      vertex 109.4 -70.2254 7.07107
      vertex 109.414 -70.3731 6.92339
    endloop
  endfacet
  facet normal -1.21835e-05 0.707203 -0.707011
    outer loop
      vertex 0 -77.2965 5.91358e-07
      vertex 109.414 -70.3731 6.92339
      vertex 109.455 -70.5182 6.77825
    endloop
  endfacet
  facet normal 1.78878e-05 0.70696 -0.707254
    outer loop
      vertex 0 -77.2965 5.91358e-07
      vertex 109.455 -70.5182 6.77825
      vertex 109.522 -70.6584 6.63811
    endloop
  endfacet
  facet normal -9.23896e-06 0.707183 -0.70703
    outer loop
      vertex 0 -77.2965 5.91358e-07
      vertex 109.522 -70.6584 6.63811
      vertex 109.614 -70.7911 6.50538
    endloop
  endfacet
  facet normal -1.62702e-05 0.707243 -0.706971
    outer loop
      vertex 0 -77.2965 5.91358e-07
      vertex 109.614 -70.7911 6.50538
      vertex 109.731 -70.9141 6.38233
    endloop
  endfacet
  facet normal 1.33647e-05 0.706988 -0.707226
    outer loop
      vertex 0 -77.2965 5.91358e-07
      vertex 109.731 -70.9141 6.38233
      vertex 109.869 -71.0254 6.27107
    endloop
  endfacet
  facet normal 7.3954e-06 0.70704 -0.707173
    outer loop
      vertex 0 -77.2965 5.91358e-07
      vertex 109.869 -71.0254 6.27107
      vertex 110.026 -71.123 6.17349
    endloop
  endfacet
  facet normal 0.00011618 0.70763 -0.706583
    outer loop
      vertex 164.5 -77.2965 5.91358e-07
      vertex 110.791 -71.3471 5.94938
      vertex 111 -71.3568 5.9397
    endloop
  endfacet
  facet normal -3.44546e-08 0.707107 -0.707107
    outer loop
      vertex 109.455 -69.9326 7.36389
      vertex 0 -77.2965 5.91358e-07
      vertex 0 -6.44315 70.8533
    endloop
  endfacet
  facet normal -8.68845e-06 0.707184 -0.70703
    outer loop
      vertex 110.2 -71.2052 6.09127
      vertex 0 -77.2965 5.91358e-07
      vertex 110.026 -71.123 6.17349
    endloop
  endfacet
  facet normal -2.59455e-05 0.70734 -0.706874
    outer loop
      vertex 110.388 -71.2706 6.02582
      vertex 0 -77.2965 5.91358e-07
      vertex 110.2 -71.2052 6.09127
    endloop
  endfacet
  facet normal 1.94101e-05 0.706924 -0.707289
    outer loop
      vertex 110.586 -71.3182 5.97825
      vertex 0 -77.2965 5.91358e-07
      vertex 110.388 -71.2706 6.02582
    endloop
  endfacet
  facet normal 2.84593e-05 0.706841 -0.707373
    outer loop
      vertex 110.791 -71.3471 5.94938
      vertex 0 -77.2965 5.91358e-07
      vertex 110.586 -71.3182 5.97825
    endloop
  endfacet
  facet normal 0 0.707106 -0.707108
    outer loop
      vertex 0 -77.2965 5.91358e-07
      vertex 110.791 -71.3471 5.94938
      vertex 164.5 -77.2965 5.91358e-07
    endloop
  endfacet
  facet normal 1 0 0
    outer loop
      vertex 164.5 0 75.3533
      vertex 164.5 -6.44315 70.8533
      vertex 164.5 0 70.8533
    endloop
  endfacet
  facet normal 1 0 0
    outer loop
      vertex 164.5 -8 74.9533
      vertex 164.5 0 75.3533
      vertex 164.5 -8 75.3533
    endloop
  endfacet
  facet normal 1 0 0
    outer loop
      vertex 164.5 0 75.3533
      vertex 164.5 -8 74.9533
      vertex 164.5 -6.44315 70.8533
    endloop
  endfacet
  facet normal 1 0 0
    outer loop
      vertex 164.5 -80.1249 2.82843
      vertex 164.5 -6.44315 70.8533
      vertex 164.5 -8 74.9533
    endloop
  endfacet
  facet normal 1 0 0
    outer loop
      vertex 164.5 -6.44315 70.8533
      vertex 164.5 -80.1249 2.82843
      vertex 164.5 -77.2965 5.91358e-07
    endloop
  endfacet
  facet normal -1 0 0
    outer loop
      vertex 0 -80.1249 2.82843
      vertex 0 -6.44315 70.8533
      vertex 0 -77.2965 5.91358e-07
    endloop
  endfacet
  facet normal -1 -0 0
    outer loop
      vertex 0 -6.44315 70.8533
      vertex 0 -80.1249 2.82843
      vertex 0 -8 74.9533
    endloop
  endfacet
  facet normal -1 0 0
    outer loop
      vertex 0 -6.44315 70.8533
      vertex 0 0 75.3533
      vertex 0 0 70.8533
    endloop
  endfacet
  facet normal -1 0 0
    outer loop
      vertex 0 -8 74.9533
      vertex 0 0 75.3533
      vertex 0 -6.44315 70.8533
    endloop
  endfacet
  facet normal -1 -0 0
    outer loop
      vertex 0 0 75.3533
      vertex 0 -8 74.9533
      vertex 0 -8 75.3533
    endloop
  endfacet
  facet normal 0 -0.70711 -0.707103
    outer loop
      vertex 0 -80.1249 2.82843
      vertex 164.5 -77.2965 5.91358e-07
      vertex 164.5 -80.1249 2.82843
    endloop
  endfacet
  facet normal -0 -0.70711 -0.707103
    outer loop
      vertex 164.5 -77.2965 5.91358e-07
      vertex 0 -80.1249 2.82843
      vertex 0 -77.2965 5.91358e-07
    endloop
  endfacet
  facet normal 0 1 0
    outer loop
      vertex 164.5 0 75.3533
      vertex 158 0 73.8533
      vertex 158 0 75.3533
    endloop
  endfacet
  facet normal 0 1 0
    outer loop
      vertex 164.5 0 70.8533
      vertex 143 0 73.8533
      vertex 158 0 73.8533
    endloop
  endfacet
  facet normal 0 1 0
    outer loop
      vertex 143 0 73.8533
      vertex 164.5 0 70.8533
      vertex 21.5 0 73.8533
    endloop
  endfacet
  facet normal 0 1 0
    outer loop
      vertex 0 0 70.8533
      vertex 21.5 0 73.8533
      vertex 164.5 0 70.8533
    endloop
  endfacet
  facet normal 0 1 -0
    outer loop
      vertex 164.5 0 70.8533
      vertex 158 0 73.8533
      vertex 164.5 0 75.3533
    endloop
  endfacet
  facet normal 0 1 -0
    outer loop
      vertex 143 0 73.8533
      vertex 21.5 0 75.3533
      vertex 143 0 75.3533
    endloop
  endfacet
  facet normal 0 1 0
    outer loop
      vertex 21.5 0 75.3533
      vertex 143 0 73.8533
      vertex 21.5 0 73.8533
    endloop
  endfacet
  facet normal 0 1 -0
    outer loop
      vertex 6.5 0 73.8533
      vertex 0 0 75.3533
      vertex 6.5 0 75.3533
    endloop
  endfacet
  facet normal 0 1 0
    outer loop
      vertex 6.5 0 73.8533
      vertex 0 0 70.8533
      vertex 0 0 75.3533
    endloop
  endfacet
  facet normal 0 1 0
    outer loop
      vertex 21.5 0 73.8533
      vertex 0 0 70.8533
      vertex 6.5 0 73.8533
    endloop
  endfacet
  facet normal -0 0 1
    outer loop
      vertex 0 0 75.3533
      vertex 6.5 -8 75.3533
      vertex 6.5 0 75.3533
    endloop
  endfacet
  facet normal 0 0 1
    outer loop
      vertex 6.5 -8 75.3533
      vertex 0 0 75.3533
      vertex 0 -8 75.3533
    endloop
  endfacet
  facet normal -0 0 1
    outer loop
      vertex 158 0 75.3533
      vertex 164.5 -8 75.3533
      vertex 164.5 0 75.3533
    endloop
  endfacet
  facet normal 0 0 1
    outer loop
      vertex 164.5 -8 75.3533
      vertex 158 0 75.3533
      vertex 158 -8 75.3533
    endloop
  endfacet
  facet normal -0 0 1
    outer loop
      vertex 21.5 0 75.3533
      vertex 143 -8 75.3533
      vertex 143 0 75.3533
    endloop
  endfacet
  facet normal 0 0 1
    outer loop
      vertex 143 -8 75.3533
      vertex 21.5 0 75.3533
      vertex 21.5 -8 75.3533
    endloop
  endfacet
  facet normal 0 0 -1
    outer loop
      vertex 0 -6.44315 70.8533
      vertex 164.5 0 70.8533
      vertex 164.5 -6.44315 70.8533
    endloop
  endfacet
  facet normal -0 0 -1
    outer loop
      vertex 164.5 0 70.8533
      vertex 0 -6.44315 70.8533
      vertex 0 0 70.8533
    endloop
  endfacet
  facet normal 0.000106254 -0.707092 0.707122
    outer loop
      vertex 50.5187 -77.7279 9.46806
      vertex 51.0064 -79.4617 7.73426
      vertex 51.3223 -79.4018 7.79411
    endloop
  endfacet
  facet normal 3.99454e-05 -0.707095 0.707118
    outer loop
      vertex 54.1169 -76.8642 10.3318
      vertex 54.9205 -78.5382 8.65781
      vertex 55.2227 -78.4497 8.74629
    endloop
  endfacet
  facet normal -0.000142915 -0.707222 0.706992
    outer loop
      vertex 63.5414 -72.4114 14.7846
      vertex 65.1898 -73.7404 13.4555
      vertex 65.421 -73.577 13.619
    endloop
  endfacet
  facet normal 3.26397e-05 -0.707113 0.7071
    outer loop
      vertex 63.5414 -72.4114 14.7846
      vertex 62.3329 -75.5121 11.6839
      vertex 65.1898 -73.7404 13.4555
    endloop
  endfacet
  facet normal 1.63614e-15 -0.707107 0.707107
    outer loop
      vertex 60.6845 -74.183 13.013
      vertex 62.3329 -75.5121 11.6839
      vertex 63.5414 -72.4114 14.7846
    endloop
  endfacet
  facet normal 6.12258e-16 -0.707107 0.707107
    outer loop
      vertex 62.3329 -75.5121 11.6839
      vertex 60.6845 -74.183 13.013
      vertex 62.0734 -75.6529 11.5431
    endloop
  endfacet
  facet normal -1.54728e-05 -0.707114 0.707099
    outer loop
      vertex 60.6845 -74.183 13.013
      vertex 58.9139 -77.1456 10.0503
      vertex 62.0734 -75.6529 11.5431
    endloop
  endfacet
  facet normal 1.57141e-05 -0.707123 0.70709
    outer loop
      vertex 58.9139 -77.1456 10.0503
      vertex 60.6845 -74.183 13.013
      vertex 57.525 -75.6758 11.5202
    endloop
  endfacet
  facet normal 0.000194339 -0.707039 0.707175
    outer loop
      vertex 57.525 -75.6758 11.5202
      vertex 58.6307 -77.2613 9.9347
      vertex 58.9139 -77.1456 10.0503
    endloop
  endfacet
  facet normal -8.996e-06 -0.707084 0.70713
    outer loop
      vertex 63.5414 -72.4114 14.7846
      vertex 67.9265 -71.5568 15.6392
      vertex 66.0469 -70.3912 16.8047
    endloop
  endfacet
  facet normal 0.000120382 -0.706979 0.707234
    outer loop
      vertex 66.0469 -70.3912 16.8047
      vertex 67.9265 -71.5568 15.6392
      vertex 68.1256 -71.3733 15.8226
    endloop
  endfacet
  facet normal 2.35171e-05 -0.707118 0.707096
    outer loop
      vertex 68.1256 -71.3733 15.8226
      vertex 70.2367 -69.1392 18.0567
      vertex 68.158 -68.1571 19.0389
    endloop
  endfacet
  facet normal -9.81678e-16 -0.707107 0.707107
    outer loop
      vertex 73.5121 -63.5478 23.6482
      vertex 71.8015 -60.5676 26.6284
      vertex 71.0601 -63.2029 23.9931
    endloop
  endfacet
  facet normal -9.81722e-16 -0.707107 0.707107
    outer loop
      vertex 71.8015 -60.5676 26.6284
      vertex 73.5121 -63.5478 23.6482
      vertex 74.2534 -60.9125 26.2835
    endloop
  endfacet
  facet normal 2.53671e-05 -0.707116 0.707098
    outer loop
      vertex 68.158 -68.1571 19.0389
      vertex 72.0809 -66.5291 20.6668
      vertex 69.8387 -65.7473 21.4487
    endloop
  endfacet
  facet normal 3.27637e-05 -0.707101 0.707113
    outer loop
      vertex 71.0601 -63.2029 23.9931
      vertex 72.206 -66.3155 20.8805
      vertex 73.4275 -63.7711 23.4248
    endloop
  endfacet
  facet normal -2.10363e-15 -0.707107 0.707107
    outer loop
      vertex 72.206 -66.3155 20.8805
      vertex 71.0601 -63.2029 23.9931
      vertex 69.8387 -65.7473 21.4487
    endloop
  endfacet
  facet normal -4.22793e-05 -0.707257 0.706956
    outer loop
      vertex 71.0601 -63.2029 23.9931
      vertex 73.4275 -63.7711 23.4248
      vertex 73.5121 -63.5478 23.6482
    endloop
  endfacet
  facet normal -6.96497e-05 -0.707252 0.706962
    outer loop
      vertex 69.8387 -65.7473 21.4487
      vertex 72.0809 -66.5291 20.6668
      vertex 72.206 -66.3155 20.8805
    endloop
  endfacet
  facet normal -9.58473e-05 -0.707244 0.706969
    outer loop
      vertex 68.158 -68.1571 19.0389
      vertex 70.2367 -69.1392 18.0567
      vertex 70.4002 -68.939 18.257
    endloop
  endfacet
  facet normal -4.09046e-17 -0.707107 0.707107
    outer loop
      vertex 71.8015 -60.5676 26.6284
      vertex 74.2961 -60.6832 26.5128
      vertex 72.05 -57.8864 29.3096
    endloop
  endfacet
  facet normal 5.10258e-16 -0.707107 0.707107
    outer loop
      vertex 71.8015 -60.5676 26.6284
      vertex 74.2534 -60.9125 26.2835
      vertex 74.2961 -60.6832 26.5128
    endloop
  endfacet
  facet normal -4.09046e-17 -0.707107 0.707107
    outer loop
      vertex 72.05 -57.8864 29.3096
      vertex 74.2961 -60.6832 26.5128
      vertex 74.5446 -58.002 29.194
    endloop
  endfacet
  facet normal 4.09046e-17 -0.707107 0.707107
    outer loop
      vertex 11.7039 -60.6832 26.5128
      vertex 14.1985 -60.5676 26.6284
      vertex 13.95 -57.8864 29.3096
    endloop
  endfacet
  facet normal -6.96529e-05 -0.706962 0.707252
    outer loop
      vertex 71.0601 -29.1646 58.0313
      vertex 73.5121 -28.8198 58.3762
      vertex 73.4275 -28.5964 58.5995
    endloop
  endfacet
  facet normal -2.45489e-05 -0.707117 0.707097
    outer loop
      vertex 68.158 -24.2104 62.9855
      vertex 70.4002 -23.4286 63.7674
      vertex 70.2367 -23.2283 63.9677
    endloop
  endfacet
  facet normal 1.71371e-05 -0.707086 0.707127
    outer loop
      vertex 69.8387 -26.6203 60.5757
      vertex 72.0809 -25.8384 61.3575
      vertex 68.158 -24.2104 62.9855
    endloop
  endfacet
  facet normal -6.96497e-05 -0.706962 0.707252
    outer loop
      vertex 72.0809 -25.8384 61.3575
      vertex 69.8387 -26.6203 60.5757
      vertex 72.206 -26.0521 61.1439
    endloop
  endfacet
  facet normal 5.9813e-06 -0.707119 0.707094
    outer loop
      vertex 72.206 -26.0521 61.1439
      vertex 69.8387 -26.6203 60.5757
      vertex 71.0601 -29.1646 58.0313
    endloop
  endfacet
  facet normal -0.000212513 -0.707077 0.707137
    outer loop
      vertex 50.5187 -14.6396 72.5563
      vertex 51.3223 -12.9657 74.2303
      vertex 51.0064 -12.9058 74.2901
    endloop
  endfacet
  facet normal -2.04186e-05 -0.707126 0.707088
    outer loop
      vertex 43.1635 -12.1757 75.0202
      vertex 46.7918 -14.1154 73.0805
      vertex 46.9553 -12.3515 74.8445
    endloop
  endfacet
  facet normal 2.04186e-05 -0.707088 0.707126
    outer loop
      vertex 46.7918 -14.1154 73.0805
      vertex 43.1635 -12.1757 75.0202
      vertex 43 -13.9397 73.2563
    endloop
  endfacet
  facet normal 0 -0.707087 0.707127
    outer loop
      vertex 42.8365 -12.1757 75.0202
      vertex 43 -13.9397 73.2563
      vertex 43.1635 -12.1757 75.0202
    endloop
  endfacet
  facet normal 0.000212548 -0.707137 0.707077
    outer loop
      vertex 46.7918 -14.1154 73.0805
      vertex 47.2795 -12.3816 74.8143
      vertex 46.9553 -12.3515 74.8445
    endloop
  endfacet
  facet normal -1.51929e-15 -0.707107 0.707107
    outer loop
      vertex 34.9936 -12.9058 74.2901
      vertex 35.4813 -14.6396 72.5563
      vertex 38.7205 -12.3816 74.8143
    endloop
  endfacet
  facet normal 0.000212513 -0.707077 0.707137
    outer loop
      vertex 34.6777 -12.9657 74.2303
      vertex 35.4813 -14.6396 72.5563
      vertex 34.9936 -12.9058 74.2901
    endloop
  endfacet
  facet normal -0.000212548 -0.707137 0.707077
    outer loop
      vertex 38.7205 -12.3816 74.8143
      vertex 39.2082 -14.1154 73.0805
      vertex 39.0447 -12.3515 74.8445
    endloop
  endfacet
  facet normal 1.08458e-05 -0.707125 0.707088
    outer loop
      vertex 31.8831 -15.5033 71.6926
      vertex 31.0795 -13.8294 73.3666
      vertex 30.7773 -13.9179 73.2781
    endloop
  endfacet
  facet normal 1.251e-05 -0.707125 0.707089
    outer loop
      vertex 28.475 -16.6917 70.5042
      vertex 30.7773 -13.9179 73.2781
      vertex 27.3693 -15.1063 72.0897
    endloop
  endfacet
  facet normal 1.41711e-05 -0.707124 0.707089
    outer loop
      vertex 28.475 -16.6917 70.5042
      vertex 27.3693 -15.1063 72.0897
      vertex 27.0861 -15.2219 71.9741
    endloop
  endfacet
  facet normal 9.0919e-06 -0.707126 0.707088
    outer loop
      vertex 31.0795 -13.8294 73.3666
      vertex 31.8831 -15.5033 71.6926
      vertex 35.4813 -14.6396 72.5563
    endloop
  endfacet
  facet normal 1.25095e-05 -0.707125 0.707089
    outer loop
      vertex 30.7773 -13.9179 73.2781
      vertex 28.475 -16.6917 70.5042
      vertex 31.8831 -15.5033 71.6926
    endloop
  endfacet
  facet normal 1.57141e-05 -0.707123 0.70709
    outer loop
      vertex 25.3155 -18.1845 69.0114
      vertex 27.0861 -15.2219 71.9741
      vertex 23.9266 -16.7147 70.4813
    endloop
  endfacet
  facet normal -0.000162904 -0.707208 0.707006
    outer loop
      vertex 25.3155 -18.1845 69.0114
      vertex 23.9266 -16.7147 70.4813
      vertex 23.6671 -16.8554 70.3405
    endloop
  endfacet
  facet normal 1.57141e-05 -0.707123 0.70709
    outer loop
      vertex 27.0861 -15.2219 71.9741
      vertex 25.3155 -18.1845 69.0114
      vertex 28.475 -16.6917 70.5042
    endloop
  endfacet
  facet normal 1.39906e-05 -0.707098 0.707115
    outer loop
      vertex 22.4586 -19.9562 67.2398
      vertex 23.6671 -16.8554 70.3405
      vertex 20.8102 -18.6271 68.5689
    endloop
  endfacet
  facet normal 5.17193e-15 -0.707107 0.707107
    outer loop
      vertex 22.4586 -19.9562 67.2398
      vertex 20.8102 -18.6271 68.5689
      vertex 20.579 -18.7906 68.4054
    endloop
  endfacet
  facet normal 1.39906e-05 -0.707098 0.707115
    outer loop
      vertex 23.6671 -16.8554 70.3405
      vertex 22.4586 -19.9562 67.2398
      vertex 25.3155 -18.1845 69.0114
    endloop
  endfacet
  facet normal -3.35345e-05 -0.707103 0.70711
    outer loop
      vertex 19.9531 -21.9763 65.2197
      vertex 20.579 -18.7906 68.4054
      vertex 18.0735 -20.8107 66.3852
    endloop
  endfacet
  facet normal 0.000120382 -0.706979 0.707234
    outer loop
      vertex 19.9531 -21.9763 65.2197
      vertex 18.0735 -20.8107 66.3852
      vertex 17.8744 -20.9942 66.2018
    endloop
  endfacet
  facet normal 0 -0.707107 0.707107
    outer loop
      vertex 20.579 -18.7906 68.4054
      vertex 19.9531 -21.9763 65.2197
      vertex 22.4586 -19.9562 67.2398
    endloop
  endfacet
  facet normal 2.35171e-05 -0.707118 0.707096
    outer loop
      vertex 17.842 -24.2104 62.9855
      vertex 17.8744 -20.9942 66.2018
      vertex 15.7633 -23.2283 63.9677
    endloop
  endfacet
  facet normal -1.0338e-05 -0.707118 0.707096
    outer loop
      vertex 17.8744 -20.9942 66.2018
      vertex 17.842 -24.2104 62.9855
      vertex 19.9531 -21.9763 65.2197
    endloop
  endfacet
  facet normal 6.96529e-05 -0.706962 0.707252
    outer loop
      vertex 12.4879 -28.8198 58.3762
      vertex 14.9399 -29.1646 58.0313
      vertex 12.5725 -28.5964 58.5995
    endloop
  endfacet
  facet normal 6.96497e-05 -0.706962 0.707252
    outer loop
      vertex 16.1613 -26.6203 60.5757
      vertex 13.9191 -25.8384 61.3575
      vertex 13.794 -26.0521 61.1439
    endloop
  endfacet
  facet normal -1.71371e-05 -0.707086 0.707127
    outer loop
      vertex 13.9191 -25.8384 61.3575
      vertex 16.1613 -26.6203 60.5757
      vertex 17.842 -24.2104 62.9855
    endloop
  endfacet
  facet normal -5.9813e-06 -0.707119 0.707094
    outer loop
      vertex 16.1613 -26.6203 60.5757
      vertex 13.794 -26.0521 61.1439
      vertex 14.9399 -29.1646 58.0313
    endloop
  endfacet
  facet normal 2.45489e-05 -0.707117 0.707097
    outer loop
      vertex 15.5998 -23.4286 63.7674
      vertex 17.842 -24.2104 62.9855
      vertex 15.7633 -23.2283 63.9677
    endloop
  endfacet
  facet normal 1.23884e-15 -0.707107 0.707107
    outer loop
      vertex 14.1985 -31.8 55.396
      vertex 12.4879 -28.8198 58.3762
      vertex 11.7466 -31.4551 55.7409
    endloop
  endfacet
  facet normal -4.22799e-05 -0.707257 0.706956
    outer loop
      vertex 14.1985 -31.8 55.396
      vertex 11.7466 -31.4551 55.7409
      vertex 11.7039 -31.6843 55.5116
    endloop
  endfacet
  facet normal 3.13704e-05 -0.707098 0.707116
    outer loop
      vertex 12.4879 -28.8198 58.3762
      vertex 14.1985 -31.8 55.396
      vertex 14.9399 -29.1646 58.0313
    endloop
  endfacet
  facet normal -2.82242e-05 -0.707105 0.707108
    outer loop
      vertex 14.1985 -31.8 55.396
      vertex 11.7039 -31.6843 55.5116
      vertex 13.95 -34.4812 52.7148
    endloop
  endfacet
  facet normal -2.82242e-05 -0.707105 0.707108
    outer loop
      vertex 11.4554 -34.3655 52.8304
      vertex 13.95 -34.4812 52.7148
      vertex 11.7039 -31.6843 55.5116
    endloop
  endfacet
  facet normal 0 -0.706801 0.707412
    outer loop
      vertex 11.45 -34.4812 52.7148
      vertex 13.95 -34.4812 52.7148
      vertex 11.4554 -34.3655 52.8304
    endloop
  endfacet
  facet normal 0 -0.707107 0.707107
    outer loop
      vertex 11.45 -57.8864 29.3096
      vertex 13.95 -57.8864 29.3096
      vertex 13.95 -34.4812 52.7148
    endloop
  endfacet
  facet normal 0 -0.707107 0.707107
    outer loop
      vertex 11.45 -57.8864 29.3096
      vertex 13.95 -34.4812 52.7148
      vertex 11.45 -34.4812 52.7148
    endloop
  endfacet
  facet normal 0 -0.707107 0.707107
    outer loop
      vertex 13.95 -57.8864 29.3096
      vertex 11.45 -57.8864 29.3096
      vertex 11.4554 -58.002 29.194
    endloop
  endfacet
  facet normal -5.01754e-16 -0.707107 0.707107
    outer loop
      vertex 11.7039 -60.6832 26.5128
      vertex 11.7466 -60.9125 26.2835
      vertex 14.1985 -60.5676 26.6284
    endloop
  endfacet
  facet normal -2.53671e-05 -0.707116 0.707098
    outer loop
      vertex 13.9191 -66.5291 20.6668
      vertex 17.842 -68.1571 19.0389
      vertex 16.1613 -65.7473 21.4487
    endloop
  endfacet
  facet normal 6.96497e-05 -0.707252 0.706962
    outer loop
      vertex 13.794 -66.3155 20.8805
      vertex 13.9191 -66.5291 20.6668
      vertex 16.1613 -65.7473 21.4487
    endloop
  endfacet
  facet normal 4.22793e-05 -0.707257 0.706956
    outer loop
      vertex 12.4879 -63.5478 23.6482
      vertex 12.5725 -63.7711 23.4248
      vertex 14.9399 -63.2029 23.9931
    endloop
  endfacet
  facet normal -1.57141e-05 -0.707123 0.70709
    outer loop
      vertex 25.3155 -74.183 13.013
      vertex 27.0861 -77.1456 10.0503
      vertex 28.475 -75.6758 11.5202
    endloop
  endfacet
  facet normal 1.54728e-05 -0.707114 0.707099
    outer loop
      vertex 25.3155 -74.183 13.013
      vertex 23.9266 -75.6529 11.5431
      vertex 27.0861 -77.1456 10.0503
    endloop
  endfacet
  facet normal -8.16345e-16 -0.707107 0.707107
    outer loop
      vertex 25.3155 -74.183 13.013
      vertex 23.6671 -75.5121 11.6839
      vertex 23.9266 -75.6529 11.5431
    endloop
  endfacet
  facet normal -1.5894e-15 -0.707107 0.707107
    outer loop
      vertex 22.4586 -72.4114 14.7846
      vertex 23.6671 -75.5121 11.6839
      vertex 25.3155 -74.183 13.013
    endloop
  endfacet
  facet normal -3.26397e-05 -0.707113 0.7071
    outer loop
      vertex 22.4586 -72.4114 14.7846
      vertex 20.8102 -73.7404 13.4555
      vertex 23.6671 -75.5121 11.6839
    endloop
  endfacet
  facet normal 0.000142915 -0.707222 0.706992
    outer loop
      vertex 20.8102 -73.7404 13.4555
      vertex 22.4586 -72.4114 14.7846
      vertex 20.579 -73.577 13.619
    endloop
  endfacet
  facet normal 1.0338e-05 -0.707118 0.707096
    outer loop
      vertex 17.842 -68.1571 19.0389
      vertex 17.8744 -71.3733 15.8226
      vertex 19.9531 -70.3912 16.8047
    endloop
  endfacet
  facet normal -0.000120382 -0.706979 0.707234
    outer loop
      vertex 17.8744 -71.3733 15.8226
      vertex 18.0735 -71.5568 15.6392
      vertex 19.9531 -70.3912 16.8047
    endloop
  endfacet
  facet normal 8.996e-06 -0.707084 0.70713
    outer loop
      vertex 18.0735 -71.5568 15.6392
      vertex 22.4586 -72.4114 14.7846
      vertex 19.9531 -70.3912 16.8047
    endloop
  endfacet
  facet normal 9.58473e-05 -0.707244 0.706969
    outer loop
      vertex 15.5998 -68.939 18.257
      vertex 15.7633 -69.1392 18.0567
      vertex 17.842 -68.1571 19.0389
    endloop
  endfacet
  facet normal -0.000194339 -0.707039 0.707175
    outer loop
      vertex 27.0861 -77.1456 10.0503
      vertex 27.3693 -77.2613 9.9347
      vertex 28.475 -75.6758 11.5202
    endloop
  endfacet
  facet normal -1.25091e-06 -0.707109 0.707105
    outer loop
      vertex 28.475 -75.6758 11.5202
      vertex 30.7773 -78.4497 8.74629
      vertex 31.8831 -76.8642 10.3318
    endloop
  endfacet
  facet normal -0.000106254 -0.707092 0.707122
    outer loop
      vertex 34.6777 -79.4018 7.79411
      vertex 34.9936 -79.4617 7.73426
      vertex 35.4813 -77.7279 9.46806
    endloop
  endfacet
  facet normal 2.10363e-15 -0.707107 0.707107
    outer loop
      vertex 50.5187 -77.7279 9.46806
      vertex 47.2795 -79.9859 7.21006
      vertex 51.0064 -79.4617 7.73426
    endloop
  endfacet
  facet normal -1.07519e-15 -0.707107 0.707107
    outer loop
      vertex 46.7918 -78.2521 8.94386
      vertex 47.2795 -79.9859 7.21006
      vertex 50.5187 -77.7279 9.46806
    endloop
  endfacet
  facet normal 4.25082e-05 -0.707101 0.707113
    outer loop
      vertex 47.2795 -79.9859 7.21006
      vertex 46.7918 -78.2521 8.94386
      vertex 46.9553 -80.0161 7.17988
    endloop
  endfacet
  facet normal -5.9405e-06 -0.707103 0.707111
    outer loop
      vertex 46.7918 -78.2521 8.94386
      vertex 43.1635 -80.1918 7.00415
      vertex 46.9553 -80.0161 7.17988
    endloop
  endfacet
  facet normal -5.9405e-06 -0.707103 0.707111
    outer loop
      vertex 43 -78.4278 8.76813
      vertex 43.1635 -80.1918 7.00415
      vertex 46.7918 -78.2521 8.94386
    endloop
  endfacet
  facet normal 0 -0.707103 0.707111
    outer loop
      vertex 43 -78.4278 8.76813
      vertex 42.8365 -80.1918 7.00415
      vertex 43.1635 -80.1918 7.00415
    endloop
  endfacet
  facet normal 5.9405e-06 -0.707103 0.707111
    outer loop
      vertex 39.2082 -78.2521 8.94386
      vertex 42.8365 -80.1918 7.00415
      vertex 43 -78.4278 8.76813
    endloop
  endfacet
  facet normal 5.9405e-06 -0.707103 0.707111
    outer loop
      vertex 39.2082 -78.2521 8.94386
      vertex 39.0447 -80.0161 7.17988
      vertex 42.8365 -80.1918 7.00415
    endloop
  endfacet
  facet normal -4.25082e-05 -0.707101 0.707113
    outer loop
      vertex 39.2082 -78.2521 8.94386
      vertex 38.7205 -79.9859 7.21006
      vertex 39.0447 -80.0161 7.17988
    endloop
  endfacet
  facet normal 1.05182e-15 -0.707107 0.707107
    outer loop
      vertex 35.4813 -77.7279 9.46806
      vertex 38.7205 -79.9859 7.21006
      vertex 39.2082 -78.2521 8.94386
    endloop
  endfacet
  facet normal -2.10363e-15 -0.707107 0.707107
    outer loop
      vertex 38.7205 -79.9859 7.21006
      vertex 35.4813 -77.7279 9.46806
      vertex 34.9936 -79.4617 7.73426
    endloop
  endfacet
  facet normal -3.99454e-05 -0.707095 0.707118
    outer loop
      vertex 30.7773 -78.4497 8.74629
      vertex 31.0795 -78.5382 8.65781
      vertex 31.8831 -76.8642 10.3318
    endloop
  endfacet
  facet normal 2.50233e-06 -0.707118 0.707096
    outer loop
      vertex 31.8831 -76.8642 10.3318
      vertex 34.6777 -79.4018 7.79411
      vertex 35.4813 -77.7279 9.46806
    endloop
  endfacet
  facet normal 1.85304e-05 -0.707109 0.707104
    outer loop
      vertex 34.6777 -79.4018 7.79411
      vertex 31.8831 -76.8642 10.3318
      vertex 31.0795 -78.5382 8.65781
    endloop
  endfacet
  facet normal 1.66897e-06 -0.707107 0.707106
    outer loop
      vertex 27.3693 -77.2613 9.9347
      vertex 30.7773 -78.4497 8.74629
      vertex 28.475 -75.6758 11.5202
    endloop
  endfacet
  facet normal -6.07695e-16 -0.707107 0.707107
    outer loop
      vertex 18.0735 -71.5568 15.6392
      vertex 20.579 -73.577 13.619
      vertex 22.4586 -72.4114 14.7846
    endloop
  endfacet
  facet normal -2.35171e-05 -0.707118 0.707096
    outer loop
      vertex 15.7633 -69.1392 18.0567
      vertex 17.8744 -71.3733 15.8226
      vertex 17.842 -68.1571 19.0389
    endloop
  endfacet
  facet normal -8.23054e-06 -0.707095 0.707119
    outer loop
      vertex 13.9191 -66.5291 20.6668
      vertex 15.5998 -68.939 18.257
      vertex 17.842 -68.1571 19.0389
    endloop
  endfacet
  facet normal 2.05688e-15 -0.707107 0.707107
    outer loop
      vertex 14.9399 -63.2029 23.9931
      vertex 13.794 -66.3155 20.8805
      vertex 16.1613 -65.7473 21.4487
    endloop
  endfacet
  facet normal -3.27637e-05 -0.707101 0.707113
    outer loop
      vertex 13.794 -66.3155 20.8805
      vertex 14.9399 -63.2029 23.9931
      vertex 12.5725 -63.7711 23.4248
    endloop
  endfacet
  facet normal 1.02847e-15 -0.707107 0.707107
    outer loop
      vertex 12.4879 -63.5478 23.6482
      vertex 14.1985 -60.5676 26.6284
      vertex 11.7466 -60.9125 26.2835
    endloop
  endfacet
  facet normal 1.02842e-15 -0.707107 0.707107
    outer loop
      vertex 14.1985 -60.5676 26.6284
      vertex 12.4879 -63.5478 23.6482
      vertex 14.9399 -63.2029 23.9931
    endloop
  endfacet
  facet normal 4.09046e-17 -0.707107 0.707107
    outer loop
      vertex 11.4554 -58.002 29.194
      vertex 11.7039 -60.6832 26.5128
      vertex 13.95 -57.8864 29.3096
    endloop
  endfacet
  facet normal 0 -0.706801 0.707412
    outer loop
      vertex 72.05 -34.4812 52.7148
      vertex 74.55 -34.4812 52.7148
      vertex 74.5446 -34.3655 52.8304
    endloop
  endfacet
  facet normal -5.98102e-06 -0.707119 0.707094
    outer loop
      vertex 12.5725 -28.5964 58.5995
      vertex 14.9399 -29.1646 58.0313
      vertex 13.794 -26.0521 61.1439
    endloop
  endfacet
  facet normal 1.71371e-05 -0.707127 0.707086
    outer loop
      vertex 13.9191 -25.8384 61.3575
      vertex 17.842 -24.2104 62.9855
      vertex 15.5998 -23.4286 63.7674
    endloop
  endfacet
  facet normal 9.0919e-06 -0.707126 0.707088
    outer loop
      vertex 31.0795 -13.8294 73.3666
      vertex 35.4813 -14.6396 72.5563
      vertex 34.6777 -12.9657 74.2303
    endloop
  endfacet
  facet normal -1.09856e-15 -0.707107 0.707107
    outer loop
      vertex 35.4813 -14.6396 72.5563
      vertex 39.2082 -14.1154 73.0805
      vertex 38.7205 -12.3816 74.8143
    endloop
  endfacet
  facet normal -2.04186e-05 -0.707088 0.707126
    outer loop
      vertex 42.8365 -12.1757 75.0202
      vertex 39.2082 -14.1154 73.0805
      vertex 43 -13.9397 73.2563
    endloop
  endfacet
  facet normal 2.04186e-05 -0.707126 0.707088
    outer loop
      vertex 39.2082 -14.1154 73.0805
      vertex 42.8365 -12.1757 75.0202
      vertex 39.0447 -12.3515 74.8445
    endloop
  endfacet
  facet normal 1.51929e-15 -0.707107 0.707107
    outer loop
      vertex 47.2795 -12.3816 74.8143
      vertex 50.5187 -14.6396 72.5563
      vertex 51.0064 -12.9058 74.2901
    endloop
  endfacet
  facet normal 1.09856e-15 -0.707107 0.707107
    outer loop
      vertex 46.7918 -14.1154 73.0805
      vertex 50.5187 -14.6396 72.5563
      vertex 47.2795 -12.3816 74.8143
    endloop
  endfacet
  facet normal -9.0919e-06 -0.707126 0.707088
    outer loop
      vertex 54.1169 -15.5033 71.6926
      vertex 54.9205 -13.8294 73.3666
      vertex 50.5187 -14.6396 72.5563
    endloop
  endfacet
  facet normal -1.08458e-05 -0.707125 0.707088
    outer loop
      vertex 54.9205 -13.8294 73.3666
      vertex 54.1169 -15.5033 71.6926
      vertex 55.2227 -13.9179 73.2781
    endloop
  endfacet
  facet normal -1.25095e-05 -0.707125 0.707089
    outer loop
      vertex 57.525 -16.6917 70.5042
      vertex 55.2227 -13.9179 73.2781
      vertex 54.1169 -15.5033 71.6926
    endloop
  endfacet
  facet normal -1.251e-05 -0.707125 0.707089
    outer loop
      vertex 55.2227 -13.9179 73.2781
      vertex 57.525 -16.6917 70.5042
      vertex 58.6307 -15.1063 72.0897
    endloop
  endfacet
  facet normal -1.41711e-05 -0.707124 0.707089
    outer loop
      vertex 58.6307 -15.1063 72.0897
      vertex 57.525 -16.6917 70.5042
      vertex 58.9139 -15.2219 71.9741
    endloop
  endfacet
  facet normal -1.57141e-05 -0.707123 0.70709
    outer loop
      vertex 60.6845 -18.1845 69.0114
      vertex 58.9139 -15.2219 71.9741
      vertex 57.525 -16.6917 70.5042
    endloop
  endfacet
  facet normal -1.57141e-05 -0.707123 0.70709
    outer loop
      vertex 58.9139 -15.2219 71.9741
      vertex 60.6845 -18.1845 69.0114
      vertex 62.0734 -16.7147 70.4813
    endloop
  endfacet
  facet normal 0.000162904 -0.707208 0.707006
    outer loop
      vertex 62.0734 -16.7147 70.4813
      vertex 60.6845 -18.1845 69.0114
      vertex 62.3329 -16.8554 70.3405
    endloop
  endfacet
  facet normal -1.39906e-05 -0.707098 0.707115
    outer loop
      vertex 63.5414 -19.9562 67.2398
      vertex 62.3329 -16.8554 70.3405
      vertex 60.6845 -18.1845 69.0114
    endloop
  endfacet
  facet normal -1.39906e-05 -0.707098 0.707115
    outer loop
      vertex 62.3329 -16.8554 70.3405
      vertex 63.5414 -19.9562 67.2398
      vertex 65.1898 -18.6271 68.5689
    endloop
  endfacet
  facet normal -5.06985e-15 -0.707107 0.707107
    outer loop
      vertex 65.1898 -18.6271 68.5689
      vertex 63.5414 -19.9562 67.2398
      vertex 65.421 -18.7906 68.4054
    endloop
  endfacet
  facet normal 0 -0.707107 0.707107
    outer loop
      vertex 66.0469 -21.9763 65.2197
      vertex 65.421 -18.7906 68.4054
      vertex 63.5414 -19.9562 67.2398
    endloop
  endfacet
  facet normal 3.35345e-05 -0.707103 0.70711
    outer loop
      vertex 65.421 -18.7906 68.4054
      vertex 66.0469 -21.9763 65.2197
      vertex 67.9265 -20.8107 66.3852
    endloop
  endfacet
  facet normal -0.000120382 -0.706979 0.707234
    outer loop
      vertex 67.9265 -20.8107 66.3852
      vertex 66.0469 -21.9763 65.2197
      vertex 68.1256 -20.9942 66.2018
    endloop
  endfacet
  facet normal 1.0338e-05 -0.707118 0.707096
    outer loop
      vertex 68.158 -24.2104 62.9855
      vertex 68.1256 -20.9942 66.2018
      vertex 66.0469 -21.9763 65.2197
    endloop
  endfacet
  facet normal -2.35171e-05 -0.707118 0.707096
    outer loop
      vertex 68.1256 -20.9942 66.2018
      vertex 68.158 -24.2104 62.9855
      vertex 70.2367 -23.2283 63.9677
    endloop
  endfacet
  facet normal -9.0919e-06 -0.707126 0.707088
    outer loop
      vertex 50.5187 -14.6396 72.5563
      vertex 54.9205 -13.8294 73.3666
      vertex 51.3223 -12.9657 74.2303
    endloop
  endfacet
  facet normal -1.71371e-05 -0.707127 0.707086
    outer loop
      vertex 68.158 -24.2104 62.9855
      vertex 72.0809 -25.8384 61.3575
      vertex 70.4002 -23.4286 63.7674
    endloop
  endfacet
  facet normal 5.98102e-06 -0.707119 0.707094
    outer loop
      vertex 71.0601 -29.1646 58.0313
      vertex 73.4275 -28.5964 58.5995
      vertex 72.206 -26.0521 61.1439
    endloop
  endfacet
  facet normal -3.13704e-05 -0.707098 0.707116
    outer loop
      vertex 71.8015 -31.8 55.396
      vertex 73.5121 -28.8198 58.3762
      vertex 71.0601 -29.1646 58.0313
    endloop
  endfacet
  facet normal -1.21547e-15 -0.707107 0.707107
    outer loop
      vertex 73.5121 -28.8198 58.3762
      vertex 71.8015 -31.8 55.396
      vertex 74.2534 -31.4551 55.7409
    endloop
  endfacet
  facet normal 4.22799e-05 -0.707257 0.706956
    outer loop
      vertex 74.2534 -31.4551 55.7409
      vertex 71.8015 -31.8 55.396
      vertex 74.2961 -31.6843 55.5116
    endloop
  endfacet
  facet normal 2.82242e-05 -0.707105 0.707108
    outer loop
      vertex 74.2961 -31.6843 55.5116
      vertex 71.8015 -31.8 55.396
      vertex 72.05 -34.4812 52.7148
    endloop
  endfacet
  facet normal 2.82242e-05 -0.707105 0.707108
    outer loop
      vertex 72.05 -34.4812 52.7148
      vertex 74.5446 -34.3655 52.8304
      vertex 74.2961 -31.6843 55.5116
    endloop
  endfacet
  facet normal 0 -0.707107 0.707107
    outer loop
      vertex 72.05 -57.8864 29.3096
      vertex 74.55 -57.8864 29.3096
      vertex 74.55 -34.4812 52.7148
    endloop
  endfacet
  facet normal 0 -0.707107 0.707107
    outer loop
      vertex 72.05 -57.8864 29.3096
      vertex 74.55 -34.4812 52.7148
      vertex 72.05 -34.4812 52.7148
    endloop
  endfacet
  facet normal 0 -0.707107 0.707107
    outer loop
      vertex 74.55 -57.8864 29.3096
      vertex 72.05 -57.8864 29.3096
      vertex 74.5446 -58.002 29.194
    endloop
  endfacet
  facet normal 8.23054e-06 -0.707095 0.707119
    outer loop
      vertex 68.158 -68.1571 19.0389
      vertex 70.4002 -68.939 18.257
      vertex 72.0809 -66.5291 20.6668
    endloop
  endfacet
  facet normal -1.0338e-05 -0.707118 0.707096
    outer loop
      vertex 66.0469 -70.3912 16.8047
      vertex 68.1256 -71.3733 15.8226
      vertex 68.158 -68.1571 19.0389
    endloop
  endfacet
  facet normal 5.96009e-16 -0.707107 0.707107
    outer loop
      vertex 63.5414 -72.4114 14.7846
      vertex 65.421 -73.577 13.619
      vertex 67.9265 -71.5568 15.6392
    endloop
  endfacet
  facet normal -1.66897e-06 -0.707107 0.707106
    outer loop
      vertex 55.2227 -78.4497 8.74629
      vertex 58.6307 -77.2613 9.9347
      vertex 57.525 -75.6758 11.5202
    endloop
  endfacet
  facet normal 1.25091e-06 -0.707109 0.707105
    outer loop
      vertex 54.1169 -76.8642 10.3318
      vertex 55.2227 -78.4497 8.74629
      vertex 57.525 -75.6758 11.5202
    endloop
  endfacet
  facet normal -1.85304e-05 -0.707109 0.707104
    outer loop
      vertex 54.1169 -76.8642 10.3318
      vertex 51.3223 -79.4018 7.79411
      vertex 54.9205 -78.5382 8.65781
    endloop
  endfacet
  facet normal -2.50233e-06 -0.707118 0.707096
    outer loop
      vertex 51.3223 -79.4018 7.79411
      vertex 54.1169 -76.8642 10.3318
      vertex 50.5187 -77.7279 9.46806
    endloop
  endfacet
  facet normal 0.130566 -0.701052 -0.701055
    outer loop
      vertex 46.9553 -80.0161 7.17988
      vertex 46.9755 -77.8929 5.06045
      vertex 47.2795 -79.9859 7.21006
    endloop
  endfacet
  facet normal 0.131518 -0.700968 -0.700961
    outer loop
      vertex 46.9755 -77.8929 5.06045
      vertex 46.9553 -80.0161 7.17988
      vertex 46.9553 -77.8948 5.05856
    endloop
  endfacet
  facet normal 0.130503 -0.701063 -0.701056
    outer loop
      vertex 46.9755 -77.8929 5.06045
      vertex 47.2795 -77.8646 5.08874
      vertex 47.2795 -79.9859 7.21006
    endloop
  endfacet
  facet normal 0.195091 -0.693516 -0.693524
    outer loop
      vertex 47.2795 -79.9859 7.21006
      vertex 47.5124 -77.8318 5.1215
      vertex 51.0064 -79.4617 7.73426
    endloop
  endfacet
  facet normal 0.195217 -0.693505 -0.693499
    outer loop
      vertex 47.5124 -77.8318 5.1215
      vertex 47.2795 -79.9859 7.21006
      vertex 47.2795 -77.8646 5.08874
    endloop
  endfacet
  facet normal 0.195083 -0.693524 -0.693518
    outer loop
      vertex 47.5124 -77.8318 5.1215
      vertex 51.0064 -77.3404 5.61294
      vertex 51.0064 -79.4617 7.73426
    endloop
  endfacet
  facet normal 0.258907 -0.682999 -0.682993
    outer loop
      vertex 51.0064 -77.3404 5.61294
      vertex 51.3223 -79.4018 7.79411
      vertex 51.0064 -79.4617 7.73426
    endloop
  endfacet
  facet normal 0.26001 -0.682702 -0.682871
    outer loop
      vertex 51.3223 -79.4018 7.79411
      vertex 51.0064 -77.3404 5.61294
      vertex 51.0262 -77.3366 5.61668
    endloop
  endfacet
  facet normal 0.258833 -0.683013 -0.683007
    outer loop
      vertex 51.0262 -77.3366 5.61668
      vertex 51.3223 -77.2805 5.67279
      vertex 51.3223 -79.4018 7.79411
    endloop
  endfacet
  facet normal 0.32143 -0.669586 -0.66958
    outer loop
      vertex 51.3223 -77.2805 5.67279
      vertex 54.9205 -78.5382 8.65781
      vertex 51.3223 -79.4018 7.79411
    endloop
  endfacet
  facet normal 0.321447 -0.669566 -0.669592
    outer loop
      vertex 54.9205 -78.5382 8.65781
      vertex 51.3223 -77.2805 5.67279
      vertex 54.9205 -76.4168 6.53649
    endloop
  endfacet
  facet normal 0.382601 -0.653293 -0.653318
    outer loop
      vertex 54.9205 -76.4168 6.53649
      vertex 55.2227 -78.4497 8.74629
      vertex 54.9205 -78.5382 8.65781
    endloop
  endfacet
  facet normal 0.381462 -0.653721 -0.653556
    outer loop
      vertex 55.2227 -78.4497 8.74629
      vertex 54.9205 -76.4168 6.53649
      vertex 54.9394 -76.4113 6.54202
    endloop
  endfacet
  facet normal 0.382677 -0.653271 -0.653296
    outer loop
      vertex 54.9394 -76.4113 6.54202
      vertex 55.2227 -76.3283 6.62497
      vertex 55.2227 -78.4497 8.74629
    endloop
  endfacet
  facet normal 0.442293 -0.634182 -0.634185
    outer loop
      vertex 55.2227 -78.4497 8.74629
      vertex 55.4357 -76.2541 6.69925
      vertex 58.6307 -77.2613 9.9347
    endloop
  endfacet
  facet normal 0.442124 -0.63423 -0.634254
    outer loop
      vertex 55.4357 -76.2541 6.69925
      vertex 55.2227 -78.4497 8.74629
      vertex 55.2227 -76.3283 6.62497
    endloop
  endfacet
  facet normal 0.442304 -0.634168 -0.634191
    outer loop
      vertex 55.4357 -76.2541 6.69925
      vertex 58.6307 -75.1399 7.81338
      vertex 58.6307 -77.2613 9.9347
    endloop
  endfacet
  facet normal 0.500111 -0.612316 -0.612339
    outer loop
      vertex 58.6307 -75.1399 7.81338
      vertex 58.9139 -77.1456 10.0503
      vertex 58.6307 -77.2613 9.9347
    endloop
  endfacet
  facet normal 0.499981 -0.61238 -0.61238
    outer loop
      vertex 58.9139 -77.1456 10.0503
      vertex 58.6307 -75.1399 7.81338
      vertex 58.9139 -75.0243 7.929
    endloop
  endfacet
  facet normal 0.555562 -0.587942 -0.587942
    outer loop
      vertex 58.9139 -75.0243 7.929
      vertex 62.0734 -75.6529 11.5431
      vertex 58.9139 -77.1456 10.0503
    endloop
  endfacet
  facet normal 0.555574 -0.587924 -0.587949
    outer loop
      vertex 62.0734 -75.6529 11.5431
      vertex 58.9139 -75.0243 7.929
      vertex 62.0734 -73.5315 9.42179
    endloop
  endfacet
  facet normal 0.608584 -0.561087 -0.561076
    outer loop
      vertex 62.3329 -75.5121 11.6839
      vertex 62.0734 -73.5315 9.42179
      vertex 62.3329 -73.3908 9.56256
    endloop
  endfacet
  facet normal 0.608761 -0.560974 -0.560998
    outer loop
      vertex 62.0734 -73.5315 9.42179
      vertex 62.3329 -75.5121 11.6839
      vertex 62.0734 -75.6529 11.5431
    endloop
  endfacet
  facet normal 0.659359 -0.531623 -0.531623
    outer loop
      vertex 65.1898 -73.7404 13.4555
      vertex 62.3329 -73.3908 9.56256
      vertex 65.1898 -71.6191 11.3342
    endloop
  endfacet
  facet normal 0.659354 -0.531631 -0.531621
    outer loop
      vertex 62.3329 -73.3908 9.56256
      vertex 65.1898 -73.7404 13.4555
      vertex 62.3329 -75.5121 11.6839
    endloop
  endfacet
  facet normal 0.707143 -0.499962 -0.499986
    outer loop
      vertex 65.421 -73.577 13.619
      vertex 65.1898 -71.6191 11.3342
      vertex 65.421 -71.4556 11.4977
    endloop
  endfacet
  facet normal 0.707035 -0.500051 -0.500051
    outer loop
      vertex 65.1898 -71.6191 11.3342
      vertex 65.421 -73.577 13.619
      vertex 65.1898 -73.7404 13.4555
    endloop
  endfacet
  facet normal 0.751834 -0.466233 -0.466233
    outer loop
      vertex 67.9265 -71.5568 15.6392
      vertex 65.421 -71.4556 11.4977
      vertex 67.9265 -69.4355 13.5179
    endloop
  endfacet
  facet normal 0.751842 -0.466215 -0.466237
    outer loop
      vertex 65.421 -71.4556 11.4977
      vertex 67.9265 -71.5568 15.6392
      vertex 65.421 -73.577 13.619
    endloop
  endfacet
  facet normal 0.793314 -0.430496 -0.430496
    outer loop
      vertex 68.1256 -71.3733 15.8226
      vertex 67.9265 -69.4355 13.5179
      vertex 68.1256 -69.252 13.7013
    endloop
  endfacet
  facet normal 0.793314 -0.430496 -0.430496
    outer loop
      vertex 67.9265 -69.4355 13.5179
      vertex 68.1256 -71.3733 15.8226
      vertex 67.9265 -71.5568 15.6392
    endloop
  endfacet
  facet normal 0.83147 -0.392847 -0.392847
    outer loop
      vertex 70.2367 -69.1392 18.0567
      vertex 68.1256 -69.252 13.7013
      vertex 70.2367 -67.0179 15.9354
    endloop
  endfacet
  facet normal 0.83147 -0.392847 -0.392847
    outer loop
      vertex 68.1256 -69.252 13.7013
      vertex 70.2367 -69.1392 18.0567
      vertex 68.1256 -71.3733 15.8226
    endloop
  endfacet
  facet normal 0.86603 -0.353547 -0.353549
    outer loop
      vertex 70.2367 -69.1392 18.0567
      vertex 70.2469 -67.0054 15.9479
      vertex 70.4002 -68.939 18.257
    endloop
  endfacet
  facet normal 0.866157 -0.353392 -0.353392
    outer loop
      vertex 70.2469 -67.0054 15.9479
      vertex 70.2367 -69.1392 18.0567
      vertex 70.2367 -67.0179 15.9354
    endloop
  endfacet
  facet normal 0.866021 -0.353558 -0.353558
    outer loop
      vertex 70.2469 -67.0054 15.9479
      vertex 70.4002 -66.8177 16.1357
      vertex 70.4002 -68.939 18.257
    endloop
  endfacet
  facet normal 0.896869 -0.312758 -0.312744
    outer loop
      vertex 70.4002 -68.939 18.257
      vertex 70.5053 -66.667 16.2863
      vertex 72.0809 -66.5291 20.6668
    endloop
  endfacet
  facet normal 0.896815 -0.312829 -0.312829
    outer loop
      vertex 70.5053 -66.667 16.2863
      vertex 70.4002 -68.939 18.257
      vertex 70.4002 -66.8177 16.1357
    endloop
  endfacet
  facet normal 0.896872 -0.312746 -0.312746
    outer loop
      vertex 70.5053 -66.667 16.2863
      vertex 72.0809 -64.4078 18.5455
      vertex 72.0809 -66.5291 20.6668
    endloop
  endfacet
  facet normal 0.923937 -0.2705 -0.2705
    outer loop
      vertex 72.206 -66.3155 20.8805
      vertex 72.0809 -64.4078 18.5455
      vertex 72.206 -64.1942 18.7592
    endloop
  endfacet
  facet normal 0.923937 -0.2705 -0.2705
    outer loop
      vertex 72.0809 -64.4078 18.5455
      vertex 72.206 -66.3155 20.8805
      vertex 72.0809 -66.5291 20.6668
    endloop
  endfacet
  facet normal 0.946926 -0.227311 -0.227292
    outer loop
      vertex 72.206 -66.3155 20.8805
      vertex 72.2824 -64.0351 18.9182
      vertex 73.4275 -63.7711 23.4248
    endloop
  endfacet
  facet normal 0.946871 -0.227416 -0.227416
    outer loop
      vertex 72.2824 -64.0351 18.9182
      vertex 72.206 -66.3155 20.8805
      vertex 72.206 -64.1942 18.7592
    endloop
  endfacet
  facet normal 0.946929 -0.227294 -0.227294
    outer loop
      vertex 72.2824 -64.0351 18.9182
      vertex 73.4275 -61.6498 21.3035
      vertex 73.4275 -63.7711 23.4248
    endloop
  endfacet
  facet normal 0.965953 -0.182917 -0.182964
    outer loop
      vertex 73.4275 -63.7711 23.4248
      vertex 73.4327 -61.6358 21.3175
      vertex 73.5121 -63.5478 23.6482
    endloop
  endfacet
  facet normal 0.967198 -0.179622 -0.179622
    outer loop
      vertex 73.4327 -61.6358 21.3175
      vertex 73.4275 -63.7711 23.4248
      vertex 73.4275 -61.6498 21.3035
    endloop
  endfacet
  facet normal 0.965885 -0.183117 -0.183126
    outer loop
      vertex 73.4327 -61.6358 21.3175
      vertex 73.5121 -61.4264 21.5269
      vertex 73.5121 -63.5478 23.6482
    endloop
  endfacet
  facet normal 0.980786 -0.137943 -0.137949
    outer loop
      vertex 74.2534 -60.9125 26.2835
      vertex 73.5121 -61.4264 21.5269
      vertex 74.2534 -58.7911 24.1622
    endloop
  endfacet
  facet normal 0.980786 -0.137943 -0.137949
    outer loop
      vertex 73.5121 -61.4264 21.5269
      vertex 74.2534 -60.9125 26.2835
      vertex 73.5121 -63.5478 23.6482
    endloop
  endfacet
  facet normal 0.991438 -0.0923324 -0.0923324
    outer loop
      vertex 74.2961 -60.6832 26.5128
      vertex 74.2534 -58.7911 24.1622
      vertex 74.2961 -58.5619 24.3915
    endloop
  endfacet
  facet normal 0.991442 -0.0923104 -0.0923148
    outer loop
      vertex 74.2534 -58.7911 24.1622
      vertex 74.2961 -60.6832 26.5128
      vertex 74.2534 -60.9125 26.2835
    endloop
  endfacet
  facet normal 0.997859 -0.0462352 -0.0462488
    outer loop
      vertex 74.2961 -60.6832 26.5128
      vertex 74.3116 -58.3943 24.559
      vertex 74.5446 -58.002 29.194
    endloop
  endfacet
  facet normal 0.997867 -0.0461562 -0.0461562
    outer loop
      vertex 74.3116 -58.3943 24.559
      vertex 74.2961 -60.6832 26.5128
      vertex 74.2961 -58.5619 24.3915
    endloop
  endfacet
  facet normal 0.997859 -0.0462477 -0.0462477
    outer loop
      vertex 74.3116 -58.3943 24.559
      vertex 74.5446 -55.8807 27.0727
      vertex 74.5446 -58.002 29.194
    endloop
  endfacet
  facet normal 0.999455 -0.0233581 -0.0233292
    outer loop
      vertex 74.5446 -58.002 29.194
      vertex 74.545 -55.8734 27.0799
      vertex 74.55 -57.8864 29.3096
    endloop
  endfacet
  facet normal 0.99924 -0.0275652 -0.0275652
    outer loop
      vertex 74.545 -55.8734 27.0799
      vertex 74.5446 -58.002 29.194
      vertex 74.5446 -55.8807 27.0727
    endloop
  endfacet
  facet normal 0.999468 -0.0230611 -0.0230611
    outer loop
      vertex 74.545 -55.8734 27.0799
      vertex 74.55 -55.7651 27.1883
      vertex 74.55 -57.8864 29.3096
    endloop
  endfacet
  facet normal 1 0 0
    outer loop
      vertex 74.55 -34.4812 52.7148
      vertex 74.55 -55.7651 27.1883
      vertex 74.55 -32.3598 50.5935
    endloop
  endfacet
  facet normal 1 0 -0
    outer loop
      vertex 74.55 -55.7651 27.1883
      vertex 74.55 -34.4812 52.7148
      vertex 74.55 -57.8864 29.3096
    endloop
  endfacet
  facet normal 0.999455 0.0233437 0.0233437
    outer loop
      vertex 74.5446 -34.3655 52.8304
      vertex 74.55 -32.3598 50.5935
      vertex 74.5446 -32.2442 50.7091
    endloop
  endfacet
  facet normal 0.999455 0.023333 0.0233341
    outer loop
      vertex 74.55 -32.3598 50.5935
      vertex 74.5446 -34.3655 52.8304
      vertex 74.55 -34.4812 52.7148
    endloop
  endfacet
  facet normal 0.997859 0.0462352 0.0462488
    outer loop
      vertex 74.5446 -34.3655 52.8304
      vertex 74.5291 -32.0767 50.8767
      vertex 74.2961 -31.6843 55.5116
    endloop
  endfacet
  facet normal 0.997867 0.0461562 0.0461562
    outer loop
      vertex 74.5291 -32.0767 50.8767
      vertex 74.5446 -34.3655 52.8304
      vertex 74.5446 -32.2442 50.7091
    endloop
  endfacet
  facet normal 0.997859 0.0462477 0.0462477
    outer loop
      vertex 74.2961 -31.6843 55.5116
      vertex 74.5291 -32.0767 50.8767
      vertex 74.2961 -29.563 53.3903
    endloop
  endfacet
  facet normal 0.991438 0.0923324 0.0923324
    outer loop
      vertex 74.2534 -31.4551 55.7409
      vertex 74.2961 -29.563 53.3903
      vertex 74.2534 -29.3338 53.6196
    endloop
  endfacet
  facet normal 0.991438 0.0923324 0.0923324
    outer loop
      vertex 74.2961 -29.563 53.3903
      vertex 74.2534 -31.4551 55.7409
      vertex 74.2961 -31.6843 55.5116
    endloop
  endfacet
  facet normal 0.980786 0.137936 0.137956
    outer loop
      vertex 74.2534 -31.4551 55.7409
      vertex 74.2071 -29.169 53.7843
      vertex 73.5121 -28.8198 58.3762
    endloop
  endfacet
  facet normal 0.980821 0.137821 0.137821
    outer loop
      vertex 74.2071 -29.169 53.7843
      vertex 74.2534 -31.4551 55.7409
      vertex 74.2534 -29.3338 53.6196
    endloop
  endfacet
  facet normal 0.980785 0.137948 0.137955
    outer loop
      vertex 73.5121 -28.8198 58.3762
      vertex 74.2071 -29.169 53.7843
      vertex 73.5121 -26.6984 56.2549
    endloop
  endfacet
  facet normal 0.965939 0.182979 0.182979
    outer loop
      vertex 73.4275 -28.5964 58.5995
      vertex 73.5121 -26.6984 56.2549
      vertex 73.4275 -26.4751 56.4782
    endloop
  endfacet
  facet normal 0.965953 0.182936 0.182945
    outer loop
      vertex 73.5121 -26.6984 56.2549
      vertex 73.4275 -28.5964 58.5995
      vertex 73.5121 -28.8198 58.3762
    endloop
  endfacet
  facet normal 0.946927 0.227292 0.227303
    outer loop
      vertex 72.206 -26.0521 61.1439
      vertex 73.4275 -26.4751 56.4782
      vertex 72.206 -23.9307 59.0226
    endloop
  endfacet
  facet normal 0.946926 0.227302 0.227302
    outer loop
      vertex 73.4275 -26.4751 56.4782
      vertex 72.206 -26.0521 61.1439
      vertex 73.4275 -28.5964 58.5995
    endloop
  endfacet
  facet normal 0.923905 0.270554 0.270554
    outer loop
      vertex 72.0809 -25.8384 61.3575
      vertex 72.206 -23.9307 59.0226
      vertex 72.0809 -23.7171 59.2362
    endloop
  endfacet
  facet normal 0.923937 0.270493 0.270506
    outer loop
      vertex 72.206 -23.9307 59.0226
      vertex 72.0809 -25.8384 61.3575
      vertex 72.206 -26.0521 61.1439
    endloop
  endfacet
  facet normal 0.896872 0.312739 0.312753
    outer loop
      vertex 70.4002 -23.4286 63.7674
      vertex 72.0809 -23.7171 59.2362
      vertex 70.4002 -21.3072 61.6461
    endloop
  endfacet
  facet normal 0.896869 0.312751 0.312751
    outer loop
      vertex 72.0809 -23.7171 59.2362
      vertex 70.4002 -23.4286 63.7674
      vertex 72.0809 -25.8384 61.3575
    endloop
  endfacet
  facet normal 0.865976 0.353622 0.353606
    outer loop
      vertex 70.2367 -23.2283 63.9677
      vertex 70.4002 -21.3072 61.6461
      vertex 70.2367 -21.107 61.8463
    endloop
  endfacet
  facet normal 0.866084 0.353473 0.35349
    outer loop
      vertex 70.4002 -21.3072 61.6461
      vertex 70.2367 -23.2283 63.9677
      vertex 70.4002 -23.4286 63.7674
    endloop
  endfacet
  facet normal 0.831476 0.392841 0.392841
    outer loop
      vertex 68.1256 -20.9942 66.2018
      vertex 70.2367 -21.107 61.8463
      vertex 68.1256 -18.8729 64.0805
    endloop
  endfacet
  facet normal 0.83147 0.392856 0.392837
    outer loop
      vertex 70.2367 -21.107 61.8463
      vertex 68.1256 -20.9942 66.2018
      vertex 70.2367 -23.2283 63.9677
    endloop
  endfacet
  facet normal 0.793314 0.430496 0.430496
    outer loop
      vertex 67.9265 -20.8107 66.3852
      vertex 68.1256 -18.8729 64.0805
      vertex 67.9265 -18.6894 64.2639
    endloop
  endfacet
  facet normal 0.793314 0.430496 0.430496
    outer loop
      vertex 68.1256 -18.8729 64.0805
      vertex 67.9265 -20.8107 66.3852
      vertex 68.1256 -20.9942 66.2018
    endloop
  endfacet
  facet normal 0.751826 0.46625 0.466228
    outer loop
      vertex 65.421 -18.7906 68.4054
      vertex 67.9265 -18.6894 64.2639
      vertex 65.421 -16.6693 66.284
    endloop
  endfacet
  facet normal 0.751834 0.466233 0.466233
    outer loop
      vertex 67.9265 -18.6894 64.2639
      vertex 65.421 -18.7906 68.4054
      vertex 67.9265 -20.8107 66.3852
    endloop
  endfacet
  facet normal 0.707251 0.499898 0.499898
    outer loop
      vertex 65.1898 -18.6271 68.5689
      vertex 65.421 -16.6693 66.284
      vertex 65.1898 -16.5058 66.4476
    endloop
  endfacet
  facet normal 0.707143 0.499986 0.499962
    outer loop
      vertex 65.421 -16.6693 66.284
      vertex 65.1898 -18.6271 68.5689
      vertex 65.421 -18.7906 68.4054
    endloop
  endfacet
  facet normal 0.659354 0.531627 0.531624
    outer loop
      vertex 65.1898 -18.6271 68.5689
      vertex 65.0112 -16.395 66.5583
      vertex 62.3329 -16.8554 70.3405
    endloop
  endfacet
  facet normal 0.659337 0.531637 0.531637
    outer loop
      vertex 65.0112 -16.395 66.5583
      vertex 65.1898 -18.6271 68.5689
      vertex 65.1898 -16.5058 66.4476
    endloop
  endfacet
  facet normal 0.659356 0.531625 0.531625
    outer loop
      vertex 62.3329 -16.8554 70.3405
      vertex 65.0112 -16.395 66.5583
      vertex 62.3329 -14.7341 68.2192
    endloop
  endfacet
  facet normal 0.608625 0.561059 0.561059
    outer loop
      vertex 62.0734 -16.7147 70.4813
      vertex 62.3329 -14.7341 68.2192
      vertex 62.0734 -14.5934 68.36
    endloop
  endfacet
  facet normal 0.608625 0.561059 0.561059
    outer loop
      vertex 62.3329 -14.7341 68.2192
      vertex 62.0734 -16.7147 70.4813
      vertex 62.3329 -16.8554 70.3405
    endloop
  endfacet
  facet normal 0.555709 0.587872 0.587872
    outer loop
      vertex 61.876 -14.5001 68.4533
      vertex 62.0734 -16.7147 70.4813
      vertex 62.0734 -14.5934 68.36
    endloop
  endfacet
  facet normal 0.555575 0.587926 0.587944
    outer loop
      vertex 62.0734 -16.7147 70.4813
      vertex 61.876 -14.5001 68.4533
      vertex 58.9139 -15.2219 71.9741
    endloop
  endfacet
  facet normal 0.555553 0.58796 0.587932
    outer loop
      vertex 58.9139 -15.2219 71.9741
      vertex 61.876 -14.5001 68.4533
      vertex 58.9139 -13.1006 69.8527
    endloop
  endfacet
  facet normal 0.499948 0.612394 0.612394
    outer loop
      vertex 58.9139 -15.2219 71.9741
      vertex 58.6307 -12.985 69.9684
      vertex 58.6307 -15.1063 72.0897
    endloop
  endfacet
  facet normal 0.500111 0.612342 0.612313
    outer loop
      vertex 58.6307 -12.985 69.9684
      vertex 58.9139 -15.2219 71.9741
      vertex 58.9139 -13.1006 69.8527
    endloop
  endfacet
  facet normal 0.442306 0.634164 0.634194
    outer loop
      vertex 55.2227 -13.9179 73.2781
      vertex 58.6307 -12.985 69.9684
      vertex 55.2227 -11.7965 71.1568
    endloop
  endfacet
  facet normal 0.442291 0.634184 0.634184
    outer loop
      vertex 58.6307 -12.985 69.9684
      vertex 55.2227 -13.9179 73.2781
      vertex 58.6307 -15.1063 72.0897
    endloop
  endfacet
  facet normal 0.380575 0.654054 0.65374
    outer loop
      vertex 54.9205 -13.8294 73.3666
      vertex 55.2227 -11.7965 71.1568
      vertex 55.2038 -11.791 71.1623
    endloop
  endfacet
  facet normal 0.382638 0.653279 0.65331
    outer loop
      vertex 55.2227 -11.7965 71.1568
      vertex 54.9205 -13.8294 73.3666
      vertex 55.2227 -13.9179 73.2781
    endloop
  endfacet
  facet normal 0.382579 0.653312 0.653312
    outer loop
      vertex 54.9205 -13.8294 73.3666
      vertex 55.2038 -11.791 71.1623
      vertex 54.9205 -11.7081 71.2453
    endloop
  endfacet
  facet normal 0.321392 0.669592 0.669592
    outer loop
      vertex 54.6957 -11.6541 71.2992
      vertex 54.9205 -13.8294 73.3666
      vertex 54.9205 -11.7081 71.2453
    endloop
  endfacet
  facet normal 0.321447 0.669582 0.669576
    outer loop
      vertex 54.9205 -13.8294 73.3666
      vertex 54.6957 -11.6541 71.2992
      vertex 51.3223 -12.9657 74.2303
    endloop
  endfacet
  facet normal 0.321451 0.669578 0.669578
    outer loop
      vertex 51.3223 -12.9657 74.2303
      vertex 54.6957 -11.6541 71.2992
      vertex 51.3223 -10.8444 72.109
    endloop
  endfacet
  facet normal 0.258806 0.683009 0.683021
    outer loop
      vertex 51.3223 -12.9657 74.2303
      vertex 51.3026 -10.8406 72.1127
      vertex 51.0064 -12.9058 74.2901
    endloop
  endfacet
  facet normal 0.259949 0.682798 0.682798
    outer loop
      vertex 51.3026 -10.8406 72.1127
      vertex 51.3223 -12.9657 74.2303
      vertex 51.3223 -10.8444 72.109
    endloop
  endfacet
  facet normal 0.25873 0.68303 0.68303
    outer loop
      vertex 51.0064 -12.9058 74.2901
      vertex 51.3026 -10.8406 72.1127
      vertex 51.0064 -10.7845 72.1688
    endloop
  endfacet
  facet normal 0.195091 0.69352 0.69352
    outer loop
      vertex 47.2795 -12.3816 74.8143
      vertex 51.0064 -10.7845 72.1688
      vertex 47.2795 -10.2603 72.693
    endloop
  endfacet
  facet normal 0.195091 0.69352 0.69352
    outer loop
      vertex 51.0064 -10.7845 72.1688
      vertex 47.2795 -12.3816 74.8143
      vertex 51.0064 -12.9058 74.2901
    endloop
  endfacet
  facet normal 0.13122 0.700929 0.701057
    outer loop
      vertex 46.9553 -12.3515 74.8445
      vertex 47.2795 -10.2603 72.693
      vertex 47.2592 -10.2584 72.6949
    endloop
  endfacet
  facet normal 0.130396 0.701069 0.701069
    outer loop
      vertex 47.2795 -10.2603 72.693
      vertex 46.9553 -12.3515 74.8445
      vertex 47.2795 -12.3816 74.8143
    endloop
  endfacet
  facet normal 0.130568 0.701037 0.70107
    outer loop
      vertex 46.9553 -12.3515 74.8445
      vertex 47.2592 -10.2584 72.6949
      vertex 46.9553 -10.2301 72.7232
    endloop
  endfacet
  facet normal 0.0654085 0.705571 0.705614
    outer loop
      vertex 46.9553 -12.3515 74.8445
      vertex 46.7183 -10.2191 72.7342
      vertex 43.1635 -12.1757 75.0202
    endloop
  endfacet
  facet normal 0.0654977 0.705572 0.705605
    outer loop
      vertex 46.7183 -10.2191 72.7342
      vertex 46.9553 -12.3515 74.8445
      vertex 46.9553 -10.2301 72.7232
    endloop
  endfacet
  facet normal 0.0653827 0.705594 0.705594
    outer loop
      vertex 43.1635 -12.1757 75.0202
      vertex 46.7183 -10.2191 72.7342
      vertex 43.1635 -10.0544 72.8989
    endloop
  endfacet
  facet normal -0 0.707107 0.707107
    outer loop
      vertex 42.8365 -10.0544 72.8989
      vertex 43.1635 -12.1757 75.0202
      vertex 43.1635 -10.0544 72.8989
    endloop
  endfacet
  facet normal 0 0.707107 0.707107
    outer loop
      vertex 43.1635 -12.1757 75.0202
      vertex 42.8365 -10.0544 72.8989
      vertex 42.8365 -12.1757 75.0202
    endloop
  endfacet
  facet normal -0.0654977 0.705588 0.705588
    outer loop
      vertex 42.5995 -10.0654 72.8879
      vertex 42.8365 -12.1757 75.0202
      vertex 42.8365 -10.0544 72.8989
    endloop
  endfacet
  facet normal -0.0654085 0.705598 0.705588
    outer loop
      vertex 42.8365 -12.1757 75.0202
      vertex 42.5995 -10.0654 72.8879
      vertex 39.0447 -12.3515 74.8445
    endloop
  endfacet
  facet normal -0.0653827 0.705577 0.70561
    outer loop
      vertex 39.0447 -12.3515 74.8445
      vertex 42.5995 -10.0654 72.8879
      vertex 39.0447 -10.2301 72.7232
    endloop
  endfacet
  facet normal -0.130396 0.701053 0.701086
    outer loop
      vertex 39.0447 -10.2301 72.7232
      vertex 38.7205 -12.3816 74.8143
      vertex 39.0447 -12.3515 74.8445
    endloop
  endfacet
  facet normal -0.131859 0.70103 0.700836
    outer loop
      vertex 38.7205 -12.3816 74.8143
      vertex 39.0447 -10.2301 72.7232
      vertex 39.0245 -10.232 72.7213
    endloop
  endfacet
  facet normal -0.130526 0.701057 0.701057
    outer loop
      vertex 38.7205 -12.3816 74.8143
      vertex 39.0245 -10.232 72.7213
      vertex 38.7205 -10.2603 72.693
    endloop
  endfacet
  facet normal -0.195091 0.69352 0.69352
    outer loop
      vertex 34.9936 -10.7845 72.1688
      vertex 38.7205 -12.3816 74.8143
      vertex 38.7205 -10.2603 72.693
    endloop
  endfacet
  facet normal -0.195091 0.69352 0.69352
    outer loop
      vertex 38.7205 -12.3816 74.8143
      vertex 34.9936 -10.7845 72.1688
      vertex 34.9936 -12.9058 74.2901
    endloop
  endfacet
  facet normal -0.258724 0.683031 0.683031
    outer loop
      vertex 34.9738 -10.7883 72.1651
      vertex 34.9936 -12.9058 74.2901
      vertex 34.9936 -10.7845 72.1688
    endloop
  endfacet
  facet normal -0.258806 0.683015 0.683016
    outer loop
      vertex 34.9936 -12.9058 74.2901
      vertex 34.9738 -10.7883 72.1651
      vertex 34.6777 -12.9657 74.2303
    endloop
  endfacet
  facet normal -0.258812 0.683014 0.683014
    outer loop
      vertex 34.6777 -12.9657 74.2303
      vertex 34.9738 -10.7883 72.1651
      vertex 34.6777 -10.8444 72.109
    endloop
  endfacet
  facet normal -0.321264 0.669623 0.669623
    outer loop
      vertex 34.4528 -10.8983 72.055
      vertex 34.6777 -12.9657 74.2303
      vertex 34.6777 -10.8444 72.109
    endloop
  endfacet
  facet normal -0.321447 0.669568 0.66959
    outer loop
      vertex 34.6777 -12.9657 74.2303
      vertex 34.4528 -10.8983 72.055
      vertex 31.0795 -13.8294 73.3666
    endloop
  endfacet
  facet normal -0.321459 0.669576 0.669576
    outer loop
      vertex 31.0795 -13.8294 73.3666
      vertex 34.4528 -10.8983 72.055
      vertex 31.0795 -11.7081 71.2453
    endloop
  endfacet
  facet normal -0.383528 0.653034 0.653034
    outer loop
      vertex 31.0606 -11.7136 71.2397
      vertex 31.0795 -13.8294 73.3666
      vertex 31.0795 -11.7081 71.2453
    endloop
  endfacet
  facet normal -0.382638 0.653299 0.65329
    outer loop
      vertex 31.0795 -13.8294 73.3666
      vertex 31.0606 -11.7136 71.2397
      vertex 30.7773 -13.9179 73.2781
    endloop
  endfacet
  facet normal -0.382382 0.653354 0.653385
    outer loop
      vertex 30.7773 -13.9179 73.2781
      vertex 31.0606 -11.7136 71.2397
      vertex 30.7773 -11.7965 71.1568
    endloop
  endfacet
  facet normal -0.442306 0.634164 0.634194
    outer loop
      vertex 27.3693 -12.985 69.9684
      vertex 30.7773 -13.9179 73.2781
      vertex 30.7773 -11.7965 71.1568
    endloop
  endfacet
  facet normal -0.442291 0.634184 0.634184
    outer loop
      vertex 30.7773 -13.9179 73.2781
      vertex 27.3693 -12.985 69.9684
      vertex 27.3693 -15.1063 72.0897
    endloop
  endfacet
  facet normal -0.499948 0.612394 0.612394
    outer loop
      vertex 27.3693 -12.985 69.9684
      vertex 27.0861 -15.2219 71.9741
      vertex 27.3693 -15.1063 72.0897
    endloop
  endfacet
  facet normal -0.500111 0.612342 0.612313
    outer loop
      vertex 27.0861 -15.2219 71.9741
      vertex 27.3693 -12.985 69.9684
      vertex 27.0861 -13.1006 69.8527
    endloop
  endfacet
  facet normal -0.555514 0.587978 0.58795
    outer loop
      vertex 26.8886 -13.1939 69.7594
      vertex 27.0861 -15.2219 71.9741
      vertex 27.0861 -13.1006 69.8527
    endloop
  endfacet
  facet normal -0.555575 0.587945 0.587926
    outer loop
      vertex 27.0861 -15.2219 71.9741
      vertex 26.8886 -13.1939 69.7594
      vertex 23.9266 -16.7147 70.4813
    endloop
  endfacet
  facet normal -0.555566 0.58794 0.58794
    outer loop
      vertex 23.9266 -16.7147 70.4813
      vertex 26.8886 -13.1939 69.7594
      vertex 23.9266 -14.5934 68.36
    endloop
  endfacet
  facet normal -0.608625 0.561059 0.561059
    outer loop
      vertex 23.6671 -14.7341 68.2192
      vertex 23.9266 -16.7147 70.4813
      vertex 23.9266 -14.5934 68.36
    endloop
  endfacet
  facet normal -0.608625 0.561059 0.561059
    outer loop
      vertex 23.9266 -16.7147 70.4813
      vertex 23.6671 -14.7341 68.2192
      vertex 23.6671 -16.8554 70.3405
    endloop
  endfacet
  facet normal -0.659545 0.531507 0.531507
    outer loop
      vertex 23.4886 -14.8449 68.1085
      vertex 23.6671 -16.8554 70.3405
      vertex 23.6671 -14.7341 68.2192
    endloop
  endfacet
  facet normal -0.659354 0.53164 0.531612
    outer loop
      vertex 23.6671 -16.8554 70.3405
      vertex 23.4886 -14.8449 68.1085
      vertex 20.8102 -18.6271 68.5689
    endloop
  endfacet
  facet normal -0.659342 0.531634 0.531634
    outer loop
      vertex 20.8102 -18.6271 68.5689
      vertex 23.4886 -14.8449 68.1085
      vertex 20.8102 -16.5058 66.4476
    endloop
  endfacet
  facet normal -0.707251 0.499898 0.499898
    outer loop
      vertex 20.579 -16.6693 66.284
      vertex 20.8102 -18.6271 68.5689
      vertex 20.8102 -16.5058 66.4476
    endloop
  endfacet
  facet normal -0.707143 0.499986 0.499962
    outer loop
      vertex 20.8102 -18.6271 68.5689
      vertex 20.579 -16.6693 66.284
      vertex 20.579 -18.7906 68.4054
    endloop
  endfacet
  facet normal -0.751826 0.46625 0.466228
    outer loop
      vertex 18.0735 -18.6894 64.2639
      vertex 20.579 -18.7906 68.4054
      vertex 20.579 -16.6693 66.284
    endloop
  endfacet
  facet normal -0.751834 0.466233 0.466233
    outer loop
      vertex 20.579 -18.7906 68.4054
      vertex 18.0735 -18.6894 64.2639
      vertex 18.0735 -20.8107 66.3852
    endloop
  endfacet
  facet normal -0.793314 0.430496 0.430496
    outer loop
      vertex 17.8744 -18.8729 64.0805
      vertex 18.0735 -20.8107 66.3852
      vertex 18.0735 -18.6894 64.2639
    endloop
  endfacet
  facet normal -0.793314 0.430496 0.430496
    outer loop
      vertex 18.0735 -20.8107 66.3852
      vertex 17.8744 -18.8729 64.0805
      vertex 17.8744 -20.9942 66.2018
    endloop
  endfacet
  facet normal -0.831476 0.392841 0.392841
    outer loop
      vertex 15.7633 -21.107 61.8463
      vertex 17.8744 -20.9942 66.2018
      vertex 17.8744 -18.8729 64.0805
    endloop
  endfacet
  facet normal -0.83147 0.392856 0.392837
    outer loop
      vertex 17.8744 -20.9942 66.2018
      vertex 15.7633 -21.107 61.8463
      vertex 15.7633 -23.2283 63.9677
    endloop
  endfacet
  facet normal -0.865976 0.353622 0.353606
    outer loop
      vertex 15.5998 -21.3072 61.6461
      vertex 15.7633 -23.2283 63.9677
      vertex 15.7633 -21.107 61.8463
    endloop
  endfacet
  facet normal -0.866084 0.353473 0.35349
    outer loop
      vertex 15.7633 -23.2283 63.9677
      vertex 15.5998 -21.3072 61.6461
      vertex 15.5998 -23.4286 63.7674
    endloop
  endfacet
  facet normal -0.896872 0.312739 0.312753
    outer loop
      vertex 13.9191 -23.7171 59.2362
      vertex 15.5998 -23.4286 63.7674
      vertex 15.5998 -21.3072 61.6461
    endloop
  endfacet
  facet normal -0.896869 0.312751 0.312751
    outer loop
      vertex 15.5998 -23.4286 63.7674
      vertex 13.9191 -23.7171 59.2362
      vertex 13.9191 -25.8384 61.3575
    endloop
  endfacet
  facet normal -0.923905 0.270554 0.270554
    outer loop
      vertex 13.794 -23.9307 59.0226
      vertex 13.9191 -25.8384 61.3575
      vertex 13.9191 -23.7171 59.2362
    endloop
  endfacet
  facet normal -0.923937 0.270493 0.270506
    outer loop
      vertex 13.9191 -25.8384 61.3575
      vertex 13.794 -23.9307 59.0226
      vertex 13.794 -26.0521 61.1439
    endloop
  endfacet
  facet normal -0.946927 0.227292 0.227303
    outer loop
      vertex 12.5725 -26.4751 56.4782
      vertex 13.794 -26.0521 61.1439
      vertex 13.794 -23.9307 59.0226
    endloop
  endfacet
  facet normal -0.946926 0.227302 0.227302
    outer loop
      vertex 13.794 -26.0521 61.1439
      vertex 12.5725 -26.4751 56.4782
      vertex 12.5725 -28.5964 58.5995
    endloop
  endfacet
  facet normal -0.965939 0.182979 0.182979
    outer loop
      vertex 12.4879 -26.6984 56.2549
      vertex 12.5725 -28.5964 58.5995
      vertex 12.5725 -26.4751 56.4782
    endloop
  endfacet
  facet normal -0.965953 0.182936 0.182945
    outer loop
      vertex 12.5725 -28.5964 58.5995
      vertex 12.4879 -26.6984 56.2549
      vertex 12.4879 -28.8198 58.3762
    endloop
  endfacet
  facet normal -0.98081 0.137858 0.137865
    outer loop
      vertex 12.4416 -26.8631 56.0902
      vertex 12.4879 -28.8198 58.3762
      vertex 12.4879 -26.6984 56.2549
    endloop
  endfacet
  facet normal -0.980786 0.137949 0.137942
    outer loop
      vertex 12.4879 -28.8198 58.3762
      vertex 12.4416 -26.8631 56.0902
      vertex 11.7466 -31.4551 55.7409
    endloop
  endfacet
  facet normal -0.980786 0.137949 0.137949
    outer loop
      vertex 11.7466 -31.4551 55.7409
      vertex 12.4416 -26.8631 56.0902
      vertex 11.7466 -29.3338 53.6196
    endloop
  endfacet
  facet normal -0.991438 0.0923324 0.0923324
    outer loop
      vertex 11.7039 -29.563 53.3903
      vertex 11.7466 -31.4551 55.7409
      vertex 11.7466 -29.3338 53.6196
    endloop
  endfacet
  facet normal -0.991438 0.0923324 0.0923324
    outer loop
      vertex 11.7466 -31.4551 55.7409
      vertex 11.7039 -29.563 53.3903
      vertex 11.7039 -31.6843 55.5116
    endloop
  endfacet
  facet normal -0.997869 0.0461425 0.0461425
    outer loop
      vertex 11.6884 -29.7306 53.2227
      vertex 11.7039 -31.6843 55.5116
      vertex 11.7039 -29.563 53.3903
    endloop
  endfacet
  facet normal -0.997859 0.0462499 0.0462341
    outer loop
      vertex 11.7039 -31.6843 55.5116
      vertex 11.6884 -29.7306 53.2227
      vertex 11.4554 -34.3655 52.8304
    endloop
  endfacet
  facet normal -0.997859 0.0462486 0.0462486
    outer loop
      vertex 11.4554 -34.3655 52.8304
      vertex 11.6884 -29.7306 53.2227
      vertex 11.4554 -32.2442 50.7091
    endloop
  endfacet
  facet normal -0.999455 0.0233437 0.0233437
    outer loop
      vertex 11.45 -32.3598 50.5935
      vertex 11.4554 -34.3655 52.8304
      vertex 11.4554 -32.2442 50.7091
    endloop
  endfacet
  facet normal -0.999455 0.023333 0.0233341
    outer loop
      vertex 11.4554 -34.3655 52.8304
      vertex 11.45 -32.3598 50.5935
      vertex 11.45 -34.4812 52.7148
    endloop
  endfacet
  facet normal -1 0 0
    outer loop
      vertex 11.45 -55.7651 27.1883
      vertex 11.45 -34.4812 52.7148
      vertex 11.45 -32.3598 50.5935
    endloop
  endfacet
  facet normal -1 0 0
    outer loop
      vertex 11.45 -34.4812 52.7148
      vertex 11.45 -55.7651 27.1883
      vertex 11.45 -57.8864 29.3096
    endloop
  endfacet
  facet normal -0.999572 -0.0206808 -0.0206808
    outer loop
      vertex 11.4503 -55.7723 27.181
      vertex 11.45 -57.8864 29.3096
      vertex 11.45 -55.7651 27.1883
    endloop
  endfacet
  facet normal -0.999455 -0.0233528 -0.0233346
    outer loop
      vertex 11.45 -57.8864 29.3096
      vertex 11.4503 -55.7723 27.181
      vertex 11.4554 -58.002 29.194
    endloop
  endfacet
  facet normal -0.999447 -0.0235218 -0.0235218
    outer loop
      vertex 11.4503 -55.7723 27.181
      vertex 11.4554 -55.8807 27.0727
      vertex 11.4554 -58.002 29.194
    endloop
  endfacet
  facet normal -0.997867 -0.0461562 -0.0461562
    outer loop
      vertex 11.4709 -56.0482 26.9051
      vertex 11.4554 -58.002 29.194
      vertex 11.4554 -55.8807 27.0727
    endloop
  endfacet
  facet normal -0.997859 -0.0462488 -0.0462352
    outer loop
      vertex 11.4554 -58.002 29.194
      vertex 11.4709 -56.0482 26.9051
      vertex 11.7039 -60.6832 26.5128
    endloop
  endfacet
  facet normal -0.997859 -0.0462477 -0.0462477
    outer loop
      vertex 11.4709 -56.0482 26.9051
      vertex 11.7039 -58.5619 24.3915
      vertex 11.7039 -60.6832 26.5128
    endloop
  endfacet
  facet normal -0.991438 -0.0923324 -0.0923324
    outer loop
      vertex 11.7466 -58.7911 24.1622
      vertex 11.7039 -60.6832 26.5128
      vertex 11.7039 -58.5619 24.3915
    endloop
  endfacet
  facet normal -0.991442 -0.0923104 -0.0923148
    outer loop
      vertex 11.7039 -60.6832 26.5128
      vertex 11.7466 -58.7911 24.1622
      vertex 11.7466 -60.9125 26.2835
    endloop
  endfacet
  facet normal -0.980786 -0.137943 -0.137949
    outer loop
      vertex 12.4879 -61.4264 21.5269
      vertex 11.7466 -60.9125 26.2835
      vertex 11.7466 -58.7911 24.1622
    endloop
  endfacet
  facet normal -0.980786 -0.137943 -0.137949
    outer loop
      vertex 11.7466 -60.9125 26.2835
      vertex 12.4879 -61.4264 21.5269
      vertex 12.4879 -63.5478 23.6482
    endloop
  endfacet
  facet normal -0.965988 -0.182843 -0.182852
    outer loop
      vertex 12.4932 -61.4404 21.5129
      vertex 12.4879 -63.5478 23.6482
      vertex 12.4879 -61.4264 21.5269
    endloop
  endfacet
  facet normal -0.965953 -0.182937 -0.182944
    outer loop
      vertex 12.4879 -63.5478 23.6482
      vertex 12.4932 -61.4404 21.5129
      vertex 12.5725 -63.7711 23.4248
    endloop
  endfacet
  facet normal -0.965966 -0.182906 -0.182906
    outer loop
      vertex 12.4932 -61.4404 21.5129
      vertex 12.5725 -61.6498 21.3035
      vertex 12.5725 -63.7711 23.4248
    endloop
  endfacet
  facet normal -0.94684 -0.22748 -0.22748
    outer loop
      vertex 12.6489 -61.8088 21.1445
      vertex 12.5725 -63.7711 23.4248
      vertex 12.5725 -61.6498 21.3035
    endloop
  endfacet
  facet normal -0.946926 -0.227287 -0.227316
    outer loop
      vertex 12.5725 -63.7711 23.4248
      vertex 12.6489 -61.8088 21.1445
      vertex 13.794 -66.3155 20.8805
    endloop
  endfacet
  facet normal -0.946931 -0.22729 -0.22729
    outer loop
      vertex 12.6489 -61.8088 21.1445
      vertex 13.794 -64.1942 18.7592
      vertex 13.794 -66.3155 20.8805
    endloop
  endfacet
  facet normal -0.923937 -0.2705 -0.2705
    outer loop
      vertex 13.9191 -64.4078 18.5455
      vertex 13.794 -66.3155 20.8805
      vertex 13.794 -64.1942 18.7592
    endloop
  endfacet
  facet normal -0.923937 -0.2705 -0.2705
    outer loop
      vertex 13.794 -66.3155 20.8805
      vertex 13.9191 -64.4078 18.5455
      vertex 13.9191 -66.5291 20.6668
    endloop
  endfacet
  facet normal -0.896756 -0.312912 -0.312912
    outer loop
      vertex 14.0242 -64.5584 18.3949
      vertex 13.9191 -66.5291 20.6668
      vertex 13.9191 -64.4078 18.5455
    endloop
  endfacet
  facet normal -0.896869 -0.312737 -0.312765
    outer loop
      vertex 13.9191 -66.5291 20.6668
      vertex 14.0242 -64.5584 18.3949
      vertex 15.5998 -68.939 18.257
    endloop
  endfacet
  facet normal -0.896876 -0.312741 -0.312741
    outer loop
      vertex 14.0242 -64.5584 18.3949
      vertex 15.5998 -66.8177 16.1357
      vertex 15.5998 -68.939 18.257
    endloop
  endfacet
  facet normal -0.867019 -0.352334 -0.352334
    outer loop
      vertex 15.61 -66.8302 16.1231
      vertex 15.5998 -68.939 18.257
      vertex 15.5998 -66.8177 16.1357
    endloop
  endfacet
  facet normal -0.86603 -0.353557 -0.353538
    outer loop
      vertex 15.5998 -68.939 18.257
      vertex 15.61 -66.8302 16.1231
      vertex 15.7633 -69.1392 18.0567
    endloop
  endfacet
  facet normal -0.865964 -0.353629 -0.353629
    outer loop
      vertex 15.61 -66.8302 16.1231
      vertex 15.7633 -67.0179 15.9354
      vertex 15.7633 -69.1392 18.0567
    endloop
  endfacet
  facet normal -0.83147 -0.392847 -0.392847
    outer loop
      vertex 17.8744 -69.252 13.7013
      vertex 15.7633 -69.1392 18.0567
      vertex 15.7633 -67.0179 15.9354
    endloop
  endfacet
  facet normal -0.83147 -0.392847 -0.392847
    outer loop
      vertex 15.7633 -69.1392 18.0567
      vertex 17.8744 -69.252 13.7013
      vertex 17.8744 -71.3733 15.8226
    endloop
  endfacet
  facet normal -0.793314 -0.430496 -0.430496
    outer loop
      vertex 18.0735 -69.4355 13.5179
      vertex 17.8744 -71.3733 15.8226
      vertex 17.8744 -69.252 13.7013
    endloop
  endfacet
  facet normal -0.793314 -0.430496 -0.430496
    outer loop
      vertex 17.8744 -71.3733 15.8226
      vertex 18.0735 -69.4355 13.5179
      vertex 18.0735 -71.5568 15.6392
    endloop
  endfacet
  facet normal -0.751834 -0.466233 -0.466233
    outer loop
      vertex 20.579 -71.4556 11.4977
      vertex 18.0735 -71.5568 15.6392
      vertex 18.0735 -69.4355 13.5179
    endloop
  endfacet
  facet normal -0.751842 -0.466215 -0.466237
    outer loop
      vertex 18.0735 -71.5568 15.6392
      vertex 20.579 -71.4556 11.4977
      vertex 20.579 -73.577 13.619
    endloop
  endfacet
  facet normal -0.707143 -0.499962 -0.499986
    outer loop
      vertex 20.8102 -71.6191 11.3342
      vertex 20.579 -73.577 13.619
      vertex 20.579 -71.4556 11.4977
    endloop
  endfacet
  facet normal -0.707035 -0.500051 -0.500051
    outer loop
      vertex 20.579 -73.577 13.619
      vertex 20.8102 -71.6191 11.3342
      vertex 20.8102 -73.7404 13.4555
    endloop
  endfacet
  facet normal -0.659359 -0.531623 -0.531623
    outer loop
      vertex 23.6671 -73.3908 9.56256
      vertex 20.8102 -73.7404 13.4555
      vertex 20.8102 -71.6191 11.3342
    endloop
  endfacet
  facet normal -0.659354 -0.531631 -0.531621
    outer loop
      vertex 20.8102 -73.7404 13.4555
      vertex 23.6671 -73.3908 9.56256
      vertex 23.6671 -75.5121 11.6839
    endloop
  endfacet
  facet normal -0.608584 -0.561087 -0.561076
    outer loop
      vertex 23.9266 -73.5315 9.42179
      vertex 23.6671 -75.5121 11.6839
      vertex 23.6671 -73.3908 9.56256
    endloop
  endfacet
  facet normal -0.608761 -0.560974 -0.560998
    outer loop
      vertex 23.6671 -75.5121 11.6839
      vertex 23.9266 -73.5315 9.42179
      vertex 23.9266 -75.6529 11.5431
    endloop
  endfacet
  facet normal -0.555562 -0.587942 -0.587942
    outer loop
      vertex 23.9266 -75.6529 11.5431
      vertex 27.0861 -75.0243 7.929
      vertex 27.0861 -77.1456 10.0503
    endloop
  endfacet
  facet normal -0.555574 -0.587924 -0.587949
    outer loop
      vertex 27.0861 -75.0243 7.929
      vertex 23.9266 -75.6529 11.5431
      vertex 23.9266 -73.5315 9.42179
    endloop
  endfacet
  facet normal -0.500111 -0.612316 -0.612339
    outer loop
      vertex 27.0861 -77.1456 10.0503
      vertex 27.3693 -75.1399 7.81338
      vertex 27.3693 -77.2613 9.9347
    endloop
  endfacet
  facet normal -0.499981 -0.61238 -0.61238
    outer loop
      vertex 27.3693 -75.1399 7.81338
      vertex 27.0861 -77.1456 10.0503
      vertex 27.0861 -75.0243 7.929
    endloop
  endfacet
  facet normal -0.442293 -0.634174 -0.634192
    outer loop
      vertex 27.3693 -77.2613 9.9347
      vertex 27.5823 -75.2142 7.73911
      vertex 30.7773 -78.4497 8.74629
    endloop
  endfacet
  facet normal -0.442339 -0.634155 -0.634179
    outer loop
      vertex 27.5823 -75.2142 7.73911
      vertex 27.3693 -77.2613 9.9347
      vertex 27.3693 -75.1399 7.81338
    endloop
  endfacet
  facet normal -0.44229 -0.634173 -0.634196
    outer loop
      vertex 27.5823 -75.2142 7.73911
      vertex 30.7773 -76.3283 6.62497
      vertex 30.7773 -78.4497 8.74629
    endloop
  endfacet
  facet normal -0.382601 -0.653303 -0.653308
    outer loop
      vertex 30.7773 -78.4497 8.74629
      vertex 30.7962 -76.3339 6.61944
      vertex 31.0795 -78.5382 8.65781
    endloop
  endfacet
  facet normal -0.384411 -0.652762 -0.652786
    outer loop
      vertex 30.7962 -76.3339 6.61944
      vertex 30.7773 -78.4497 8.74629
      vertex 30.7773 -76.3283 6.62497
    endloop
  endfacet
  facet normal -0.38248 -0.653329 -0.653353
    outer loop
      vertex 30.7962 -76.3339 6.61944
      vertex 31.0795 -76.4168 6.53649
      vertex 31.0795 -78.5382 8.65781
    endloop
  endfacet
  facet normal -0.32143 -0.669586 -0.66958
    outer loop
      vertex 31.0795 -78.5382 8.65781
      vertex 34.6777 -77.2805 5.67279
      vertex 34.6777 -79.4018 7.79411
    endloop
  endfacet
  facet normal -0.321447 -0.669566 -0.669592
    outer loop
      vertex 34.6777 -77.2805 5.67279
      vertex 31.0795 -78.5382 8.65781
      vertex 31.0795 -76.4168 6.53649
    endloop
  endfacet
  facet normal -0.258907 -0.683011 -0.682981
    outer loop
      vertex 34.6777 -79.4018 7.79411
      vertex 34.6974 -77.2843 5.66905
      vertex 34.9936 -79.4617 7.73426
    endloop
  endfacet
  facet normal -0.261241 -0.682555 -0.682548
    outer loop
      vertex 34.6974 -77.2843 5.66905
      vertex 34.6777 -79.4018 7.79411
      vertex 34.6777 -77.2805 5.67279
    endloop
  endfacet
  facet normal -0.258752 -0.683029 -0.683022
    outer loop
      vertex 34.6974 -77.2843 5.66905
      vertex 34.9936 -77.3404 5.61294
      vertex 34.9936 -79.4617 7.73426
    endloop
  endfacet
  facet normal -0.195091 -0.693514 -0.693526
    outer loop
      vertex 34.9936 -79.4617 7.73426
      vertex 35.2265 -77.3731 5.58018
      vertex 38.7205 -79.9859 7.21006
    endloop
  endfacet
  facet normal -0.19493 -0.693546 -0.693539
    outer loop
      vertex 35.2265 -77.3731 5.58018
      vertex 34.9936 -79.4617 7.73426
      vertex 34.9936 -77.3404 5.61294
    endloop
  endfacet
  facet normal -0.195102 -0.693522 -0.693515
    outer loop
      vertex 35.2265 -77.3731 5.58018
      vertex 38.7205 -77.8646 5.08874
      vertex 38.7205 -79.9859 7.21006
    endloop
  endfacet
  facet normal -0.130566 -0.701058 -0.701049
    outer loop
      vertex 38.7205 -79.9859 7.21006
      vertex 38.7408 -77.8665 5.08685
      vertex 39.0447 -80.0161 7.17988
    endloop
  endfacet
  facet normal -0.130881 -0.701028 -0.701021
    outer loop
      vertex 38.7408 -77.8665 5.08685
      vertex 38.7205 -79.9859 7.21006
      vertex 38.7205 -77.8646 5.08874
    endloop
  endfacet
  facet normal -0.130545 -0.701059 -0.701052
    outer loop
      vertex 38.7408 -77.8665 5.08685
      vertex 39.0447 -77.8948 5.05856
      vertex 39.0447 -80.0161 7.17988
    endloop
  endfacet
  facet normal -0.0651419 -0.705608 -0.705602
    outer loop
      vertex 39.2817 -77.9057 5.04758
      vertex 39.0447 -80.0161 7.17988
      vertex 39.0447 -77.8948 5.05856
    endloop
  endfacet
  facet normal -0.0653955 -0.705582 -0.705604
    outer loop
      vertex 39.0447 -80.0161 7.17988
      vertex 39.2817 -77.9057 5.04758
      vertex 42.8365 -80.1918 7.00415
    endloop
  endfacet
  facet normal -0.0654124 -0.705596 -0.705589
    outer loop
      vertex 39.2817 -77.9057 5.04758
      vertex 42.8365 -78.0705 4.88283
      vertex 42.8365 -80.1918 7.00415
    endloop
  endfacet
  facet normal 0 -0.70711 -0.707103
    outer loop
      vertex 42.8365 -80.1918 7.00415
      vertex 43.1635 -78.0705 4.88283
      vertex 43.1635 -80.1918 7.00415
    endloop
  endfacet
  facet normal -0 -0.70711 -0.707103
    outer loop
      vertex 43.1635 -78.0705 4.88283
      vertex 42.8365 -80.1918 7.00415
      vertex 42.8365 -78.0705 4.88283
    endloop
  endfacet
  facet normal 0.0653955 -0.705594 -0.705592
    outer loop
      vertex 43.1635 -80.1918 7.00415
      vertex 43.4005 -78.0595 4.89381
      vertex 46.9553 -80.0161 7.17988
    endloop
  endfacet
  facet normal 0.0654384 -0.705595 -0.705588
    outer loop
      vertex 43.4005 -78.0595 4.89381
      vertex 43.1635 -80.1918 7.00415
      vertex 43.1635 -78.0705 4.88283
    endloop
  endfacet
  facet normal 0.0653926 -0.705597 -0.70559
    outer loop
      vertex 43.4005 -78.0595 4.89381
      vertex 46.9553 -77.8948 5.05856
      vertex 46.9553 -80.0161 7.17988
    endloop
  endfacet
  facet normal 0.19493 0.693546 0.693539
    outer loop
      vertex 35.4813 -77.7279 9.46806
      vertex 35.7142 -75.6393 7.31398
      vertex 35.4813 -75.6066 7.34674
    endloop
  endfacet
  facet normal 0.195091 0.693514 0.693526
    outer loop
      vertex 35.7142 -75.6393 7.31398
      vertex 35.4813 -77.7279 9.46806
      vertex 39.2082 -78.2521 8.94386
    endloop
  endfacet
  facet normal 0.195102 0.693522 0.693515
    outer loop
      vertex 35.7142 -75.6393 7.31398
      vertex 39.2082 -78.2521 8.94386
      vertex 39.2082 -76.1308 6.82254
    endloop
  endfacet
  facet normal 0.321447 0.669588 0.669569
    outer loop
      vertex 31.8831 -76.8642 10.3318
      vertex 35.4813 -75.6066 7.34674
      vertex 31.8831 -74.7429 8.21044
    endloop
  endfacet
  facet normal 0.321454 0.66958 0.669574
    outer loop
      vertex 35.4813 -75.6066 7.34674
      vertex 31.8831 -76.8642 10.3318
      vertex 35.4813 -77.7279 9.46806
    endloop
  endfacet
  facet normal 0.442281 0.634195 0.63418
    outer loop
      vertex 31.8831 -76.8642 10.3318
      vertex 28.475 -73.5545 9.39885
      vertex 28.475 -75.6758 11.5202
    endloop
  endfacet
  facet normal 0.442282 0.634196 0.634178
    outer loop
      vertex 28.475 -73.5545 9.39885
      vertex 31.8831 -76.8642 10.3318
      vertex 31.8831 -74.7429 8.21044
    endloop
  endfacet
  facet normal 0.555575 0.587949 0.587922
    outer loop
      vertex 28.475 -75.6758 11.5202
      vertex 25.3155 -72.0617 10.8916
      vertex 25.3155 -74.183 13.013
    endloop
  endfacet
  facet normal 0.555569 0.587945 0.587932
    outer loop
      vertex 25.3155 -72.0617 10.8916
      vertex 28.475 -75.6758 11.5202
      vertex 28.475 -73.5545 9.39885
    endloop
  endfacet
  facet normal 0.659354 0.531626 0.531626
    outer loop
      vertex 22.4586 -72.4114 14.7846
      vertex 25.3155 -72.0617 10.8916
      vertex 22.4586 -70.2901 12.6633
    endloop
  endfacet
  facet normal 0.659344 0.531645 0.53162
    outer loop
      vertex 25.3155 -72.0617 10.8916
      vertex 22.4586 -72.4114 14.7846
      vertex 25.3155 -74.183 13.013
    endloop
  endfacet
  facet normal 0.751797 0.466263 0.466263
    outer loop
      vertex 19.9531 -70.3912 16.8047
      vertex 20.1097 -68.3962 14.5572
      vertex 19.9531 -68.2699 14.6834
    endloop
  endfacet
  facet normal 0.751834 0.466229 0.466236
    outer loop
      vertex 20.1097 -68.3962 14.5572
      vertex 19.9531 -70.3912 16.8047
      vertex 22.4586 -72.4114 14.7846
    endloop
  endfacet
  facet normal 0.751836 0.466231 0.466231
    outer loop
      vertex 20.1097 -68.3962 14.5572
      vertex 22.4586 -72.4114 14.7846
      vertex 22.4586 -70.2901 12.6633
    endloop
  endfacet
  facet normal 0.831498 0.392827 0.392808
    outer loop
      vertex 17.842 -68.1571 19.0389
      vertex 17.9739 -66.1754 16.7779
      vertex 17.842 -66.0358 16.9175
    endloop
  endfacet
  facet normal 0.831476 0.392852 0.392829
    outer loop
      vertex 17.9739 -66.1754 16.7779
      vertex 17.842 -68.1571 19.0389
      vertex 19.9531 -70.3912 16.8047
    endloop
  endfacet
  facet normal 0.831469 0.392849 0.392849
    outer loop
      vertex 17.9739 -66.1754 16.7779
      vertex 19.9531 -70.3912 16.8047
      vertex 19.9531 -68.2699 14.6834
    endloop
  endfacet
  facet normal 0.896924 0.312665 0.31268
    outer loop
      vertex 16.1613 -65.7473 21.4487
      vertex 16.2663 -63.7765 19.1768
      vertex 16.1613 -63.6259 19.3274
    endloop
  endfacet
  facet normal 0.896865 0.312756 0.312756
    outer loop
      vertex 16.2663 -63.7765 19.1768
      vertex 16.1613 -65.7473 21.4487
      vertex 17.842 -68.1571 19.0389
    endloop
  endfacet
  facet normal 0.896869 0.312758 0.312744
    outer loop
      vertex 16.2663 -63.7765 19.1768
      vertex 17.842 -68.1571 19.0389
      vertex 17.842 -66.0358 16.9175
    endloop
  endfacet
  facet normal 0.946968 0.227218 0.227207
    outer loop
      vertex 14.9399 -63.2029 23.9931
      vertex 15.0162 -61.2406 21.7127
      vertex 14.9399 -61.0816 21.8717
    endloop
  endfacet
  facet normal 0.946935 0.227292 0.22727
    outer loop
      vertex 15.0162 -61.2406 21.7127
      vertex 14.9399 -63.2029 23.9931
      vertex 16.1613 -65.7473 21.4487
    endloop
  endfacet
  facet normal 0.946929 0.227289 0.227299
    outer loop
      vertex 15.0162 -61.2406 21.7127
      vertex 16.1613 -65.7473 21.4487
      vertex 16.1613 -63.6259 19.3274
    endloop
  endfacet
  facet normal 0.980782 0.137961 0.137961
    outer loop
      vertex 14.1985 -60.5676 26.6284
      vertex 14.9399 -61.0816 21.8717
      vertex 14.1985 -58.4463 24.5071
    endloop
  endfacet
  facet normal 0.980781 0.137967 0.13796
    outer loop
      vertex 14.9399 -61.0816 21.8717
      vertex 14.1985 -60.5676 26.6284
      vertex 14.9399 -63.2029 23.9931
    endloop
  endfacet
  facet normal 0.997859 0.046242 0.046242
    outer loop
      vertex 13.95 -57.8864 29.3096
      vertex 14.1985 -58.4463 24.5071
      vertex 13.95 -55.7651 27.1883
    endloop
  endfacet
  facet normal 0.997859 0.046242 0.046242
    outer loop
      vertex 14.1985 -58.4463 24.5071
      vertex 13.95 -57.8864 29.3096
      vertex 14.1985 -60.5676 26.6284
    endloop
  endfacet
  facet normal 1 0 0
    outer loop
      vertex 13.95 -34.4812 52.7148
      vertex 13.95 -55.7651 27.1883
      vertex 13.95 -32.3598 50.5935
    endloop
  endfacet
  facet normal 1 0 -0
    outer loop
      vertex 13.95 -55.7651 27.1883
      vertex 13.95 -34.4812 52.7148
      vertex 13.95 -57.8864 29.3096
    endloop
  endfacet
  facet normal 0.997869 -0.0461414 -0.0461436
    outer loop
      vertex 14.1985 -31.8 55.396
      vertex 14.183 -29.8462 53.1071
      vertex 14.1985 -29.6786 53.2747
    endloop
  endfacet
  facet normal 0.997859 -0.0462488 -0.0462352
    outer loop
      vertex 14.183 -29.8462 53.1071
      vertex 14.1985 -31.8 55.396
      vertex 13.95 -34.4812 52.7148
    endloop
  endfacet
  facet normal 0.997859 -0.0462475 -0.0462497
    outer loop
      vertex 13.95 -34.4812 52.7148
      vertex 13.95 -32.3598 50.5935
      vertex 14.183 -29.8462 53.1071
    endloop
  endfacet
  facet normal 0.980781 -0.137964 -0.137964
    outer loop
      vertex 14.9399 -29.1646 58.0313
      vertex 14.1985 -29.6786 53.2747
      vertex 14.9399 -27.0433 55.91
    endloop
  endfacet
  facet normal 0.980782 -0.137958 -0.137964
    outer loop
      vertex 14.1985 -29.6786 53.2747
      vertex 14.9399 -29.1646 58.0313
      vertex 14.1985 -31.8 55.396
    endloop
  endfacet
  facet normal 0.946999 -0.227149 -0.227149
    outer loop
      vertex 16.1613 -26.6203 60.5757
      vertex 16.085 -24.658 58.2953
      vertex 16.1613 -24.499 58.4544
    endloop
  endfacet
  facet normal 0.946934 -0.227296 -0.227274
    outer loop
      vertex 16.085 -24.658 58.2953
      vertex 16.1613 -26.6203 60.5757
      vertex 14.9399 -29.1646 58.0313
    endloop
  endfacet
  facet normal 0.946929 -0.227294 -0.227294
    outer loop
      vertex 14.9399 -29.1646 58.0313
      vertex 14.9399 -27.0433 55.91
      vertex 16.085 -24.658 58.2953
    endloop
  endfacet
  facet normal 0.896756 -0.312912 -0.312912
    outer loop
      vertex 17.842 -24.2104 62.9855
      vertex 17.7369 -22.2397 60.7136
      vertex 17.842 -22.0891 60.8642
    endloop
  endfacet
  facet normal 0.896869 -0.312737 -0.312765
    outer loop
      vertex 17.7369 -22.2397 60.7136
      vertex 17.842 -24.2104 62.9855
      vertex 16.1613 -26.6203 60.5757
    endloop
  endfacet
  facet normal 0.896876 -0.312741 -0.312741
    outer loop
      vertex 16.1613 -26.6203 60.5757
      vertex 16.1613 -24.499 58.4544
      vertex 17.7369 -22.2397 60.7136
    endloop
  endfacet
  facet normal 0.831304 -0.393032 -0.393014
    outer loop
      vertex 19.9531 -21.9763 65.2197
      vertex 19.8211 -19.9946 62.9587
      vertex 19.9531 -19.855 63.0983
    endloop
  endfacet
  facet normal 0.831476 -0.392832 -0.392849
    outer loop
      vertex 19.8211 -19.9946 62.9587
      vertex 19.9531 -21.9763 65.2197
      vertex 17.842 -24.2104 62.9855
    endloop
  endfacet
  facet normal 0.831482 -0.392835 -0.392835
    outer loop
      vertex 17.842 -24.2104 62.9855
      vertex 17.842 -22.0891 60.8642
      vertex 19.8211 -19.9946 62.9587
    endloop
  endfacet
  facet normal 0.751842 -0.466215 -0.466237
    outer loop
      vertex 22.4586 -19.9562 67.2398
      vertex 19.9531 -19.855 63.0983
      vertex 22.4586 -17.8348 65.1185
    endloop
  endfacet
  facet normal 0.751826 -0.46625 -0.466228
    outer loop
      vertex 19.9531 -19.855 63.0983
      vertex 22.4586 -19.9562 67.2398
      vertex 19.9531 -21.9763 65.2197
    endloop
  endfacet
  facet normal 0.659168 -0.531741 -0.531741
    outer loop
      vertex 25.3155 -18.1845 69.0114
      vertex 25.1369 -16.1739 66.7794
      vertex 25.3155 -16.0632 66.8901
    endloop
  endfacet
  facet normal 0.659354 -0.531612 -0.53164
    outer loop
      vertex 25.1369 -16.1739 66.7794
      vertex 25.3155 -18.1845 69.0114
      vertex 22.4586 -19.9562 67.2398
    endloop
  endfacet
  facet normal 0.659356 -0.531612 -0.531638
    outer loop
      vertex 22.4586 -19.9562 67.2398
      vertex 22.4586 -17.8348 65.1185
      vertex 25.1369 -16.1739 66.7794
    endloop
  endfacet
  facet normal 0.555575 -0.587931 -0.58794
    outer loop
      vertex 28.2775 -14.6637 68.2896
      vertex 28.475 -16.6917 70.5042
      vertex 25.3155 -18.1845 69.0114
    endloop
  endfacet
  facet normal 0.555514 -0.587964 -0.587964
    outer loop
      vertex 28.475 -16.6917 70.5042
      vertex 28.2775 -14.6637 68.2896
      vertex 28.475 -14.5704 68.3829
    endloop
  endfacet
  facet normal 0.555579 -0.587934 -0.587934
    outer loop
      vertex 25.3155 -18.1845 69.0114
      vertex 25.3155 -16.0632 66.8901
      vertex 28.2775 -14.6637 68.2896
    endloop
  endfacet
  facet normal 0.442411 -0.634142 -0.634142
    outer loop
      vertex 31.8831 -15.5033 71.6926
      vertex 31.6701 -13.4563 69.497
      vertex 31.8831 -13.382 69.5713
    endloop
  endfacet
  facet normal 0.442281 -0.634196 -0.634179
    outer loop
      vertex 31.6701 -13.4563 69.497
      vertex 31.8831 -15.5033 71.6926
      vertex 28.475 -16.6917 70.5042
    endloop
  endfacet
  facet normal 0.442272 -0.634191 -0.634191
    outer loop
      vertex 28.475 -16.6917 70.5042
      vertex 28.475 -14.5704 68.3829
      vertex 31.6701 -13.4563 69.497
    endloop
  endfacet
  facet normal 0.321447 -0.669579 -0.669579
    outer loop
      vertex 31.8831 -15.5033 71.6926
      vertex 35.4813 -12.5183 70.435
      vertex 35.4813 -14.6396 72.5563
    endloop
  endfacet
  facet normal 0.321447 -0.669579 -0.669579
    outer loop
      vertex 35.4813 -12.5183 70.435
      vertex 31.8831 -15.5033 71.6926
      vertex 31.8831 -13.382 69.5713
    endloop
  endfacet
  facet normal 0.195091 -0.693533 -0.693506
    outer loop
      vertex 38.9753 -12.0269 70.9264
      vertex 39.2082 -14.1154 73.0805
      vertex 35.4813 -14.6396 72.5563
    endloop
  endfacet
  facet normal 0.195331 -0.693486 -0.693486
    outer loop
      vertex 39.2082 -14.1154 73.0805
      vertex 38.9753 -12.0269 70.9264
      vertex 39.2082 -11.9941 70.9592
    endloop
  endfacet
  facet normal 0.195075 -0.693522 -0.693522
    outer loop
      vertex 35.4813 -14.6396 72.5563
      vertex 35.4813 -12.5183 70.435
      vertex 38.9753 -12.0269 70.9264
    endloop
  endfacet
  facet normal 0.0654085 -0.705609 -0.705576
    outer loop
      vertex 39.2082 -14.1154 73.0805
      vertex 43 -11.8184 71.1349
      vertex 43 -13.9397 73.2563
    endloop
  endfacet
  facet normal 0.0653899 -0.705593 -0.705593
    outer loop
      vertex 43 -11.8184 71.1349
      vertex 39.2082 -14.1154 73.0805
      vertex 39.2082 -11.9941 70.9592
    endloop
  endfacet
  facet normal -0.0654085 -0.705609 -0.705576
    outer loop
      vertex 43 -11.8184 71.1349
      vertex 46.7918 -14.1154 73.0805
      vertex 43 -13.9397 73.2563
    endloop
  endfacet
  facet normal -0.0653899 -0.705593 -0.705593
    outer loop
      vertex 46.7918 -14.1154 73.0805
      vertex 43 -11.8184 71.1349
      vertex 46.7918 -11.9941 70.9592
    endloop
  endfacet
  facet normal -0.195091 -0.693522 -0.693517
    outer loop
      vertex 50.2858 -12.4856 70.4678
      vertex 50.5187 -14.6396 72.5563
      vertex 46.7918 -14.1154 73.0805
    endloop
  endfacet
  facet normal -0.195045 -0.693526 -0.693526
    outer loop
      vertex 50.5187 -14.6396 72.5563
      vertex 50.2858 -12.4856 70.4678
      vertex 50.5187 -12.5183 70.435
    endloop
  endfacet
  facet normal -0.195094 -0.693519 -0.693519
    outer loop
      vertex 46.7918 -14.1154 73.0805
      vertex 46.7918 -11.9941 70.9592
      vertex 50.2858 -12.4856 70.4678
    endloop
  endfacet
  facet normal -0.321447 -0.669579 -0.669579
    outer loop
      vertex 50.5187 -12.5183 70.435
      vertex 54.1169 -15.5033 71.6926
      vertex 50.5187 -14.6396 72.5563
    endloop
  endfacet
  facet normal -0.321447 -0.669579 -0.669579
    outer loop
      vertex 54.1169 -15.5033 71.6926
      vertex 50.5187 -12.5183 70.435
      vertex 54.1169 -13.382 69.5713
    endloop
  endfacet
  facet normal -0.442281 -0.634179 -0.634196
    outer loop
      vertex 57.312 -14.4961 68.4572
      vertex 57.525 -16.6917 70.5042
      vertex 54.1169 -15.5033 71.6926
    endloop
  endfacet
  facet normal -0.442411 -0.634142 -0.634142
    outer loop
      vertex 57.525 -16.6917 70.5042
      vertex 57.312 -14.4961 68.4572
      vertex 57.525 -14.5704 68.3829
    endloop
  endfacet
  facet normal -0.442272 -0.634191 -0.634191
    outer loop
      vertex 54.1169 -15.5033 71.6926
      vertex 54.1169 -13.382 69.5713
      vertex 57.312 -14.4961 68.4572
    endloop
  endfacet
  facet normal -0.555575 -0.58794 -0.587931
    outer loop
      vertex 60.487 -15.9699 66.9834
      vertex 60.6845 -18.1845 69.0114
      vertex 57.525 -16.6917 70.5042
    endloop
  endfacet
  facet normal -0.555514 -0.587964 -0.587964
    outer loop
      vertex 60.6845 -18.1845 69.0114
      vertex 60.487 -15.9699 66.9834
      vertex 60.6845 -16.0632 66.8901
    endloop
  endfacet
  facet normal -0.555579 -0.587934 -0.587934
    outer loop
      vertex 57.525 -16.6917 70.5042
      vertex 57.525 -14.5704 68.3829
      vertex 60.487 -15.9699 66.9834
    endloop
  endfacet
  facet normal -0.659377 -0.531599 -0.531624
    outer loop
      vertex 63.5414 -19.9562 67.2398
      vertex 63.3629 -17.7241 65.2292
      vertex 63.5414 -17.8348 65.1185
    endloop
  endfacet
  facet normal -0.659354 -0.531612 -0.53164
    outer loop
      vertex 63.3629 -17.7241 65.2292
      vertex 63.5414 -19.9562 67.2398
      vertex 60.6845 -18.1845 69.0114
    endloop
  endfacet
  facet normal -0.659342 -0.531634 -0.531634
    outer loop
      vertex 60.6845 -18.1845 69.0114
      vertex 60.6845 -16.0632 66.8901
      vertex 63.3629 -17.7241 65.2292
    endloop
  endfacet
  facet normal -0.751842 -0.466215 -0.466237
    outer loop
      vertex 66.0469 -19.855 63.0983
      vertex 63.5414 -19.9562 67.2398
      vertex 63.5414 -17.8348 65.1185
    endloop
  endfacet
  facet normal -0.751826 -0.46625 -0.466228
    outer loop
      vertex 63.5414 -19.9562 67.2398
      vertex 66.0469 -19.855 63.0983
      vertex 66.0469 -21.9763 65.2197
    endloop
  endfacet
  facet normal -0.831498 -0.392817 -0.392817
    outer loop
      vertex 68.158 -24.2104 62.9855
      vertex 68.0261 -21.9495 61.0038
      vertex 68.158 -22.0891 60.8642
    endloop
  endfacet
  facet normal -0.831476 -0.392838 -0.392843
    outer loop
      vertex 68.0261 -21.9495 61.0038
      vertex 68.158 -24.2104 62.9855
      vertex 66.0469 -21.9763 65.2197
    endloop
  endfacet
  facet normal -0.831469 -0.392858 -0.392839
    outer loop
      vertex 66.0469 -21.9763 65.2197
      vertex 66.0469 -19.855 63.0983
      vertex 68.0261 -21.9495 61.0038
    endloop
  endfacet
  facet normal -0.896982 -0.312589 -0.312589
    outer loop
      vertex 69.8387 -26.6203 60.5757
      vertex 69.7337 -24.3483 58.605
      vertex 69.8387 -24.499 58.4544
    endloop
  endfacet
  facet normal -0.896869 -0.312737 -0.312766
    outer loop
      vertex 69.7337 -24.3483 58.605
      vertex 69.8387 -26.6203 60.5757
      vertex 68.158 -24.2104 62.9855
    endloop
  endfacet
  facet normal -0.896861 -0.312762 -0.312762
    outer loop
      vertex 68.158 -24.2104 62.9855
      vertex 68.158 -22.0891 60.8642
      vertex 69.7337 -24.3483 58.605
    endloop
  endfacet
  facet normal -0.946968 -0.227213 -0.227213
    outer loop
      vertex 71.0601 -29.1646 58.0313
      vertex 70.9838 -26.8843 56.069
      vertex 71.0601 -27.0433 55.91
    endloop
  endfacet
  facet normal -0.946934 -0.227279 -0.227291
    outer loop
      vertex 70.9838 -26.8843 56.069
      vertex 71.0601 -29.1646 58.0313
      vertex 69.8387 -26.6203 60.5757
    endloop
  endfacet
  facet normal -0.946931 -0.22729 -0.22729
    outer loop
      vertex 69.8387 -26.6203 60.5757
      vertex 69.8387 -24.499 58.4544
      vertex 70.9838 -26.8843 56.069
    endloop
  endfacet
  facet normal -0.980781 -0.137964 -0.137964
    outer loop
      vertex 71.8015 -29.6786 53.2747
      vertex 71.0601 -29.1646 58.0313
      vertex 71.0601 -27.0433 55.91
    endloop
  endfacet
  facet normal -0.980782 -0.137958 -0.137964
    outer loop
      vertex 71.0601 -29.1646 58.0313
      vertex 71.8015 -29.6786 53.2747
      vertex 71.8015 -31.8 55.396
    endloop
  endfacet
  facet normal -0.997867 -0.0461551 -0.0461573
    outer loop
      vertex 72.05 -34.4812 52.7148
      vertex 72.0345 -32.1923 50.7611
      vertex 72.05 -32.3598 50.5935
    endloop
  endfacet
  facet normal -0.997859 -0.0462341 -0.0462499
    outer loop
      vertex 72.0345 -32.1923 50.7611
      vertex 72.05 -34.4812 52.7148
      vertex 71.8015 -31.8 55.396
    endloop
  endfacet
  facet normal -0.997859 -0.0462466 -0.0462488
    outer loop
      vertex 71.8015 -31.8 55.396
      vertex 71.8015 -29.6786 53.2747
      vertex 72.0345 -32.1923 50.7611
    endloop
  endfacet
  facet normal -1 0 0
    outer loop
      vertex 72.05 -55.7651 27.1883
      vertex 72.05 -34.4812 52.7148
      vertex 72.05 -32.3598 50.5935
    endloop
  endfacet
  facet normal -1 0 0
    outer loop
      vertex 72.05 -34.4812 52.7148
      vertex 72.05 -55.7651 27.1883
      vertex 72.05 -57.8864 29.3096
    endloop
  endfacet
  facet normal -0.997859 0.046242 0.046242
    outer loop
      vertex 71.8015 -58.4463 24.5071
      vertex 72.05 -57.8864 29.3096
      vertex 72.05 -55.7651 27.1883
    endloop
  endfacet
  facet normal -0.997859 0.046242 0.046242
    outer loop
      vertex 72.05 -57.8864 29.3096
      vertex 71.8015 -58.4463 24.5071
      vertex 71.8015 -60.5676 26.6284
    endloop
  endfacet
  facet normal -0.980782 0.137961 0.137961
    outer loop
      vertex 71.0601 -61.0816 21.8717
      vertex 71.8015 -60.5676 26.6284
      vertex 71.8015 -58.4463 24.5071
    endloop
  endfacet
  facet normal -0.980781 0.137967 0.13796
    outer loop
      vertex 71.8015 -60.5676 26.6284
      vertex 71.0601 -61.0816 21.8717
      vertex 71.0601 -63.2029 23.9931
    endloop
  endfacet
  facet normal -0.946968 0.227207 0.227218
    outer loop
      vertex 69.8387 -65.7473 21.4487
      vertex 69.915 -63.4669 19.4864
      vertex 69.8387 -63.6259 19.3274
    endloop
  endfacet
  facet normal -0.946935 0.22727 0.227292
    outer loop
      vertex 69.915 -63.4669 19.4864
      vertex 69.8387 -65.7473 21.4487
      vertex 71.0601 -63.2029 23.9931
    endloop
  endfacet
  facet normal -0.946929 0.227299 0.227289
    outer loop
      vertex 69.915 -63.4669 19.4864
      vertex 71.0601 -63.2029 23.9931
      vertex 71.0601 -61.0816 21.8717
    endloop
  endfacet
  facet normal -0.896756 0.312919 0.312905
    outer loop
      vertex 68.158 -68.1571 19.0389
      vertex 68.2631 -65.8852 17.0681
      vertex 68.158 -66.0358 16.9175
    endloop
  endfacet
  facet normal -0.896865 0.312778 0.312735
    outer loop
      vertex 68.2631 -65.8852 17.0681
      vertex 68.158 -68.1571 19.0389
      vertex 69.8387 -65.7473 21.4487
    endloop
  endfacet
  facet normal -0.89688 0.312728 0.312742
    outer loop
      vertex 68.2631 -65.8852 17.0681
      vertex 69.8387 -65.7473 21.4487
      vertex 69.8387 -63.6259 19.3274
    endloop
  endfacet
  facet normal -0.831498 0.392817 0.392817
    outer loop
      vertex 66.0469 -70.3912 16.8047
      vertex 66.1788 -68.1303 14.823
      vertex 66.0469 -68.2699 14.6834
    endloop
  endfacet
  facet normal -0.831476 0.392838 0.392843
    outer loop
      vertex 66.1788 -68.1303 14.823
      vertex 66.0469 -70.3912 16.8047
      vertex 68.158 -68.1571 19.0389
    endloop
  endfacet
  facet normal -0.831469 0.392858 0.392839
    outer loop
      vertex 66.1788 -68.1303 14.823
      vertex 68.158 -68.1571 19.0389
      vertex 68.158 -66.0358 16.9175
    endloop
  endfacet
  facet normal -0.751797 0.466263 0.466263
    outer loop
      vertex 63.5414 -72.4114 14.7846
      vertex 63.698 -70.1638 12.7895
      vertex 63.5414 -70.2901 12.6633
    endloop
  endfacet
  facet normal -0.751834 0.466236 0.466229
    outer loop
      vertex 63.698 -70.1638 12.7895
      vertex 63.5414 -72.4114 14.7846
      vertex 66.0469 -70.3912 16.8047
    endloop
  endfacet
  facet normal -0.751836 0.466231 0.466231
    outer loop
      vertex 63.698 -70.1638 12.7895
      vertex 66.0469 -70.3912 16.8047
      vertex 66.0469 -68.2699 14.6834
    endloop
  endfacet
  facet normal -0.659354 0.531626 0.531626
    outer loop
      vertex 60.6845 -72.0617 10.8916
      vertex 63.5414 -72.4114 14.7846
      vertex 63.5414 -70.2901 12.6633
    endloop
  endfacet
  facet normal -0.659344 0.531645 0.53162
    outer loop
      vertex 63.5414 -72.4114 14.7846
      vertex 60.6845 -72.0617 10.8916
      vertex 60.6845 -74.183 13.013
    endloop
  endfacet
  facet normal -0.555575 0.587949 0.587922
    outer loop
      vertex 60.6845 -72.0617 10.8916
      vertex 57.525 -75.6758 11.5202
      vertex 60.6845 -74.183 13.013
    endloop
  endfacet
  facet normal -0.555569 0.587945 0.587932
    outer loop
      vertex 57.525 -75.6758 11.5202
      vertex 60.6845 -72.0617 10.8916
      vertex 57.525 -73.5545 9.39885
    endloop
  endfacet
  facet normal -0.442281 0.634195 0.63418
    outer loop
      vertex 57.525 -73.5545 9.39885
      vertex 54.1169 -76.8642 10.3318
      vertex 57.525 -75.6758 11.5202
    endloop
  endfacet
  facet normal -0.442282 0.634196 0.634178
    outer loop
      vertex 54.1169 -76.8642 10.3318
      vertex 57.525 -73.5545 9.39885
      vertex 54.1169 -74.7429 8.21044
    endloop
  endfacet
  facet normal -0.321447 0.669588 0.669569
    outer loop
      vertex 50.5187 -75.6066 7.34674
      vertex 54.1169 -76.8642 10.3318
      vertex 54.1169 -74.7429 8.21044
    endloop
  endfacet
  facet normal -0.321454 0.66958 0.669574
    outer loop
      vertex 54.1169 -76.8642 10.3318
      vertex 50.5187 -75.6066 7.34674
      vertex 50.5187 -77.7279 9.46806
    endloop
  endfacet
  facet normal -0.195217 0.693505 0.693499
    outer loop
      vertex 46.7918 -78.2521 8.94386
      vertex 47.0247 -76.098 6.8553
      vertex 46.7918 -76.1308 6.82254
    endloop
  endfacet
  facet normal -0.195091 0.693516 0.693524
    outer loop
      vertex 47.0247 -76.098 6.8553
      vertex 46.7918 -78.2521 8.94386
      vertex 50.5187 -77.7279 9.46806
    endloop
  endfacet
  facet normal -0.195083 0.693524 0.693518
    outer loop
      vertex 47.0247 -76.098 6.8553
      vertex 50.5187 -77.7279 9.46806
      vertex 50.5187 -75.6066 7.34674
    endloop
  endfacet
  facet normal -0.0653955 0.705594 0.705592
    outer loop
      vertex 43.237 -76.2955 6.65779
      vertex 43 -78.4278 8.76813
      vertex 46.7918 -78.2521 8.94386
    endloop
  endfacet
  facet normal -0.0654384 0.705595 0.705588
    outer loop
      vertex 43 -78.4278 8.76813
      vertex 43.237 -76.2955 6.65779
      vertex 43 -76.3065 6.64681
    endloop
  endfacet
  facet normal -0.0653926 0.705597 0.70559
    outer loop
      vertex 43.237 -76.2955 6.65779
      vertex 46.7918 -78.2521 8.94386
      vertex 46.7918 -76.1308 6.82254
    endloop
  endfacet
  facet normal 0.0654384 0.705595 0.705588
    outer loop
      vertex 39.2082 -78.2521 8.94386
      vertex 39.4452 -76.1418 6.81156
      vertex 39.2082 -76.1308 6.82254
    endloop
  endfacet
  facet normal 0.0653955 0.705599 0.705587
    outer loop
      vertex 39.4452 -76.1418 6.81156
      vertex 39.2082 -78.2521 8.94386
      vertex 43 -78.4278 8.76813
    endloop
  endfacet
  facet normal 0.0653926 0.705597 0.70559
    outer loop
      vertex 39.4452 -76.1418 6.81156
      vertex 43 -78.4278 8.76813
      vertex 43 -76.3065 6.64681
    endloop
  endfacet
  facet normal 3.29857e-15 -0.707107 0.707107
    outer loop
      vertex 149.6 -67.1581 27.1089
      vertex 149.885 -69.0299 25.2371
      vertex 150.706 -68.7435 25.5235
    endloop
  endfacet
  facet normal 8.17843e-05 -0.707101 0.707113
    outer loop
      vertex 149.885 -69.0299 25.2371
      vertex 149.6 -67.1581 27.1089
      vertex 148.779 -67.4445 26.8226
    endloop
  endfacet
  facet normal 1.08217e-05 -0.707125 0.707088
    outer loop
      vertex 148.779 -67.4445 26.8226
      vertex 149.582 -69.1184 25.1486
      vertex 149.885 -69.0299 25.2371
    endloop
  endfacet
  facet normal 3.39607e-15 -0.707107 0.707107
    outer loop
      vertex 149.6 -67.1581 27.1089
      vertex 150.989 -68.6279 25.6391
      vertex 151.75 -68.2682 25.9988
    endloop
  endfacet
  facet normal 9.09214e-06 -0.707126 0.707088
    outer loop
      vertex 148.715 -69.3265 24.9405
      vertex 149.582 -69.1184 25.1486
      vertex 148.779 -67.4445 26.8226
    endloop
  endfacet
  facet normal -5.09175e-05 -0.707148 0.707066
    outer loop
      vertex 151.05 -66.3715 27.8955
      vertex 152.929 -67.537 26.73
      vertex 153.533 -67.0503 27.2168
    endloop
  endfacet
  facet normal 0 -0.707107 0.707107
    outer loop
      vertex 153.1 -37.9813 56.2857
      vertex 155.6 -37.9813 56.2857
      vertex 155.595 -37.8657 56.4013
    endloop
  endfacet
  facet normal 0 -0.707107 0.707107
    outer loop
      vertex 155.6 -37.9813 56.2857
      vertex 153.1 -37.9813 56.2857
      vertex 155.6 -62.8715 31.3955
    endloop
  endfacet
  facet normal 3.5762e-16 -0.707107 0.707107
    outer loop
      vertex 153.1 -37.9813 56.2857
      vertex 155.595 -37.8657 56.4013
      vertex 155.535 -37.2196 57.0474
    endloop
  endfacet
  facet normal 0 -0.707107 0.707107
    outer loop
      vertex 153.1 -62.8715 31.3955
      vertex 155.6 -62.8715 31.3955
      vertex 153.1 -37.9813 56.2857
    endloop
  endfacet
  facet normal -8.24345e-16 -0.707107 0.707107
    outer loop
      vertex 155.595 -62.9871 31.2799
      vertex 153.1 -62.8715 31.3955
      vertex 155.535 -63.6332 30.6338
    endloop
  endfacet
  facet normal 3.32711e-05 -0.707054 0.70716
    outer loop
      vertex 153.04 -63.5176 30.7495
      vertex 155.535 -63.6332 30.6338
      vertex 153.1 -62.8715 31.3955
    endloop
  endfacet
  facet normal 2.80966e-05 -0.707109 0.707104
    outer loop
      vertex 155.535 -63.6332 30.6338
      vertex 153.04 -63.5176 30.7495
      vertex 155.492 -63.8624 30.4046
    endloop
  endfacet
  facet normal 4.28011e-05 -0.707057 0.707156
    outer loop
      vertex 155.492 -63.8624 30.4046
      vertex 153.04 -63.5176 30.7495
      vertex 155.313 -64.4975 29.7696
    endloop
  endfacet
  facet normal -0.000117442 -0.707243 0.706971
    outer loop
      vertex 155.313 -64.4975 29.7696
      vertex 153.04 -63.5176 30.7495
      vertex 155.229 -64.7208 29.5462
    endloop
  endfacet
  facet normal 2.7969e-05 -0.707111 0.707103
    outer loop
      vertex 152.861 -64.1526 30.1145
      vertex 155.229 -64.7208 29.5462
      vertex 153.04 -63.5176 30.7495
    endloop
  endfacet
  facet normal 2.67699e-05 -0.707113 0.7071
    outer loop
      vertex 155.229 -64.7208 29.5462
      vertex 152.861 -64.1526 30.1145
      vertex 154.934 -65.3339 28.9331
    endloop
  endfacet
  facet normal 2.55797e-05 -0.707114 0.707099
    outer loop
      vertex 154.934 -65.3339 28.9331
      vertex 152.861 -64.1526 30.1145
      vertex 154.809 -65.5475 28.7195
    endloop
  endfacet
  facet normal 0 -0.707107 0.707107
    outer loop
      vertex 155.6 -62.8715 31.3955
      vertex 153.1 -62.8715 31.3955
      vertex 155.595 -62.9871 31.2799
    endloop
  endfacet
  facet normal 3.32711e-05 -0.70716 0.707054
    outer loop
      vertex 153.1 -37.9813 56.2857
      vertex 155.535 -37.2196 57.0474
      vertex 153.04 -37.3353 56.9318
    endloop
  endfacet
  facet normal 2.70206e-05 -0.707113 0.7071
    outer loop
      vertex 152.567 -64.7657 29.5014
      vertex 154.809 -65.5475 28.7195
      vertex 152.861 -64.1526 30.1145
    endloop
  endfacet
  facet normal 2.5369e-05 -0.707116 0.707098
    outer loop
      vertex 154.809 -65.5475 28.7195
      vertex 152.567 -64.7657 29.5014
      vertex 154.404 -66.1282 28.1388
    endloop
  endfacet
  facet normal 2.40038e-05 -0.707117 0.707097
    outer loop
      vertex 154.404 -66.1282 28.1388
      vertex 152.567 -64.7657 29.5014
      vertex 154.241 -66.3285 27.9385
    endloop
  endfacet
  facet normal 2.55829e-05 -0.707116 0.707098
    outer loop
      vertex 152.162 -65.3464 28.9207
      vertex 154.241 -66.3285 27.9385
      vertex 152.567 -64.7657 29.5014
    endloop
  endfacet
  facet normal 2.351e-05 -0.707118 0.707096
    outer loop
      vertex 154.241 -66.3285 27.9385
      vertex 152.162 -65.3464 28.9207
      vertex 153.732 -66.8668 27.4002
    endloop
  endfacet
  facet normal -4.28906e-05 -0.707152 0.707061
    outer loop
      vertex 153.732 -66.8668 27.4002
      vertex 152.162 -65.3464 28.9207
      vertex 151.653 -65.8847 28.3823
    endloop
  endfacet
  facet normal 9.09214e-06 -0.707126 0.707088
    outer loop
      vertex 147.912 -67.6526 26.6145
      vertex 148.715 -69.3265 24.9405
      vertex 148.779 -67.4445 26.8226
    endloop
  endfacet
  facet normal -7.57487e-05 -0.707117 0.707096
    outer loop
      vertex 147.501 -69.5127 24.7543
      vertex 147.912 -67.6526 26.6145
      vertex 147.014 -67.7789 26.4881
    endloop
  endfacet
  facet normal 0.000212465 -0.707077 0.707137
    outer loop
      vertex 147.912 -67.6526 26.6145
      vertex 148.399 -69.3864 24.8807
      vertex 148.715 -69.3265 24.9405
    endloop
  endfacet
  facet normal -7.57487e-05 -0.707117 0.707096
    outer loop
      vertex 147.912 -67.6526 26.6145
      vertex 147.501 -69.5127 24.7543
      vertex 148.399 -69.3864 24.8807
    endloop
  endfacet
  facet normal 0.000212684 -0.707077 0.707137
    outer loop
      vertex 147.501 -69.5127 24.7543
      vertex 147.014 -67.7789 26.4881
      vertex 147.177 -69.5429 24.7242
    endloop
  endfacet
  facet normal -6.96779e-05 -0.706962 0.707252
    outer loop
      vertex 152.861 -36.7002 57.5668
      vertex 155.313 -36.3554 57.9117
      vertex 155.229 -36.132 58.135
    endloop
  endfacet
  facet normal 1.27765e-14 -0.707107 0.707107
    outer loop
      vertex 150.361 -34.0544 60.2126
      vertex 152.01 -32.7253 61.5417
      vertex 151.75 -32.5846 61.6824
    endloop
  endfacet
  facet normal -5.67614e-05 -0.707065 0.707149
    outer loop
      vertex 148.779 -33.4084 60.8587
      vertex 150.706 -32.1093 62.1578
      vertex 149.885 -31.8229 62.4441
    endloop
  endfacet
  facet normal 5.67614e-05 -0.707149 0.707065
    outer loop
      vertex 148.779 -33.4084 60.8587
      vertex 149.6 -33.6947 60.5723
      vertex 150.706 -32.1093 62.1578
    endloop
  endfacet
  facet normal -1.4178e-05 -0.707124 0.707089
    outer loop
      vertex 149.6 -33.6947 60.5723
      vertex 150.989 -32.2249 62.0422
      vertex 150.706 -32.1093 62.1578
    endloop
  endfacet
  facet normal 4.5592e-15 -0.707107 0.707107
    outer loop
      vertex 90.2497 -32.5846 61.6824
      vertex 91.6387 -34.0544 60.2126
      vertex 92.4 -33.6947 60.5723
    endloop
  endfacet
  facet normal -1.2796e-14 -0.707107 0.707107
    outer loop
      vertex 89.9903 -32.7253 61.5417
      vertex 91.6387 -34.0544 60.2126
      vertex 90.2497 -32.5846 61.6824
    endloop
  endfacet
  facet normal 1.41711e-05 -0.707124 0.707089
    outer loop
      vertex 91.0111 -32.2249 62.0422
      vertex 92.4 -33.6947 60.5723
      vertex 91.2943 -32.1093 62.1578
    endloop
  endfacet
  facet normal 5.43214e-15 -0.707107 0.707107
    outer loop
      vertex 89.3019 -33.1522 61.1148
      vertex 90.9502 -34.4813 59.7857
      vertex 89.9903 -32.7253 61.5417
    endloop
  endfacet
  facet normal 5.67467e-15 -0.707107 0.707107
    outer loop
      vertex 90.9502 -34.4813 59.7857
      vertex 89.3019 -33.1522 61.1148
      vertex 90.3465 -34.9681 59.2989
    endloop
  endfacet
  facet normal 0.000217316 -0.707044 0.707169
    outer loop
      vertex 89.0706 -33.3158 60.9513
      vertex 90.3465 -34.9681 59.2989
      vertex 89.3019 -33.1522 61.1148
    endloop
  endfacet
  facet normal 2.12661e-05 -0.70712 0.707094
    outer loop
      vertex 88.4669 -33.8026 60.4645
      vertex 90.3465 -34.9681 59.2989
      vertex 89.0706 -33.3158 60.9513
    endloop
  endfacet
  facet normal 7.50773e-05 -0.707077 0.707137
    outer loop
      vertex 90.3465 -34.9681 59.2989
      vertex 88.4669 -33.8026 60.4645
      vertex 89.8378 -35.5065 58.7606
    endloop
  endfacet
  facet normal -0.000204014 -0.707189 0.707025
    outer loop
      vertex 88.2679 -33.986 60.281
      vertex 89.8378 -35.5065 58.7606
      vertex 88.4669 -33.8026 60.4645
    endloop
  endfacet
  facet normal -2.35152e-05 -0.707096 0.707118
    outer loop
      vertex 87.7591 -34.5243 59.7427
      vertex 89.8378 -35.5065 58.7606
      vertex 88.2679 -33.986 60.281
    endloop
  endfacet
  facet normal -6.88615e-05 -0.707144 0.70707
    outer loop
      vertex 89.8378 -35.5065 58.7606
      vertex 87.7591 -34.5243 59.7427
      vertex 89.4328 -36.0871 58.1799
    endloop
  endfacet
  facet normal 1.15612e-14 -0.707107 0.707107
    outer loop
      vertex 87.5956 -34.7246 59.5424
      vertex 89.4328 -36.0871 58.1799
      vertex 87.7591 -34.5243 59.7427
    endloop
  endfacet
  facet normal 5.95283e-05 -0.707067 0.707147
    outer loop
      vertex 87.1907 -35.3053 58.9618
      vertex 89.4328 -36.0871 58.1799
      vertex 87.5956 -34.7246 59.5424
    endloop
  endfacet
  facet normal -6.96428e-05 -0.707252 0.706962
    outer loop
      vertex 87.0655 -35.5189 58.7481
      vertex 89.4328 -36.0871 58.1799
      vertex 87.1907 -35.3053 58.9618
    endloop
  endfacet
  facet normal -1.76423e-15 -0.707107 0.707107
    outer loop
      vertex 89.4328 -36.0871 58.1799
      vertex 87.0655 -35.5189 58.7481
      vertex 86.7712 -36.132 58.135
    endloop
  endfacet
  facet normal 6.96556e-05 -0.706962 0.707252
    outer loop
      vertex 86.6866 -36.3554 57.9117
      vertex 89.1385 -36.7002 57.5668
      vertex 86.7712 -36.132 58.135
    endloop
  endfacet
  facet normal -1.26767e-05 -0.707049 0.707164
    outer loop
      vertex 86.5079 -36.9904 57.2766
      vertex 88.9599 -37.3353 56.9318
      vertex 89.1385 -36.7002 57.5668
    endloop
  endfacet
  facet normal 1.2677e-05 -0.707164 0.707049
    outer loop
      vertex 86.5079 -36.9904 57.2766
      vertex 89.1385 -36.7002 57.5668
      vertex 86.6866 -36.3554 57.9117
    endloop
  endfacet
  facet normal -2.81017e-05 -0.707104 0.707109
    outer loop
      vertex 86.4652 -37.2196 57.0474
      vertex 88.9599 -37.3353 56.9318
      vertex 86.5079 -36.9904 57.2766
    endloop
  endfacet
  facet normal -1.90367e-15 -0.707107 0.707107
    outer loop
      vertex 86.7712 -36.132 58.135
      vertex 89.1385 -36.7002 57.5668
      vertex 89.4328 -36.0871 58.1799
    endloop
  endfacet
  facet normal 1.52101e-14 -0.707107 0.707107
    outer loop
      vertex 95.9 -33.0316 61.2354
      vertex 95.9 -31.2638 63.0032
      vertex 95.7365 -31.2676 62.9994
    endloop
  endfacet
  facet normal 0 -0.707107 0.707107
    outer loop
      vertex 95.9 -31.2638 63.0032
      vertex 95.9 -33.0316 61.2354
      vertex 146.1 -31.2638 63.0032
    endloop
  endfacet
  facet normal 7.89084e-05 -0.707123 0.70709
    outer loop
      vertex 94.9863 -33.0739 61.1931
      vertex 95.7365 -31.2676 62.9994
      vertex 94.8228 -31.31 62.9571
    endloop
  endfacet
  facet normal 0 -0.707107 0.707107
    outer loop
      vertex 146.1 -33.0316 61.2354
      vertex 146.1 -31.2638 63.0032
      vertex 95.9 -33.0316 61.2354
    endloop
  endfacet
  facet normal -0.000212548 -0.707137 0.707077
    outer loop
      vertex 94.9863 -33.0739 61.1931
      vertex 94.8228 -31.31 62.9571
      vertex 94.4986 -31.3401 62.9269
    endloop
  endfacet
  facet normal -1.53499e-14 -0.707107 0.707107
    outer loop
      vertex 146.1 -31.2638 63.0032
      vertex 146.1 -33.0316 61.2354
      vertex 146.264 -31.2676 62.9994
    endloop
  endfacet
  facet normal 0 -0.707107 0.707107
    outer loop
      vertex 94.0883 -33.2002 61.0668
      vertex 94.4986 -31.3401 62.9269
      vertex 93.6005 -31.4664 62.8006
    endloop
  endfacet
  facet normal -5.6058e-15 -0.707107 0.707107
    outer loop
      vertex 147.014 -33.0739 61.1931
      vertex 146.264 -31.2676 62.9994
      vertex 146.1 -33.0316 61.2354
    endloop
  endfacet
  facet normal -1.52449e-14 -0.707107 0.707107
    outer loop
      vertex 94.0883 -33.2002 61.0668
      vertex 93.6005 -31.4664 62.8006
      vertex 93.2847 -31.5263 62.7407
    endloop
  endfacet
  facet normal -7.89697e-05 -0.707123 0.70709
    outer loop
      vertex 146.264 -31.2676 62.9994
      vertex 147.014 -33.0739 61.1931
      vertex 147.177 -31.31 62.9571
    endloop
  endfacet
  facet normal -9.0905e-06 -0.707088 0.707126
    outer loop
      vertex 93.2212 -33.4084 60.8587
      vertex 93.2847 -31.5263 62.7407
      vertex 92.4176 -31.7344 62.5326
    endloop
  endfacet
  facet normal 0.000212684 -0.707137 0.707077
    outer loop
      vertex 147.177 -31.31 62.9571
      vertex 147.014 -33.0739 61.1931
      vertex 147.501 -31.3401 62.9269
    endloop
  endfacet
  facet normal -1.0849e-05 -0.707088 0.707125
    outer loop
      vertex 93.2212 -33.4084 60.8587
      vertex 92.4176 -31.7344 62.5326
      vertex 92.1155 -31.8229 62.4441
    endloop
  endfacet
  facet normal 0 -0.707107 0.707107
    outer loop
      vertex 147.912 -33.2002 61.0668
      vertex 147.501 -31.3401 62.9269
      vertex 147.014 -33.0739 61.1931
    endloop
  endfacet
  facet normal 0 -0.707107 0.707107
    outer loop
      vertex 147.501 -31.3401 62.9269
      vertex 147.912 -33.2002 61.0668
      vertex 148.399 -31.4664 62.8006
    endloop
  endfacet
  facet normal 5.62589e-15 -0.707107 0.707107
    outer loop
      vertex 95.7365 -31.2676 62.9994
      vertex 94.9863 -33.0739 61.1931
      vertex 95.9 -33.0316 61.2354
    endloop
  endfacet
  facet normal 0 -0.707107 0.707107
    outer loop
      vertex 94.4986 -31.3401 62.9269
      vertex 94.0883 -33.2002 61.0668
      vertex 94.9863 -33.0739 61.1931
    endloop
  endfacet
  facet normal 7.31217e-05 -0.707089 0.707124
    outer loop
      vertex 93.2847 -31.5263 62.7407
      vertex 93.2212 -33.4084 60.8587
      vertex 94.0883 -33.2002 61.0668
    endloop
  endfacet
  facet normal 1.51009e-14 -0.707107 0.707107
    outer loop
      vertex 148.399 -31.4664 62.8006
      vertex 147.912 -33.2002 61.0668
      vertex 148.715 -31.5263 62.7407
    endloop
  endfacet
  facet normal -7.31349e-05 -0.707089 0.707124
    outer loop
      vertex 148.779 -33.4084 60.8587
      vertex 148.715 -31.5263 62.7407
      vertex 147.912 -33.2002 61.0668
    endloop
  endfacet
  facet normal 9.09214e-06 -0.707088 0.707126
    outer loop
      vertex 148.715 -31.5263 62.7407
      vertex 148.779 -33.4084 60.8587
      vertex 149.582 -31.7344 62.5326
    endloop
  endfacet
  facet normal 1.08217e-05 -0.707088 0.707125
    outer loop
      vertex 149.582 -31.7344 62.5326
      vertex 148.779 -33.4084 60.8587
      vertex 149.885 -31.8229 62.4441
    endloop
  endfacet
  facet normal -0.000120406 -0.706979 0.707234
    outer loop
      vertex 88.2679 -66.8668 27.4002
      vertex 88.4669 -67.0503 27.2168
      vertex 90.3465 -65.8847 28.3823
    endloop
  endfacet
  facet normal 5.09193e-05 -0.707148 0.707066
    outer loop
      vertex 88.4669 -67.0503 27.2168
      vertex 89.0706 -67.537 26.73
      vertex 90.9502 -66.3715 27.8955
    endloop
  endfacet
  facet normal -0.000142833 -0.706992 0.707222
    outer loop
      vertex 89.3019 -67.7006 26.5665
      vertex 90.9502 -66.3715 27.8955
      vertex 89.0706 -67.537 26.73
    endloop
  endfacet
  facet normal 1.865e-05 -0.707092 0.707122
    outer loop
      vertex 89.9903 -68.1275 26.1396
      vertex 90.9502 -66.3715 27.8955
      vertex 89.3019 -67.7006 26.5665
    endloop
  endfacet
  facet normal 0.000227086 -0.707149 0.707065
    outer loop
      vertex 90.2497 -68.2682 25.9988
      vertex 90.9502 -66.3715 27.8955
      vertex 89.9903 -68.1275 26.1396
    endloop
  endfacet
  facet normal -3.61971e-15 -0.707107 0.707107
    outer loop
      vertex 90.9502 -66.3715 27.8955
      vertex 90.2497 -68.2682 25.9988
      vertex 91.6387 -66.7984 27.4686
    endloop
  endfacet
  facet normal -3.39515e-15 -0.707107 0.707107
    outer loop
      vertex 91.6387 -66.7984 27.4686
      vertex 90.2497 -68.2682 25.9988
      vertex 92.4 -67.1581 27.1089
    endloop
  endfacet
  facet normal -1.02077e-15 -0.707107 0.707107
    outer loop
      vertex 91.0111 -68.6279 25.6391
      vertex 91.2943 -68.7435 25.5235
      vertex 92.4 -67.1581 27.1089
    endloop
  endfacet
  facet normal -8.17726e-05 -0.707101 0.707113
    outer loop
      vertex 92.4 -67.1581 27.1089
      vertex 92.1155 -69.0299 25.2371
      vertex 93.2212 -67.4445 26.8226
    endloop
  endfacet
  facet normal -3.3466e-15 -0.707107 0.707107
    outer loop
      vertex 92.1155 -69.0299 25.2371
      vertex 92.4 -67.1581 27.1089
      vertex 91.2943 -68.7435 25.5235
    endloop
  endfacet
  facet normal 7.89084e-05 -0.70709 0.707123
    outer loop
      vertex 95.7365 -69.5852 24.6818
      vertex 94.9863 -67.7789 26.4881
      vertex 94.8228 -69.5429 24.7242
    endloop
  endfacet
  facet normal -8.28122e-15 -0.707107 0.707107
    outer loop
      vertex 94.9863 -67.7789 26.4881
      vertex 95.7365 -69.5852 24.6818
      vertex 95.9 -67.8212 26.4458
    endloop
  endfacet
  facet normal -9.0905e-06 -0.707126 0.707088
    outer loop
      vertex 92.4176 -69.1184 25.1486
      vertex 93.2847 -69.3265 24.9405
      vertex 93.2212 -67.4445 26.8226
    endloop
  endfacet
  facet normal -1.0849e-05 -0.707125 0.707088
    outer loop
      vertex 92.1155 -69.0299 25.2371
      vertex 92.4176 -69.1184 25.1486
      vertex 93.2212 -67.4445 26.8226
    endloop
  endfacet
  facet normal -9.0905e-06 -0.707126 0.707088
    outer loop
      vertex 93.2847 -69.3265 24.9405
      vertex 94.0883 -67.6526 26.6145
      vertex 93.2212 -67.4445 26.8226
    endloop
  endfacet
  facet normal -0.000212575 -0.707077 0.707137
    outer loop
      vertex 93.6005 -69.3864 24.8807
      vertex 94.0883 -67.6526 26.6145
      vertex 93.2847 -69.3265 24.9405
    endloop
  endfacet
  facet normal 7.57359e-05 -0.707117 0.707096
    outer loop
      vertex 94.4986 -69.5127 24.7543
      vertex 94.0883 -67.6526 26.6145
      vertex 93.6005 -69.3864 24.8807
    endloop
  endfacet
  facet normal 7.57446e-05 -0.707117 0.707096
    outer loop
      vertex 94.0883 -67.6526 26.6145
      vertex 94.4986 -69.5127 24.7543
      vertex 94.9863 -67.7789 26.4881
    endloop
  endfacet
  facet normal -0.000212548 -0.707077 0.707137
    outer loop
      vertex 94.9863 -67.7789 26.4881
      vertex 94.4986 -69.5127 24.7543
      vertex 94.8228 -69.5429 24.7242
    endloop
  endfacet
  facet normal 0 -0.707107 0.707107
    outer loop
      vertex 146.1 -69.589 24.678
      vertex 146.1 -67.8212 26.4458
      vertex 130 -67.8212 26.4458
    endloop
  endfacet
  facet normal 0 -0.707107 0.707107
    outer loop
      vertex 146.1 -69.589 24.678
      vertex 130 -67.8212 26.4458
      vertex 130 -69.589 24.678
    endloop
  endfacet
  facet normal 0 -0.707107 0.707107
    outer loop
      vertex 146.1 -67.8212 26.4458
      vertex 146.1 -69.589 24.678
      vertex 146.264 -69.5852 24.6818
    endloop
  endfacet
  facet normal -3.39511e-17 -0.707107 0.707107
    outer loop
      vertex 95.9 -69.589 24.678
      vertex 95.9 -67.8212 26.4458
      vertex 95.7365 -69.5852 24.6818
    endloop
  endfacet
  facet normal 0 -0.707107 0.707107
    outer loop
      vertex 95.9 -67.8212 26.4458
      vertex 95.9 -69.589 24.678
      vertex 112 -67.8212 26.4458
    endloop
  endfacet
  facet normal 0 -0.707107 0.707107
    outer loop
      vertex 112 -67.8212 26.4458
      vertex 95.9 -69.589 24.678
      vertex 112 -69.589 24.678
    endloop
  endfacet
  facet normal -3.39491e-15 -0.707107 0.707107
    outer loop
      vertex 90.2497 -68.2682 25.9988
      vertex 91.0111 -68.6279 25.6391
      vertex 92.4 -67.1581 27.1089
    endloop
  endfacet
  facet normal 2.12661e-05 -0.707094 0.70712
    outer loop
      vertex 88.4669 -67.0503 27.2168
      vertex 90.9502 -66.3715 27.8955
      vertex 90.3465 -65.8847 28.3823
    endloop
  endfacet
  facet normal 0 -0.707107 0.707107
    outer loop
      vertex 86.4 -62.8715 31.3955
      vertex 88.9 -62.8715 31.3955
      vertex 88.9 -37.9813 56.2857
    endloop
  endfacet
  facet normal 0 -0.707107 0.707107
    outer loop
      vertex 86.4054 -62.9871 31.2799
      vertex 88.9 -62.8715 31.3955
      vertex 86.4 -62.8715 31.3955
    endloop
  endfacet
  facet normal 9.52747e-15 -0.707107 0.707107
    outer loop
      vertex 88.9 -62.8715 31.3955
      vertex 87.7591 -66.3285 27.9385
      vertex 88.2679 -66.8668 27.4002
    endloop
  endfacet
  facet normal 3.16494e-15 -0.707107 0.707107
    outer loop
      vertex 88.9 -62.8715 31.3955
      vertex 87.5956 -66.1282 28.1388
      vertex 87.7591 -66.3285 27.9385
    endloop
  endfacet
  facet normal -6.05015e-15 -0.707107 0.707107
    outer loop
      vertex 88.9 -62.8715 31.3955
      vertex 87.1907 -65.5475 28.7195
      vertex 87.5956 -66.1282 28.1388
    endloop
  endfacet
  facet normal 8.24489e-16 -0.707107 0.707107
    outer loop
      vertex 86.4652 -63.6332 30.6338
      vertex 88.9 -62.8715 31.3955
      vertex 86.4054 -62.9871 31.2799
    endloop
  endfacet
  facet normal 8.97014e-16 -0.707107 0.707107
    outer loop
      vertex 88.9 -62.8715 31.3955
      vertex 87.0655 -65.3339 28.9331
      vertex 87.1907 -65.5475 28.7195
    endloop
  endfacet
  facet normal -2.37711e-15 -0.707107 0.707107
    outer loop
      vertex 88.9 -62.8715 31.3955
      vertex 86.7712 -64.7208 29.5462
      vertex 87.0655 -65.3339 28.9331
    endloop
  endfacet
  facet normal -3.32753e-05 -0.70716 0.707054
    outer loop
      vertex 86.4652 -37.2196 57.0474
      vertex 88.9 -37.9813 56.2857
      vertex 88.9599 -37.3353 56.9318
    endloop
  endfacet
  facet normal -3.57683e-16 -0.707107 0.707107
    outer loop
      vertex 86.4054 -37.8657 56.4013
      vertex 88.9 -37.9813 56.2857
      vertex 86.4652 -37.2196 57.0474
    endloop
  endfacet
  facet normal 0 -0.707107 0.707107
    outer loop
      vertex 86.4 -62.8715 31.3955
      vertex 88.9 -37.9813 56.2857
      vertex 86.4 -37.9813 56.2857
    endloop
  endfacet
  facet normal 0 -0.707107 0.707107
    outer loop
      vertex 88.9 -37.9813 56.2857
      vertex 86.4054 -37.8657 56.4013
      vertex 86.4 -37.9813 56.2857
    endloop
  endfacet
  facet normal 0.000206934 -0.707226 0.706988
    outer loop
      vertex 88.9 -62.8715 31.3955
      vertex 86.6866 -64.4975 29.7696
      vertex 86.7712 -64.7208 29.5462
    endloop
  endfacet
  facet normal -4.13089e-05 -0.707057 0.707157
    outer loop
      vertex 88.9 -62.8715 31.3955
      vertex 86.5079 -63.8624 30.4046
      vertex 86.6866 -64.4975 29.7696
    endloop
  endfacet
  facet normal 5.18419e-15 -0.707107 0.707107
    outer loop
      vertex 88.9 -62.8715 31.3955
      vertex 86.4652 -63.6332 30.6338
      vertex 86.5079 -63.8624 30.4046
    endloop
  endfacet
  facet normal 4.29041e-05 -0.707152 0.707061
    outer loop
      vertex 89.8378 -65.3464 28.9207
      vertex 88.2679 -66.8668 27.4002
      vertex 90.3465 -65.8847 28.3823
    endloop
  endfacet
  facet normal -2.6883e-05 -0.707116 0.707097
    outer loop
      vertex 89.4328 -64.7657 29.5014
      vertex 88.2679 -66.8668 27.4002
      vertex 89.8378 -65.3464 28.9207
    endloop
  endfacet
  facet normal -3.25332e-05 -0.707115 0.707099
    outer loop
      vertex 89.1385 -64.1526 30.1145
      vertex 88.2679 -66.8668 27.4002
      vertex 89.4328 -64.7657 29.5014
    endloop
  endfacet
  facet normal -4.32743e-05 -0.707113 0.707101
    outer loop
      vertex 88.9599 -63.5176 30.7495
      vertex 88.2679 -66.8668 27.4002
      vertex 89.1385 -64.1526 30.1145
    endloop
  endfacet
  facet normal -0.000436184 -0.707072 0.707141
    outer loop
      vertex 88.2679 -66.8668 27.4002
      vertex 88.9599 -63.5176 30.7495
      vertex 88.9 -62.8715 31.3955
    endloop
  endfacet
  facet normal -5.43155e-15 -0.707107 0.707107
    outer loop
      vertex 89.9903 -32.7253 61.5417
      vertex 90.9502 -34.4813 59.7857
      vertex 91.6387 -34.0544 60.2126
    endloop
  endfacet
  facet normal -4.84902e-05 -0.707154 0.70706
    outer loop
      vertex 90.2497 -32.5846 61.6824
      vertex 92.4 -33.6947 60.5723
      vertex 91.0111 -32.2249 62.0422
    endloop
  endfacet
  facet normal 5.67533e-05 -0.707065 0.707149
    outer loop
      vertex 91.2943 -32.1093 62.1578
      vertex 93.2212 -33.4084 60.8587
      vertex 92.1155 -31.8229 62.4441
    endloop
  endfacet
  facet normal -5.67533e-05 -0.707149 0.707065
    outer loop
      vertex 91.2943 -32.1093 62.1578
      vertex 92.4 -33.6947 60.5723
      vertex 93.2212 -33.4084 60.8587
    endloop
  endfacet
  facet normal -4.56044e-15 -0.707107 0.707107
    outer loop
      vertex 149.6 -33.6947 60.5723
      vertex 150.361 -34.0544 60.2126
      vertex 151.75 -32.5846 61.6824
    endloop
  endfacet
  facet normal 4.85067e-05 -0.707154 0.70706
    outer loop
      vertex 149.6 -33.6947 60.5723
      vertex 151.75 -32.5846 61.6824
      vertex 150.989 -32.2249 62.0422
    endloop
  endfacet
  facet normal 6.96643e-05 -0.707252 0.706962
    outer loop
      vertex 152.567 -36.0871 58.1799
      vertex 154.934 -35.5189 58.7481
      vertex 154.809 -35.3053 58.9618
    endloop
  endfacet
  facet normal -5.95275e-05 -0.707067 0.707147
    outer loop
      vertex 152.567 -36.0871 58.1799
      vertex 154.809 -35.3053 58.9618
      vertex 154.404 -34.7246 59.5424
    endloop
  endfacet
  facet normal -1.17084e-14 -0.707107 0.707107
    outer loop
      vertex 152.567 -36.0871 58.1799
      vertex 154.404 -34.7246 59.5424
      vertex 154.241 -34.5243 59.7427
    endloop
  endfacet
  facet normal 2.351e-05 -0.707096 0.707118
    outer loop
      vertex 152.162 -35.5065 58.7606
      vertex 154.241 -34.5243 59.7427
      vertex 153.732 -33.986 60.281
    endloop
  endfacet
  facet normal 0.000204007 -0.707189 0.707025
    outer loop
      vertex 152.162 -35.5065 58.7606
      vertex 153.732 -33.986 60.281
      vertex 153.533 -33.8026 60.4645
    endloop
  endfacet
  facet normal -2.12589e-05 -0.70712 0.707094
    outer loop
      vertex 151.653 -34.9681 59.2989
      vertex 153.533 -33.8026 60.4645
      vertex 152.929 -33.3158 60.9513
    endloop
  endfacet
  facet normal -0.000217492 -0.707044 0.707169
    outer loop
      vertex 151.653 -34.9681 59.2989
      vertex 152.929 -33.3158 60.9513
      vertex 152.698 -33.1522 61.1148
    endloop
  endfacet
  facet normal 6.8854e-05 -0.707144 0.70707
    outer loop
      vertex 154.241 -34.5243 59.7427
      vertex 152.162 -35.5065 58.7606
      vertex 152.567 -36.0871 58.1799
    endloop
  endfacet
  facet normal 1.77006e-15 -0.707107 0.707107
    outer loop
      vertex 154.934 -35.5189 58.7481
      vertex 152.567 -36.0871 58.1799
      vertex 155.229 -36.132 58.135
    endloop
  endfacet
  facet normal -5.43435e-15 -0.707107 0.707107
    outer loop
      vertex 151.05 -34.4813 59.7857
      vertex 152.698 -33.1522 61.1148
      vertex 152.01 -32.7253 61.5417
    endloop
  endfacet
  facet normal -7.50509e-05 -0.707077 0.707137
    outer loop
      vertex 153.533 -33.8026 60.4645
      vertex 151.653 -34.9681 59.2989
      vertex 152.162 -35.5065 58.7606
    endloop
  endfacet
  facet normal -5.67848e-15 -0.707107 0.707107
    outer loop
      vertex 152.698 -33.1522 61.1148
      vertex 151.05 -34.4813 59.7857
      vertex 151.653 -34.9681 59.2989
    endloop
  endfacet
  facet normal 5.42846e-15 -0.707107 0.707107
    outer loop
      vertex 150.361 -34.0544 60.2126
      vertex 151.05 -34.4813 59.7857
      vertex 152.01 -32.7253 61.5417
    endloop
  endfacet
  facet normal 1.90185e-15 -0.707107 0.707107
    outer loop
      vertex 152.567 -36.0871 58.1799
      vertex 152.861 -36.7002 57.5668
      vertex 155.229 -36.132 58.135
    endloop
  endfacet
  facet normal -1.26756e-05 -0.707164 0.707049
    outer loop
      vertex 152.861 -36.7002 57.5668
      vertex 155.492 -36.9904 57.2766
      vertex 155.313 -36.3554 57.9117
    endloop
  endfacet
  facet normal 1.26756e-05 -0.707049 0.707164
    outer loop
      vertex 152.861 -36.7002 57.5668
      vertex 153.04 -37.3353 56.9318
      vertex 155.492 -36.9904 57.2766
    endloop
  endfacet
  facet normal 2.80966e-05 -0.707104 0.707109
    outer loop
      vertex 153.04 -37.3353 56.9318
      vertex 155.535 -37.2196 57.0474
      vertex 155.492 -36.9904 57.2766
    endloop
  endfacet
  facet normal 0.000120391 -0.706979 0.707234
    outer loop
      vertex 151.653 -65.8847 28.3823
      vertex 153.533 -67.0503 27.2168
      vertex 153.732 -66.8668 27.4002
    endloop
  endfacet
  facet normal -2.12742e-05 -0.707094 0.70712
    outer loop
      vertex 151.05 -66.3715 27.8955
      vertex 153.533 -67.0503 27.2168
      vertex 151.653 -65.8847 28.3823
    endloop
  endfacet
  facet normal 3.71583e-15 -0.707107 0.707107
    outer loop
      vertex 151.75 -68.2682 25.9988
      vertex 151.05 -66.3715 27.8955
      vertex 150.361 -66.7984 27.4686
    endloop
  endfacet
  facet normal 3.39607e-15 -0.707107 0.707107
    outer loop
      vertex 151.75 -68.2682 25.9988
      vertex 150.361 -66.7984 27.4686
      vertex 149.6 -67.1581 27.1089
    endloop
  endfacet
  facet normal 0.000142944 -0.706992 0.707222
    outer loop
      vertex 151.05 -66.3715 27.8955
      vertex 152.698 -67.7006 26.5665
      vertex 152.929 -67.537 26.73
    endloop
  endfacet
  facet normal -1.86576e-05 -0.707092 0.707122
    outer loop
      vertex 151.05 -66.3715 27.8955
      vertex 152.01 -68.1275 26.1396
      vertex 152.698 -67.7006 26.5665
    endloop
  endfacet
  facet normal -0.000226676 -0.707149 0.707065
    outer loop
      vertex 151.05 -66.3715 27.8955
      vertex 151.75 -68.2682 25.9988
      vertex 152.01 -68.1275 26.1396
    endloop
  endfacet
  facet normal 1.08936e-15 -0.707107 0.707107
    outer loop
      vertex 149.6 -67.1581 27.1089
      vertex 150.706 -68.7435 25.5235
      vertex 150.989 -68.6279 25.6391
    endloop
  endfacet
  facet normal 8.33901e-15 -0.707107 0.707107
    outer loop
      vertex 146.264 -69.5852 24.6818
      vertex 147.014 -67.7789 26.4881
      vertex 146.1 -67.8212 26.4458
    endloop
  endfacet
  facet normal -7.89697e-05 -0.70709 0.707123
    outer loop
      vertex 147.014 -67.7789 26.4881
      vertex 146.264 -69.5852 24.6818
      vertex 147.177 -69.5429 24.7242
    endloop
  endfacet
  facet normal 0.0654584 -0.70559 -0.70559
    outer loop
      vertex 146.264 -69.5852 24.6818
      vertex 147.177 -63.886 19.0673
      vertex 147.177 -69.5429 24.7242
    endloop
  endfacet
  facet normal 0.0654584 -0.70559 -0.70559
    outer loop
      vertex 147.177 -63.886 19.0673
      vertex 146.264 -69.5852 24.6818
      vertex 146.264 -63.9284 19.025
    endloop
  endfacet
  facet normal 0.130475 -0.701068 -0.701057
    outer loop
      vertex 147.177 -69.5429 24.7242
      vertex 147.185 -63.8853 19.068
      vertex 147.501 -69.5127 24.7543
    endloop
  endfacet
  facet normal 0.122807 -0.701754 -0.701754
    outer loop
      vertex 147.185 -63.8853 19.068
      vertex 147.177 -69.5429 24.7242
      vertex 147.177 -63.886 19.0673
    endloop
  endfacet
  facet normal 0.130887 -0.701018 -0.70103
    outer loop
      vertex 147.185 -63.8853 19.068
      vertex 147.501 -63.8558 19.0975
      vertex 147.501 -69.5127 24.7543
    endloop
  endfacet
  facet normal 0.195156 -0.693505 -0.693517
    outer loop
      vertex 147.501 -63.8558 19.0975
      vertex 148.399 -69.3864 24.8807
      vertex 147.501 -69.5127 24.7543
    endloop
  endfacet
  facet normal 0.195433 -0.693443 -0.693501
    outer loop
      vertex 148.399 -69.3864 24.8807
      vertex 147.501 -63.8558 19.0975
      vertex 147.523 -63.8527 19.1006
    endloop
  endfacet
  facet normal 0.195073 -0.693522 -0.693522
    outer loop
      vertex 147.523 -63.8527 19.1006
      vertex 148.399 -63.7295 19.2238
      vertex 148.399 -69.3864 24.8807
    endloop
  endfacet
  facet normal 0.25873 -0.683037 -0.683022
    outer loop
      vertex 148.399 -69.3864 24.8807
      vertex 148.407 -63.7281 19.2253
      vertex 148.715 -69.3265 24.9405
    endloop
  endfacet
  facet normal 0.248299 -0.684963 -0.684963
    outer loop
      vertex 148.407 -63.7281 19.2253
      vertex 148.399 -69.3864 24.8807
      vertex 148.399 -63.7295 19.2238
    endloop
  endfacet
  facet normal 0.258793 -0.683024 -0.683012
    outer loop
      vertex 148.407 -63.7281 19.2253
      vertex 148.715 -63.6697 19.2836
      vertex 148.715 -69.3265 24.9405
    endloop
  endfacet
  facet normal 0.321431 -0.669582 -0.669584
    outer loop
      vertex 148.715 -69.3265 24.9405
      vertex 148.736 -63.6646 19.2887
      vertex 149.582 -69.1184 25.1486
    endloop
  endfacet
  facet normal 0.324828 -0.668769 -0.668757
    outer loop
      vertex 148.736 -63.6646 19.2887
      vertex 148.715 -69.3265 24.9405
      vertex 148.715 -63.6697 19.2836
    endloop
  endfacet
  facet normal 0.321417 -0.669586 -0.669586
    outer loop
      vertex 148.736 -63.6646 19.2887
      vertex 149.582 -63.4616 19.4918
      vertex 149.582 -69.1184 25.1486
    endloop
  endfacet
  facet normal 0.381775 -0.653547 -0.653547
    outer loop
      vertex 149.582 -69.1184 25.1486
      vertex 149.885 -63.3731 19.5803
      vertex 149.885 -69.0299 25.2371
    endloop
  endfacet
  facet normal 0.381775 -0.653547 -0.653547
    outer loop
      vertex 149.885 -63.3731 19.5803
      vertex 149.582 -69.1184 25.1486
      vertex 149.582 -63.4616 19.4918
    endloop
  endfacet
  facet normal 0.442428 -0.634142 -0.634131
    outer loop
      vertex 149.885 -69.0299 25.2371
      vertex 150.706 -63.0867 19.8666
      vertex 150.706 -68.7435 25.5235
    endloop
  endfacet
  facet normal 0.442366 -0.634158 -0.634158
    outer loop
      vertex 150.706 -63.0867 19.8666
      vertex 149.885 -69.0299 25.2371
      vertex 149.885 -63.3731 19.5803
    endloop
  endfacet
  facet normal 0.500213 -0.612291 -0.61228
    outer loop
      vertex 150.706 -68.7435 25.5235
      vertex 150.989 -62.9711 19.9822
      vertex 150.989 -68.6279 25.6391
    endloop
  endfacet
  facet normal 0.500213 -0.612291 -0.61228
    outer loop
      vertex 150.989 -62.9711 19.9822
      vertex 150.706 -68.7435 25.5235
      vertex 150.706 -63.0867 19.8666
    endloop
  endfacet
  facet normal 0.555728 -0.587869 -0.587858
    outer loop
      vertex 150.989 -68.6279 25.6391
      vertex 151.75 -62.6114 20.3419
      vertex 151.75 -68.2682 25.9988
    endloop
  endfacet
  facet normal 0.555728 -0.587869 -0.587858
    outer loop
      vertex 151.75 -62.6114 20.3419
      vertex 150.989 -68.6279 25.6391
      vertex 150.989 -62.9711 19.9822
    endloop
  endfacet
  facet normal 0.608024 -0.561385 -0.561385
    outer loop
      vertex 152.01 -68.1275 26.1396
      vertex 151.75 -62.6114 20.3419
      vertex 152.01 -62.4706 20.4827
    endloop
  endfacet
  facet normal 0.607888 -0.561464 -0.561454
    outer loop
      vertex 151.75 -62.6114 20.3419
      vertex 152.01 -68.1275 26.1396
      vertex 151.75 -68.2682 25.9988
    endloop
  endfacet
  facet normal 0.659573 -0.531446 -0.531534
    outer loop
      vertex 152.01 -68.1275 26.1396
      vertex 152.026 -62.4602 20.4931
      vertex 152.698 -67.7006 26.5665
    endloop
  endfacet
  facet normal 0.676753 -0.520579 -0.520579
    outer loop
      vertex 152.026 -62.4602 20.4931
      vertex 152.01 -68.1275 26.1396
      vertex 152.01 -62.4706 20.4827
    endloop
  endfacet
  facet normal 0.659151 -0.531752 -0.531752
    outer loop
      vertex 152.026 -62.4602 20.4931
      vertex 152.698 -62.0437 20.9096
      vertex 152.698 -67.7006 26.5665
    endloop
  endfacet
  facet normal 0.707557 -0.499703 -0.499659
    outer loop
      vertex 152.698 -67.7006 26.5665
      vertex 152.704 -62.0397 20.9136
      vertex 152.929 -67.537 26.73
    endloop
  endfacet
  facet normal 0.685994 -0.514496 -0.514496
    outer loop
      vertex 152.704 -62.0397 20.9136
      vertex 152.698 -67.7006 26.5665
      vertex 152.698 -62.0437 20.9096
    endloop
  endfacet
  facet normal 0.707996 -0.499375 -0.499366
    outer loop
      vertex 152.704 -62.0397 20.9136
      vertex 152.929 -61.8802 21.0731
      vertex 152.929 -67.537 26.73
    endloop
  endfacet
  facet normal 0.751702 -0.466339 -0.466339
    outer loop
      vertex 153.533 -67.0503 27.2168
      vertex 152.929 -61.8802 21.0731
      vertex 153.533 -61.3934 21.5599
    endloop
  endfacet
  facet normal 0.751668 -0.46637 -0.466362
    outer loop
      vertex 152.929 -61.8802 21.0731
      vertex 153.533 -67.0503 27.2168
      vertex 152.929 -67.537 26.73
    endloop
  endfacet
  facet normal 0.793382 -0.430437 -0.430429
    outer loop
      vertex 153.732 -66.8668 27.4002
      vertex 153.533 -61.3934 21.5599
      vertex 153.732 -61.21 21.7433
    endloop
  endfacet
  facet normal 0.793462 -0.430359 -0.430359
    outer loop
      vertex 153.533 -61.3934 21.5599
      vertex 153.732 -66.8668 27.4002
      vertex 153.533 -67.0503 27.2168
    endloop
  endfacet
  facet normal 0.831301 -0.393068 -0.392985
    outer loop
      vertex 153.732 -66.8668 27.4002
      vertex 153.745 -61.1968 21.7565
      vertex 154.241 -66.3285 27.9385
    endloop
  endfacet
  facet normal 0.82062 -0.404097 -0.40409
    outer loop
      vertex 153.745 -61.1968 21.7565
      vertex 153.732 -66.8668 27.4002
      vertex 153.732 -61.21 21.7433
    endloop
  endfacet
  facet normal 0.831618 -0.392687 -0.392694
    outer loop
      vertex 153.745 -61.1968 21.7565
      vertex 154.241 -60.6716 22.2817
      vertex 154.241 -66.3285 27.9385
    endloop
  endfacet
  facet normal 0.866746 -0.352668 -0.352672
    outer loop
      vertex 154.241 -66.3285 27.9385
      vertex 154.245 -60.6667 22.2866
      vertex 154.404 -66.1282 28.1388
    endloop
  endfacet
  facet normal 0.86607 -0.353495 -0.353501
    outer loop
      vertex 154.245 -60.6667 22.2866
      vertex 154.241 -66.3285 27.9385
      vertex 154.241 -60.6716 22.2817
    endloop
  endfacet
  facet normal 0.866652 -0.352788 -0.352782
    outer loop
      vertex 154.245 -60.6667 22.2866
      vertex 154.404 -60.4714 22.4819
      vertex 154.404 -66.1282 28.1388
    endloop
  endfacet
  facet normal 0.896867 -0.312763 -0.312743
    outer loop
      vertex 154.404 -66.1282 28.1388
      vertex 154.414 -60.4572 22.4961
      vertex 154.809 -65.5475 28.7195
    endloop
  endfacet
  facet normal 0.895156 -0.315198 -0.315193
    outer loop
      vertex 154.414 -60.4572 22.4961
      vertex 154.404 -66.1282 28.1388
      vertex 154.404 -60.4714 22.4819
    endloop
  endfacet
  facet normal 0.89691 -0.312694 -0.312689
    outer loop
      vertex 154.414 -60.4572 22.4961
      vertex 154.809 -59.8907 23.0626
      vertex 154.809 -65.5475 28.7195
    endloop
  endfacet
  facet normal 0.924077 -0.270259 -0.270263
    outer loop
      vertex 154.934 -65.3339 28.9331
      vertex 154.809 -59.8907 23.0626
      vertex 154.934 -59.677 23.2763
    endloop
  endfacet
  facet normal 0.924014 -0.270372 -0.270367
    outer loop
      vertex 154.809 -59.8907 23.0626
      vertex 154.934 -65.3339 28.9331
      vertex 154.809 -65.5475 28.7195
    endloop
  endfacet
  facet normal 0.946706 -0.227827 -0.227692
    outer loop
      vertex 154.934 -65.3339 28.9331
      vertex 154.942 -59.6621 23.2912
      vertex 155.229 -64.7208 29.5462
    endloop
  endfacet
  facet normal 0.934891 -0.250975 -0.25098
    outer loop
      vertex 154.942 -59.6621 23.2912
      vertex 154.934 -65.3339 28.9331
      vertex 154.934 -59.677 23.2763
    endloop
  endfacet
  facet normal 0.946989 -0.227168 -0.227172
    outer loop
      vertex 154.942 -59.6621 23.2912
      vertex 155.229 -59.0639 23.8894
      vertex 155.229 -64.7208 29.5462
    endloop
  endfacet
  facet normal 0.96641 -0.181725 -0.181734
    outer loop
      vertex 155.229 -64.7208 29.5462
      vertex 155.231 -59.0585 23.8948
      vertex 155.313 -64.4975 29.7696
    endloop
  endfacet
  facet normal 0.967375 -0.179142 -0.179145
    outer loop
      vertex 155.231 -59.0585 23.8948
      vertex 155.229 -64.7208 29.5462
      vertex 155.229 -59.0639 23.8894
    endloop
  endfacet
  facet normal 0.966372 -0.181832 -0.181832
    outer loop
      vertex 155.231 -59.0585 23.8948
      vertex 155.313 -58.8406 24.1127
      vertex 155.313 -64.4975 29.7696
    endloop
  endfacet
  facet normal 0.980711 -0.13827 -0.138161
    outer loop
      vertex 155.313 -64.4975 29.7696
      vertex 155.318 -58.8251 24.1282
      vertex 155.492 -63.8624 30.4046
    endloop
  endfacet
  facet normal 0.974958 -0.157251 -0.157251
    outer loop
      vertex 155.318 -58.8251 24.1282
      vertex 155.313 -64.4975 29.7696
      vertex 155.313 -58.8406 24.1127
    endloop
  endfacet
  facet normal 0.980843 -0.137747 -0.137744
    outer loop
      vertex 155.318 -58.8251 24.1282
      vertex 155.492 -58.2056 24.7477
      vertex 155.492 -63.8624 30.4046
    endloop
  endfacet
  facet normal 0.991315 -0.0929862 -0.0929935
    outer loop
      vertex 155.492 -63.8624 30.4046
      vertex 155.493 -58.2 24.7533
      vertex 155.535 -63.6332 30.6338
    endloop
  endfacet
  facet normal 0.992122 -0.0885831 -0.0885816
    outer loop
      vertex 155.493 -58.2 24.7533
      vertex 155.492 -63.8624 30.4046
      vertex 155.492 -58.2056 24.7477
    endloop
  endfacet
  facet normal 0.991302 -0.0930584 -0.09306
    outer loop
      vertex 155.493 -58.2 24.7533
      vertex 155.535 -57.9763 24.977
      vertex 155.535 -63.6332 30.6338
    endloop
  endfacet
  facet normal 0.997851 -0.0462919 -0.0463735
    outer loop
      vertex 155.535 -63.6332 30.6338
      vertex 155.536 -57.9606 24.9927
      vertex 155.595 -62.9871 31.2799
    endloop
  endfacet
  facet normal 0.998987 -0.0318146 -0.0318152
    outer loop
      vertex 155.536 -57.9606 24.9927
      vertex 155.535 -63.6332 30.6338
      vertex 155.535 -57.9763 24.977
    endloop
  endfacet
  facet normal 0.997817 -0.0466972 -0.0466972
    outer loop
      vertex 155.536 -57.9606 24.9927
      vertex 155.595 -57.3303 25.6231
      vertex 155.595 -62.9871 31.2799
    endloop
  endfacet
  facet normal 0.999533 -0.0216067 -0.021607
    outer loop
      vertex 155.6 -62.8715 31.3955
      vertex 155.595 -57.3303 25.6231
      vertex 155.6 -57.2146 25.7387
    endloop
  endfacet
  facet normal 0.999533 -0.0216162 -0.0216162
    outer loop
      vertex 155.595 -57.3303 25.6231
      vertex 155.6 -62.8715 31.3955
      vertex 155.595 -62.9871 31.2799
    endloop
  endfacet
  facet normal 1 0 0
    outer loop
      vertex 155.6 -37.9813 56.2857
      vertex 155.6 -57.2146 25.7387
      vertex 155.6 -32.3245 50.6288
    endloop
  endfacet
  facet normal 1 0 -0
    outer loop
      vertex 155.6 -57.2146 25.7387
      vertex 155.6 -37.9813 56.2857
      vertex 155.6 -62.8715 31.3955
    endloop
  endfacet
  facet normal 0.999533 0.0215973 0.0215977
    outer loop
      vertex 155.595 -37.8657 56.4013
      vertex 155.6 -32.3245 50.6288
      vertex 155.595 -32.2088 50.7445
    endloop
  endfacet
  facet normal 0.999533 0.0216164 0.021616
    outer loop
      vertex 155.6 -32.3245 50.6288
      vertex 155.595 -37.8657 56.4013
      vertex 155.6 -37.9813 56.2857
    endloop
  endfacet
  facet normal 0.997851 0.0463801 0.0462853
    outer loop
      vertex 155.595 -37.8657 56.4013
      vertex 155.593 -32.1931 50.7602
      vertex 155.535 -37.2196 57.0474
    endloop
  endfacet
  facet normal 0.995968 0.0634369 0.063438
    outer loop
      vertex 155.593 -32.1931 50.7602
      vertex 155.595 -37.8657 56.4013
      vertex 155.595 -32.2088 50.7445
    endloop
  endfacet
  facet normal 0.99789 0.0459132 0.0459123
    outer loop
      vertex 155.535 -37.2196 57.0474
      vertex 155.593 -32.1931 50.7602
      vertex 155.535 -31.5628 51.3905
    endloop
  endfacet
  facet normal 0.991323 0.0929492 0.0929508
    outer loop
      vertex 155.492 -36.9904 57.2766
      vertex 155.535 -31.5628 51.3905
      vertex 155.492 -31.3335 51.6198
    endloop
  endfacet
  facet normal 0.991315 0.0929907 0.092989
    outer loop
      vertex 155.535 -31.5628 51.3905
      vertex 155.492 -36.9904 57.2766
      vertex 155.535 -37.2196 57.0474
    endloop
  endfacet
  facet normal 0.980708 0.138226 0.138226
    outer loop
      vertex 155.313 -36.3554 57.9117
      vertex 155.492 -31.3335 51.6198
      vertex 155.313 -30.6985 52.2548
    endloop
  endfacet
  facet normal 0.980711 0.138214 0.138216
    outer loop
      vertex 155.492 -31.3335 51.6198
      vertex 155.313 -36.3554 57.9117
      vertex 155.492 -36.9904 57.2766
    endloop
  endfacet
  facet normal 0.96641 0.181725 0.181734
    outer loop
      vertex 155.313 -36.3554 57.9117
      vertex 155.311 -30.6931 52.2603
      vertex 155.229 -36.132 58.135
    endloop
  endfacet
  facet normal 0.967943 0.177604 0.177604
    outer loop
      vertex 155.311 -30.6931 52.2603
      vertex 155.313 -36.3554 57.9117
      vertex 155.313 -30.6985 52.2548
    endloop
  endfacet
  facet normal 0.966357 0.181873 0.18187
    outer loop
      vertex 155.229 -36.132 58.135
      vertex 155.311 -30.6931 52.2603
      vertex 155.229 -30.4752 52.4781
    endloop
  endfacet
  facet normal 0.946706 0.227743 0.227775
    outer loop
      vertex 155.229 -36.132 58.135
      vertex 155.222 -30.4602 52.4931
      vertex 154.934 -35.5189 58.7481
    endloop
  endfacet
  facet normal 0.949633 0.221583 0.221579
    outer loop
      vertex 155.222 -30.4602 52.4931
      vertex 155.229 -36.132 58.135
      vertex 155.229 -30.4752 52.4781
    endloop
  endfacet
  facet normal 0.946631 0.227915 0.227911
    outer loop
      vertex 154.934 -35.5189 58.7481
      vertex 155.222 -30.4602 52.4931
      vertex 154.934 -29.8621 53.0912
    endloop
  endfacet
  facet normal 0.924045 0.270312 0.270319
    outer loop
      vertex 154.934 -35.5189 58.7481
      vertex 154.931 -29.8569 53.0965
      vertex 154.809 -35.3053 58.9618
    endloop
  endfacet
  facet normal 0.927173 0.264909 0.264904
    outer loop
      vertex 154.931 -29.8569 53.0965
      vertex 154.934 -35.5189 58.7481
      vertex 154.934 -29.8621 53.0912
    endloop
  endfacet
  facet normal 0.923998 0.270395 0.270395
    outer loop
      vertex 154.809 -35.3053 58.9618
      vertex 154.931 -29.8569 53.0965
      vertex 154.809 -29.6484 53.3049
    endloop
  endfacet
  facet normal 0.896852 0.312785 0.312764
    outer loop
      vertex 154.809 -35.3053 58.9618
      vertex 154.799 -29.6343 53.3191
      vertex 154.404 -34.7246 59.5424
    endloop
  endfacet
  facet normal 0.894527 0.316087 0.316087
    outer loop
      vertex 154.799 -29.6343 53.3191
      vertex 154.809 -35.3053 58.9618
      vertex 154.809 -29.6484 53.3049
    endloop
  endfacet
  facet normal 0.896926 0.312667 0.312672
    outer loop
      vertex 154.404 -34.7246 59.5424
      vertex 154.799 -29.6343 53.3191
      vertex 154.404 -29.0677 53.8856
    endloop
  endfacet
  facet normal 0.866746 0.352668 0.352672
    outer loop
      vertex 154.404 -34.7246 59.5424
      vertex 154.4 -29.0628 53.8905
      vertex 154.241 -34.5243 59.7427
    endloop
  endfacet
  facet normal 0.86607 0.353495 0.353501
    outer loop
      vertex 154.4 -29.0628 53.8905
      vertex 154.404 -34.7246 59.5424
      vertex 154.404 -29.0677 53.8856
    endloop
  endfacet
  facet normal 0.866652 0.352788 0.352782
    outer loop
      vertex 154.241 -34.5243 59.7427
      vertex 154.4 -29.0628 53.8905
      vertex 154.241 -28.8675 54.0858
    endloop
  endfacet
  facet normal 0.831301 0.393068 0.392985
    outer loop
      vertex 154.241 -34.5243 59.7427
      vertex 154.228 -28.8543 54.099
      vertex 153.732 -33.986 60.281
    endloop
  endfacet
  facet normal 0.82062 0.404097 0.40409
    outer loop
      vertex 154.228 -28.8543 54.099
      vertex 154.241 -34.5243 59.7427
      vertex 154.241 -28.8675 54.0858
    endloop
  endfacet
  facet normal 0.831618 0.392687 0.392694
    outer loop
      vertex 153.732 -33.986 60.281
      vertex 154.228 -28.8543 54.099
      vertex 153.732 -28.3291 54.6242
    endloop
  endfacet
  facet normal 0.793462 0.430368 0.430351
    outer loop
      vertex 153.732 -33.986 60.281
      vertex 153.727 -28.3247 54.6287
      vertex 153.533 -33.8026 60.4645
    endloop
  endfacet
  facet normal 0.782964 0.439864 0.439871
    outer loop
      vertex 153.727 -28.3247 54.6287
      vertex 153.732 -33.986 60.281
      vertex 153.732 -28.3291 54.6242
    endloop
  endfacet
  facet normal 0.793641 0.430194 0.430194
    outer loop
      vertex 153.533 -33.8026 60.4645
      vertex 153.727 -28.3247 54.6287
      vertex 153.533 -28.1457 54.8076
    endloop
  endfacet
  facet normal 0.751702 0.466355 0.466324
    outer loop
      vertex 153.533 -33.8026 60.4645
      vertex 153.518 -28.1338 54.8195
      vertex 152.929 -33.3158 60.9513
    endloop
  endfacet
  facet normal 0.746511 0.47049 0.47049
    outer loop
      vertex 153.518 -28.1338 54.8195
      vertex 153.533 -33.8026 60.4645
      vertex 153.533 -28.1457 54.8076
    endloop
  endfacet
  facet normal 0.751832 0.466234 0.466234
    outer loop
      vertex 152.929 -33.3158 60.9513
      vertex 153.518 -28.1338 54.8195
      vertex 152.929 -27.6589 55.2944
    endloop
  endfacet
  facet normal 0.707557 0.499641 0.499722
    outer loop
      vertex 152.929 -33.3158 60.9513
      vertex 152.924 -27.6549 55.2984
      vertex 152.698 -33.1522 61.1148
    endloop
  endfacet
  facet normal 0.749269 0.468293 0.468293
    outer loop
      vertex 152.924 -27.6549 55.2984
      vertex 152.929 -33.3158 60.9513
      vertex 152.929 -27.6589 55.2944
    endloop
  endfacet
  facet normal 0.706429 0.500484 0.500475
    outer loop
      vertex 152.698 -33.1522 61.1148
      vertex 152.924 -27.6549 55.2984
      vertex 152.698 -27.4954 55.4579
    endloop
  endfacet
  facet normal 0.659573 0.531509 0.531471
    outer loop
      vertex 152.698 -33.1522 61.1148
      vertex 152.681 -27.485 55.4683
      vertex 152.01 -32.7253 61.5417
    endloop
  endfacet
  facet normal 0.654282 0.534755 0.534745
    outer loop
      vertex 152.681 -27.485 55.4683
      vertex 152.698 -33.1522 61.1148
      vertex 152.698 -27.4954 55.4579
    endloop
  endfacet
  facet normal 0.659706 0.531412 0.531403
    outer loop
      vertex 152.01 -32.7253 61.5417
      vertex 152.681 -27.485 55.4683
      vertex 152.01 -27.0685 55.8848
    endloop
  endfacet
  facet normal 0.607751 0.561571 0.561494
    outer loop
      vertex 152.01 -32.7253 61.5417
      vertex 152.003 -27.0651 55.8883
      vertex 151.75 -32.5846 61.6824
    endloop
  endfacet
  facet normal 0.571812 0.580105 0.580094
    outer loop
      vertex 152.003 -27.0651 55.8883
      vertex 152.01 -32.7253 61.5417
      vertex 152.01 -27.0685 55.8848
    endloop
  endfacet
  facet normal 0.608976 0.560864 0.560874
    outer loop
      vertex 151.75 -32.5846 61.6824
      vertex 152.003 -27.0651 55.8883
      vertex 151.75 -26.9277 56.0256
    endloop
  endfacet
  facet normal 0.555781 0.587808 0.587868
    outer loop
      vertex 151.75 -32.5846 61.6824
      vertex 151.732 -26.919 56.0344
      vertex 150.989 -32.2249 62.0422
    endloop
  endfacet
  facet normal 0.566509 0.58269 0.5827
    outer loop
      vertex 151.732 -26.919 56.0344
      vertex 151.75 -32.5846 61.6824
      vertex 151.75 -26.9277 56.0256
    endloop
  endfacet
  facet normal 0.555463 0.587988 0.587988
    outer loop
      vertex 150.989 -32.2249 62.0422
      vertex 151.732 -26.919 56.0344
      vertex 150.989 -26.568 56.3853
    endloop
  endfacet
  facet normal 0.500213 0.612285 0.612285
    outer loop
      vertex 150.989 -32.2249 62.0422
      vertex 150.706 -26.4524 56.5009
      vertex 150.706 -32.1093 62.1578
    endloop
  endfacet
  facet normal 0.500213 0.612285 0.612285
    outer loop
      vertex 150.706 -26.4524 56.5009
      vertex 150.989 -32.2249 62.0422
      vertex 150.989 -26.568 56.3853
    endloop
  endfacet
  facet normal 0.442366 0.634155 0.634161
    outer loop
      vertex 150.706 -32.1093 62.1578
      vertex 150.686 -26.4454 56.5079
      vertex 149.885 -31.8229 62.4441
    endloop
  endfacet
  facet normal 0.443607 0.633724 0.633724
    outer loop
      vertex 150.686 -26.4454 56.5079
      vertex 150.706 -32.1093 62.1578
      vertex 150.706 -26.4524 56.5009
    endloop
  endfacet
  facet normal 0.442398 0.634141 0.634152
    outer loop
      vertex 149.885 -31.8229 62.4441
      vertex 150.686 -26.4454 56.5079
      vertex 149.885 -26.166 56.7873
    endloop
  endfacet
  facet normal 0.381775 0.653569 0.653526
    outer loop
      vertex 149.885 -31.8229 62.4441
      vertex 149.877 -26.1639 56.7894
      vertex 149.582 -31.7344 62.5326
    endloop
  endfacet
  facet normal 0.348024 0.662897 0.662908
    outer loop
      vertex 149.877 -26.1639 56.7894
      vertex 149.885 -31.8229 62.4441
      vertex 149.885 -26.166 56.7873
    endloop
  endfacet
  facet normal 0.38267 0.65328 0.653291
    outer loop
      vertex 149.582 -31.7344 62.5326
      vertex 149.877 -26.1639 56.7894
      vertex 149.582 -26.0775 56.8758
    endloop
  endfacet
  facet normal 0.321431 0.669577 0.669589
    outer loop
      vertex 149.582 -31.7344 62.5326
      vertex 148.715 -25.8694 57.0839
      vertex 148.715 -31.5263 62.7407
    endloop
  endfacet
  facet normal 0.321431 0.669577 0.669589
    outer loop
      vertex 148.715 -25.8694 57.0839
      vertex 149.582 -31.7344 62.5326
      vertex 149.582 -26.0775 56.8758
    endloop
  endfacet
  facet normal 0.258932 0.68297 0.683012
    outer loop
      vertex 148.715 -31.5263 62.7407
      vertex 148.708 -25.868 57.0854
      vertex 148.399 -31.4664 62.8006
    endloop
  endfacet
  facet normal 0.28113 0.678583 0.678595
    outer loop
      vertex 148.708 -25.868 57.0854
      vertex 148.715 -31.5263 62.7407
      vertex 148.715 -25.8694 57.0839
    endloop
  endfacet
  facet normal 0.258011 0.683172 0.683159
    outer loop
      vertex 148.399 -31.4664 62.8006
      vertex 148.708 -25.868 57.0854
      vertex 148.399 -25.8096 57.1437
    endloop
  endfacet
  facet normal 0.195082 0.693509 0.693533
    outer loop
      vertex 148.399 -31.4664 62.8006
      vertex 148.378 -25.8065 57.1468
      vertex 147.501 -31.3401 62.9269
    endloop
  endfacet
  facet normal 0.204359 0.69219 0.692178
    outer loop
      vertex 148.378 -25.8065 57.1468
      vertex 148.399 -31.4664 62.8006
      vertex 148.399 -25.8096 57.1437
    endloop
  endfacet
  facet normal 0.194859 0.693559 0.693546
    outer loop
      vertex 147.501 -31.3401 62.9269
      vertex 148.378 -25.8065 57.1468
      vertex 147.501 -25.6833 57.27
    endloop
  endfacet
  facet normal 0.130475 0.701061 0.701063
    outer loop
      vertex 147.501 -31.3401 62.9269
      vertex 147.493 -25.6825 57.2708
      vertex 147.177 -31.31 62.9571
    endloop
  endfacet
  facet normal 0.140028 0.700146 0.700134
    outer loop
      vertex 147.493 -25.6825 57.2708
      vertex 147.501 -31.3401 62.9269
      vertex 147.501 -25.6833 57.27
    endloop
  endfacet
  facet normal 0.130451 0.701064 0.701064
    outer loop
      vertex 147.177 -31.31 62.9571
      vertex 147.493 -25.6825 57.2708
      vertex 147.177 -25.6531 57.3002
    endloop
  endfacet
  facet normal 0.0654584 0.705587 0.705594
    outer loop
      vertex 147.177 -31.31 62.9571
      vertex 147.155 -25.6521 57.3013
      vertex 146.264 -31.2676 62.9994
    endloop
  endfacet
  facet normal 0.0673433 0.705502 0.705502
    outer loop
      vertex 147.155 -25.6521 57.3013
      vertex 147.177 -31.31 62.9571
      vertex 147.177 -25.6531 57.3002
    endloop
  endfacet
  facet normal 0.0654907 0.705583 0.705595
    outer loop
      vertex 146.264 -31.2676 62.9994
      vertex 147.155 -25.6521 57.3013
      vertex 146.264 -25.6107 57.3426
    endloop
  endfacet
  facet normal 0.0327508 0.706727 0.706727
    outer loop
      vertex 146.264 -31.2676 62.9994
      vertex 146.1 -25.607 57.3464
      vertex 146.1 -31.2638 63.0032
    endloop
  endfacet
  facet normal 0.0323203 0.706731 0.706744
    outer loop
      vertex 146.1 -25.607 57.3464
      vertex 146.264 -31.2676 62.9994
      vertex 146.264 -25.6107 57.3426
    endloop
  endfacet
  facet normal -0 0.707107 0.707107
    outer loop
      vertex 95.9 -25.607 57.3464
      vertex 146.1 -31.2638 63.0032
      vertex 146.1 -25.607 57.3464
    endloop
  endfacet
  facet normal 0 0.707107 0.707107
    outer loop
      vertex 146.1 -31.2638 63.0032
      vertex 95.9 -25.607 57.3464
      vertex 95.9 -31.2638 63.0032
    endloop
  endfacet
  facet normal -0.0328508 0.706725 0.706725
    outer loop
      vertex 95.9 -25.607 57.3464
      vertex 95.7365 -31.2676 62.9994
      vertex 95.9 -31.2638 63.0032
    endloop
  endfacet
  facet normal -0.032419 0.706729 0.706741
    outer loop
      vertex 95.7365 -31.2676 62.9994
      vertex 95.9 -25.607 57.3464
      vertex 95.7365 -25.6107 57.3426
    endloop
  endfacet
  facet normal -0.0695903 0.705386 0.705399
    outer loop
      vertex 95.7142 -25.6118 57.3415
      vertex 95.7365 -31.2676 62.9994
      vertex 95.7365 -25.6107 57.3426
    endloop
  endfacet
  facet normal -0.0654084 0.705595 0.705591
    outer loop
      vertex 95.7365 -31.2676 62.9994
      vertex 95.7142 -25.6118 57.3415
      vertex 94.8228 -31.31 62.9571
    endloop
  endfacet
  facet normal -0.0653826 0.705594 0.705594
    outer loop
      vertex 94.8228 -31.31 62.9571
      vertex 95.7142 -25.6118 57.3415
      vertex 94.8228 -25.6531 57.3002
    endloop
  endfacet
  facet normal -0.130396 0.701069 0.701069
    outer loop
      vertex 94.8228 -25.6531 57.3002
      vertex 94.4986 -31.3401 62.9269
      vertex 94.8228 -31.31 62.9571
    endloop
  endfacet
  facet normal -0.124338 0.701443 0.701796
    outer loop
      vertex 94.4986 -31.3401 62.9269
      vertex 94.8228 -25.6531 57.3002
      vertex 94.8149 -25.6538 57.2995
    endloop
  endfacet
  facet normal -0.130765 0.701041 0.701029
    outer loop
      vertex 94.4986 -31.3401 62.9269
      vertex 94.8149 -25.6538 57.2995
      vertex 94.4986 -25.6833 57.27
    endloop
  endfacet
  facet normal -0.195061 0.69353 0.693518
    outer loop
      vertex 94.4986 -25.6833 57.27
      vertex 93.6005 -31.4664 62.8006
      vertex 94.4986 -31.3401 62.9269
    endloop
  endfacet
  facet normal -0.193244 0.693635 0.693922
    outer loop
      vertex 93.6005 -31.4664 62.8006
      vertex 94.4986 -25.6833 57.27
      vertex 94.4767 -25.6864 57.267
    endloop
  endfacet
  facet normal -0.195106 0.693524 0.693512
    outer loop
      vertex 93.6005 -31.4664 62.8006
      vertex 94.4767 -25.6864 57.267
      vertex 93.6005 -25.8096 57.1437
    endloop
  endfacet
  facet normal -0.259085 0.682968 0.682956
    outer loop
      vertex 93.6005 -25.8096 57.1437
      vertex 93.2847 -31.5263 62.7407
      vertex 93.6005 -31.4664 62.8006
    endloop
  endfacet
  facet normal -0.249029 0.684536 0.685124
    outer loop
      vertex 93.2847 -31.5263 62.7407
      vertex 93.6005 -25.8096 57.1437
      vertex 93.5928 -25.811 57.1423
    endloop
  endfacet
  facet normal -0.258921 0.682987 0.682999
    outer loop
      vertex 93.2847 -31.5263 62.7407
      vertex 93.5928 -25.811 57.1423
      vertex 93.2847 -25.8694 57.0839
    endloop
  endfacet
  facet normal -0.321397 0.669585 0.669597
    outer loop
      vertex 93.2847 -25.8694 57.0839
      vertex 92.4176 -31.7344 62.5326
      vertex 93.2847 -31.5263 62.7407
    endloop
  endfacet
  facet normal -0.321397 0.669585 0.669597
    outer loop
      vertex 92.4176 -31.7344 62.5326
      vertex 93.2847 -25.8694 57.0839
      vertex 92.4176 -26.0775 56.8758
    endloop
  endfacet
  facet normal -0.392077 0.650485 0.650496
    outer loop
      vertex 92.4103 -26.0797 56.8736
      vertex 92.4176 -31.7344 62.5326
      vertex 92.4176 -26.0775 56.8758
    endloop
  endfacet
  facet normal -0.382746 0.653264 0.653262
    outer loop
      vertex 92.4176 -31.7344 62.5326
      vertex 92.4103 -26.0797 56.8736
      vertex 92.1155 -31.8229 62.4441
    endloop
  endfacet
  facet normal -0.382513 0.653325 0.653337
    outer loop
      vertex 92.1155 -31.8229 62.4441
      vertex 92.4103 -26.0797 56.8736
      vertex 92.1155 -26.166 56.7873
    endloop
  endfacet
  facet normal -0.442279 0.634183 0.634194
    outer loop
      vertex 92.1155 -26.166 56.7873
      vertex 91.2943 -32.1093 62.1578
      vertex 92.1155 -31.8229 62.4441
    endloop
  endfacet
  facet normal -0.443607 0.633839 0.63361
    outer loop
      vertex 91.2943 -32.1093 62.1578
      vertex 92.1155 -26.166 56.7873
      vertex 92.0955 -26.173 56.7803
    endloop
  endfacet
  facet normal -0.44231 0.634178 0.634178
    outer loop
      vertex 91.2943 -32.1093 62.1578
      vertex 92.0955 -26.173 56.7803
      vertex 91.2943 -26.4524 56.5009
    endloop
  endfacet
  facet normal -0.499948 0.612394 0.612394
    outer loop
      vertex 91.2943 -26.4524 56.5009
      vertex 91.0111 -32.2249 62.0422
      vertex 91.2943 -32.1093 62.1578
    endloop
  endfacet
  facet normal -0.499948 0.612394 0.612394
    outer loop
      vertex 91.0111 -32.2249 62.0422
      vertex 91.2943 -26.4524 56.5009
      vertex 91.0111 -26.568 56.3853
    endloop
  endfacet
  facet normal -0.555579 0.587933 0.587933
    outer loop
      vertex 91.0111 -26.568 56.3853
      vertex 90.2497 -32.5846 61.6824
      vertex 91.0111 -32.2249 62.0422
    endloop
  endfacet
  facet normal -0.556094 0.58774 0.58764
    outer loop
      vertex 90.2497 -32.5846 61.6824
      vertex 91.0111 -26.568 56.3853
      vertex 90.9925 -26.5768 56.3765
    endloop
  endfacet
  facet normal -0.555512 0.58796 0.587971
    outer loop
      vertex 90.2497 -32.5846 61.6824
      vertex 90.9925 -26.5768 56.3765
      vertex 90.2497 -26.9277 56.0256
    endloop
  endfacet
  facet normal -0.617802 0.556017 0.556027
    outer loop
      vertex 90.2434 -26.9312 56.0221
      vertex 90.2497 -32.5846 61.6824
      vertex 90.2497 -26.9277 56.0256
    endloop
  endfacet
  facet normal -0.608637 0.561056 0.56105
    outer loop
      vertex 90.2497 -32.5846 61.6824
      vertex 90.2434 -26.9312 56.0221
      vertex 89.9903 -32.7253 61.5417
    endloop
  endfacet
  facet normal -0.608685 0.561032 0.561022
    outer loop
      vertex 89.9903 -32.7253 61.5417
      vertex 90.2434 -26.9312 56.0221
      vertex 89.9903 -27.0685 55.8848
    endloop
  endfacet
  facet normal -0.658703 0.532034 0.532025
    outer loop
      vertex 89.9735 -27.0789 55.8744
      vertex 89.9903 -32.7253 61.5417
      vertex 89.9903 -27.0685 55.8848
    endloop
  endfacet
  facet normal -0.659356 0.531627 0.531621
    outer loop
      vertex 89.9903 -32.7253 61.5417
      vertex 89.9735 -27.0789 55.8744
      vertex 89.3019 -33.1522 61.1148
    endloop
  endfacet
  facet normal -0.659373 0.531619 0.53161
    outer loop
      vertex 89.3019 -33.1522 61.1148
      vertex 89.9735 -27.0789 55.8744
      vertex 89.3019 -27.4954 55.4579
    endloop
  endfacet
  facet normal -0.710669 0.497473 0.497464
    outer loop
      vertex 89.2963 -27.4994 55.4539
      vertex 89.3019 -33.1522 61.1148
      vertex 89.3019 -27.4954 55.4579
    endloop
  endfacet
  facet normal -0.707099 0.500014 0.499998
    outer loop
      vertex 89.3019 -33.1522 61.1148
      vertex 89.2963 -27.4994 55.4539
      vertex 89.0706 -33.3158 60.9513
    endloop
  endfacet
  facet normal -0.706898 0.500147 0.500147
    outer loop
      vertex 89.0706 -33.3158 60.9513
      vertex 89.2963 -27.4994 55.4539
      vertex 89.0706 -27.6589 55.2944
    endloop
  endfacet
  facet normal -0.753142 0.465176 0.465176
    outer loop
      vertex 89.0559 -27.6708 55.2825
      vertex 89.0706 -33.3158 60.9513
      vertex 89.0706 -27.6589 55.2944
    endloop
  endfacet
  facet normal -0.751864 0.466212 0.466204
    outer loop
      vertex 89.0706 -33.3158 60.9513
      vertex 89.0559 -27.6708 55.2825
      vertex 88.4669 -33.8026 60.4645
    endloop
  endfacet
  facet normal -0.751832 0.466234 0.466234
    outer loop
      vertex 88.4669 -33.8026 60.4645
      vertex 89.0559 -27.6708 55.2825
      vertex 88.4669 -28.1457 54.8076
    endloop
  endfacet
  facet normal -0.798369 0.425797 0.425797
    outer loop
      vertex 88.4621 -28.1502 54.8031
      vertex 88.4669 -33.8026 60.4645
      vertex 88.4669 -28.1457 54.8076
    endloop
  endfacet
  facet normal -0.793462 0.430365 0.430354
    outer loop
      vertex 88.4669 -33.8026 60.4645
      vertex 88.4621 -28.1502 54.8031
      vertex 88.2679 -33.986 60.281
    endloop
  endfacet
  facet normal -0.793256 0.430545 0.430553
    outer loop
      vertex 88.2679 -33.986 60.281
      vertex 88.4621 -28.1502 54.8031
      vertex 88.2679 -28.3291 54.6242
    endloop
  endfacet
  facet normal -0.829942 0.394456 0.394463
    outer loop
      vertex 88.2554 -28.3423 54.6111
      vertex 88.2679 -33.986 60.281
      vertex 88.2679 -28.3291 54.6242
    endloop
  endfacet
  facet normal -0.831402 0.392911 0.392928
    outer loop
      vertex 88.2679 -33.986 60.281
      vertex 88.2554 -28.3423 54.6111
      vertex 87.7591 -34.5243 59.7427
    endloop
  endfacet
  facet normal -0.831487 0.392833 0.392826
    outer loop
      vertex 87.7591 -34.5243 59.7427
      vertex 88.2554 -28.3423 54.6111
      vertex 87.7591 -28.8675 54.0858
    endloop
  endfacet
  facet normal -0.8693 0.349515 0.349509
    outer loop
      vertex 87.7552 -28.8724 54.081
      vertex 87.7591 -34.5243 59.7427
      vertex 87.7591 -28.8675 54.0858
    endloop
  endfacet
  facet normal -0.866084 0.353489 0.353474
    outer loop
      vertex 87.7591 -34.5243 59.7427
      vertex 87.7552 -28.8724 54.081
      vertex 87.5956 -34.7246 59.5424
    endloop
  endfacet
  facet normal -0.865893 0.353712 0.353718
    outer loop
      vertex 87.5956 -34.7246 59.5424
      vertex 87.7552 -28.8724 54.081
      vertex 87.5956 -29.0677 53.8856
    endloop
  endfacet
  facet normal -0.898698 0.310111 0.310117
    outer loop
      vertex 87.5858 -29.0819 53.8714
      vertex 87.5956 -34.7246 59.5424
      vertex 87.5956 -29.0677 53.8856
    endloop
  endfacet
  facet normal -0.896896 0.312718 0.312707
    outer loop
      vertex 87.5956 -34.7246 59.5424
      vertex 87.5858 -29.0819 53.8714
      vertex 87.1907 -35.3053 58.9618
    endloop
  endfacet
  facet normal -0.896866 0.312755 0.312755
    outer loop
      vertex 87.1907 -35.3053 58.9618
      vertex 87.5858 -29.0819 53.8714
      vertex 87.1907 -29.6484 53.3049
    endloop
  endfacet
  facet normal -0.921473 0.27467 0.27467
    outer loop
      vertex 87.1876 -29.6536 53.2997
      vertex 87.1907 -35.3053 58.9618
      vertex 87.1907 -29.6484 53.3049
    endloop
  endfacet
  facet normal -0.923829 0.27068 0.270689
    outer loop
      vertex 87.1907 -35.3053 58.9618
      vertex 87.1876 -29.6536 53.2997
      vertex 87.0655 -35.5189 58.7481
    endloop
  endfacet
  facet normal -0.92392 0.270531 0.270527
    outer loop
      vertex 87.0655 -35.5189 58.7481
      vertex 87.1876 -29.6536 53.2997
      vertex 87.0655 -29.8621 53.0912
    endloop
  endfacet
  facet normal -0.946285 0.228635 0.22863
    outer loop
      vertex 87.0583 -29.877 53.0763
      vertex 87.0655 -35.5189 58.7481
      vertex 87.0655 -29.8621 53.0912
    endloop
  endfacet
  facet normal -0.946939 0.227273 0.227276
    outer loop
      vertex 87.0655 -35.5189 58.7481
      vertex 87.0583 -29.877 53.0763
      vertex 86.7712 -36.132 58.135
    endloop
  endfacet
  facet normal -0.946955 0.227243 0.227239
    outer loop
      vertex 86.7712 -36.132 58.135
      vertex 87.0583 -29.877 53.0763
      vertex 86.7712 -30.4752 52.4781
    endloop
  endfacet
  facet normal -0.964209 0.187487 0.187483
    outer loop
      vertex 86.7691 -30.4806 52.4727
      vertex 86.7712 -36.132 58.135
      vertex 86.7712 -30.4752 52.4781
    endloop
  endfacet
  facet normal -0.965953 0.182938 0.182944
    outer loop
      vertex 86.7712 -36.132 58.135
      vertex 86.7691 -30.4806 52.4727
      vertex 86.6866 -36.3554 57.9117
    endloop
  endfacet
  facet normal -0.965981 0.182867 0.182867
    outer loop
      vertex 86.6866 -36.3554 57.9117
      vertex 86.7691 -30.4806 52.4727
      vertex 86.6866 -30.6985 52.2548
    endloop
  endfacet
  facet normal -0.98077 0.138003 0.138003
    outer loop
      vertex 86.5079 -31.3335 51.6198
      vertex 86.6866 -36.3554 57.9117
      vertex 86.6866 -30.6985 52.2548
    endloop
  endfacet
  facet normal -0.980773 0.137991 0.137994
    outer loop
      vertex 86.6866 -36.3554 57.9117
      vertex 86.5079 -31.3335 51.6198
      vertex 86.5079 -36.9904 57.2766
    endloop
  endfacet
  facet normal -0.991442 0.0923118 0.0923134
    outer loop
      vertex 86.4652 -31.5628 51.3905
      vertex 86.5079 -36.9904 57.2766
      vertex 86.5079 -31.3335 51.6198
    endloop
  endfacet
  facet normal -0.991434 0.092353 0.0923514
    outer loop
      vertex 86.5079 -36.9904 57.2766
      vertex 86.4652 -31.5628 51.3905
      vertex 86.4652 -37.2196 57.0474
    endloop
  endfacet
  facet normal -0.998018 0.044498 0.0444972
    outer loop
      vertex 86.4638 -31.5785 51.3748
      vertex 86.4652 -37.2196 57.0474
      vertex 86.4652 -31.5628 51.3905
    endloop
  endfacet
  facet normal -0.997865 0.046184 0.0461738
    outer loop
      vertex 86.4652 -37.2196 57.0474
      vertex 86.4638 -31.5785 51.3748
      vertex 86.4054 -37.8657 56.4013
    endloop
  endfacet
  facet normal -0.997861 0.0462276 0.0462284
    outer loop
      vertex 86.4054 -37.8657 56.4013
      vertex 86.4638 -31.5785 51.3748
      vertex 86.4054 -32.2088 50.7445
    endloop
  endfacet
  facet normal -0.999456 0.0233233 0.0233237
    outer loop
      vertex 86.4 -32.3245 50.6288
      vertex 86.4054 -37.8657 56.4013
      vertex 86.4054 -32.2088 50.7445
    endloop
  endfacet
  facet normal -0.999455 0.0233439 0.0233435
    outer loop
      vertex 86.4054 -37.8657 56.4013
      vertex 86.4 -32.3245 50.6288
      vertex 86.4 -37.9813 56.2857
    endloop
  endfacet
  facet normal -1 0 0
    outer loop
      vertex 86.4 -57.2146 25.7387
      vertex 86.4 -37.9813 56.2857
      vertex 86.4 -32.3245 50.6288
    endloop
  endfacet
  facet normal -1 0 0
    outer loop
      vertex 86.4 -37.9813 56.2857
      vertex 86.4 -57.2146 25.7387
      vertex 86.4 -62.8715 31.3955
    endloop
  endfacet
  facet normal -0.999455 -0.0233334 -0.0233338
    outer loop
      vertex 86.4054 -57.3303 25.6231
      vertex 86.4 -62.8715 31.3955
      vertex 86.4 -57.2146 25.7387
    endloop
  endfacet
  facet normal -0.999455 -0.0233437 -0.0233437
    outer loop
      vertex 86.4 -62.8715 31.3955
      vertex 86.4054 -57.3303 25.6231
      vertex 86.4054 -62.9871 31.2799
    endloop
  endfacet
  facet normal -0.998031 -0.0443569 -0.0443569
    outer loop
      vertex 86.4068 -57.346 25.6073
      vertex 86.4054 -62.9871 31.2799
      vertex 86.4054 -57.3303 25.6231
    endloop
  endfacet
  facet normal -0.997865 -0.046184 -0.0461738
    outer loop
      vertex 86.4054 -62.9871 31.2799
      vertex 86.4068 -57.346 25.6073
      vertex 86.4652 -63.6332 30.6338
    endloop
  endfacet
  facet normal -0.997861 -0.0462276 -0.0462284
    outer loop
      vertex 86.4068 -57.346 25.6073
      vertex 86.4652 -57.9763 24.977
      vertex 86.4652 -63.6332 30.6338
    endloop
  endfacet
  facet normal -0.990491 -0.0972795 -0.0972813
    outer loop
      vertex 86.4663 -57.9819 24.9714
      vertex 86.4652 -63.6332 30.6338
      vertex 86.4652 -57.9763 24.977
    endloop
  endfacet
  facet normal -0.991434 -0.0923464 -0.092358
    outer loop
      vertex 86.4652 -63.6332 30.6338
      vertex 86.4663 -57.9819 24.9714
      vertex 86.5079 -63.8624 30.4046
    endloop
  endfacet
  facet normal -0.991465 -0.0921889 -0.0921873
    outer loop
      vertex 86.4663 -57.9819 24.9714
      vertex 86.5079 -58.2056 24.7477
      vertex 86.5079 -63.8624 30.4046
    endloop
  endfacet
  facet normal -0.98032 -0.139594 -0.139591
    outer loop
      vertex 86.5123 -58.2211 24.7323
      vertex 86.5079 -63.8624 30.4046
      vertex 86.5079 -58.2056 24.7477
    endloop
  endfacet
  facet normal -0.980773 -0.137989 -0.137996
    outer loop
      vertex 86.5079 -63.8624 30.4046
      vertex 86.5123 -58.2211 24.7323
      vertex 86.6866 -64.4975 29.7696
    endloop
  endfacet
  facet normal -0.980781 -0.137963 -0.137963
    outer loop
      vertex 86.5123 -58.2211 24.7323
      vertex 86.6866 -58.8406 24.1127
      vertex 86.6866 -64.4975 29.7696
    endloop
  endfacet
  facet normal -0.967943 -0.177604 -0.177604
    outer loop
      vertex 86.6886 -58.8461 24.1073
      vertex 86.6866 -64.4975 29.7696
      vertex 86.6866 -58.8406 24.1127
    endloop
  endfacet
  facet normal -0.965953 -0.182946 -0.182935
    outer loop
      vertex 86.6866 -64.4975 29.7696
      vertex 86.6886 -58.8461 24.1073
      vertex 86.7712 -64.7208 29.5462
    endloop
  endfacet
  facet normal -0.965888 -0.183111 -0.183115
    outer loop
      vertex 86.6886 -58.8461 24.1073
      vertex 86.7712 -59.0639 23.8894
      vertex 86.7712 -64.7208 29.5462
    endloop
  endfacet
  facet normal -0.946943 -0.227264 -0.227268
    outer loop
      vertex 86.7784 -59.0789 23.8744
      vertex 86.7712 -64.7208 29.5462
      vertex 86.7712 -59.0639 23.8894
    endloop
  endfacet
  facet normal -0.946939 -0.227273 -0.227276
    outer loop
      vertex 86.7712 -64.7208 29.5462
      vertex 86.7784 -59.0789 23.8744
      vertex 87.0655 -65.3339 28.9331
    endloop
  endfacet
  facet normal -0.946938 -0.227273 -0.227277
    outer loop
      vertex 86.7784 -59.0789 23.8744
      vertex 87.0655 -59.677 23.2763
      vertex 87.0655 -65.3339 28.9331
    endloop
  endfacet
  facet normal -0.923861 -0.270628 -0.270633
    outer loop
      vertex 87.1907 -59.8907 23.0626
      vertex 87.0655 -65.3339 28.9331
      vertex 87.0655 -59.677 23.2763
    endloop
  endfacet
  facet normal -0.923797 -0.270741 -0.270736
    outer loop
      vertex 87.0655 -65.3339 28.9331
      vertex 87.1907 -59.8907 23.0626
      vertex 87.1907 -65.5475 28.7195
    endloop
  endfacet
  facet normal -0.898087 -0.311001 -0.310996
    outer loop
      vertex 87.2005 -59.9049 23.0485
      vertex 87.1907 -65.5475 28.7195
      vertex 87.1907 -59.8907 23.0626
    endloop
  endfacet
  facet normal -0.896911 -0.312699 -0.312683
    outer loop
      vertex 87.1907 -65.5475 28.7195
      vertex 87.2005 -59.9049 23.0485
      vertex 87.5956 -66.1282 28.1388
    endloop
  endfacet
  facet normal -0.896881 -0.312736 -0.31273
    outer loop
      vertex 87.2005 -59.9049 23.0485
      vertex 87.5956 -60.4714 22.4819
      vertex 87.5956 -66.1282 28.1388
    endloop
  endfacet
  facet normal -0.863836 -0.356224 -0.356218
    outer loop
      vertex 87.5996 -60.4763 22.4771
      vertex 87.5956 -66.1282 28.1388
      vertex 87.5956 -60.4714 22.4819
    endloop
  endfacet
  facet normal -0.866084 -0.353482 -0.353482
    outer loop
      vertex 87.5956 -66.1282 28.1388
      vertex 87.5996 -60.4763 22.4771
      vertex 87.7591 -66.3285 27.9385
    endloop
  endfacet
  facet normal -0.866029 -0.353546 -0.353552
    outer loop
      vertex 87.5996 -60.4763 22.4771
      vertex 87.7591 -60.6716 22.2817
      vertex 87.7591 -66.3285 27.9385
    endloop
  endfacet
  facet normal -0.829942 -0.394456 -0.394463
    outer loop
      vertex 87.7716 -60.6848 22.2686
      vertex 87.7591 -66.3285 27.9385
      vertex 87.7591 -60.6716 22.2817
    endloop
  endfacet
  facet normal -0.831402 -0.392911 -0.392928
    outer loop
      vertex 87.7591 -66.3285 27.9385
      vertex 87.7716 -60.6848 22.2686
      vertex 88.2679 -66.8668 27.4002
    endloop
  endfacet
  facet normal -0.831487 -0.392833 -0.392826
    outer loop
      vertex 87.7716 -60.6848 22.2686
      vertex 88.2679 -61.21 21.7433
      vertex 88.2679 -66.8668 27.4002
    endloop
  endfacet
  facet normal -0.793382 -0.430437 -0.430429
    outer loop
      vertex 88.4669 -61.3934 21.5599
      vertex 88.2679 -66.8668 27.4002
      vertex 88.2679 -61.21 21.7433
    endloop
  endfacet
  facet normal -0.793462 -0.430359 -0.430359
    outer loop
      vertex 88.2679 -66.8668 27.4002
      vertex 88.4669 -61.3934 21.5599
      vertex 88.4669 -67.0503 27.2168
    endloop
  endfacet
  facet normal -0.751864 -0.466208 -0.466208
    outer loop
      vertex 89.0706 -61.8802 21.0731
      vertex 88.4669 -67.0503 27.2168
      vertex 88.4669 -61.3934 21.5599
    endloop
  endfacet
  facet normal -0.751831 -0.466239 -0.466231
    outer loop
      vertex 88.4669 -67.0503 27.2168
      vertex 89.0706 -61.8802 21.0731
      vertex 89.0706 -67.537 26.73
    endloop
  endfacet
  facet normal -0.704415 -0.5019 -0.501891
    outer loop
      vertex 89.0763 -61.8842 21.0691
      vertex 89.0706 -67.537 26.73
      vertex 89.0706 -61.8802 21.0731
    endloop
  endfacet
  facet normal -0.707099 -0.500008 -0.500004
    outer loop
      vertex 89.0706 -67.537 26.73
      vertex 89.0763 -61.8842 21.0691
      vertex 89.3019 -67.7006 26.5665
    endloop
  endfacet
  facet normal -0.707055 -0.500037 -0.500037
    outer loop
      vertex 89.0763 -61.8842 21.0691
      vertex 89.3019 -62.0437 20.9096
      vertex 89.3019 -67.7006 26.5665
    endloop
  endfacet
  facet normal -0.658703 -0.532029 -0.532029
    outer loop
      vertex 89.3187 -62.0541 20.8992
      vertex 89.3019 -67.7006 26.5665
      vertex 89.3019 -62.0437 20.9096
    endloop
  endfacet
  facet normal -0.659356 -0.531623 -0.531626
    outer loop
      vertex 89.3019 -67.7006 26.5665
      vertex 89.3187 -62.0541 20.8992
      vertex 89.9903 -68.1275 26.1396
    endloop
  endfacet
  facet normal -0.659373 -0.531614 -0.531614
    outer loop
      vertex 89.3187 -62.0541 20.8992
      vertex 89.9903 -62.4706 20.4827
      vertex 89.9903 -68.1275 26.1396
    endloop
  endfacet
  facet normal -0.608909 -0.560905 -0.560905
    outer loop
      vertex 90.2497 -62.6114 20.3419
      vertex 89.9903 -68.1275 26.1396
      vertex 89.9903 -62.4706 20.4827
    endloop
  endfacet
  facet normal -0.608773 -0.560984 -0.560974
    outer loop
      vertex 89.9903 -68.1275 26.1396
      vertex 90.2497 -62.6114 20.3419
      vertex 90.2497 -68.2682 25.9988
    endloop
  endfacet
  facet normal -0.555526 -0.587964 -0.587954
    outer loop
      vertex 90.2497 -62.6114 20.3419
      vertex 91.0111 -68.6279 25.6391
      vertex 90.2497 -68.2682 25.9988
    endloop
  endfacet
  facet normal -0.555526 -0.587964 -0.587954
    outer loop
      vertex 91.0111 -68.6279 25.6391
      vertex 90.2497 -62.6114 20.3419
      vertex 91.0111 -62.9711 19.9822
    endloop
  endfacet
  facet normal -0.499948 -0.612399 -0.612388
    outer loop
      vertex 91.0111 -62.9711 19.9822
      vertex 91.2943 -68.7435 25.5235
      vertex 91.0111 -68.6279 25.6391
    endloop
  endfacet
  facet normal -0.499948 -0.612399 -0.612388
    outer loop
      vertex 91.2943 -68.7435 25.5235
      vertex 91.0111 -62.9711 19.9822
      vertex 91.2943 -63.0867 19.8666
    endloop
  endfacet
  facet normal -0.442341 -0.634172 -0.634161
    outer loop
      vertex 91.2943 -63.0867 19.8666
      vertex 92.1155 -69.0299 25.2371
      vertex 91.2943 -68.7435 25.5235
    endloop
  endfacet
  facet normal -0.442279 -0.634188 -0.634188
    outer loop
      vertex 92.1155 -69.0299 25.2371
      vertex 91.2943 -63.0867 19.8666
      vertex 92.1155 -63.3731 19.5803
    endloop
  endfacet
  facet normal -0.382746 -0.653263 -0.653263
    outer loop
      vertex 92.1155 -63.3731 19.5803
      vertex 92.4176 -69.1184 25.1486
      vertex 92.1155 -69.0299 25.2371
    endloop
  endfacet
  facet normal -0.382746 -0.653263 -0.653263
    outer loop
      vertex 92.4176 -69.1184 25.1486
      vertex 92.1155 -63.3731 19.5803
      vertex 92.4176 -63.4616 19.4918
    endloop
  endfacet
  facet normal -0.321397 -0.669586 -0.669595
    outer loop
      vertex 92.4176 -69.1184 25.1486
      vertex 92.4388 -63.4666 19.4867
      vertex 93.2847 -69.3265 24.9405
    endloop
  endfacet
  facet normal -0.319248 -0.670105 -0.670105
    outer loop
      vertex 92.4388 -63.4666 19.4867
      vertex 92.4176 -69.1184 25.1486
      vertex 92.4176 -63.4616 19.4918
    endloop
  endfacet
  facet normal -0.321522 -0.669567 -0.669555
    outer loop
      vertex 92.4388 -63.4666 19.4867
      vertex 93.2847 -63.6697 19.2836
      vertex 93.2847 -69.3265 24.9405
    endloop
  endfacet
  facet normal -0.258883 -0.683007 -0.682995
    outer loop
      vertex 93.2847 -63.6697 19.2836
      vertex 93.6005 -69.3864 24.8807
      vertex 93.2847 -69.3265 24.9405
    endloop
  endfacet
  facet normal -0.249029 -0.684542 -0.685118
    outer loop
      vertex 93.6005 -69.3864 24.8807
      vertex 93.2847 -63.6697 19.2836
      vertex 93.2924 -63.6711 19.2822
    endloop
  endfacet
  facet normal -0.258921 -0.682993 -0.682993
    outer loop
      vertex 93.2924 -63.6711 19.2822
      vertex 93.6005 -63.7295 19.2238
      vertex 93.6005 -69.3864 24.8807
    endloop
  endfacet
  facet normal -0.195135 -0.693514 -0.693514
    outer loop
      vertex 93.6005 -63.7295 19.2238
      vertex 94.4986 -69.5127 24.7543
      vertex 93.6005 -69.3864 24.8807
    endloop
  endfacet
  facet normal -0.196291 -0.693446 -0.693255
    outer loop
      vertex 94.4986 -69.5127 24.7543
      vertex 93.6005 -63.7295 19.2238
      vertex 93.6224 -63.7326 19.2207
    endloop
  endfacet
  facet normal -0.19503 -0.693522 -0.693535
    outer loop
      vertex 93.6224 -63.7326 19.2207
      vertex 94.4986 -63.8558 19.0975
      vertex 94.4986 -69.5127 24.7543
    endloop
  endfacet
  facet normal -0.130396 -0.701065 -0.701074
    outer loop
      vertex 94.4986 -69.5127 24.7543
      vertex 94.5065 -63.8566 19.0968
      vertex 94.8228 -69.5429 24.7242
    endloop
  endfacet
  facet normal -0.133067 -0.700812 -0.700825
    outer loop
      vertex 94.5065 -63.8566 19.0968
      vertex 94.4986 -69.5127 24.7543
      vertex 94.4986 -63.8558 19.0975
    endloop
  endfacet
  facet normal -0.130547 -0.701055 -0.701055
    outer loop
      vertex 94.5065 -63.8566 19.0968
      vertex 94.8228 -63.886 19.0673
      vertex 94.8228 -69.5429 24.7242
    endloop
  endfacet
  facet normal -0.0654084 -0.705593 -0.705593
    outer loop
      vertex 94.8228 -63.886 19.0673
      vertex 95.7365 -69.5852 24.6818
      vertex 94.8228 -69.5429 24.7242
    endloop
  endfacet
  facet normal -0.0654084 -0.705593 -0.705593
    outer loop
      vertex 95.7365 -69.5852 24.6818
      vertex 94.8228 -63.886 19.0673
      vertex 95.7365 -63.9284 19.025
    endloop
  endfacet
  facet normal -0.0328508 -0.706725 -0.706725
    outer loop
      vertex 95.7365 -63.9284 19.025
      vertex 95.9 -69.589 24.678
      vertex 95.7365 -69.5852 24.6818
    endloop
  endfacet
  facet normal -0.032419 -0.706729 -0.706741
    outer loop
      vertex 95.9 -69.589 24.678
      vertex 95.7365 -63.9284 19.025
      vertex 95.9 -63.9321 19.0212
    endloop
  endfacet
  facet normal 0 -0.707101 -0.707113
    outer loop
      vertex 130 -63.9321 19.0212
      vertex 146.1 -69.589 24.678
      vertex 130 -69.589 24.678
    endloop
  endfacet
  facet normal 0 -0.707101 -0.707113
    outer loop
      vertex 146.1 -69.589 24.678
      vertex 130 -63.9321 19.0212
      vertex 146.1 -63.9321 19.0212
    endloop
  endfacet
  facet normal 0 -0.707101 -0.707113
    outer loop
      vertex 95.9 -63.9321 19.0212
      vertex 112 -69.589 24.678
      vertex 95.9 -69.589 24.678
    endloop
  endfacet
  facet normal 0 -0.707101 -0.707113
    outer loop
      vertex 112 -69.589 24.678
      vertex 95.9 -63.9321 19.0212
      vertex 112 -63.9321 19.0212
    endloop
  endfacet
  facet normal 0.0327508 -0.706727 -0.706727
    outer loop
      vertex 146.1 -69.589 24.678
      vertex 146.264 -63.9284 19.025
      vertex 146.264 -69.5852 24.6818
    endloop
  endfacet
  facet normal 0.0323203 -0.706731 -0.706744
    outer loop
      vertex 146.264 -63.9284 19.025
      vertex 146.1 -69.589 24.678
      vertex 146.1 -63.9321 19.0212
    endloop
  endfacet
  facet normal 0.0654853 0.705583 0.705595
    outer loop
      vertex 94.9863 -67.7789 26.4881
      vertex 95.9 -62.1644 20.7889
      vertex 94.9863 -62.122 20.8313
    endloop
  endfacet
  facet normal 0.0653315 0.705602 0.70559
    outer loop
      vertex 95.9 -62.1644 20.7889
      vertex 94.9863 -67.7789 26.4881
      vertex 95.9 -67.8212 26.4458
    endloop
  endfacet
  facet normal 0.196291 0.693351 0.693351
    outer loop
      vertex 94.0883 -67.6526 26.6145
      vertex 94.1102 -61.9988 20.9545
      vertex 94.0883 -61.9957 20.9576
    endloop
  endfacet
  facet normal 0.195156 0.693513 0.693508
    outer loop
      vertex 94.1102 -61.9988 20.9545
      vertex 94.0883 -67.6526 26.6145
      vertex 94.9863 -67.7789 26.4881
    endloop
  endfacet
  facet normal 0.195052 0.693519 0.693532
    outer loop
      vertex 94.1102 -61.9988 20.9545
      vertex 94.9863 -67.7789 26.4881
      vertex 94.9863 -62.122 20.8313
    endloop
  endfacet
  facet normal 0.321397 0.669591 0.669591
    outer loop
      vertex 94.0883 -67.6526 26.6145
      vertex 93.2212 -61.7876 21.1657
      vertex 93.2212 -67.4445 26.8226
    endloop
  endfacet
  facet normal 0.322082 0.669485 0.669368
    outer loop
      vertex 93.2212 -61.7876 21.1657
      vertex 94.0883 -67.6526 26.6145
      vertex 93.2424 -61.7927 21.1606
    endloop
  endfacet
  facet normal 0.32138 0.669595 0.669595
    outer loop
      vertex 93.2424 -61.7927 21.1606
      vertex 94.0883 -67.6526 26.6145
      vertex 94.0883 -61.9957 20.9576
    endloop
  endfacet
  facet normal 0.443607 0.633719 0.63373
    outer loop
      vertex 92.4 -67.1581 27.1089
      vertex 92.42 -61.5082 21.4451
      vertex 92.4 -61.5012 21.4521
    endloop
  endfacet
  facet normal 0.442279 0.634185 0.634191
    outer loop
      vertex 92.42 -61.5082 21.4451
      vertex 92.4 -67.1581 27.1089
      vertex 93.2212 -67.4445 26.8226
    endloop
  endfacet
  facet normal 0.44231 0.634178 0.634178
    outer loop
      vertex 92.42 -61.5082 21.4451
      vertex 93.2212 -67.4445 26.8226
      vertex 93.2212 -61.7876 21.1657
    endloop
  endfacet
  facet normal 0.555576 0.58793 0.58794
    outer loop
      vertex 92.4 -67.1581 27.1089
      vertex 91.6387 -61.1415 21.8118
      vertex 91.6387 -66.7984 27.4686
    endloop
  endfacet
  facet normal 0.558165 0.586955 0.586461
    outer loop
      vertex 91.6387 -61.1415 21.8118
      vertex 92.4 -67.1581 27.1089
      vertex 91.6572 -61.1503 21.803
    endloop
  endfacet
  facet normal 0.555512 0.58796 0.587971
    outer loop
      vertex 91.6572 -61.1503 21.803
      vertex 92.4 -67.1581 27.1089
      vertex 92.4 -61.5012 21.4521
    endloop
  endfacet
  facet normal 0.659302 0.531653 0.531663
    outer loop
      vertex 90.9502 -66.3715 27.8955
      vertex 91.6387 -61.1415 21.8118
      vertex 90.9502 -60.7146 22.2387
    endloop
  endfacet
  facet normal 0.659302 0.531653 0.531663
    outer loop
      vertex 91.6387 -61.1415 21.8118
      vertex 90.9502 -66.3715 27.8955
      vertex 91.6387 -66.7984 27.4686
    endloop
  endfacet
  facet normal 0.751831 0.466235 0.466235
    outer loop
      vertex 90.3465 -65.8847 28.3823
      vertex 90.9502 -60.7146 22.2387
      vertex 90.3465 -60.2279 22.7255
    endloop
  endfacet
  facet normal 0.751864 0.466204 0.466212
    outer loop
      vertex 90.9502 -60.7146 22.2387
      vertex 90.3465 -65.8847 28.3823
      vertex 90.9502 -66.3715 27.8955
    endloop
  endfacet
  facet normal 0.83103 0.393312 0.393312
    outer loop
      vertex 89.8378 -65.3464 28.9207
      vertex 89.8502 -59.7026 23.2507
      vertex 89.8378 -59.6895 23.2638
    endloop
  endfacet
  facet normal 0.831476 0.392839 0.392842
    outer loop
      vertex 89.8502 -59.7026 23.2507
      vertex 89.8378 -65.3464 28.9207
      vertex 90.3465 -65.8847 28.3823
    endloop
  endfacet
  facet normal 0.831487 0.392829 0.392829
    outer loop
      vertex 89.8502 -59.7026 23.2507
      vertex 90.3465 -65.8847 28.3823
      vertex 90.3465 -60.2279 22.7255
    endloop
  endfacet
  facet normal 0.896931 0.312662 0.312662
    outer loop
      vertex 89.4328 -64.7657 29.5014
      vertex 89.4427 -59.123 23.8303
      vertex 89.4328 -59.1088 23.8445
    endloop
  endfacet
  facet normal 0.896867 0.312753 0.312753
    outer loop
      vertex 89.4427 -59.123 23.8303
      vertex 89.4328 -64.7657 29.5014
      vertex 89.8378 -65.3464 28.9207
    endloop
  endfacet
  facet normal 0.896866 0.312755 0.312755
    outer loop
      vertex 89.4427 -59.123 23.8303
      vertex 89.8378 -65.3464 28.9207
      vertex 89.8378 -59.6895 23.2638
    endloop
  endfacet
  facet normal 0.946939 0.227275 0.227275
    outer loop
      vertex 89.1385 -64.1526 30.1145
      vertex 89.4328 -59.1088 23.8445
      vertex 89.1385 -58.4957 24.4576
    endloop
  endfacet
  facet normal 0.946939 0.227275 0.227275
    outer loop
      vertex 89.4328 -59.1088 23.8445
      vertex 89.1385 -64.1526 30.1145
      vertex 89.4328 -64.7657 29.5014
    endloop
  endfacet
  facet normal 0.981298 0.136115 0.136115
    outer loop
      vertex 88.9599 -63.5176 30.7495
      vertex 88.9642 -57.8762 25.0771
      vertex 88.9599 -57.8607 25.0926
    endloop
  endfacet
  facet normal 0.980791 0.137934 0.137923
    outer loop
      vertex 88.9642 -57.8762 25.0771
      vertex 88.9599 -63.5176 30.7495
      vertex 89.1385 -64.1526 30.1145
    endloop
  endfacet
  facet normal 0.980778 0.137974 0.137974
    outer loop
      vertex 88.9642 -57.8762 25.0771
      vertex 89.1385 -64.1526 30.1145
      vertex 89.1385 -58.4957 24.4576
    endloop
  endfacet
  facet normal 0.997754 0.0473613 0.0473622
    outer loop
      vertex 88.9 -62.8715 31.3955
      vertex 88.9015 -57.2304 25.7229
      vertex 88.9 -57.2146 25.7387
    endloop
  endfacet
  facet normal 0.997858 0.0462558 0.0462628
    outer loop
      vertex 88.9015 -57.2304 25.7229
      vertex 88.9 -62.8715 31.3955
      vertex 88.9599 -63.5176 30.7495
    endloop
  endfacet
  facet normal 0.997861 0.046228 0.046228
    outer loop
      vertex 88.9015 -57.2304 25.7229
      vertex 88.9599 -63.5176 30.7495
      vertex 88.9599 -57.8607 25.0926
    endloop
  endfacet
  facet normal 1 0 0
    outer loop
      vertex 88.9 -37.9813 56.2857
      vertex 88.9 -57.2146 25.7387
      vertex 88.9 -32.3245 50.6288
    endloop
  endfacet
  facet normal 1 0 -0
    outer loop
      vertex 88.9 -57.2146 25.7387
      vertex 88.9 -37.9813 56.2857
      vertex 88.9 -62.8715 31.3955
    endloop
  endfacet
  facet normal 0.99774 -0.0475114 -0.0475114
    outer loop
      vertex 88.9599 -37.3353 56.9318
      vertex 88.9584 -31.6942 51.2592
      vertex 88.9599 -31.6784 51.2749
    endloop
  endfacet
  facet normal 0.997858 -0.0462558 -0.0462628
    outer loop
      vertex 88.9584 -31.6942 51.2592
      vertex 88.9599 -37.3353 56.9318
      vertex 88.9 -37.9813 56.2857
    endloop
  endfacet
  facet normal 0.997861 -0.0462248 -0.046224
    outer loop
      vertex 88.9 -37.9813 56.2857
      vertex 88.9 -32.3245 50.6288
      vertex 88.9584 -31.6942 51.2592
    endloop
  endfacet
  facet normal 0.980791 -0.13793 -0.137927
    outer loop
      vertex 89.1385 -36.7002 57.5668
      vertex 88.9599 -31.6784 51.2749
      vertex 89.1385 -31.0434 51.9099
    endloop
  endfacet
  facet normal 0.980794 -0.137918 -0.137918
    outer loop
      vertex 88.9599 -31.6784 51.2749
      vertex 89.1385 -36.7002 57.5668
      vertex 88.9599 -37.3353 56.9318
    endloop
  endfacet
  facet normal 0.947652 -0.225785 -0.225781
    outer loop
      vertex 89.4328 -36.0871 58.1799
      vertex 89.4257 -30.4452 52.5081
      vertex 89.4328 -30.4303 52.523
    endloop
  endfacet
  facet normal 0.946939 -0.227281 -0.227268
    outer loop
      vertex 89.4257 -30.4452 52.5081
      vertex 89.4328 -36.0871 58.1799
      vertex 89.1385 -36.7002 57.5668
    endloop
  endfacet
  facet normal 0.946921 -0.227314 -0.22731
    outer loop
      vertex 89.1385 -36.7002 57.5668
      vertex 89.1385 -31.0434 51.9099
      vertex 89.4257 -30.4452 52.5081
    endloop
  endfacet
  facet normal 0.89631 -0.31355 -0.31355
    outer loop
      vertex 89.8378 -35.5065 58.7606
      vertex 89.8279 -29.8638 53.0896
      vertex 89.8378 -29.8496 53.1037
    endloop
  endfacet
  facet normal 0.896852 -0.312772 -0.312777
    outer loop
      vertex 89.8279 -29.8638 53.0896
      vertex 89.8378 -35.5065 58.7606
      vertex 89.4328 -36.0871 58.1799
    endloop
  endfacet
  facet normal 0.896881 -0.312736 -0.31273
    outer loop
      vertex 89.4328 -36.0871 58.1799
      vertex 89.4328 -30.4303 52.523
      vertex 89.8279 -29.8638 53.0896
    endloop
  endfacet
  facet normal 0.832008 -0.392277 -0.392277
    outer loop
      vertex 90.3465 -34.9681 59.2989
      vertex 90.3341 -29.3244 53.6289
      vertex 90.3465 -29.3113 53.6421
    endloop
  endfacet
  facet normal 0.831476 -0.392843 -0.392839
    outer loop
      vertex 90.3341 -29.3244 53.6289
      vertex 90.3465 -34.9681 59.2989
      vertex 89.8378 -35.5065 58.7606
    endloop
  endfacet
  facet normal 0.831463 -0.392855 -0.392855
    outer loop
      vertex 89.8378 -35.5065 58.7606
      vertex 89.8378 -29.8496 53.1037
      vertex 90.3341 -29.3244 53.6289
    endloop
  endfacet
  facet normal 0.750383 -0.467404 -0.467396
    outer loop
      vertex 90.9502 -34.4813 59.7857
      vertex 90.9355 -28.8363 54.117
      vertex 90.9502 -28.8245 54.1288
    endloop
  endfacet
  facet normal 0.751864 -0.466208 -0.466209
    outer loop
      vertex 90.9355 -28.8363 54.117
      vertex 90.9502 -34.4813 59.7857
      vertex 90.3465 -34.9681 59.2989
    endloop
  endfacet
  facet normal 0.751867 -0.466206 -0.466206
    outer loop
      vertex 90.3465 -34.9681 59.2989
      vertex 90.3465 -29.3113 53.6421
      vertex 90.9355 -28.8363 54.117
    endloop
  endfacet
  facet normal 0.658703 -0.532034 -0.532025
    outer loop
      vertex 91.6387 -34.0544 60.2126
      vertex 91.6219 -28.408 54.5453
      vertex 91.6387 -28.3976 54.5557
    endloop
  endfacet
  facet normal 0.659302 -0.531661 -0.531655
    outer loop
      vertex 91.6219 -28.408 54.5453
      vertex 91.6387 -34.0544 60.2126
      vertex 90.9502 -34.4813 59.7857
    endloop
  endfacet
  facet normal 0.659317 -0.531653 -0.531644
    outer loop
      vertex 90.9502 -34.4813 59.7857
      vertex 90.9502 -28.8245 54.1288
      vertex 91.6219 -28.408 54.5453
    endloop
  endfacet
  facet normal 0.555576 -0.587935 -0.587935
    outer loop
      vertex 91.6387 -34.0544 60.2126
      vertex 92.4 -28.0379 54.9155
      vertex 92.4 -33.6947 60.5723
    endloop
  endfacet
  facet normal 0.55563 -0.587915 -0.587904
    outer loop
      vertex 92.4 -28.0379 54.9155
      vertex 91.6387 -34.0544 60.2126
      vertex 91.6387 -28.3976 54.5557
    endloop
  endfacet
  facet normal 0.443607 -0.633724 -0.633724
    outer loop
      vertex 93.2212 -33.4084 60.8587
      vertex 93.2012 -27.7585 55.1948
      vertex 93.2212 -27.7515 55.2018
    endloop
  endfacet
  facet normal 0.442279 -0.634191 -0.634185
    outer loop
      vertex 93.2012 -27.7585 55.1948
      vertex 93.2212 -33.4084 60.8587
      vertex 92.4 -33.6947 60.5723
    endloop
  endfacet
  facet normal 0.442246 -0.6342 -0.6342
    outer loop
      vertex 92.4 -33.6947 60.5723
      vertex 92.4 -28.0379 54.9155
      vertex 93.2012 -27.7585 55.1948
    endloop
  endfacet
  facet normal 0.321467 -0.66958 -0.669568
    outer loop
      vertex 93.2212 -33.4084 60.8587
      vertex 94.0883 -27.5434 55.4099
      vertex 94.0883 -33.2002 61.0668
    endloop
  endfacet
  facet normal 0.319247 -0.669921 -0.670289
    outer loop
      vertex 94.0883 -27.5434 55.4099
      vertex 93.2212 -33.4084 60.8587
      vertex 94.0671 -27.5485 55.4049
    endloop
  endfacet
  facet normal 0.321451 -0.669578 -0.669578
    outer loop
      vertex 93.2212 -33.4084 60.8587
      vertex 93.2212 -27.7515 55.2018
      vertex 94.0671 -27.5485 55.4049
    endloop
  endfacet
  facet normal 0.195082 -0.693527 -0.693515
    outer loop
      vertex 94.0883 -33.2002 61.0668
      vertex 94.9863 -27.4171 55.5362
      vertex 94.9863 -33.0739 61.1931
    endloop
  endfacet
  facet normal 0.193244 -0.693633 -0.693924
    outer loop
      vertex 94.9863 -27.4171 55.5362
      vertex 94.0883 -33.2002 61.0668
      vertex 94.9644 -27.4202 55.5332
    endloop
  endfacet
  facet normal 0.195128 -0.693521 -0.693509
    outer loop
      vertex 94.0883 -33.2002 61.0668
      vertex 94.0883 -27.5434 55.4099
      vertex 94.9644 -27.4202 55.5332
    endloop
  endfacet
  facet normal 0.0653315 -0.705592 -0.7056
    outer loop
      vertex 95.8777 -27.3758 55.5776
      vertex 95.9 -33.0316 61.2354
      vertex 94.9863 -33.0739 61.1931
    endloop
  endfacet
  facet normal 0.0664414 -0.705538 -0.705551
    outer loop
      vertex 95.9 -33.0316 61.2354
      vertex 95.8777 -27.3758 55.5776
      vertex 95.9 -27.3747 55.5786
    endloop
  endfacet
  facet normal 0.0654614 -0.705596 -0.705584
    outer loop
      vertex 94.9863 -33.0739 61.1931
      vertex 94.9863 -27.4171 55.5362
      vertex 95.8777 -27.3758 55.5776
    endloop
  endfacet
  facet normal 0 -0.707101 -0.707113
    outer loop
      vertex 95.9 -27.3747 55.5786
      vertex 146.1 -33.0316 61.2354
      vertex 95.9 -33.0316 61.2354
    endloop
  endfacet
  facet normal 0 -0.707101 -0.707113
    outer loop
      vertex 146.1 -33.0316 61.2354
      vertex 95.9 -27.3747 55.5786
      vertex 146.1 -27.3747 55.5786
    endloop
  endfacet
  facet normal -0.0653102 -0.705599 -0.705595
    outer loop
      vertex 146.991 -27.416 55.5373
      vertex 147.014 -33.0739 61.1931
      vertex 146.1 -33.0316 61.2354
    endloop
  endfacet
  facet normal -0.0674821 -0.705501 -0.705489
    outer loop
      vertex 147.014 -33.0739 61.1931
      vertex 146.991 -27.416 55.5373
      vertex 147.014 -27.4171 55.5362
    endloop
  endfacet
  facet normal -0.0654118 -0.705586 -0.705599
    outer loop
      vertex 146.1 -33.0316 61.2354
      vertex 146.1 -27.3747 55.5786
      vertex 146.991 -27.416 55.5373
    endloop
  endfacet
  facet normal -0.195082 -0.693527 -0.693516
    outer loop
      vertex 147.89 -27.5403 55.413
      vertex 147.912 -33.2002 61.0668
      vertex 147.014 -33.0739 61.1931
    endloop
  endfacet
  facet normal -0.195433 -0.693478 -0.693466
    outer loop
      vertex 147.912 -33.2002 61.0668
      vertex 147.89 -27.5403 55.413
      vertex 147.912 -27.5434 55.4099
    endloop
  endfacet
  facet normal -0.195073 -0.693528 -0.693516
    outer loop
      vertex 147.014 -33.0739 61.1931
      vertex 147.014 -27.4171 55.5362
      vertex 147.89 -27.5403 55.413
    endloop
  endfacet
  facet normal -0.3215 -0.669566 -0.669566
    outer loop
      vertex 147.912 -33.2002 61.0668
      vertex 148.779 -27.7515 55.2018
      vertex 148.779 -33.4084 60.8587
    endloop
  endfacet
  facet normal -0.324828 -0.668478 -0.669047
    outer loop
      vertex 148.779 -27.7515 55.2018
      vertex 147.912 -33.2002 61.0668
      vertex 148.758 -27.7464 55.2069
    endloop
  endfacet
  facet normal -0.321346 -0.669609 -0.669597
    outer loop
      vertex 147.912 -33.2002 61.0668
      vertex 147.912 -27.5434 55.4099
      vertex 148.758 -27.7464 55.2069
    endloop
  endfacet
  facet normal -0.442366 -0.634161 -0.634155
    outer loop
      vertex 149.58 -28.0309 54.9224
      vertex 149.6 -33.6947 60.5723
      vertex 148.779 -33.4084 60.8587
    endloop
  endfacet
  facet normal -0.441057 -0.634614 -0.634614
    outer loop
      vertex 149.6 -33.6947 60.5723
      vertex 149.58 -28.0309 54.9224
      vertex 149.6 -28.0379 54.9155
    endloop
  endfacet
  facet normal -0.442398 -0.634147 -0.634147
    outer loop
      vertex 148.779 -33.4084 60.8587
      vertex 148.779 -27.7515 55.2018
      vertex 149.58 -28.0309 54.9224
    endloop
  endfacet
  facet normal -0.555728 -0.587863 -0.587863
    outer loop
      vertex 149.6 -28.0379 54.9155
      vertex 150.361 -34.0544 60.2126
      vertex 149.6 -33.6947 60.5723
    endloop
  endfacet
  facet normal -0.555781 -0.587843 -0.587833
    outer loop
      vertex 150.361 -34.0544 60.2126
      vertex 149.6 -28.0379 54.9155
      vertex 150.361 -28.3976 54.5557
    endloop
  endfacet
  facet normal -0.656076 -0.533655 -0.533645
    outer loop
      vertex 151.05 -34.4813 59.7857
      vertex 151.033 -28.8141 54.1393
      vertex 151.05 -28.8245 54.1288
    endloop
  endfacet
  facet normal -0.659032 -0.531838 -0.531813
    outer loop
      vertex 151.033 -28.8141 54.1393
      vertex 151.05 -34.4813 59.7857
      vertex 150.361 -34.0544 60.2126
    endloop
  endfacet
  facet normal -0.659106 -0.531784 -0.531775
    outer loop
      vertex 150.361 -34.0544 60.2126
      vertex 150.361 -28.3976 54.5557
      vertex 151.033 -28.8141 54.1393
    endloop
  endfacet
  facet normal -0.767441 -0.45334 -0.45334
    outer loop
      vertex 151.653 -34.9681 59.2989
      vertex 151.639 -29.2994 53.6539
      vertex 151.653 -29.3113 53.6421
    endloop
  endfacet
  facet normal -0.752243 -0.465857 -0.465948
    outer loop
      vertex 151.639 -29.2994 53.6539
      vertex 151.653 -34.9681 59.2989
      vertex 151.05 -34.4813 59.7857
    endloop
  endfacet
  facet normal -0.751832 -0.466238 -0.46623
    outer loop
      vertex 151.05 -34.4813 59.7857
      vertex 151.05 -28.8245 54.1288
      vertex 151.639 -29.2994 53.6539
    endloop
  endfacet
  facet normal -0.839313 -0.384418 -0.384418
    outer loop
      vertex 152.162 -35.5065 58.7606
      vertex 152.15 -29.8365 53.1168
      vertex 152.162 -29.8496 53.1037
    endloop
  endfacet
  facet normal -0.831325 -0.392973 -0.393029
    outer loop
      vertex 152.15 -29.8365 53.1168
      vertex 152.162 -35.5065 58.7606
      vertex 151.653 -34.9681 59.2989
    endloop
  endfacet
  facet normal -0.831125 -0.393212 -0.393212
    outer loop
      vertex 151.653 -34.9681 59.2989
      vertex 151.653 -29.3113 53.6421
      vertex 152.15 -29.8365 53.1168
    endloop
  endfacet
  facet normal -0.895156 -0.315198 -0.315193
    outer loop
      vertex 152.567 -36.0871 58.1799
      vertex 152.557 -30.4161 52.5372
      vertex 152.567 -30.4303 52.523
    endloop
  endfacet
  facet normal -0.896852 -0.312785 -0.312764
    outer loop
      vertex 152.557 -30.4161 52.5372
      vertex 152.567 -36.0871 58.1799
      vertex 152.162 -35.5065 58.7606
    endloop
  endfacet
  facet normal -0.89691 -0.312692 -0.312692
    outer loop
      vertex 152.162 -35.5065 58.7606
      vertex 152.162 -29.8496 53.1037
      vertex 152.557 -30.4161 52.5372
    endloop
  endfacet
  facet normal -0.949633 -0.221583 -0.221579
    outer loop
      vertex 152.861 -36.7002 57.5668
      vertex 152.854 -31.0284 51.9249
      vertex 152.861 -31.0434 51.9099
    endloop
  endfacet
  facet normal -0.947038 -0.227053 -0.227081
    outer loop
      vertex 152.854 -31.0284 51.9249
      vertex 152.861 -36.7002 57.5668
      vertex 152.567 -36.0871 58.1799
    endloop
  endfacet
  facet normal -0.946973 -0.227206 -0.227202
    outer loop
      vertex 152.567 -36.0871 58.1799
      vertex 152.567 -30.4303 52.523
      vertex 152.854 -31.0284 51.9249
    endloop
  endfacet
  facet normal -0.980708 -0.138227 -0.138224
    outer loop
      vertex 153.04 -31.6784 51.2749
      vertex 152.861 -36.7002 57.5668
      vertex 152.861 -31.0434 51.9099
    endloop
  endfacet
  facet normal -0.980711 -0.138215 -0.138215
    outer loop
      vertex 152.861 -36.7002 57.5668
      vertex 153.04 -31.6784 51.2749
      vertex 153.04 -37.3353 56.9318
    endloop
  endfacet
  facet normal -0.999 -0.0316142 -0.0316136
    outer loop
      vertex 153.1 -37.9813 56.2857
      vertex 153.099 -32.3087 50.6446
      vertex 153.1 -32.3245 50.6288
    endloop
  endfacet
  facet normal -0.997851 -0.0462954 -0.046377
    outer loop
      vertex 153.099 -32.3087 50.6446
      vertex 153.1 -37.9813 56.2857
      vertex 153.04 -37.3353 56.9318
    endloop
  endfacet
  facet normal -0.997817 -0.0467009 -0.0467009
    outer loop
      vertex 153.04 -37.3353 56.9318
      vertex 153.04 -31.6784 51.2749
      vertex 153.099 -32.3087 50.6446
    endloop
  endfacet
  facet normal -1 0 0
    outer loop
      vertex 153.1 -57.2146 25.7387
      vertex 153.1 -37.9813 56.2857
      vertex 153.1 -32.3245 50.6288
    endloop
  endfacet
  facet normal -1 0 0
    outer loop
      vertex 153.1 -37.9813 56.2857
      vertex 153.1 -57.2146 25.7387
      vertex 153.1 -62.8715 31.3955
    endloop
  endfacet
  facet normal -0.996018 0.0630391 0.0630391
    outer loop
      vertex 153.04 -63.5176 30.7495
      vertex 153.042 -57.8449 25.1084
      vertex 153.04 -57.8607 25.0926
    endloop
  endfacet
  facet normal -0.997851 0.0463832 0.0462892
    outer loop
      vertex 153.042 -57.8449 25.1084
      vertex 153.04 -63.5176 30.7495
      vertex 153.1 -62.8715 31.3955
    endloop
  endfacet
  facet normal -0.99789 0.0459123 0.0459132
    outer loop
      vertex 153.042 -57.8449 25.1084
      vertex 153.1 -62.8715 31.3955
      vertex 153.1 -57.2146 25.7387
    endloop
  endfacet
  facet normal -0.974958 0.157251 0.157251
    outer loop
      vertex 152.861 -64.1526 30.1145
      vertex 152.866 -58.4802 24.4731
      vertex 152.861 -58.4957 24.4576
    endloop
  endfacet
  facet normal -0.980708 0.13828 0.138171
    outer loop
      vertex 152.866 -58.4802 24.4731
      vertex 152.861 -64.1526 30.1145
      vertex 153.04 -63.5176 30.7495
    endloop
  endfacet
  facet normal -0.980843 0.137745 0.137745
    outer loop
      vertex 152.866 -58.4802 24.4731
      vertex 153.04 -63.5176 30.7495
      vertex 153.04 -57.8607 25.0926
    endloop
  endfacet
  facet normal -0.947038 0.227067 0.227067
    outer loop
      vertex 152.567 -59.1088 23.8445
      vertex 152.861 -64.1526 30.1145
      vertex 152.861 -58.4957 24.4576
    endloop
  endfacet
  facet normal -0.947038 0.227067 0.227067
    outer loop
      vertex 152.861 -64.1526 30.1145
      vertex 152.567 -59.1088 23.8445
      vertex 152.567 -64.7657 29.5014
    endloop
  endfacet
  facet normal -0.895156 0.315196 0.315196
    outer loop
      vertex 152.162 -65.3464 28.9207
      vertex 152.172 -59.6753 23.278
      vertex 152.162 -59.6895 23.2638
    endloop
  endfacet
  facet normal -0.896867 0.312761 0.312745
    outer loop
      vertex 152.172 -59.6753 23.278
      vertex 152.162 -65.3464 28.9207
      vertex 152.567 -64.7657 29.5014
    endloop
  endfacet
  facet normal -0.89691 0.312692 0.312692
    outer loop
      vertex 152.172 -59.6753 23.278
      vertex 152.567 -64.7657 29.5014
      vertex 152.567 -59.1088 23.8445
    endloop
  endfacet
  facet normal -0.819601 0.405126 0.405126
    outer loop
      vertex 151.653 -65.8847 28.3823
      vertex 151.666 -60.2147 22.7386
      vertex 151.653 -60.2279 22.7255
    endloop
  endfacet
  facet normal -0.831325 0.393043 0.392959
    outer loop
      vertex 151.666 -60.2147 22.7386
      vertex 151.653 -65.8847 28.3823
      vertex 152.162 -65.3464 28.9207
    endloop
  endfacet
  facet normal -0.831618 0.392691 0.392691
    outer loop
      vertex 151.666 -60.2147 22.7386
      vertex 152.162 -65.3464 28.9207
      vertex 152.162 -59.6895 23.2638
    endloop
  endfacet
  facet normal -0.75221 0.46593 0.46593
    outer loop
      vertex 151.05 -60.7146 22.2387
      vertex 151.653 -65.8847 28.3823
      vertex 151.653 -60.2279 22.7255
    endloop
  endfacet
  facet normal -0.752243 0.465898 0.465907
    outer loop
      vertex 151.653 -65.8847 28.3823
      vertex 151.05 -60.7146 22.2387
      vertex 151.05 -66.3715 27.8955
    endloop
  endfacet
  facet normal -0.659032 0.531821 0.53183
    outer loop
      vertex 150.361 -61.1415 21.8118
      vertex 151.05 -66.3715 27.8955
      vertex 151.05 -60.7146 22.2387
    endloop
  endfacet
  facet normal -0.659032 0.531821 0.53183
    outer loop
      vertex 151.05 -66.3715 27.8955
      vertex 150.361 -61.1415 21.8118
      vertex 150.361 -66.7984 27.4686
    endloop
  endfacet
  facet normal -0.54574 0.593486 0.59156
    outer loop
      vertex 149.6 -61.5012 21.4521
      vertex 150.361 -66.7984 27.4686
      vertex 149.619 -61.4925 21.4609
    endloop
  endfacet
  facet normal -0.555728 0.587858 0.587869
    outer loop
      vertex 150.361 -66.7984 27.4686
      vertex 149.6 -61.5012 21.4521
      vertex 149.6 -67.1581 27.1089
    endloop
  endfacet
  facet normal -0.55598 0.587739 0.587749
    outer loop
      vertex 149.619 -61.4925 21.4609
      vertex 150.361 -66.7984 27.4686
      vertex 150.361 -61.1415 21.8118
    endloop
  endfacet
  facet normal -0.442366 0.634155 0.634161
    outer loop
      vertex 148.799 -61.7806 21.1727
      vertex 148.779 -67.4445 26.8226
      vertex 149.6 -67.1581 27.1089
    endloop
  endfacet
  facet normal -0.443607 0.633724 0.633724
    outer loop
      vertex 148.779 -67.4445 26.8226
      vertex 148.799 -61.7806 21.1727
      vertex 148.779 -61.7876 21.1657
    endloop
  endfacet
  facet normal -0.442398 0.634141 0.634152
    outer loop
      vertex 148.799 -61.7806 21.1727
      vertex 149.6 -67.1581 27.1089
      vertex 149.6 -61.5012 21.4521
    endloop
  endfacet
  facet normal -0.324828 0.668472 0.669053
    outer loop
      vertex 147.912 -61.9957 20.9576
      vertex 148.779 -67.4445 26.8226
      vertex 147.933 -61.9906 20.9627
    endloop
  endfacet
  facet normal -0.321431 0.669583 0.669583
    outer loop
      vertex 148.779 -67.4445 26.8226
      vertex 147.912 -61.9957 20.9576
      vertex 147.912 -67.6526 26.6145
    endloop
  endfacet
  facet normal -0.321346 0.669603 0.669603
    outer loop
      vertex 147.933 -61.9906 20.9627
      vertex 148.779 -67.4445 26.8226
      vertex 148.779 -61.7876 21.1657
    endloop
  endfacet
  facet normal -0.195433 0.693443 0.693501
    outer loop
      vertex 147.014 -62.122 20.8313
      vertex 147.912 -67.6526 26.6145
      vertex 147.036 -62.1189 20.8344
    endloop
  endfacet
  facet normal -0.195156 0.693505 0.693517
    outer loop
      vertex 147.912 -67.6526 26.6145
      vertex 147.014 -62.122 20.8313
      vertex 147.014 -67.7789 26.4881
    endloop
  endfacet
  facet normal -0.195073 0.693522 0.693522
    outer loop
      vertex 147.036 -62.1189 20.8344
      vertex 147.912 -67.6526 26.6145
      vertex 147.912 -61.9957 20.9576
    endloop
  endfacet
  facet normal -0.0654639 0.705584 0.705596
    outer loop
      vertex 146.1 -62.1644 20.7889
      vertex 147.014 -67.7789 26.4881
      vertex 147.014 -62.122 20.8313
    endloop
  endfacet
  facet normal -0.0653102 0.705603 0.705591
    outer loop
      vertex 147.014 -67.7789 26.4881
      vertex 146.1 -62.1644 20.7889
      vertex 146.1 -67.8212 26.4458
    endloop
  endfacet
  facet normal -0 0.707113 0.707101
    outer loop
      vertex 130 -62.1644 20.7889
      vertex 146.1 -67.8212 26.4458
      vertex 146.1 -62.1644 20.7889
    endloop
  endfacet
  facet normal 0 0.707113 0.707101
    outer loop
      vertex 146.1 -67.8212 26.4458
      vertex 130 -62.1644 20.7889
      vertex 130 -67.8212 26.4458
    endloop
  endfacet
  facet normal -0 0.707113 0.707101
    outer loop
      vertex 95.9 -62.1644 20.7889
      vertex 112 -67.8212 26.4458
      vertex 112 -62.1644 20.7889
    endloop
  endfacet
  facet normal 0 0.707113 0.707101
    outer loop
      vertex 112 -67.8212 26.4458
      vertex 95.9 -62.1644 20.7889
      vertex 95.9 -67.8212 26.4458
    endloop
  endfacet
  facet normal 0 0.707107 -0.707107
    outer loop
      vertex 21.5 48.8 73.8533
      vertex 6.5 50.8 75.8533
      vertex 21.5 50.8 75.8533
    endloop
  endfacet
  facet normal 0 0.707107 -0.707107
    outer loop
      vertex 6.5 50.8 75.8533
      vertex 21.5 48.8 73.8533
      vertex 6.5 48.8 73.8533
    endloop
  endfacet
  facet normal 0.659278 0 0.7519
    outer loop
      vertex 10.5251 50.8 85.3784
      vertex 10.8693 48.3 85.0766
      vertex 10.8693 50.8 85.0766
    endloop
  endfacet
  facet normal 0.659278 0 0.7519
    outer loop
      vertex 10.8693 48.3 85.0766
      vertex 10.5251 50.8 85.3784
      vertex 10.5251 48.3 85.3784
    endloop
  endfacet
  facet normal 0.98079 -0 0.195066
    outer loop
      vertex 9.52994 48.3 87.3965
      vertex 9.61926 50.8 86.9474
      vertex 9.52994 50.8 87.3965
    endloop
  endfacet
  facet normal 0.98079 0 0.195066
    outer loop
      vertex 9.61926 50.8 86.9474
      vertex 9.52994 48.3 87.3965
      vertex 9.61926 48.3 86.9474
    endloop
  endfacet
  facet normal -0.707107 0 -0.707107
    outer loop
      vertex 13 48.3 92.8031
      vertex 15.4749 50.8 90.3282
      vertex 15.4749 48.3 90.3282
    endloop
  endfacet
  facet normal -0.707107 0 -0.707107
    outer loop
      vertex 15.4749 50.8 90.3282
      vertex 13 48.3 92.8031
      vertex 13 50.8 92.8031
    endloop
  endfacet
  facet normal 0.997859 -0 0.0654026
    outer loop
      vertex 9.5 48.3 87.8533
      vertex 9.52994 50.8 87.3965
      vertex 9.5 50.8 87.8533
    endloop
  endfacet
  facet normal 0.997859 0 0.0654026
    outer loop
      vertex 9.52994 50.8 87.3965
      vertex 9.5 48.3 87.8533
      vertex 9.52994 48.3 87.3965
    endloop
  endfacet
  facet normal 0.7519 0 -0.659278
    outer loop
      vertex 10.5251 48.3 90.3282
      vertex 10.2233 50.8 89.984
      vertex 10.5251 50.8 90.3282
    endloop
  endfacet
  facet normal 0.7519 0 -0.659278
    outer loop
      vertex 10.2233 50.8 89.984
      vertex 10.5251 48.3 90.3282
      vertex 10.2233 48.3 89.984
    endloop
  endfacet
  facet normal 0.99786 0 -0.0653883
    outer loop
      vertex 9.52994 48.3 88.3102
      vertex 9.5 50.8 87.8533
      vertex 9.52994 50.8 88.3102
    endloop
  endfacet
  facet normal 0.99786 0 -0.0653883
    outer loop
      vertex 9.5 50.8 87.8533
      vertex 9.52994 48.3 88.3102
      vertex 9.5 48.3 87.8533
    endloop
  endfacet
  facet normal -0.831445 0 -0.555607
    outer loop
      vertex 16.0311 48.3 89.6033
      vertex 15.7767 50.8 89.984
      vertex 16.0311 50.8 89.6033
    endloop
  endfacet
  facet normal -0.831445 -0 -0.555607
    outer loop
      vertex 15.7767 50.8 89.984
      vertex 16.0311 48.3 89.6033
      vertex 15.7767 48.3 89.984
    endloop
  endfacet
  facet normal 0.946926 0 -0.321452
    outer loop
      vertex 9.76642 48.3 89.1927
      vertex 9.61926 50.8 88.7592
      vertex 9.76642 50.8 89.1927
    endloop
  endfacet
  facet normal 0.946926 0 -0.321452
    outer loop
      vertex 9.61926 50.8 88.7592
      vertex 9.76642 48.3 89.1927
      vertex 9.61926 48.3 88.7592
    endloop
  endfacet
  facet normal 0.831455 0 -0.555592
    outer loop
      vertex 10.2233 48.3 89.984
      vertex 9.96891 50.8 89.6033
      vertex 10.2233 50.8 89.984
    endloop
  endfacet
  facet normal 0.831455 0 -0.555592
    outer loop
      vertex 9.96891 50.8 89.6033
      vertex 10.2233 48.3 89.984
      vertex 9.96891 48.3 89.6033
    endloop
  endfacet
  facet normal -0.659278 0 0.7519
    outer loop
      vertex 15.1307 50.8 85.0766
      vertex 15.4749 48.3 85.3784
      vertex 15.4749 50.8 85.3784
    endloop
  endfacet
  facet normal -0.659278 0 0.7519
    outer loop
      vertex 15.4749 48.3 85.3784
      vertex 15.1307 50.8 85.0766
      vertex 15.1307 48.3 85.0766
    endloop
  endfacet
  facet normal 0.321335 0 0.946966
    outer loop
      vertex 11.6606 50.8 84.6197
      vertex 12.0941 48.3 84.4726
      vertex 12.0941 50.8 84.4726
    endloop
  endfacet
  facet normal 0.321335 0 0.946966
    outer loop
      vertex 12.0941 48.3 84.4726
      vertex 11.6606 50.8 84.6197
      vertex 11.6606 48.3 84.6197
    endloop
  endfacet
  facet normal -0.831378 0 0.555708
    outer loop
      vertex 15.7767 48.3 85.7227
      vertex 16.0311 50.8 86.1033
      vertex 15.7767 50.8 85.7227
    endloop
  endfacet
  facet normal -0.831378 0 0.555708
    outer loop
      vertex 16.0311 50.8 86.1033
      vertex 15.7767 48.3 85.7227
      vertex 16.0311 48.3 86.1033
    endloop
  endfacet
  facet normal -0.89686 0 -0.442314
    outer loop
      vertex 16.2336 48.3 89.1927
      vertex 16.0311 50.8 89.6033
      vertex 16.2336 50.8 89.1927
    endloop
  endfacet
  facet normal -0.89686 -0 -0.442314
    outer loop
      vertex 16.0311 50.8 89.6033
      vertex 16.2336 48.3 89.1927
      vertex 16.0311 48.3 89.6033
    endloop
  endfacet
  facet normal -0.946966 0 -0.321335
    outer loop
      vertex 16.3807 48.3 88.7592
      vertex 16.2336 50.8 89.1927
      vertex 16.3807 50.8 88.7592
    endloop
  endfacet
  facet normal -0.946966 -0 -0.321335
    outer loop
      vertex 16.2336 50.8 89.1927
      vertex 16.3807 48.3 88.7592
      vertex 16.2336 48.3 89.1927
    endloop
  endfacet
  facet normal 0.751995 -0 0.659169
    outer loop
      vertex 10.2233 48.3 85.7227
      vertex 10.5251 50.8 85.3784
      vertex 10.2233 50.8 85.7227
    endloop
  endfacet
  facet normal 0.751995 0 0.659169
    outer loop
      vertex 10.5251 50.8 85.3784
      vertex 10.2233 48.3 85.7227
      vertex 10.5251 48.3 85.3784
    endloop
  endfacet
  facet normal 0.896869 -0 0.442297
    outer loop
      vertex 9.76642 48.3 86.5139
      vertex 9.96891 50.8 86.1033
      vertex 9.76642 50.8 86.5139
    endloop
  endfacet
  facet normal 0.896869 0 0.442297
    outer loop
      vertex 9.96891 50.8 86.1033
      vertex 9.76642 48.3 86.5139
      vertex 9.96891 48.3 86.1033
    endloop
  endfacet
  facet normal 0.195024 0 0.980798
    outer loop
      vertex 12.0941 50.8 84.4726
      vertex 12.5432 48.3 84.3833
      vertex 12.5432 50.8 84.3833
    endloop
  endfacet
  facet normal 0.195024 0 0.980798
    outer loop
      vertex 12.5432 48.3 84.3833
      vertex 12.0941 50.8 84.4726
      vertex 12.0941 48.3 84.4726
    endloop
  endfacet
  facet normal 0.980782 0 -0.195108
    outer loop
      vertex 9.61926 48.3 88.7592
      vertex 9.52994 50.8 88.3102
      vertex 9.61926 50.8 88.7592
    endloop
  endfacet
  facet normal 0.980782 0 -0.195108
    outer loop
      vertex 9.52994 50.8 88.3102
      vertex 9.61926 48.3 88.7592
      vertex 9.52994 48.3 88.3102
    endloop
  endfacet
  facet normal 0.707107 0 -0.707107
    outer loop
      vertex 10.5251 48.3 90.3282
      vertex 13 50.8 92.8031
      vertex 13 48.3 92.8031
    endloop
  endfacet
  facet normal 0.707107 0 -0.707107
    outer loop
      vertex 13 50.8 92.8031
      vertex 10.5251 48.3 90.3282
      vertex 10.5251 50.8 90.3282
    endloop
  endfacet
  facet normal -0.0655331 0 0.99785
    outer loop
      vertex 13 50.8 84.3533
      vertex 13.4568 48.3 84.3833
      vertex 13.4568 50.8 84.3833
    endloop
  endfacet
  facet normal -0.0655331 0 0.99785
    outer loop
      vertex 13.4568 48.3 84.3833
      vertex 13 50.8 84.3533
      vertex 13 48.3 84.3533
    endloop
  endfacet
  facet normal -0.7519 0 -0.659278
    outer loop
      vertex 15.7767 48.3 89.984
      vertex 15.4749 50.8 90.3282
      vertex 15.7767 50.8 89.984
    endloop
  endfacet
  facet normal -0.7519 -0 -0.659278
    outer loop
      vertex 15.4749 50.8 90.3282
      vertex 15.7767 48.3 89.984
      vertex 15.4749 48.3 90.3282
    endloop
  endfacet
  facet normal -0.946966 0 0.321335
    outer loop
      vertex 16.2336 48.3 86.5139
      vertex 16.3807 50.8 86.9474
      vertex 16.2336 50.8 86.5139
    endloop
  endfacet
  facet normal -0.946966 0 0.321335
    outer loop
      vertex 16.3807 50.8 86.9474
      vertex 16.2336 48.3 86.5139
      vertex 16.3807 48.3 86.9474
    endloop
  endfacet
  facet normal -0.980748 0 -0.195276
    outer loop
      vertex 16.4701 48.3 88.3102
      vertex 16.3807 50.8 88.7592
      vertex 16.4701 50.8 88.3102
    endloop
  endfacet
  facet normal -0.980748 -0 -0.195276
    outer loop
      vertex 16.3807 50.8 88.7592
      vertex 16.4701 48.3 88.3102
      vertex 16.3807 48.3 88.7592
    endloop
  endfacet
  facet normal -0.751995 0 0.659169
    outer loop
      vertex 15.4749 48.3 85.3784
      vertex 15.7767 50.8 85.7227
      vertex 15.4749 50.8 85.3784
    endloop
  endfacet
  facet normal -0.751995 0 0.659169
    outer loop
      vertex 15.7767 50.8 85.7227
      vertex 15.4749 48.3 85.3784
      vertex 15.7767 48.3 85.7227
    endloop
  endfacet
  facet normal 0.555607 0 0.831445
    outer loop
      vertex 10.8693 50.8 85.0766
      vertex 11.25 48.3 84.8222
      vertex 11.25 50.8 84.8222
    endloop
  endfacet
  facet normal 0.555607 0 0.831445
    outer loop
      vertex 11.25 48.3 84.8222
      vertex 10.8693 50.8 85.0766
      vertex 10.8693 48.3 85.0766
    endloop
  endfacet
  facet normal 0.896869 0 -0.442297
    outer loop
      vertex 9.96891 48.3 89.6033
      vertex 9.76642 50.8 89.1927
      vertex 9.96891 50.8 89.6033
    endloop
  endfacet
  facet normal 0.896869 0 -0.442297
    outer loop
      vertex 9.76642 50.8 89.1927
      vertex 9.96891 48.3 89.6033
      vertex 9.76642 48.3 89.1927
    endloop
  endfacet
  facet normal -0.997865 0 0.0653156
    outer loop
      vertex 16.4701 48.3 87.3965
      vertex 16.5 50.8 87.8533
      vertex 16.4701 50.8 87.3965
    endloop
  endfacet
  facet normal -0.997865 0 0.0653156
    outer loop
      vertex 16.5 50.8 87.8533
      vertex 16.4701 48.3 87.3965
      vertex 16.5 48.3 87.8533
    endloop
  endfacet
  facet normal -0.997866 0 -0.0653013
    outer loop
      vertex 16.5 48.3 87.8533
      vertex 16.4701 50.8 88.3102
      vertex 16.5 50.8 87.8533
    endloop
  endfacet
  facet normal -0.997866 -0 -0.0653013
    outer loop
      vertex 16.4701 50.8 88.3102
      vertex 16.5 48.3 87.8533
      vertex 16.4701 48.3 88.3102
    endloop
  endfacet
  facet normal -0.321335 0 0.946966
    outer loop
      vertex 13.9059 50.8 84.4726
      vertex 14.3394 48.3 84.6197
      vertex 14.3394 50.8 84.6197
    endloop
  endfacet
  facet normal -0.321335 0 0.946966
    outer loop
      vertex 14.3394 48.3 84.6197
      vertex 13.9059 50.8 84.4726
      vertex 13.9059 48.3 84.4726
    endloop
  endfacet
  facet normal -0.442314 0 0.89686
    outer loop
      vertex 14.3394 50.8 84.6197
      vertex 14.75 48.3 84.8222
      vertex 14.75 50.8 84.8222
    endloop
  endfacet
  facet normal -0.442314 0 0.89686
    outer loop
      vertex 14.75 48.3 84.8222
      vertex 14.3394 50.8 84.6197
      vertex 14.3394 48.3 84.6197
    endloop
  endfacet
  facet normal 0.442314 0 0.89686
    outer loop
      vertex 11.25 50.8 84.8222
      vertex 11.6606 48.3 84.6197
      vertex 11.6606 50.8 84.6197
    endloop
  endfacet
  facet normal 0.442314 0 0.89686
    outer loop
      vertex 11.6606 48.3 84.6197
      vertex 11.25 50.8 84.8222
      vertex 11.25 48.3 84.8222
    endloop
  endfacet
  facet normal -0.195024 0 0.980798
    outer loop
      vertex 13.4568 50.8 84.3833
      vertex 13.9059 48.3 84.4726
      vertex 13.9059 50.8 84.4726
    endloop
  endfacet
  facet normal -0.195024 0 0.980798
    outer loop
      vertex 13.9059 48.3 84.4726
      vertex 13.4568 50.8 84.3833
      vertex 13.4568 48.3 84.3833
    endloop
  endfacet
  facet normal -0.980757 0 0.195234
    outer loop
      vertex 16.3807 48.3 86.9474
      vertex 16.4701 50.8 87.3965
      vertex 16.3807 50.8 86.9474
    endloop
  endfacet
  facet normal -0.980757 0 0.195234
    outer loop
      vertex 16.4701 50.8 87.3965
      vertex 16.3807 48.3 86.9474
      vertex 16.4701 48.3 87.3965
    endloop
  endfacet
  facet normal -0.89686 0 0.442314
    outer loop
      vertex 16.0311 48.3 86.1033
      vertex 16.2336 50.8 86.5139
      vertex 16.0311 50.8 86.1033
    endloop
  endfacet
  facet normal -0.89686 0 0.442314
    outer loop
      vertex 16.2336 50.8 86.5139
      vertex 16.0311 48.3 86.1033
      vertex 16.2336 48.3 86.5139
    endloop
  endfacet
  facet normal 0.0655331 0 0.99785
    outer loop
      vertex 12.5432 50.8 84.3833
      vertex 13 48.3 84.3533
      vertex 13 50.8 84.3533
    endloop
  endfacet
  facet normal 0.0655331 0 0.99785
    outer loop
      vertex 13 48.3 84.3533
      vertex 12.5432 50.8 84.3833
      vertex 12.5432 48.3 84.3833
    endloop
  endfacet
  facet normal 0.831388 -0 0.555693
    outer loop
      vertex 9.96891 48.3 86.1033
      vertex 10.2233 50.8 85.7227
      vertex 9.96891 50.8 86.1033
    endloop
  endfacet
  facet normal 0.831388 0 0.555693
    outer loop
      vertex 10.2233 50.8 85.7227
      vertex 9.96891 48.3 86.1033
      vertex 10.2233 48.3 85.7227
    endloop
  endfacet
  facet normal -0.555607 0 0.831445
    outer loop
      vertex 14.75 50.8 84.8222
      vertex 15.1307 48.3 85.0766
      vertex 15.1307 50.8 85.0766
    endloop
  endfacet
  facet normal -0.555607 0 0.831445
    outer loop
      vertex 15.1307 48.3 85.0766
      vertex 14.75 50.8 84.8222
      vertex 14.75 48.3 84.8222
    endloop
  endfacet
  facet normal 0.946926 -0 0.321452
    outer loop
      vertex 9.61926 48.3 86.9474
      vertex 9.76642 50.8 86.5139
      vertex 9.61926 50.8 86.9474
    endloop
  endfacet
  facet normal 0.946926 0 0.321452
    outer loop
      vertex 9.76642 50.8 86.5139
      vertex 9.61926 48.3 86.9474
      vertex 9.76642 48.3 86.5139
    endloop
  endfacet
  facet normal 0 0.707107 -0.707107
    outer loop
      vertex 158 48.8 73.8533
      vertex 143 50.8 75.8533
      vertex 158 50.8 75.8533
    endloop
  endfacet
  facet normal 0 0.707107 -0.707107
    outer loop
      vertex 143 50.8 75.8533
      vertex 158 48.8 73.8533
      vertex 143 48.8 73.8533
    endloop
  endfacet
  facet normal 0.659494 0 0.75171
    outer loop
      vertex 149.025 50.8 85.3784
      vertex 149.369 48.3 85.0766
      vertex 149.369 50.8 85.0766
    endloop
  endfacet
  facet normal 0.659494 0 0.75171
    outer loop
      vertex 149.369 48.3 85.0766
      vertex 149.025 50.8 85.3784
      vertex 149.025 48.3 85.3784
    endloop
  endfacet
  facet normal 0.980924 -0 0.194394
    outer loop
      vertex 148.03 48.3 87.3965
      vertex 148.119 50.8 86.9474
      vertex 148.03 50.8 87.3965
    endloop
  endfacet
  facet normal 0.980924 0 0.194394
    outer loop
      vertex 148.119 50.8 86.9474
      vertex 148.03 48.3 87.3965
      vertex 148.119 48.3 86.9474
    endloop
  endfacet
  facet normal -0.707092 0 -0.707121
    outer loop
      vertex 151.5 48.3 92.8031
      vertex 153.975 50.8 90.3282
      vertex 153.975 48.3 90.3282
    endloop
  endfacet
  facet normal -0.707092 0 -0.707121
    outer loop
      vertex 153.975 50.8 90.3282
      vertex 151.5 48.3 92.8031
      vertex 151.5 50.8 92.8031
    endloop
  endfacet
  facet normal 0.99785 -0 0.0655331
    outer loop
      vertex 148 48.3 87.8533
      vertex 148.03 50.8 87.3965
      vertex 148 50.8 87.8533
    endloop
  endfacet
  facet normal 0.99785 0 0.0655331
    outer loop
      vertex 148.03 50.8 87.3965
      vertex 148 48.3 87.8533
      vertex 148.03 48.3 87.3965
    endloop
  endfacet
  facet normal 0.751683 0 -0.659524
    outer loop
      vertex 149.025 48.3 90.3282
      vertex 148.723 50.8 89.984
      vertex 149.025 50.8 90.3282
    endloop
  endfacet
  facet normal 0.751683 0 -0.659524
    outer loop
      vertex 148.723 50.8 89.984
      vertex 149.025 48.3 90.3282
      vertex 148.723 48.3 89.984
    endloop
  endfacet
  facet normal 0.997851 0 -0.0655188
    outer loop
      vertex 148.03 48.3 88.3102
      vertex 148 50.8 87.8533
      vertex 148.03 50.8 88.3102
    endloop
  endfacet
  facet normal 0.997851 0 -0.0655188
    outer loop
      vertex 148 50.8 87.8533
      vertex 148.03 48.3 88.3102
      vertex 148 48.3 87.8533
    endloop
  endfacet
  facet normal -0.831849 0 -0.555003
    outer loop
      vertex 154.531 48.3 89.6033
      vertex 154.277 50.8 89.984
      vertex 154.531 50.8 89.6033
    endloop
  endfacet
  facet normal -0.831849 -0 -0.555003
    outer loop
      vertex 154.277 50.8 89.984
      vertex 154.531 48.3 89.6033
      vertex 154.277 48.3 89.984
    endloop
  endfacet
  facet normal 0.947032 0 -0.321139
    outer loop
      vertex 148.266 48.3 89.1927
      vertex 148.119 50.8 88.7592
      vertex 148.266 50.8 89.1927
    endloop
  endfacet
  facet normal 0.947032 0 -0.321139
    outer loop
      vertex 148.119 50.8 88.7592
      vertex 148.266 48.3 89.1927
      vertex 148.119 48.3 88.7592
    endloop
  endfacet
  facet normal 0.831849 0 -0.555003
    outer loop
      vertex 148.723 48.3 89.984
      vertex 148.469 50.8 89.6033
      vertex 148.723 50.8 89.984
    endloop
  endfacet
  facet normal 0.831849 0 -0.555003
    outer loop
      vertex 148.469 50.8 89.6033
      vertex 148.723 48.3 89.984
      vertex 148.469 48.3 89.6033
    endloop
  endfacet
  facet normal -0.659494 0 0.75171
    outer loop
      vertex 153.631 50.8 85.0766
      vertex 153.975 48.3 85.3784
      vertex 153.975 50.8 85.3784
    endloop
  endfacet
  facet normal -0.659494 0 0.75171
    outer loop
      vertex 153.975 48.3 85.3784
      vertex 153.631 50.8 85.0766
      vertex 153.631 48.3 85.0766
    endloop
  endfacet
  facet normal 0.321668 0 0.946853
    outer loop
      vertex 150.161 50.8 84.6197
      vertex 150.594 48.3 84.4726
      vertex 150.594 50.8 84.4726
    endloop
  endfacet
  facet normal 0.321668 0 0.946853
    outer loop
      vertex 150.594 48.3 84.4726
      vertex 150.161 50.8 84.6197
      vertex 150.161 48.3 84.6197
    endloop
  endfacet
  facet normal -0.831781 0 0.555104
    outer loop
      vertex 154.277 48.3 85.7227
      vertex 154.531 50.8 86.1033
      vertex 154.277 50.8 85.7227
    endloop
  endfacet
  facet normal -0.831781 0 0.555104
    outer loop
      vertex 154.531 50.8 86.1033
      vertex 154.277 48.3 85.7227
      vertex 154.531 48.3 86.1033
    endloop
  endfacet
  facet normal -0.896427 0 -0.443192
    outer loop
      vertex 154.734 48.3 89.1927
      vertex 154.531 50.8 89.6033
      vertex 154.734 50.8 89.1927
    endloop
  endfacet
  facet normal -0.896427 -0 -0.443192
    outer loop
      vertex 154.531 50.8 89.6033
      vertex 154.734 48.3 89.1927
      vertex 154.531 48.3 89.6033
    endloop
  endfacet
  facet normal -0.947032 0 -0.321139
    outer loop
      vertex 154.881 48.3 88.7592
      vertex 154.734 50.8 89.1927
      vertex 154.881 50.8 88.7592
    endloop
  endfacet
  facet normal -0.947032 -0 -0.321139
    outer loop
      vertex 154.734 50.8 89.1927
      vertex 154.881 48.3 88.7592
      vertex 154.734 48.3 89.1927
    endloop
  endfacet
  facet normal 0.751778 -0 0.659416
    outer loop
      vertex 148.723 48.3 85.7227
      vertex 149.025 50.8 85.3784
      vertex 148.723 50.8 85.7227
    endloop
  endfacet
  facet normal 0.751778 0 0.659416
    outer loop
      vertex 149.025 50.8 85.3784
      vertex 148.723 48.3 85.7227
      vertex 149.025 48.3 85.3784
    endloop
  endfacet
  facet normal 0.896427 -0 0.443192
    outer loop
      vertex 148.266 48.3 86.5139
      vertex 148.469 50.8 86.1033
      vertex 148.266 50.8 86.5139
    endloop
  endfacet
  facet normal 0.896427 0 0.443192
    outer loop
      vertex 148.469 50.8 86.1033
      vertex 148.266 48.3 86.5139
      vertex 148.469 48.3 86.1033
    endloop
  endfacet
  facet normal 0.195066 0 0.98079
    outer loop
      vertex 150.594 50.8 84.4726
      vertex 151.043 48.3 84.3833
      vertex 151.043 50.8 84.3833
    endloop
  endfacet
  facet normal 0.195066 0 0.98079
    outer loop
      vertex 151.043 48.3 84.3833
      vertex 150.594 50.8 84.4726
      vertex 150.594 48.3 84.4726
    endloop
  endfacet
  facet normal 0.980915 0 -0.194435
    outer loop
      vertex 148.119 48.3 88.7592
      vertex 148.03 50.8 88.3102
      vertex 148.119 50.8 88.7592
    endloop
  endfacet
  facet normal 0.980915 0 -0.194435
    outer loop
      vertex 148.03 50.8 88.3102
      vertex 148.119 48.3 88.7592
      vertex 148.03 48.3 88.3102
    endloop
  endfacet
  facet normal 0.707092 0 -0.707121
    outer loop
      vertex 149.025 48.3 90.3282
      vertex 151.5 50.8 92.8031
      vertex 151.5 48.3 92.8031
    endloop
  endfacet
  facet normal 0.707092 0 -0.707121
    outer loop
      vertex 151.5 50.8 92.8031
      vertex 149.025 48.3 90.3282
      vertex 149.025 50.8 90.3282
    endloop
  endfacet
  facet normal -0.0655045 0 0.997852
    outer loop
      vertex 151.5 50.8 84.3533
      vertex 151.957 48.3 84.3833
      vertex 151.957 50.8 84.3833
    endloop
  endfacet
  facet normal -0.0655045 0 0.997852
    outer loop
      vertex 151.957 48.3 84.3833
      vertex 151.5 50.8 84.3533
      vertex 151.5 48.3 84.3533
    endloop
  endfacet
  facet normal -0.751683 0 -0.659524
    outer loop
      vertex 154.277 48.3 89.984
      vertex 153.975 50.8 90.3282
      vertex 154.277 50.8 89.984
    endloop
  endfacet
  facet normal -0.751683 -0 -0.659524
    outer loop
      vertex 153.975 50.8 90.3282
      vertex 154.277 48.3 89.984
      vertex 153.975 48.3 90.3282
    endloop
  endfacet
  facet normal -0.947032 0 0.321139
    outer loop
      vertex 154.734 48.3 86.5139
      vertex 154.881 50.8 86.9474
      vertex 154.734 50.8 86.5139
    endloop
  endfacet
  facet normal -0.947032 0 0.321139
    outer loop
      vertex 154.881 50.8 86.9474
      vertex 154.734 48.3 86.5139
      vertex 154.881 48.3 86.9474
    endloop
  endfacet
  facet normal -0.980915 0 -0.194435
    outer loop
      vertex 154.97 48.3 88.3102
      vertex 154.881 50.8 88.7592
      vertex 154.97 50.8 88.3102
    endloop
  endfacet
  facet normal -0.980915 -0 -0.194435
    outer loop
      vertex 154.881 50.8 88.7592
      vertex 154.97 48.3 88.3102
      vertex 154.881 48.3 88.7592
    endloop
  endfacet
  facet normal -0.751778 0 0.659416
    outer loop
      vertex 153.975 48.3 85.3784
      vertex 154.277 50.8 85.7227
      vertex 153.975 50.8 85.3784
    endloop
  endfacet
  facet normal -0.751778 0 0.659416
    outer loop
      vertex 154.277 50.8 85.7227
      vertex 153.975 48.3 85.3784
      vertex 154.277 48.3 85.7227
    endloop
  endfacet
  facet normal 0.555305 0 0.831647
    outer loop
      vertex 149.369 50.8 85.0766
      vertex 149.75 48.3 84.8222
      vertex 149.75 50.8 84.8222
    endloop
  endfacet
  facet normal 0.555305 0 0.831647
    outer loop
      vertex 149.75 48.3 84.8222
      vertex 149.369 50.8 85.0766
      vertex 149.369 48.3 85.0766
    endloop
  endfacet
  facet normal 0.896427 0 -0.443192
    outer loop
      vertex 148.469 48.3 89.6033
      vertex 148.266 50.8 89.1927
      vertex 148.469 50.8 89.6033
    endloop
  endfacet
  facet normal 0.896427 0 -0.443192
    outer loop
      vertex 148.266 50.8 89.1927
      vertex 148.469 48.3 89.6033
      vertex 148.266 48.3 89.1927
    endloop
  endfacet
  facet normal -0.99785 0 0.0655331
    outer loop
      vertex 154.97 48.3 87.3965
      vertex 155 50.8 87.8533
      vertex 154.97 50.8 87.3965
    endloop
  endfacet
  facet normal -0.99785 0 0.0655331
    outer loop
      vertex 155 50.8 87.8533
      vertex 154.97 48.3 87.3965
      vertex 155 48.3 87.8533
    endloop
  endfacet
  facet normal -0.997851 0 -0.0655188
    outer loop
      vertex 155 48.3 87.8533
      vertex 154.97 50.8 88.3102
      vertex 155 50.8 87.8533
    endloop
  endfacet
  facet normal -0.997851 -0 -0.0655188
    outer loop
      vertex 154.97 50.8 88.3102
      vertex 155 48.3 87.8533
      vertex 154.97 48.3 88.3102
    endloop
  endfacet
  facet normal -0.321668 0 0.946853
    outer loop
      vertex 152.406 50.8 84.4726
      vertex 152.839 48.3 84.6197
      vertex 152.839 50.8 84.6197
    endloop
  endfacet
  facet normal -0.321668 0 0.946853
    outer loop
      vertex 152.839 48.3 84.6197
      vertex 152.406 50.8 84.4726
      vertex 152.406 48.3 84.4726
    endloop
  endfacet
  facet normal -0.441968 0 0.897031
    outer loop
      vertex 152.839 50.8 84.6197
      vertex 153.25 48.3 84.8222
      vertex 153.25 50.8 84.8222
    endloop
  endfacet
  facet normal -0.441968 0 0.897031
    outer loop
      vertex 153.25 48.3 84.8222
      vertex 152.839 50.8 84.6197
      vertex 152.839 48.3 84.6197
    endloop
  endfacet
  facet normal 0.441968 0 0.897031
    outer loop
      vertex 149.75 50.8 84.8222
      vertex 150.161 48.3 84.6197
      vertex 150.161 50.8 84.6197
    endloop
  endfacet
  facet normal 0.441968 0 0.897031
    outer loop
      vertex 150.161 48.3 84.6197
      vertex 149.75 50.8 84.8222
      vertex 149.75 48.3 84.8222
    endloop
  endfacet
  facet normal -0.195066 0 0.98079
    outer loop
      vertex 151.957 50.8 84.3833
      vertex 152.406 48.3 84.4726
      vertex 152.406 50.8 84.4726
    endloop
  endfacet
  facet normal -0.195066 0 0.98079
    outer loop
      vertex 152.406 48.3 84.4726
      vertex 151.957 50.8 84.3833
      vertex 151.957 48.3 84.3833
    endloop
  endfacet
  facet normal -0.980924 0 0.194394
    outer loop
      vertex 154.881 48.3 86.9474
      vertex 154.97 50.8 87.3965
      vertex 154.881 50.8 86.9474
    endloop
  endfacet
  facet normal -0.980924 0 0.194394
    outer loop
      vertex 154.97 50.8 87.3965
      vertex 154.881 48.3 86.9474
      vertex 154.97 48.3 87.3965
    endloop
  endfacet
  facet normal -0.896427 0 0.443192
    outer loop
      vertex 154.531 48.3 86.1033
      vertex 154.734 50.8 86.5139
      vertex 154.531 50.8 86.1033
    endloop
  endfacet
  facet normal -0.896427 0 0.443192
    outer loop
      vertex 154.734 50.8 86.5139
      vertex 154.531 48.3 86.1033
      vertex 154.734 48.3 86.5139
    endloop
  endfacet
  facet normal 0.0655045 0 0.997852
    outer loop
      vertex 151.043 50.8 84.3833
      vertex 151.5 48.3 84.3533
      vertex 151.5 50.8 84.3533
    endloop
  endfacet
  facet normal 0.0655045 0 0.997852
    outer loop
      vertex 151.5 48.3 84.3533
      vertex 151.043 50.8 84.3833
      vertex 151.043 48.3 84.3833
    endloop
  endfacet
  facet normal 0.831781 -0 0.555104
    outer loop
      vertex 148.469 48.3 86.1033
      vertex 148.723 50.8 85.7227
      vertex 148.469 50.8 86.1033
    endloop
  endfacet
  facet normal 0.831781 0 0.555104
    outer loop
      vertex 148.723 50.8 85.7227
      vertex 148.469 48.3 86.1033
      vertex 148.723 48.3 85.7227
    endloop
  endfacet
  facet normal -0.555305 0 0.831647
    outer loop
      vertex 153.25 50.8 84.8222
      vertex 153.631 48.3 85.0766
      vertex 153.631 50.8 85.0766
    endloop
  endfacet
  facet normal -0.555305 0 0.831647
    outer loop
      vertex 153.631 48.3 85.0766
      vertex 153.25 50.8 84.8222
      vertex 153.25 48.3 84.8222
    endloop
  endfacet
  facet normal 0.947032 -0 0.321139
    outer loop
      vertex 148.119 48.3 86.9474
      vertex 148.266 50.8 86.5139
      vertex 148.119 50.8 86.9474
    endloop
  endfacet
  facet normal 0.947032 0 0.321139
    outer loop
      vertex 148.266 50.8 86.5139
      vertex 148.119 48.3 86.9474
      vertex 148.266 48.3 86.5139
    endloop
  endfacet
  facet normal -0.195522 -0.693464 -0.693454
    outer loop
      vertex 111.209 -69.1037 8.19276
      vertex 111.414 -71.961 10.9923
      vertex 111.209 -71.9321 11.0212
    endloop
  endfacet
  facet normal -0.195424 -0.693474 -0.693472
    outer loop
      vertex 111.414 -71.961 10.9923
      vertex 111.209 -69.1037 8.19276
      vertex 111.414 -69.1326 8.16389
    endloop
  endfacet
  facet normal -0.980624 -0.138521 -0.13852
    outer loop
      vertex 112.586 -70.0777 7.21874
      vertex 112.545 -72.761 10.1923
      vertex 112.545 -69.9326 7.36389
    endloop
  endfacet
  facet normal -0.980631 -0.138497 -0.138499
    outer loop
      vertex 112.545 -72.761 10.1923
      vertex 112.586 -70.0777 7.21874
      vertex 112.586 -72.9062 10.0472
    endloop
  endfacet
  facet normal -0.997761 -0.0472917 -0.0472924
    outer loop
      vertex 112.6 -70.2254 7.07107
      vertex 112.586 -72.9062 10.0472
      vertex 112.586 -70.0777 7.21874
    endloop
  endfacet
  facet normal -0.99776 -0.0473035 -0.047303
    outer loop
      vertex 112.586 -72.9062 10.0472
      vertex 112.6 -70.2254 7.07107
      vertex 112.6 -73.0538 9.8995
    endloop
  endfacet
  facet normal -0.947348 -0.226419 -0.226421
    outer loop
      vertex 112.545 -69.9326 7.36389
      vertex 112.478 -72.6209 10.3325
      vertex 112.478 -69.7924 7.50402
    endloop
  endfacet
  facet normal -0.947337 -0.226442 -0.226441
    outer loop
      vertex 112.478 -72.6209 10.3325
      vertex 112.545 -69.9326 7.36389
      vertex 112.545 -72.761 10.1923
    endloop
  endfacet
  facet normal -0.829818 -0.394589 -0.394589
    outer loop
      vertex 112.386 -69.6597 7.63675
      vertex 112.269 -72.3651 10.5882
      vertex 112.269 -69.5367 7.7598
    endloop
  endfacet
  facet normal -0.829766 -0.394648 -0.394641
    outer loop
      vertex 112.269 -72.3651 10.5882
      vertex 112.386 -69.6597 7.63675
      vertex 112.386 -72.4881 10.4652
    endloop
  endfacet
  facet normal -0.321888 -0.669459 -0.669487
    outer loop
      vertex 111.414 -71.961 10.9923
      vertex 111.612 -69.1801 8.11632
      vertex 111.612 -72.0086 10.9447
    endloop
  endfacet
  facet normal -0.321494 -0.669569 -0.669566
    outer loop
      vertex 111.612 -69.1801 8.11632
      vertex 111.414 -71.961 10.9923
      vertex 111.414 -69.1326 8.16389
    endloop
  endfacet
  facet normal -0.997761 0.0472907 0.0472902
    outer loop
      vertex 112.586 -70.3731 6.92339
      vertex 112.6 -73.0538 9.8995
      vertex 112.6 -70.2254 7.07107
    endloop
  endfacet
  facet normal -0.997761 0.0472907 0.0472902
    outer loop
      vertex 112.6 -73.0538 9.8995
      vertex 112.586 -70.3731 6.92339
      vertex 112.586 -73.2015 9.75182
    endloop
  endfacet
  facet normal 0.555568 0.587942 0.587936
    outer loop
      vertex 110.026 -73.9514 9.00192
      vertex 110.2 -71.2052 6.09127
      vertex 110.026 -71.123 6.17349
    endloop
  endfacet
  facet normal 0.555568 0.587942 0.587936
    outer loop
      vertex 110.2 -71.2052 6.09127
      vertex 110.026 -73.9514 9.00192
      vertex 110.2 -74.0336 8.9197
    endloop
  endfacet
  facet normal 0.321797 0.669487 0.669503
    outer loop
      vertex 110.388 -74.0991 8.85425
      vertex 110.586 -71.3182 5.97825
      vertex 110.388 -71.2706 6.02582
    endloop
  endfacet
  facet normal 0.321524 0.669563 0.669558
    outer loop
      vertex 110.586 -71.3182 5.97825
      vertex 110.388 -74.0991 8.85425
      vertex 110.586 -74.1466 8.80667
    endloop
  endfacet
  facet normal -0.897928 -0.311231 -0.311226
    outer loop
      vertex 112.478 -69.7924 7.50402
      vertex 112.386 -72.4881 10.4652
      vertex 112.386 -69.6597 7.63675
    endloop
  endfacet
  facet normal -0.897973 -0.311161 -0.311163
    outer loop
      vertex 112.386 -72.4881 10.4652
      vertex 112.478 -69.7924 7.50402
      vertex 112.478 -72.6209 10.3325
    endloop
  endfacet
  facet normal 0.321888 -0.669459 -0.669487
    outer loop
      vertex 110.388 -69.1801 8.11632
      vertex 110.586 -71.961 10.9923
      vertex 110.388 -72.0086 10.9447
    endloop
  endfacet
  facet normal 0.321494 -0.669569 -0.669566
    outer loop
      vertex 110.586 -71.961 10.9923
      vertex 110.388 -69.1801 8.11632
      vertex 110.586 -69.1326 8.16389
    endloop
  endfacet
  facet normal -0.751885 -0.466194 -0.466189
    outer loop
      vertex 112.269 -69.5367 7.7598
      vertex 112.131 -72.2538 10.6995
      vertex 112.131 -69.4254 7.87107
    endloop
  endfacet
  facet normal -0.751929 -0.466156 -0.466156
    outer loop
      vertex 112.131 -72.2538 10.6995
      vertex 112.269 -69.5367 7.7598
      vertex 112.269 -72.3651 10.5882
    endloop
  endfacet
  facet normal -0.947351 0.226414 0.226412
    outer loop
      vertex 112.478 -70.6584 6.63811
      vertex 112.545 -73.3466 9.60668
      vertex 112.545 -70.5182 6.77825
    endloop
  endfacet
  facet normal -0.947351 0.226414 0.226412
    outer loop
      vertex 112.545 -73.3466 9.60668
      vertex 112.478 -70.6584 6.63811
      vertex 112.478 -73.4868 9.46654
    endloop
  endfacet
  facet normal 0.751871 0.466197 0.466209
    outer loop
      vertex 109.731 -73.7426 9.21076
      vertex 109.869 -71.0254 6.27107
      vertex 109.731 -70.9141 6.38233
    endloop
  endfacet
  facet normal 0.751738 0.466311 0.466308
    outer loop
      vertex 109.869 -71.0254 6.27107
      vertex 109.731 -73.7426 9.21076
      vertex 109.869 -73.8538 9.09949
    endloop
  endfacet
  facet normal -0.980623 0.138526 0.138524
    outer loop
      vertex 112.545 -70.5182 6.77825
      vertex 112.586 -73.2015 9.75182
      vertex 112.586 -70.3731 6.92339
    endloop
  endfacet
  facet normal -0.980623 0.138526 0.138524
    outer loop
      vertex 112.586 -73.2015 9.75182
      vertex 112.545 -70.5182 6.77825
      vertex 112.545 -73.3466 9.60668
    endloop
  endfacet
  facet normal 0.660213 -0.531098 -0.531087
    outer loop
      vertex 110.026 -72.1562 10.7971
      vertex 109.869 -69.4254 7.87107
      vertex 110.026 -69.3278 7.96864
    endloop
  endfacet
  facet normal 0.66027 -0.53106 -0.531054
    outer loop
      vertex 109.869 -69.4254 7.87107
      vertex 110.026 -72.1562 10.7971
      vertex 109.869 -72.2538 10.6995
    endloop
  endfacet
  facet normal 0.947351 0.226414 0.226412
    outer loop
      vertex 109.455 -73.3466 9.60668
      vertex 109.522 -70.6584 6.63811
      vertex 109.455 -70.5182 6.77825
    endloop
  endfacet
  facet normal 0.947351 0.226414 0.226412
    outer loop
      vertex 109.522 -70.6584 6.63811
      vertex 109.455 -73.3466 9.60668
      vertex 109.522 -73.4868 9.46654
    endloop
  endfacet
  facet normal -0.829818 0.394592 0.394587
    outer loop
      vertex 112.269 -70.9141 6.38233
      vertex 112.386 -73.6195 9.33381
      vertex 112.386 -70.7911 6.50538
    endloop
  endfacet
  facet normal -0.829923 0.394474 0.394484
    outer loop
      vertex 112.386 -73.6195 9.33381
      vertex 112.269 -70.9141 6.38233
      vertex 112.269 -73.7426 9.21076
    endloop
  endfacet
  facet normal -0.441437 -0.634486 -0.634477
    outer loop
      vertex 111.612 -72.0086 10.9447
      vertex 111.8 -69.2456 8.05086
      vertex 111.8 -72.074 10.8793
    endloop
  endfacet
  facet normal -0.441872 -0.634317 -0.634344
    outer loop
      vertex 111.8 -69.2456 8.05086
      vertex 111.612 -72.0086 10.9447
      vertex 111.612 -69.1801 8.11632
    endloop
  endfacet
  facet normal 0.441437 -0.634486 -0.634477
    outer loop
      vertex 110.2 -69.2456 8.05086
      vertex 110.388 -72.0086 10.9447
      vertex 110.2 -72.074 10.8793
    endloop
  endfacet
  facet normal 0.441872 -0.634317 -0.634344
    outer loop
      vertex 110.388 -72.0086 10.9447
      vertex 110.2 -69.2456 8.05086
      vertex 110.388 -69.1801 8.11632
    endloop
  endfacet
  facet normal -0.441573 0.634438 0.634431
    outer loop
      vertex 111.612 -71.2706 6.02582
      vertex 111.8 -74.0336 8.9197
      vertex 111.8 -71.2052 6.09127
    endloop
  endfacet
  facet normal -0.441845 0.634332 0.634347
    outer loop
      vertex 111.8 -74.0336 8.9197
      vertex 111.612 -71.2706 6.02582
      vertex 111.612 -74.0991 8.85425
    endloop
  endfacet
  facet normal -0.321797 0.669487 0.669503
    outer loop
      vertex 111.414 -71.3182 5.97825
      vertex 111.612 -74.0991 8.85425
      vertex 111.612 -71.2706 6.02582
    endloop
  endfacet
  facet normal -0.321524 0.669563 0.669558
    outer loop
      vertex 111.612 -74.0991 8.85425
      vertex 111.414 -71.3182 5.97825
      vertex 111.414 -74.1466 8.80667
    endloop
  endfacet
  facet normal 0.897928 0.31123 0.311227
    outer loop
      vertex 109.522 -73.4868 9.46654
      vertex 109.614 -70.7911 6.50538
      vertex 109.522 -70.6584 6.63811
    endloop
  endfacet
  facet normal 0.897928 0.31123 0.311227
    outer loop
      vertex 109.614 -70.7911 6.50538
      vertex 109.522 -73.4868 9.46654
      vertex 109.614 -73.6195 9.33381
    endloop
  endfacet
  facet normal 0.980623 0.138526 0.138524
    outer loop
      vertex 109.414 -73.2015 9.75182
      vertex 109.455 -70.5182 6.77825
      vertex 109.414 -70.3731 6.92339
    endloop
  endfacet
  facet normal 0.980623 0.138526 0.138524
    outer loop
      vertex 109.455 -70.5182 6.77825
      vertex 109.414 -73.2015 9.75182
      vertex 109.455 -73.3466 9.60668
    endloop
  endfacet
  facet normal 0.555522 -0.587967 -0.587955
    outer loop
      vertex 110.026 -69.3278 7.96864
      vertex 110.2 -72.074 10.8793
      vertex 110.026 -72.1562 10.7971
    endloop
  endfacet
  facet normal 0.555568 -0.587943 -0.587935
    outer loop
      vertex 110.2 -72.074 10.8793
      vertex 110.026 -69.3278 7.96864
      vertex 110.2 -69.2456 8.05086
    endloop
  endfacet
  facet normal -0.555568 0.587942 0.587936
    outer loop
      vertex 111.8 -71.2052 6.09127
      vertex 111.974 -73.9514 9.00192
      vertex 111.974 -71.123 6.17349
    endloop
  endfacet
  facet normal -0.555568 0.587942 0.587936
    outer loop
      vertex 111.974 -73.9514 9.00192
      vertex 111.8 -71.2052 6.09127
      vertex 111.8 -74.0336 8.9197
    endloop
  endfacet
  facet normal -0.195424 0.693475 0.69347
    outer loop
      vertex 111.414 -71.3182 5.97825
      vertex 111.209 -74.1755 8.7778
      vertex 111.414 -74.1466 8.80667
    endloop
  endfacet
  facet normal -0.195424 0.693475 0.69347
    outer loop
      vertex 111.209 -74.1755 8.7778
      vertex 111.414 -71.3182 5.97825
      vertex 111.209 -71.3471 5.94938
    endloop
  endfacet
  facet normal -0.660213 -0.531098 -0.531087
    outer loop
      vertex 112.131 -69.4254 7.87107
      vertex 111.974 -72.1562 10.7971
      vertex 111.974 -69.3278 7.96864
    endloop
  endfacet
  facet normal -0.66027 -0.53106 -0.531054
    outer loop
      vertex 111.974 -72.1562 10.7971
      vertex 112.131 -69.4254 7.87107
      vertex 112.131 -72.2538 10.6995
    endloop
  endfacet
  facet normal 0.947348 -0.226419 -0.226421
    outer loop
      vertex 109.522 -72.6209 10.3325
      vertex 109.455 -69.9326 7.36389
      vertex 109.522 -69.7924 7.50402
    endloop
  endfacet
  facet normal 0.947337 -0.226442 -0.226441
    outer loop
      vertex 109.455 -69.9326 7.36389
      vertex 109.522 -72.6209 10.3325
      vertex 109.455 -72.761 10.1923
    endloop
  endfacet
  facet normal -0.0654276 0.705594 0.705589
    outer loop
      vertex 111 -71.3568 5.9397
      vertex 111.209 -74.1755 8.7778
      vertex 111.209 -71.3471 5.94938
    endloop
  endfacet
  facet normal -0.0654276 0.705594 0.705589
    outer loop
      vertex 111.209 -74.1755 8.7778
      vertex 111 -71.3568 5.9397
      vertex 111 -74.1852 8.76812
    endloop
  endfacet
  facet normal 0.195522 -0.693464 -0.693454
    outer loop
      vertex 110.586 -71.961 10.9923
      vertex 110.791 -69.1037 8.19276
      vertex 110.791 -71.9321 11.0212
    endloop
  endfacet
  facet normal 0.195424 -0.693474 -0.693472
    outer loop
      vertex 110.791 -69.1037 8.19276
      vertex 110.586 -71.961 10.9923
      vertex 110.586 -69.1326 8.16389
    endloop
  endfacet
  facet normal 0.660232 0.531083 0.531079
    outer loop
      vertex 109.869 -73.8538 9.09949
      vertex 110.026 -71.123 6.17349
      vertex 109.869 -71.0254 6.27107
    endloop
  endfacet
  facet normal 0.660213 0.531096 0.53109
    outer loop
      vertex 110.026 -71.123 6.17349
      vertex 109.869 -73.8538 9.09949
      vertex 110.026 -73.9514 9.00192
    endloop
  endfacet
  facet normal -0.660232 0.531083 0.531079
    outer loop
      vertex 111.974 -71.123 6.17349
      vertex 112.131 -73.8538 9.09949
      vertex 112.131 -71.0254 6.27107
    endloop
  endfacet
  facet normal -0.660213 0.531096 0.53109
    outer loop
      vertex 112.131 -73.8538 9.09949
      vertex 111.974 -71.123 6.17349
      vertex 111.974 -73.9514 9.00192
    endloop
  endfacet
  facet normal 0.897928 -0.311231 -0.311226
    outer loop
      vertex 109.614 -72.4881 10.4652
      vertex 109.522 -69.7924 7.50402
      vertex 109.614 -69.6597 7.63675
    endloop
  endfacet
  facet normal 0.897973 -0.311161 -0.311163
    outer loop
      vertex 109.522 -69.7924 7.50402
      vertex 109.614 -72.4881 10.4652
      vertex 109.522 -72.6209 10.3325
    endloop
  endfacet
  facet normal -0.897928 0.31123 0.311227
    outer loop
      vertex 112.386 -70.7911 6.50538
      vertex 112.478 -73.4868 9.46654
      vertex 112.478 -70.6584 6.63811
    endloop
  endfacet
  facet normal -0.897928 0.31123 0.311227
    outer loop
      vertex 112.478 -73.4868 9.46654
      vertex 112.386 -70.7911 6.50538
      vertex 112.386 -73.6195 9.33381
    endloop
  endfacet
  facet normal -0.751871 0.466197 0.466209
    outer loop
      vertex 112.131 -71.0254 6.27107
      vertex 112.269 -73.7426 9.21076
      vertex 112.269 -70.9141 6.38233
    endloop
  endfacet
  facet normal -0.751738 0.466311 0.466308
    outer loop
      vertex 112.269 -73.7426 9.21076
      vertex 112.131 -71.0254 6.27107
      vertex 112.131 -73.8538 9.09949
    endloop
  endfacet
  facet normal 0.0654276 0.705594 0.705589
    outer loop
      vertex 110.791 -74.1755 8.7778
      vertex 111 -71.3568 5.9397
      vertex 110.791 -71.3471 5.94938
    endloop
  endfacet
  facet normal 0.0654276 0.705594 0.705589
    outer loop
      vertex 111 -71.3568 5.9397
      vertex 110.791 -74.1755 8.7778
      vertex 111 -74.1852 8.76812
    endloop
  endfacet
  facet normal -0.0651587 -0.705609 -0.705599
    outer loop
      vertex 111 -71.9225 11.0309
      vertex 111.209 -69.1037 8.19276
      vertex 111.209 -71.9321 11.0212
    endloop
  endfacet
  facet normal -0.0654276 -0.705587 -0.705597
    outer loop
      vertex 111.209 -69.1037 8.19276
      vertex 111 -71.9225 11.0309
      vertex 111 -69.094 8.20244
    endloop
  endfacet
  facet normal -0.555522 -0.587967 -0.587955
    outer loop
      vertex 111.8 -72.074 10.8793
      vertex 111.974 -69.3278 7.96864
      vertex 111.974 -72.1562 10.7971
    endloop
  endfacet
  facet normal -0.555568 -0.587943 -0.587935
    outer loop
      vertex 111.974 -69.3278 7.96864
      vertex 111.8 -72.074 10.8793
      vertex 111.8 -69.2456 8.05086
    endloop
  endfacet
  facet normal 0.997761 0.0472907 0.0472902
    outer loop
      vertex 109.4 -73.0538 9.8995
      vertex 109.414 -70.3731 6.92339
      vertex 109.4 -70.2254 7.07107
    endloop
  endfacet
  facet normal 0.997761 0.0472907 0.0472902
    outer loop
      vertex 109.414 -70.3731 6.92339
      vertex 109.4 -73.0538 9.8995
      vertex 109.414 -73.2015 9.75182
    endloop
  endfacet
  facet normal 0.751885 -0.466194 -0.466189
    outer loop
      vertex 109.869 -72.2538 10.6995
      vertex 109.731 -69.5367 7.7598
      vertex 109.869 -69.4254 7.87107
    endloop
  endfacet
  facet normal 0.751929 -0.466156 -0.466156
    outer loop
      vertex 109.731 -69.5367 7.7598
      vertex 109.869 -72.2538 10.6995
      vertex 109.731 -72.3651 10.5882
    endloop
  endfacet
  facet normal 0.0651587 -0.705609 -0.705599
    outer loop
      vertex 110.791 -69.1037 8.19276
      vertex 111 -71.9225 11.0309
      vertex 110.791 -71.9321 11.0212
    endloop
  endfacet
  facet normal 0.0654276 -0.705587 -0.705597
    outer loop
      vertex 111 -71.9225 11.0309
      vertex 110.791 -69.1037 8.19276
      vertex 111 -69.094 8.20244
    endloop
  endfacet
  facet normal 0.195424 0.693475 0.69347
    outer loop
      vertex 110.791 -74.1755 8.7778
      vertex 110.586 -71.3182 5.97825
      vertex 110.586 -74.1466 8.80667
    endloop
  endfacet
  facet normal 0.195424 0.693475 0.69347
    outer loop
      vertex 110.586 -71.3182 5.97825
      vertex 110.791 -74.1755 8.7778
      vertex 110.791 -71.3471 5.94938
    endloop
  endfacet
  facet normal 0.980624 -0.138521 -0.13852
    outer loop
      vertex 109.455 -72.761 10.1923
      vertex 109.414 -70.0777 7.21874
      vertex 109.455 -69.9326 7.36389
    endloop
  endfacet
  facet normal 0.980631 -0.138497 -0.138499
    outer loop
      vertex 109.414 -70.0777 7.21874
      vertex 109.455 -72.761 10.1923
      vertex 109.414 -72.9062 10.0472
    endloop
  endfacet
  facet normal 0.997761 -0.0472917 -0.0472924
    outer loop
      vertex 109.414 -72.9062 10.0472
      vertex 109.4 -70.2254 7.07107
      vertex 109.414 -70.0777 7.21874
    endloop
  endfacet
  facet normal 0.99776 -0.0473035 -0.047303
    outer loop
      vertex 109.4 -70.2254 7.07107
      vertex 109.414 -72.9062 10.0472
      vertex 109.4 -73.0538 9.8995
    endloop
  endfacet
  facet normal 0.441573 0.634438 0.634431
    outer loop
      vertex 110.2 -74.0336 8.9197
      vertex 110.388 -71.2706 6.02582
      vertex 110.2 -71.2052 6.09127
    endloop
  endfacet
  facet normal 0.441845 0.634332 0.634347
    outer loop
      vertex 110.388 -71.2706 6.02582
      vertex 110.2 -74.0336 8.9197
      vertex 110.388 -74.0991 8.85425
    endloop
  endfacet
  facet normal 0.829818 -0.394589 -0.394589
    outer loop
      vertex 109.731 -72.3651 10.5882
      vertex 109.614 -69.6597 7.63675
      vertex 109.731 -69.5367 7.7598
    endloop
  endfacet
  facet normal 0.829766 -0.394648 -0.394641
    outer loop
      vertex 109.614 -69.6597 7.63675
      vertex 109.731 -72.3651 10.5882
      vertex 109.614 -72.4881 10.4652
    endloop
  endfacet
  facet normal 0.829818 0.394592 0.394587
    outer loop
      vertex 109.614 -73.6195 9.33381
      vertex 109.731 -70.9141 6.38233
      vertex 109.614 -70.7911 6.50538
    endloop
  endfacet
  facet normal 0.829923 0.394474 0.394484
    outer loop
      vertex 109.731 -70.9141 6.38233
      vertex 109.614 -73.6195 9.33381
      vertex 109.731 -73.7426 9.21076
    endloop
  endfacet
  facet normal -0.195522 -0.693464 -0.693454
    outer loop
      vertex 131.209 -69.1037 8.19276
      vertex 131.414 -71.961 10.9923
      vertex 131.209 -71.9321 11.0212
    endloop
  endfacet
  facet normal -0.195424 -0.693474 -0.693472
    outer loop
      vertex 131.414 -71.961 10.9923
      vertex 131.209 -69.1037 8.19276
      vertex 131.414 -69.1326 8.16389
    endloop
  endfacet
  facet normal -0.980624 -0.138521 -0.13852
    outer loop
      vertex 132.586 -70.0777 7.21874
      vertex 132.545 -72.761 10.1923
      vertex 132.545 -69.9326 7.36389
    endloop
  endfacet
  facet normal -0.980631 -0.138497 -0.138499
    outer loop
      vertex 132.545 -72.761 10.1923
      vertex 132.586 -70.0777 7.21874
      vertex 132.586 -72.9062 10.0472
    endloop
  endfacet
  facet normal -0.997761 -0.0472917 -0.0472924
    outer loop
      vertex 132.6 -70.2254 7.07107
      vertex 132.586 -72.9062 10.0472
      vertex 132.586 -70.0777 7.21874
    endloop
  endfacet
  facet normal -0.99776 -0.0473035 -0.047303
    outer loop
      vertex 132.586 -72.9062 10.0472
      vertex 132.6 -70.2254 7.07107
      vertex 132.6 -73.0538 9.8995
    endloop
  endfacet
  facet normal -0.947348 -0.226419 -0.226421
    outer loop
      vertex 132.545 -69.9326 7.36389
      vertex 132.478 -72.6209 10.3325
      vertex 132.478 -69.7924 7.50402
    endloop
  endfacet
  facet normal -0.947337 -0.226442 -0.226441
    outer loop
      vertex 132.478 -72.6209 10.3325
      vertex 132.545 -69.9326 7.36389
      vertex 132.545 -72.761 10.1923
    endloop
  endfacet
  facet normal -0.829818 -0.394589 -0.394589
    outer loop
      vertex 132.386 -69.6597 7.63675
      vertex 132.269 -72.3651 10.5882
      vertex 132.269 -69.5367 7.7598
    endloop
  endfacet
  facet normal -0.829766 -0.394648 -0.394641
    outer loop
      vertex 132.269 -72.3651 10.5882
      vertex 132.386 -69.6597 7.63675
      vertex 132.386 -72.4881 10.4652
    endloop
  endfacet
  facet normal -0.321888 -0.669459 -0.669487
    outer loop
      vertex 131.414 -71.961 10.9923
      vertex 131.612 -69.1801 8.11632
      vertex 131.612 -72.0086 10.9447
    endloop
  endfacet
  facet normal -0.321494 -0.669569 -0.669566
    outer loop
      vertex 131.612 -69.1801 8.11632
      vertex 131.414 -71.961 10.9923
      vertex 131.414 -69.1326 8.16389
    endloop
  endfacet
  facet normal -0.997761 0.0472907 0.0472902
    outer loop
      vertex 132.586 -70.3731 6.92339
      vertex 132.6 -73.0538 9.8995
      vertex 132.6 -70.2254 7.07107
    endloop
  endfacet
  facet normal -0.997761 0.0472907 0.0472902
    outer loop
      vertex 132.6 -73.0538 9.8995
      vertex 132.586 -70.3731 6.92339
      vertex 132.586 -73.2015 9.75182
    endloop
  endfacet
  facet normal 0.555568 0.587942 0.587936
    outer loop
      vertex 130.026 -73.9514 9.00192
      vertex 130.2 -71.2052 6.09127
      vertex 130.026 -71.123 6.17349
    endloop
  endfacet
  facet normal 0.555568 0.587942 0.587936
    outer loop
      vertex 130.2 -71.2052 6.09127
      vertex 130.026 -73.9514 9.00192
      vertex 130.2 -74.0336 8.9197
    endloop
  endfacet
  facet normal 0.321797 0.669487 0.669503
    outer loop
      vertex 130.388 -74.0991 8.85425
      vertex 130.586 -71.3182 5.97825
      vertex 130.388 -71.2706 6.02582
    endloop
  endfacet
  facet normal 0.321524 0.669563 0.669558
    outer loop
      vertex 130.586 -71.3182 5.97825
      vertex 130.388 -74.0991 8.85425
      vertex 130.586 -74.1466 8.80667
    endloop
  endfacet
  facet normal -0.897928 -0.311231 -0.311226
    outer loop
      vertex 132.478 -69.7924 7.50402
      vertex 132.386 -72.4881 10.4652
      vertex 132.386 -69.6597 7.63675
    endloop
  endfacet
  facet normal -0.897973 -0.311161 -0.311163
    outer loop
      vertex 132.386 -72.4881 10.4652
      vertex 132.478 -69.7924 7.50402
      vertex 132.478 -72.6209 10.3325
    endloop
  endfacet
  facet normal 0.321888 -0.669459 -0.669487
    outer loop
      vertex 130.388 -69.1801 8.11632
      vertex 130.586 -71.961 10.9923
      vertex 130.388 -72.0086 10.9447
    endloop
  endfacet
  facet normal 0.321494 -0.669569 -0.669566
    outer loop
      vertex 130.586 -71.961 10.9923
      vertex 130.388 -69.1801 8.11632
      vertex 130.586 -69.1326 8.16389
    endloop
  endfacet
  facet normal -0.751885 -0.466194 -0.466189
    outer loop
      vertex 132.269 -69.5367 7.7598
      vertex 132.131 -72.2538 10.6995
      vertex 132.131 -69.4254 7.87107
    endloop
  endfacet
  facet normal -0.751929 -0.466156 -0.466156
    outer loop
      vertex 132.131 -72.2538 10.6995
      vertex 132.269 -69.5367 7.7598
      vertex 132.269 -72.3651 10.5882
    endloop
  endfacet
  facet normal -0.947351 0.226414 0.226412
    outer loop
      vertex 132.478 -70.6584 6.63811
      vertex 132.545 -73.3466 9.60668
      vertex 132.545 -70.5182 6.77825
    endloop
  endfacet
  facet normal -0.947351 0.226414 0.226412
    outer loop
      vertex 132.545 -73.3466 9.60668
      vertex 132.478 -70.6584 6.63811
      vertex 132.478 -73.4868 9.46654
    endloop
  endfacet
  facet normal 0.751871 0.466197 0.466209
    outer loop
      vertex 129.731 -73.7426 9.21076
      vertex 129.869 -71.0254 6.27107
      vertex 129.731 -70.9141 6.38233
    endloop
  endfacet
  facet normal 0.751738 0.466311 0.466308
    outer loop
      vertex 129.869 -71.0254 6.27107
      vertex 129.731 -73.7426 9.21076
      vertex 129.869 -73.8538 9.09949
    endloop
  endfacet
  facet normal -0.980623 0.138526 0.138524
    outer loop
      vertex 132.545 -70.5182 6.77825
      vertex 132.586 -73.2015 9.75182
      vertex 132.586 -70.3731 6.92339
    endloop
  endfacet
  facet normal -0.980623 0.138526 0.138524
    outer loop
      vertex 132.586 -73.2015 9.75182
      vertex 132.545 -70.5182 6.77825
      vertex 132.545 -73.3466 9.60668
    endloop
  endfacet
  facet normal 0.660213 -0.531098 -0.531087
    outer loop
      vertex 130.026 -72.1562 10.7971
      vertex 129.869 -69.4254 7.87107
      vertex 130.026 -69.3278 7.96864
    endloop
  endfacet
  facet normal 0.66027 -0.53106 -0.531054
    outer loop
      vertex 129.869 -69.4254 7.87107
      vertex 130.026 -72.1562 10.7971
      vertex 129.869 -72.2538 10.6995
    endloop
  endfacet
  facet normal 0.947351 0.226414 0.226412
    outer loop
      vertex 129.455 -73.3466 9.60668
      vertex 129.522 -70.6584 6.63811
      vertex 129.455 -70.5182 6.77825
    endloop
  endfacet
  facet normal 0.947351 0.226414 0.226412
    outer loop
      vertex 129.522 -70.6584 6.63811
      vertex 129.455 -73.3466 9.60668
      vertex 129.522 -73.4868 9.46654
    endloop
  endfacet
  facet normal -0.829818 0.394592 0.394587
    outer loop
      vertex 132.269 -70.9141 6.38233
      vertex 132.386 -73.6195 9.33381
      vertex 132.386 -70.7911 6.50538
    endloop
  endfacet
  facet normal -0.829923 0.394474 0.394484
    outer loop
      vertex 132.386 -73.6195 9.33381
      vertex 132.269 -70.9141 6.38233
      vertex 132.269 -73.7426 9.21076
    endloop
  endfacet
  facet normal -0.441437 -0.634486 -0.634477
    outer loop
      vertex 131.612 -72.0086 10.9447
      vertex 131.8 -69.2456 8.05086
      vertex 131.8 -72.074 10.8793
    endloop
  endfacet
  facet normal -0.441872 -0.634317 -0.634344
    outer loop
      vertex 131.8 -69.2456 8.05086
      vertex 131.612 -72.0086 10.9447
      vertex 131.612 -69.1801 8.11632
    endloop
  endfacet
  facet normal 0.441437 -0.634486 -0.634477
    outer loop
      vertex 130.2 -69.2456 8.05086
      vertex 130.388 -72.0086 10.9447
      vertex 130.2 -72.074 10.8793
    endloop
  endfacet
  facet normal 0.441872 -0.634317 -0.634344
    outer loop
      vertex 130.388 -72.0086 10.9447
      vertex 130.2 -69.2456 8.05086
      vertex 130.388 -69.1801 8.11632
    endloop
  endfacet
  facet normal -0.441573 0.634438 0.634431
    outer loop
      vertex 131.612 -71.2706 6.02582
      vertex 131.8 -74.0336 8.9197
      vertex 131.8 -71.2052 6.09127
    endloop
  endfacet
  facet normal -0.441845 0.634332 0.634347
    outer loop
      vertex 131.8 -74.0336 8.9197
      vertex 131.612 -71.2706 6.02582
      vertex 131.612 -74.0991 8.85425
    endloop
  endfacet
  facet normal -0.321797 0.669487 0.669503
    outer loop
      vertex 131.414 -71.3182 5.97825
      vertex 131.612 -74.0991 8.85425
      vertex 131.612 -71.2706 6.02582
    endloop
  endfacet
  facet normal -0.321524 0.669563 0.669558
    outer loop
      vertex 131.612 -74.0991 8.85425
      vertex 131.414 -71.3182 5.97825
      vertex 131.414 -74.1466 8.80667
    endloop
  endfacet
  facet normal 0.980623 0.138526 0.138524
    outer loop
      vertex 129.414 -73.2015 9.75182
      vertex 129.455 -70.5182 6.77825
      vertex 129.414 -70.3731 6.92339
    endloop
  endfacet
  facet normal 0.980623 0.138526 0.138524
    outer loop
      vertex 129.455 -70.5182 6.77825
      vertex 129.414 -73.2015 9.75182
      vertex 129.455 -73.3466 9.60668
    endloop
  endfacet
  facet normal 0.555522 -0.587967 -0.587955
    outer loop
      vertex 130.026 -69.3278 7.96864
      vertex 130.2 -72.074 10.8793
      vertex 130.026 -72.1562 10.7971
    endloop
  endfacet
  facet normal 0.555568 -0.587943 -0.587935
    outer loop
      vertex 130.2 -72.074 10.8793
      vertex 130.026 -69.3278 7.96864
      vertex 130.2 -69.2456 8.05086
    endloop
  endfacet
  facet normal -0.555568 0.587942 0.587936
    outer loop
      vertex 131.8 -71.2052 6.09127
      vertex 131.974 -73.9514 9.00192
      vertex 131.974 -71.123 6.17349
    endloop
  endfacet
  facet normal -0.555568 0.587942 0.587936
    outer loop
      vertex 131.974 -73.9514 9.00192
      vertex 131.8 -71.2052 6.09127
      vertex 131.8 -74.0336 8.9197
    endloop
  endfacet
  facet normal -0.195424 0.693475 0.69347
    outer loop
      vertex 131.414 -71.3182 5.97825
      vertex 131.209 -74.1755 8.7778
      vertex 131.414 -74.1466 8.80667
    endloop
  endfacet
  facet normal -0.195424 0.693475 0.69347
    outer loop
      vertex 131.209 -74.1755 8.7778
      vertex 131.414 -71.3182 5.97825
      vertex 131.209 -71.3471 5.94938
    endloop
  endfacet
  facet normal -0.660213 -0.531098 -0.531087
    outer loop
      vertex 132.131 -69.4254 7.87107
      vertex 131.974 -72.1562 10.7971
      vertex 131.974 -69.3278 7.96864
    endloop
  endfacet
  facet normal -0.66027 -0.53106 -0.531054
    outer loop
      vertex 131.974 -72.1562 10.7971
      vertex 132.131 -69.4254 7.87107
      vertex 132.131 -72.2538 10.6995
    endloop
  endfacet
  facet normal 0.947348 -0.226419 -0.226421
    outer loop
      vertex 129.522 -72.6209 10.3325
      vertex 129.455 -69.9326 7.36389
      vertex 129.522 -69.7924 7.50402
    endloop
  endfacet
  facet normal 0.947337 -0.226442 -0.226441
    outer loop
      vertex 129.455 -69.9326 7.36389
      vertex 129.522 -72.6209 10.3325
      vertex 129.455 -72.761 10.1923
    endloop
  endfacet
  facet normal 0.0651587 -0.705609 -0.705599
    outer loop
      vertex 130.791 -69.1037 8.19276
      vertex 131 -71.9225 11.0309
      vertex 130.791 -71.9321 11.0212
    endloop
  endfacet
  facet normal 0.0654276 -0.705587 -0.705597
    outer loop
      vertex 131 -71.9225 11.0309
      vertex 130.791 -69.1037 8.19276
      vertex 131 -69.094 8.20244
    endloop
  endfacet
  facet normal -0.0654276 0.705594 0.705589
    outer loop
      vertex 131 -71.3568 5.9397
      vertex 131.209 -74.1755 8.7778
      vertex 131.209 -71.3471 5.94938
    endloop
  endfacet
  facet normal -0.0654276 0.705594 0.705589
    outer loop
      vertex 131.209 -74.1755 8.7778
      vertex 131 -71.3568 5.9397
      vertex 131 -74.1852 8.76812
    endloop
  endfacet
  facet normal 0.195522 -0.693464 -0.693454
    outer loop
      vertex 130.586 -71.961 10.9923
      vertex 130.791 -69.1037 8.19276
      vertex 130.791 -71.9321 11.0212
    endloop
  endfacet
  facet normal 0.195424 -0.693474 -0.693472
    outer loop
      vertex 130.791 -69.1037 8.19276
      vertex 130.586 -71.961 10.9923
      vertex 130.586 -69.1326 8.16389
    endloop
  endfacet
  facet normal 0.660232 0.531083 0.531079
    outer loop
      vertex 129.869 -73.8538 9.09949
      vertex 130.026 -71.123 6.17349
      vertex 129.869 -71.0254 6.27107
    endloop
  endfacet
  facet normal 0.660213 0.531096 0.53109
    outer loop
      vertex 130.026 -71.123 6.17349
      vertex 129.869 -73.8538 9.09949
      vertex 130.026 -73.9514 9.00192
    endloop
  endfacet
  facet normal 0.897928 -0.311231 -0.311226
    outer loop
      vertex 129.614 -72.4881 10.4652
      vertex 129.522 -69.7924 7.50402
      vertex 129.614 -69.6597 7.63675
    endloop
  endfacet
  facet normal 0.897973 -0.311161 -0.311163
    outer loop
      vertex 129.522 -69.7924 7.50402
      vertex 129.614 -72.4881 10.4652
      vertex 129.522 -72.6209 10.3325
    endloop
  endfacet
  facet normal -0.897928 0.31123 0.311227
    outer loop
      vertex 132.386 -70.7911 6.50538
      vertex 132.478 -73.4868 9.46654
      vertex 132.478 -70.6584 6.63811
    endloop
  endfacet
  facet normal -0.897928 0.31123 0.311227
    outer loop
      vertex 132.478 -73.4868 9.46654
      vertex 132.386 -70.7911 6.50538
      vertex 132.386 -73.6195 9.33381
    endloop
  endfacet
  facet normal -0.751871 0.466197 0.466209
    outer loop
      vertex 132.131 -71.0254 6.27107
      vertex 132.269 -73.7426 9.21076
      vertex 132.269 -70.9141 6.38233
    endloop
  endfacet
  facet normal -0.751738 0.466311 0.466308
    outer loop
      vertex 132.269 -73.7426 9.21076
      vertex 132.131 -71.0254 6.27107
      vertex 132.131 -73.8538 9.09949
    endloop
  endfacet
  facet normal 0.0654276 0.705594 0.705589
    outer loop
      vertex 130.791 -74.1755 8.7778
      vertex 131 -71.3568 5.9397
      vertex 130.791 -71.3471 5.94938
    endloop
  endfacet
  facet normal 0.0654276 0.705594 0.705589
    outer loop
      vertex 131 -71.3568 5.9397
      vertex 130.791 -74.1755 8.7778
      vertex 131 -74.1852 8.76812
    endloop
  endfacet
  facet normal -0.0651587 -0.705609 -0.705599
    outer loop
      vertex 131 -71.9225 11.0309
      vertex 131.209 -69.1037 8.19276
      vertex 131.209 -71.9321 11.0212
    endloop
  endfacet
  facet normal -0.0654276 -0.705587 -0.705597
    outer loop
      vertex 131.209 -69.1037 8.19276
      vertex 131 -71.9225 11.0309
      vertex 131 -69.094 8.20244
    endloop
  endfacet
  facet normal -0.555522 -0.587967 -0.587955
    outer loop
      vertex 131.8 -72.074 10.8793
      vertex 131.974 -69.3278 7.96864
      vertex 131.974 -72.1562 10.7971
    endloop
  endfacet
  facet normal -0.555568 -0.587943 -0.587935
    outer loop
      vertex 131.974 -69.3278 7.96864
      vertex 131.8 -72.074 10.8793
      vertex 131.8 -69.2456 8.05086
    endloop
  endfacet
  facet normal 0.997761 0.0472907 0.0472902
    outer loop
      vertex 129.4 -73.0538 9.8995
      vertex 129.414 -70.3731 6.92339
      vertex 129.4 -70.2254 7.07107
    endloop
  endfacet
  facet normal 0.997761 0.0472907 0.0472902
    outer loop
      vertex 129.414 -70.3731 6.92339
      vertex 129.4 -73.0538 9.8995
      vertex 129.414 -73.2015 9.75182
    endloop
  endfacet
  facet normal 0.751885 -0.466194 -0.466189
    outer loop
      vertex 129.869 -72.2538 10.6995
      vertex 129.731 -69.5367 7.7598
      vertex 129.869 -69.4254 7.87107
    endloop
  endfacet
  facet normal 0.751929 -0.466156 -0.466156
    outer loop
      vertex 129.731 -69.5367 7.7598
      vertex 129.869 -72.2538 10.6995
      vertex 129.731 -72.3651 10.5882
    endloop
  endfacet
  facet normal 0.195424 0.693475 0.69347
    outer loop
      vertex 130.791 -74.1755 8.7778
      vertex 130.586 -71.3182 5.97825
      vertex 130.586 -74.1466 8.80667
    endloop
  endfacet
  facet normal 0.195424 0.693475 0.69347
    outer loop
      vertex 130.586 -71.3182 5.97825
      vertex 130.791 -74.1755 8.7778
      vertex 130.791 -71.3471 5.94938
    endloop
  endfacet
  facet normal 0.980624 -0.138521 -0.13852
    outer loop
      vertex 129.455 -72.761 10.1923
      vertex 129.414 -70.0777 7.21874
      vertex 129.455 -69.9326 7.36389
    endloop
  endfacet
  facet normal 0.980631 -0.138497 -0.138499
    outer loop
      vertex 129.414 -70.0777 7.21874
      vertex 129.455 -72.761 10.1923
      vertex 129.414 -72.9062 10.0472
    endloop
  endfacet
  facet normal 0.997761 -0.0472917 -0.0472924
    outer loop
      vertex 129.414 -72.9062 10.0472
      vertex 129.4 -70.2254 7.07107
      vertex 129.414 -70.0777 7.21874
    endloop
  endfacet
  facet normal 0.99776 -0.0473035 -0.047303
    outer loop
      vertex 129.4 -70.2254 7.07107
      vertex 129.414 -72.9062 10.0472
      vertex 129.4 -73.0538 9.8995
    endloop
  endfacet
  facet normal 0.441573 0.634438 0.634431
    outer loop
      vertex 130.2 -74.0336 8.9197
      vertex 130.388 -71.2706 6.02582
      vertex 130.2 -71.2052 6.09127
    endloop
  endfacet
  facet normal 0.441845 0.634332 0.634347
    outer loop
      vertex 130.388 -71.2706 6.02582
      vertex 130.2 -74.0336 8.9197
      vertex 130.388 -74.0991 8.85425
    endloop
  endfacet
  facet normal -0.660232 0.531083 0.531079
    outer loop
      vertex 131.974 -71.123 6.17349
      vertex 132.131 -73.8538 9.09949
      vertex 132.131 -71.0254 6.27107
    endloop
  endfacet
  facet normal -0.660213 0.531096 0.53109
    outer loop
      vertex 132.131 -73.8538 9.09949
      vertex 131.974 -71.123 6.17349
      vertex 131.974 -73.9514 9.00192
    endloop
  endfacet
  facet normal 0.829818 -0.394589 -0.394589
    outer loop
      vertex 129.731 -72.3651 10.5882
      vertex 129.614 -69.6597 7.63675
      vertex 129.731 -69.5367 7.7598
    endloop
  endfacet
  facet normal 0.829766 -0.394648 -0.394641
    outer loop
      vertex 129.614 -69.6597 7.63675
      vertex 129.731 -72.3651 10.5882
      vertex 129.614 -72.4881 10.4652
    endloop
  endfacet
  facet normal 0.829818 0.394592 0.394587
    outer loop
      vertex 129.614 -73.6195 9.33381
      vertex 129.731 -70.9141 6.38233
      vertex 129.614 -70.7911 6.50538
    endloop
  endfacet
  facet normal 0.829923 0.394474 0.394484
    outer loop
      vertex 129.731 -70.9141 6.38233
      vertex 129.614 -73.6195 9.33381
      vertex 129.731 -73.7426 9.21076
    endloop
  endfacet
  facet normal 0.897928 0.31123 0.311227
    outer loop
      vertex 129.522 -73.4868 9.46654
      vertex 129.614 -70.7911 6.50538
      vertex 129.522 -70.6584 6.63811
    endloop
  endfacet
  facet normal 0.897928 0.31123 0.311227
    outer loop
      vertex 129.614 -70.7911 6.50538
      vertex 129.522 -73.4868 9.46654
      vertex 129.614 -73.6195 9.33381
    endloop
  endfacet
  facet normal 0 -0.707107 0.707107
    outer loop
      vertex 56.75 -60.1956 21.3435
      vertex 56.0884 -55.4165 26.1226
      vertex 53.75 -56.5213 25.0178
    endloop
  endfacet
  facet normal 1.05497e-15 -0.707107 0.707107
    outer loop
      vertex 53.5238 -61.3206 20.2185
      vertex 53.75 -56.5213 25.0178
      vertex 51.2277 -57.4009 24.1382
    endloop
  endfacet
  facet normal -8.24803e-16 -0.707107 0.707107
    outer loop
      vertex 56.0884 -55.4165 26.1226
      vertex 56.75 -60.1956 21.3435
      vertex 59.7409 -58.7824 22.7567
    endloop
  endfacet
  facet normal 0 -0.707107 0.707107
    outer loop
      vertex 53.75 -56.5213 25.0178
      vertex 53.5238 -61.3206 20.2185
      vertex 56.75 -60.1956 21.3435
    endloop
  endfacet
  facet normal 5.40679e-16 -0.707107 0.707107
    outer loop
      vertex 58.2028 -54.1053 27.4338
      vertex 64.8172 -55.193 26.3461
      vertex 60.0571 -52.6102 28.9289
    endloop
  endfacet
  facet normal 1.06821e-15 -0.707107 0.707107
    outer loop
      vertex 64.3161 -41.371 40.1681
      vertex 64.5 -43.3553 38.1838
      vertex 70.2647 -40.8172 40.7219
    endloop
  endfacet
  facet normal 7.51643e-16 -0.707107 0.707107
    outer loop
      vertex 61.6195 -35.7539 45.7852
      vertex 62.8634 -37.5375 44.0016
      vertex 68.4067 -35.9139 45.6252
    endloop
  endfacet
  facet normal -8.2481e-17 -0.707107 0.707107
    outer loop
      vertex 46.5895 -24.0763 57.4628
      vertex 48.5646 -28.6706 52.8685
      vertex 50.1175 -24.5725 56.9666
    endloop
  endfacet
  facet normal 0 -0.707107 0.707107
    outer loop
      vertex 53.75 -30.1893 51.3498
      vertex 59.7409 -27.9282 53.6109
      vertex 56.75 -26.5151 55.024
    endloop
  endfacet
  facet normal 0 -0.707107 0.707107
    outer loop
      vertex 64.5 -43.3553 38.1838
      vertex 70.2647 -45.8935 35.6456
      vertex 70.5 -43.3553 38.1838
    endloop
  endfacet
  facet normal 0 -0.707107 0.707107
    outer loop
      vertex 26.2591 -27.9282 53.6109
      vertex 32.25 -30.1893 51.3498
      vertex 29.25 -26.5151 55.024
    endloop
  endfacet
  facet normal 0 -0.707107 0.707107
    outer loop
      vertex 39.4105 -24.0763 57.4628
      vertex 40.1937 -28.2826 53.2565
      vertex 43 -28.1525 53.3866
    endloop
  endfacet
  facet normal 8.43978e-16 -0.707107 0.707107
    outer loop
      vertex 32.4762 -25.3901 56.149
      vertex 34.7723 -29.3098 52.2293
      vertex 37.4354 -28.6706 52.8685
    endloop
  endfacet
  facet normal -6.59841e-16 -0.707107 0.707107
    outer loop
      vertex 43 -28.1525 53.3866
      vertex 46.5895 -24.0763 57.4628
      vertex 43 -23.9099 57.6292
    endloop
  endfacet
  facet normal 0 -0.707107 0.707107
    outer loop
      vertex 26.2591 -27.9282 53.6109
      vertex 29.9116 -31.2942 50.2449
      vertex 32.25 -30.1893 51.3498
    endloop
  endfacet
  facet normal 0 -0.707107 0.707107
    outer loop
      vertex 15.7353 -40.8172 40.7219
      vertex 22.2326 -39.4206 42.1185
      vertex 16.437 -38.3225 43.2166
    endloop
  endfacet
  facet normal -1.07224e-15 -0.707107 0.707107
    outer loop
      vertex 19.1843 -33.6326 47.9065
      vertex 24.3805 -35.7539 45.7852
      vertex 21.1828 -31.5177 50.0214
    endloop
  endfacet
  facet normal 0 -0.707107 0.707107
    outer loop
      vertex 23.5546 -57.1053 24.4338
      vertex 26.2591 -58.7824 22.7567
      vertex 27.7972 -54.1053 27.4338
    endloop
  endfacet
  facet normal 8.30789e-16 -0.707107 0.707107
    outer loop
      vertex 15.7353 -45.8935 35.6456
      vertex 21.6839 -45.3397 36.1994
      vertex 21.5 -43.3553 38.1838
    endloop
  endfacet
  facet normal 0 -0.707107 0.707107
    outer loop
      vertex 21.1828 -55.193 26.3461
      vertex 25.9429 -52.6102 28.9289
      vertex 24.3805 -50.9567 30.5824
    endloop
  endfacet
  facet normal 9.16528e-16 -0.707107 0.707107
    outer loop
      vertex 43 -58.5581 22.981
      vertex 46.5895 -62.6344 18.9047
      vertex 45.8063 -58.4281 23.111
    endloop
  endfacet
  facet normal 7.83562e-16 -0.707107 0.707107
    outer loop
      vertex 29.25 -60.1956 21.3435
      vertex 29.9116 -55.4165 26.1226
      vertex 26.2591 -58.7824 22.7567
    endloop
  endfacet
  facet normal 0 -0.707107 0.707107
    outer loop
      vertex 29.9116 -55.4165 26.1226
      vertex 29.25 -60.1956 21.3435
      vertex 32.25 -56.5213 25.0178
    endloop
  endfacet
  facet normal 0 -0.707107 0.707107
    outer loop
      vertex 32.4762 -61.3206 20.2185
      vertex 32.25 -56.5213 25.0178
      vertex 29.25 -60.1956 21.3435
    endloop
  endfacet
  facet normal -1.00222e-15 -0.707107 0.707107
    outer loop
      vertex 32.25 -56.5213 25.0178
      vertex 32.4762 -61.3206 20.2185
      vertex 34.7723 -57.4009 24.1382
    endloop
  endfacet
  facet normal -1.23719e-16 -0.707107 0.707107
    outer loop
      vertex 32.4762 -61.3206 20.2185
      vertex 35.8825 -62.1382 19.4009
      vertex 37.4354 -58.0401 23.499
    endloop
  endfacet
  facet normal 1.05499e-15 -0.707107 0.707107
    outer loop
      vertex 26.2591 -58.7824 22.7567
      vertex 29.9116 -55.4165 26.1226
      vertex 27.7972 -54.1053 27.4338
    endloop
  endfacet
  facet normal -8.2481e-17 -0.707107 0.707107
    outer loop
      vertex 35.8825 -62.1382 19.4009
      vertex 39.4105 -62.6344 18.9047
      vertex 37.4354 -58.0401 23.499
    endloop
  endfacet
  facet normal 8.2479e-17 -0.707107 0.707107
    outer loop
      vertex 48.5646 -58.0401 23.499
      vertex 50.1175 -62.1382 19.4009
      vertex 53.5238 -61.3206 20.2185
    endloop
  endfacet
  facet normal -1.055e-15 -0.707107 0.707107
    outer loop
      vertex 39.4105 -62.6344 18.9047
      vertex 43 -58.5581 22.981
      vertex 40.1937 -58.4281 23.111
    endloop
  endfacet
  facet normal -7.26839e-16 -0.707107 0.707107
    outer loop
      vertex 39.4105 -62.6344 18.9047
      vertex 43 -62.8008 18.7383
      vertex 43 -58.5581 22.981
    endloop
  endfacet
  facet normal 7.26839e-16 -0.707107 0.707107
    outer loop
      vertex 43 -62.8008 18.7383
      vertex 46.5895 -62.6344 18.9047
      vertex 43 -58.5581 22.981
    endloop
  endfacet
  facet normal -7.91236e-17 -0.707107 0.707107
    outer loop
      vertex 37.4354 -58.0401 23.499
      vertex 39.4105 -62.6344 18.9047
      vertex 40.1937 -58.4281 23.111
    endloop
  endfacet
  facet normal -1.00224e-15 -0.707107 0.707107
    outer loop
      vertex 56.0884 -55.4165 26.1226
      vertex 59.7409 -58.7824 22.7567
      vertex 58.2028 -54.1053 27.4338
    endloop
  endfacet
  facet normal -1.05497e-16 -0.707107 0.707107
    outer loop
      vertex 32.4762 -61.3206 20.2185
      vertex 37.4354 -58.0401 23.499
      vertex 34.7723 -57.4009 24.1382
    endloop
  endfacet
  facet normal -4.9489e-16 -0.707107 0.707107
    outer loop
      vertex 21.1828 -55.193 26.3461
      vertex 23.5546 -57.1053 24.4338
      vertex 27.7972 -54.1053 27.4338
    endloop
  endfacet
  facet normal -5.27491e-16 -0.707107 0.707107
    outer loop
      vertex 21.1828 -55.193 26.3461
      vertex 27.7972 -54.1053 27.4338
      vertex 25.9429 -52.6102 28.9289
    endloop
  endfacet
  facet normal 0 -0.707107 0.707107
    outer loop
      vertex 17.5933 -50.7968 30.7423
      vertex 19.1843 -53.0781 28.461
      vertex 24.3805 -50.9567 30.5824
    endloop
  endfacet
  facet normal 0 -0.707107 0.707107
    outer loop
      vertex 19.1843 -53.0781 28.461
      vertex 21.1828 -55.193 26.3461
      vertex 24.3805 -50.9567 30.5824
    endloop
  endfacet
  facet normal -5.27493e-17 -0.707107 0.707107
    outer loop
      vertex 23.1366 -49.1732 32.3659
      vertex 17.5933 -50.7968 30.7423
      vertex 24.3805 -50.9567 30.5824
    endloop
  endfacet
  facet normal -7.91223e-16 -0.707107 0.707107
    outer loop
      vertex 22.2326 -47.2901 34.249
      vertex 17.5933 -50.7968 30.7423
      vertex 23.1366 -49.1732 32.3659
    endloop
  endfacet
  facet normal -1.29234e-15 -0.707107 0.707107
    outer loop
      vertex 16.437 -48.3882 33.1509
      vertex 22.2326 -47.2901 34.249
      vertex 21.6839 -45.3397 36.1994
    endloop
  endfacet
  facet normal -8.0417e-16 -0.707107 0.707107
    outer loop
      vertex 22.2326 -47.2901 34.249
      vertex 16.437 -48.3882 33.1509
      vertex 17.5933 -50.7968 30.7423
    endloop
  endfacet
  facet normal 9.89777e-16 -0.707107 0.707107
    outer loop
      vertex 16.437 -48.3882 33.1509
      vertex 21.6839 -45.3397 36.1994
      vertex 15.7353 -45.8935 35.6456
    endloop
  endfacet
  facet normal 0 -0.707107 0.707107
    outer loop
      vertex 15.5 -43.3553 38.1838
      vertex 21.5 -43.3553 38.1838
      vertex 15.7353 -40.8172 40.7219
    endloop
  endfacet
  facet normal 0 -0.707107 0.707107
    outer loop
      vertex 15.5 -43.3553 38.1838
      vertex 15.7353 -45.8935 35.6456
      vertex 21.5 -43.3553 38.1838
    endloop
  endfacet
  facet normal -5.93432e-16 -0.707107 0.707107
    outer loop
      vertex 15.7353 -40.8172 40.7219
      vertex 21.6839 -41.371 40.1681
      vertex 22.2326 -39.4206 42.1185
    endloop
  endfacet
  facet normal -1.06821e-15 -0.707107 0.707107
    outer loop
      vertex 15.7353 -40.8172 40.7219
      vertex 21.5 -43.3553 38.1838
      vertex 21.6839 -41.371 40.1681
    endloop
  endfacet
  facet normal 0 -0.707107 0.707107
    outer loop
      vertex 16.437 -38.3225 43.2166
      vertex 22.2326 -39.4206 42.1185
      vertex 17.5933 -35.9139 45.6252
    endloop
  endfacet
  facet normal -7.51643e-16 -0.707107 0.707107
    outer loop
      vertex 17.5933 -35.9139 45.6252
      vertex 23.1366 -37.5375 44.0016
      vertex 24.3805 -35.7539 45.7852
    endloop
  endfacet
  facet normal -1.47695e-15 -0.707107 0.707107
    outer loop
      vertex 17.5933 -35.9139 45.6252
      vertex 22.2326 -39.4206 42.1185
      vertex 23.1366 -37.5375 44.0016
    endloop
  endfacet
  facet normal -7.52618e-16 -0.707107 0.707107
    outer loop
      vertex 17.5933 -35.9139 45.6252
      vertex 24.3805 -35.7539 45.7852
      vertex 19.1843 -33.6326 47.9065
    endloop
  endfacet
  facet normal 7.42307e-16 -0.707107 0.707107
    outer loop
      vertex 25.9429 -34.1005 47.4386
      vertex 23.5546 -29.6053 51.9338
      vertex 21.1828 -31.5177 50.0214
    endloop
  endfacet
  facet normal 0 -0.707107 0.707107
    outer loop
      vertex 27.7972 -32.6053 48.9338
      vertex 23.5546 -29.6053 51.9338
      vertex 25.9429 -34.1005 47.4386
    endloop
  endfacet
  facet normal -4.94882e-16 -0.707107 0.707107
    outer loop
      vertex 23.5546 -29.6053 51.9338
      vertex 27.7972 -32.6053 48.9338
      vertex 26.2591 -27.9282 53.6109
    endloop
  endfacet
  facet normal 1.42427e-15 -0.707107 0.707107
    outer loop
      vertex 25.9429 -34.1005 47.4386
      vertex 21.1828 -31.5177 50.0214
      vertex 24.3805 -35.7539 45.7852
    endloop
  endfacet
  facet normal -7.38503e-16 -0.707107 0.707107
    outer loop
      vertex 26.2591 -27.9282 53.6109
      vertex 27.7972 -32.6053 48.9338
      vertex 29.9116 -31.2942 50.2449
    endloop
  endfacet
  facet normal 0 -0.707107 0.707107
    outer loop
      vertex 29.25 -26.5151 55.024
      vertex 32.25 -30.1893 51.3498
      vertex 32.4762 -25.3901 56.149
    endloop
  endfacet
  facet normal 0 -0.707107 0.707107
    outer loop
      vertex 32.25 -30.1893 51.3498
      vertex 34.7723 -29.3098 52.2293
      vertex 32.4762 -25.3901 56.149
    endloop
  endfacet
  facet normal 8.2481e-17 -0.707107 0.707107
    outer loop
      vertex 35.8825 -24.5725 56.9666
      vertex 37.4354 -28.6706 52.8685
      vertex 39.4105 -24.0763 57.4628
    endloop
  endfacet
  facet normal 1.44338e-16 -0.707107 0.707107
    outer loop
      vertex 32.4762 -25.3901 56.149
      vertex 37.4354 -28.6706 52.8685
      vertex 35.8825 -24.5725 56.9666
    endloop
  endfacet
  facet normal -8.96735e-16 -0.707107 0.707107
    outer loop
      vertex 37.4354 -28.6706 52.8685
      vertex 40.1937 -28.2826 53.2565
      vertex 39.4105 -24.0763 57.4628
    endloop
  endfacet
  facet normal 6.70151e-16 -0.707107 0.707107
    outer loop
      vertex 39.4105 -24.0763 57.4628
      vertex 43 -28.1525 53.3866
      vertex 43 -23.9099 57.6292
    endloop
  endfacet
  facet normal 8.96735e-16 -0.707107 0.707107
    outer loop
      vertex 45.8063 -28.2826 53.2565
      vertex 48.5646 -28.6706 52.8685
      vertex 46.5895 -24.0763 57.4628
    endloop
  endfacet
  facet normal 0 -0.707107 0.707107
    outer loop
      vertex 43 -28.1525 53.3866
      vertex 45.8063 -28.2826 53.2565
      vertex 46.5895 -24.0763 57.4628
    endloop
  endfacet
  facet normal -1.64958e-16 -0.707107 0.707107
    outer loop
      vertex 48.5646 -28.6706 52.8685
      vertex 53.5238 -25.3901 56.149
      vertex 50.1175 -24.5725 56.9666
    endloop
  endfacet
  facet normal 0 -0.707107 0.707107
    outer loop
      vertex 51.2277 -29.3098 52.2293
      vertex 53.75 -30.1893 51.3498
      vertex 53.5238 -25.3901 56.149
    endloop
  endfacet
  facet normal -8.17604e-16 -0.707107 0.707107
    outer loop
      vertex 48.5646 -28.6706 52.8685
      vertex 51.2277 -29.3098 52.2293
      vertex 53.5238 -25.3901 56.149
    endloop
  endfacet
  facet normal 0 -0.707107 0.707107
    outer loop
      vertex 53.5238 -25.3901 56.149
      vertex 53.75 -30.1893 51.3498
      vertex 56.75 -26.5151 55.024
    endloop
  endfacet
  facet normal 6.85753e-16 -0.707107 0.707107
    outer loop
      vertex 56.0884 -31.2942 50.2449
      vertex 58.2028 -32.6053 48.9338
      vertex 59.7409 -27.9282 53.6109
    endloop
  endfacet
  facet normal 0 -0.707107 0.707107
    outer loop
      vertex 53.75 -30.1893 51.3498
      vertex 56.0884 -31.2942 50.2449
      vertex 59.7409 -27.9282 53.6109
    endloop
  endfacet
  facet normal 4.94882e-16 -0.707107 0.707107
    outer loop
      vertex 58.2028 -32.6053 48.9338
      vertex 62.4454 -29.6053 51.9338
      vertex 59.7409 -27.9282 53.6109
    endloop
  endfacet
  facet normal 0 -0.707107 0.707107
    outer loop
      vertex 62.4454 -29.6053 51.9338
      vertex 58.2028 -32.6053 48.9338
      vertex 60.0571 -34.1005 47.4386
    endloop
  endfacet
  facet normal -7.42307e-16 -0.707107 0.707107
    outer loop
      vertex 62.4454 -29.6053 51.9338
      vertex 60.0571 -34.1005 47.4386
      vertex 64.8172 -31.5177 50.0214
    endloop
  endfacet
  facet normal -1.47702e-15 -0.707107 0.707107
    outer loop
      vertex 64.8172 -31.5177 50.0214
      vertex 60.0571 -34.1005 47.4386
      vertex 61.6195 -35.7539 45.7852
    endloop
  endfacet
  facet normal 7.52618e-16 -0.707107 0.707107
    outer loop
      vertex 61.6195 -35.7539 45.7852
      vertex 68.4067 -35.9139 45.6252
      vertex 66.8157 -33.6326 47.9065
    endloop
  endfacet
  facet normal 1.07224e-15 -0.707107 0.707107
    outer loop
      vertex 61.6195 -35.7539 45.7852
      vertex 66.8157 -33.6326 47.9065
      vertex 64.8172 -31.5177 50.0214
    endloop
  endfacet
  facet normal 1.47695e-15 -0.707107 0.707107
    outer loop
      vertex 62.8634 -37.5375 44.0016
      vertex 63.7674 -39.4206 42.1185
      vertex 68.4067 -35.9139 45.6252
    endloop
  endfacet
  facet normal 0 -0.707107 0.707107
    outer loop
      vertex 63.7674 -39.4206 42.1185
      vertex 70.2647 -40.8172 40.7219
      vertex 69.563 -38.3225 43.2166
    endloop
  endfacet
  facet normal 0 -0.707107 0.707107
    outer loop
      vertex 63.7674 -39.4206 42.1185
      vertex 69.563 -38.3225 43.2166
      vertex 68.4067 -35.9139 45.6252
    endloop
  endfacet
  facet normal 5.80245e-16 -0.707107 0.707107
    outer loop
      vertex 63.7674 -39.4206 42.1185
      vertex 64.3161 -41.371 40.1681
      vertex 70.2647 -40.8172 40.7219
    endloop
  endfacet
  facet normal 0 -0.707107 0.707107
    outer loop
      vertex 64.5 -43.3553 38.1838
      vertex 70.5 -43.3553 38.1838
      vertex 70.2647 -40.8172 40.7219
    endloop
  endfacet
  facet normal -8.43977e-16 -0.707107 0.707107
    outer loop
      vertex 64.3161 -45.3397 36.1994
      vertex 70.2647 -45.8935 35.6456
      vertex 64.5 -43.3553 38.1838
    endloop
  endfacet
  facet normal -1.0104e-15 -0.707107 0.707107
    outer loop
      vertex 64.3161 -45.3397 36.1994
      vertex 69.563 -48.3882 33.1509
      vertex 70.2647 -45.8935 35.6456
    endloop
  endfacet
  facet normal 1.29234e-15 -0.707107 0.707107
    outer loop
      vertex 69.563 -48.3882 33.1509
      vertex 64.3161 -45.3397 36.1994
      vertex 63.7674 -47.2901 34.249
    endloop
  endfacet
  facet normal 8.0417e-16 -0.707107 0.707107
    outer loop
      vertex 69.563 -48.3882 33.1509
      vertex 63.7674 -47.2901 34.249
      vertex 68.4067 -50.7968 30.7423
    endloop
  endfacet
  facet normal 7.91223e-16 -0.707107 0.707107
    outer loop
      vertex 62.8634 -49.1732 32.3659
      vertex 68.4067 -50.7968 30.7423
      vertex 63.7674 -47.2901 34.249
    endloop
  endfacet
  facet normal 6.92335e-17 -0.707107 0.707107
    outer loop
      vertex 68.4067 -50.7968 30.7423
      vertex 62.8634 -49.1732 32.3659
      vertex 61.6195 -50.9567 30.5824
    endloop
  endfacet
  facet normal 0 -0.707107 0.707107
    outer loop
      vertex 61.6195 -50.9567 30.5824
      vertex 64.8172 -55.193 26.3461
      vertex 66.8157 -53.0781 28.461
    endloop
  endfacet
  facet normal 0 -0.707107 0.707107
    outer loop
      vertex 61.6195 -50.9567 30.5824
      vertex 66.8157 -53.0781 28.461
      vertex 68.4067 -50.7968 30.7423
    endloop
  endfacet
  facet normal 0 -0.707107 0.707107
    outer loop
      vertex 60.0571 -52.6102 28.9289
      vertex 64.8172 -55.193 26.3461
      vertex 61.6195 -50.9567 30.5824
    endloop
  endfacet
  facet normal 4.9489e-16 -0.707107 0.707107
    outer loop
      vertex 58.2028 -54.1053 27.4338
      vertex 62.4454 -57.1053 24.4338
      vertex 64.8172 -55.193 26.3461
    endloop
  endfacet
  facet normal 0 -0.707107 0.707107
    outer loop
      vertex 58.2028 -54.1053 27.4338
      vertex 59.7409 -58.7824 22.7567
      vertex 62.4454 -57.1053 24.4338
    endloop
  endfacet
  facet normal 1.31872e-16 -0.707107 0.707107
    outer loop
      vertex 48.5646 -58.0401 23.499
      vertex 53.5238 -61.3206 20.2185
      vertex 51.2277 -57.4009 24.1382
    endloop
  endfacet
  facet normal 8.2481e-17 -0.707107 0.707107
    outer loop
      vertex 46.5895 -62.6344 18.9047
      vertex 50.1175 -62.1382 19.4009
      vertex 48.5646 -58.0401 23.499
    endloop
  endfacet
  facet normal 7.91236e-17 -0.707107 0.707107
    outer loop
      vertex 45.8063 -58.4281 23.111
      vertex 46.5895 -62.6344 18.9047
      vertex 48.5646 -58.0401 23.499
    endloop
  endfacet
  facet normal -0.195084 0.693521 0.693521
    outer loop
      vertex 46.5895 -63.3415 19.6118
      vertex 49.7968 -62.8904 20.0629
      vertex 46.5895 -62.6344 18.9047
    endloop
  endfacet
  facet normal -0.19506 0.693524 0.693524
    outer loop
      vertex 50.1175 -62.1382 19.4009
      vertex 49.7968 -62.8904 20.0629
      vertex 50.1175 -62.8453 20.108
    endloop
  endfacet
  facet normal -0.195082 0.693526 0.693516
    outer loop
      vertex 49.7968 -62.8904 20.0629
      vertex 50.1175 -62.1382 19.4009
      vertex 46.5895 -62.6344 18.9047
    endloop
  endfacet
  facet normal -0.321448 0.669579 0.669579
    outer loop
      vertex 50.1175 -62.8453 20.108
      vertex 53.2141 -62.102 20.8513
      vertex 50.1175 -62.1382 19.4009
    endloop
  endfacet
  facet normal -0.321294 0.669616 0.669616
    outer loop
      vertex 53.5238 -61.3206 20.2185
      vertex 53.2141 -62.102 20.8513
      vertex 53.5238 -62.0277 20.9256
    endloop
  endfacet
  facet normal -0.321434 0.669616 0.669548
    outer loop
      vertex 53.2141 -62.102 20.8513
      vertex 53.5238 -61.3206 20.2185
      vertex 50.1175 -62.1382 19.4009
    endloop
  endfacet
  facet normal -0.442299 0.634181 0.634181
    outer loop
      vertex 53.5238 -62.0277 20.9256
      vertex 56.4567 -61.005 21.9484
      vertex 53.5238 -61.3206 20.2185
    endloop
  endfacet
  facet normal -0.4422 0.634216 0.634216
    outer loop
      vertex 56.75 -60.1956 21.3435
      vertex 56.4567 -61.005 21.9484
      vertex 56.75 -60.9027 22.0506
    endloop
  endfacet
  facet normal -0.44229 0.634208 0.634161
    outer loop
      vertex 56.4567 -61.005 21.9484
      vertex 56.75 -60.1956 21.3435
      vertex 53.5238 -61.3206 20.2185
    endloop
  endfacet
  facet normal -0.555592 0.587928 0.587928
    outer loop
      vertex 59.7409 -58.7824 22.7567
      vertex 56.75 -60.9027 22.0506
      vertex 59.7409 -59.4895 23.4638
    endloop
  endfacet
  facet normal -0.555592 0.587928 0.587928
    outer loop
      vertex 56.75 -60.9027 22.0506
      vertex 59.7409 -58.7824 22.7567
      vertex 56.75 -60.1956 21.3435
    endloop
  endfacet
  facet normal -0.659345 0.531632 0.531632
    outer loop
      vertex 59.7409 -58.7824 22.7567
      vertex 62.4454 -57.8124 25.1409
      vertex 62.4454 -57.1053 24.4338
    endloop
  endfacet
  facet normal -0.659345 0.531632 0.531632
    outer loop
      vertex 62.4454 -57.8124 25.1409
      vertex 59.7409 -58.7824 22.7567
      vertex 59.7409 -59.4895 23.4638
    endloop
  endfacet
  facet normal -0.751831 0.466235 0.466235
    outer loop
      vertex 62.4454 -57.8124 25.1409
      vertex 64.6016 -56.0739 26.8794
      vertex 62.4454 -57.1053 24.4338
    endloop
  endfacet
  facet normal -0.751768 0.466286 0.466286
    outer loop
      vertex 64.8172 -55.193 26.3461
      vertex 64.6016 -56.0739 26.8794
      vertex 64.8172 -55.9001 27.0532
    endloop
  endfacet
  facet normal -0.751825 0.46626 0.466219
    outer loop
      vertex 64.6016 -56.0739 26.8794
      vertex 64.8172 -55.193 26.3461
      vertex 62.4454 -57.1053 24.4338
    endloop
  endfacet
  facet normal -0.831477 0.39284 0.39284
    outer loop
      vertex 64.8172 -55.9001 27.0532
      vertex 66.634 -53.9774 28.9759
      vertex 64.8172 -55.193 26.3461
    endloop
  endfacet
  facet normal -0.831422 0.392926 0.39287
    outer loop
      vertex 66.8157 -53.0781 28.461
      vertex 66.634 -53.9774 28.9759
      vertex 66.8157 -53.7852 29.1682
    endloop
  endfacet
  facet normal -0.831466 0.392898 0.392806
    outer loop
      vertex 66.634 -53.9774 28.9759
      vertex 66.8157 -53.0781 28.461
      vertex 64.8172 -55.193 26.3461
    endloop
  endfacet
  facet normal -0.896874 0.312744 0.312744
    outer loop
      vertex 66.8157 -53.0781 28.461
      vertex 68.4067 -51.5039 31.4494
      vertex 68.4067 -50.7968 30.7423
    endloop
  endfacet
  facet normal -0.89687 0.312772 0.312727
    outer loop
      vertex 68.4067 -51.5039 31.4494
      vertex 66.8157 -53.0781 28.461
      vertex 66.8157 -53.7852 29.1682
    endloop
  endfacet
  facet normal -0.946928 0.227297 0.227297
    outer loop
      vertex 68.4067 -50.7968 30.7423
      vertex 69.563 -49.0953 33.858
      vertex 69.563 -48.3882 33.1509
    endloop
  endfacet
  facet normal -0.946928 0.227297 0.227297
    outer loop
      vertex 69.563 -49.0953 33.858
      vertex 68.4067 -50.7968 30.7423
      vertex 68.4067 -51.5039 31.4494
    endloop
  endfacet
  facet normal -0.980789 0.137936 0.137936
    outer loop
      vertex 69.563 -48.3882 33.1509
      vertex 70.2647 -46.6006 36.3527
      vertex 70.2647 -45.8935 35.6456
    endloop
  endfacet
  facet normal -0.980789 0.137936 0.137936
    outer loop
      vertex 70.2647 -46.6006 36.3527
      vertex 69.563 -48.3882 33.1509
      vertex 69.563 -49.0953 33.858
    endloop
  endfacet
  facet normal -0.997858 0.0462525 0.0462525
    outer loop
      vertex 70.2647 -45.8935 35.6456
      vertex 70.5 -44.0624 38.8909
      vertex 70.5 -43.3553 38.1838
    endloop
  endfacet
  facet normal -0.997858 0.0462525 0.0462525
    outer loop
      vertex 70.5 -44.0624 38.8909
      vertex 70.2647 -45.8935 35.6456
      vertex 70.2647 -46.6006 36.3527
    endloop
  endfacet
  facet normal -0.997858 -0.0462543 -0.0462543
    outer loop
      vertex 70.5 -43.3553 38.1838
      vertex 70.2647 -41.5243 41.429
      vertex 70.2647 -40.8172 40.7219
    endloop
  endfacet
  facet normal -0.997858 -0.0462543 -0.0462543
    outer loop
      vertex 70.2647 -41.5243 41.429
      vertex 70.5 -43.3553 38.1838
      vertex 70.5 -44.0624 38.8909
    endloop
  endfacet
  facet normal -0.980789 -0.137936 -0.137936
    outer loop
      vertex 70.2647 -40.8172 40.7219
      vertex 69.563 -39.0296 43.9237
      vertex 69.563 -38.3225 43.2166
    endloop
  endfacet
  facet normal -0.980789 -0.137936 -0.137936
    outer loop
      vertex 69.563 -39.0296 43.9237
      vertex 70.2647 -40.8172 40.7219
      vertex 70.2647 -41.5243 41.429
    endloop
  endfacet
  facet normal -0.946928 -0.227297 -0.227297
    outer loop
      vertex 69.563 -38.3225 43.2166
      vertex 68.4067 -36.621 46.3323
      vertex 68.4067 -35.9139 45.6252
    endloop
  endfacet
  facet normal -0.946928 -0.227297 -0.227297
    outer loop
      vertex 68.4067 -36.621 46.3323
      vertex 69.563 -38.3225 43.2166
      vertex 69.563 -39.0296 43.9237
    endloop
  endfacet
  facet normal -0.896874 -0.312744 -0.312744
    outer loop
      vertex 68.4067 -35.9139 45.6252
      vertex 66.8157 -34.3397 48.6136
      vertex 66.8157 -33.6326 47.9065
    endloop
  endfacet
  facet normal -0.896874 -0.312744 -0.312744
    outer loop
      vertex 66.8157 -34.3397 48.6136
      vertex 68.4067 -35.9139 45.6252
      vertex 68.4067 -36.621 46.3323
    endloop
  endfacet
  facet normal -0.831466 -0.392852 -0.392852
    outer loop
      vertex 66.8157 -33.6326 47.9065
      vertex 64.8172 -32.2248 50.7285
      vertex 64.8172 -31.5177 50.0214
    endloop
  endfacet
  facet normal -0.831466 -0.392852 -0.392852
    outer loop
      vertex 64.8172 -32.2248 50.7285
      vertex 66.8157 -33.6326 47.9065
      vertex 66.8157 -34.3397 48.6136
    endloop
  endfacet
  facet normal -0.751843 -0.466226 -0.466226
    outer loop
      vertex 64.8172 -31.5177 50.0214
      vertex 62.4454 -30.3124 52.6409
      vertex 62.4454 -29.6053 51.9338
    endloop
  endfacet
  facet normal -0.751843 -0.466226 -0.466226
    outer loop
      vertex 62.4454 -30.3124 52.6409
      vertex 64.8172 -31.5177 50.0214
      vertex 64.8172 -32.2248 50.7285
    endloop
  endfacet
  facet normal -0.659345 -0.531632 -0.531632
    outer loop
      vertex 62.4454 -29.6053 51.9338
      vertex 59.7409 -28.6353 54.318
      vertex 59.7409 -27.9282 53.6109
    endloop
  endfacet
  facet normal -0.659345 -0.531632 -0.531632
    outer loop
      vertex 59.7409 -28.6353 54.318
      vertex 62.4454 -29.6053 51.9338
      vertex 62.4454 -30.3124 52.6409
    endloop
  endfacet
  facet normal -0.555564 -0.587941 -0.587941
    outer loop
      vertex 56.75 -26.5151 55.024
      vertex 59.7409 -28.6353 54.318
      vertex 56.75 -27.2222 55.7311
    endloop
  endfacet
  facet normal -0.555564 -0.587941 -0.587941
    outer loop
      vertex 59.7409 -28.6353 54.318
      vertex 56.75 -26.5151 55.024
      vertex 59.7409 -27.9282 53.6109
    endloop
  endfacet
  facet normal -0.44229 -0.634184 -0.634184
    outer loop
      vertex 53.5238 -25.3901 56.149
      vertex 56.75 -27.2222 55.7311
      vertex 53.5238 -26.0972 56.8561
    endloop
  endfacet
  facet normal -0.44229 -0.634184 -0.634184
    outer loop
      vertex 56.75 -27.2222 55.7311
      vertex 53.5238 -25.3901 56.149
      vertex 56.75 -26.5151 55.024
    endloop
  endfacet
  facet normal -0.321434 -0.669582 -0.669582
    outer loop
      vertex 50.1175 -24.5725 56.9666
      vertex 53.5238 -26.0972 56.8561
      vertex 50.1175 -25.2796 57.6737
    endloop
  endfacet
  facet normal -0.321434 -0.669582 -0.669582
    outer loop
      vertex 53.5238 -26.0972 56.8561
      vertex 50.1175 -24.5725 56.9666
      vertex 53.5238 -25.3901 56.149
    endloop
  endfacet
  facet normal -0.195082 -0.693521 -0.693521
    outer loop
      vertex 46.5895 -24.0763 57.4628
      vertex 50.1175 -25.2796 57.6737
      vertex 46.5895 -24.7834 58.1699
    endloop
  endfacet
  facet normal -0.195082 -0.693521 -0.693521
    outer loop
      vertex 50.1175 -25.2796 57.6737
      vertex 46.5895 -24.0763 57.4628
      vertex 50.1175 -24.5725 56.9666
    endloop
  endfacet
  facet normal -0.0654189 -0.705592 -0.705592
    outer loop
      vertex 43 -23.9099 57.6292
      vertex 46.5895 -24.7834 58.1699
      vertex 43 -24.617 58.3363
    endloop
  endfacet
  facet normal -0.0654189 -0.705592 -0.705592
    outer loop
      vertex 46.5895 -24.7834 58.1699
      vertex 43 -23.9099 57.6292
      vertex 46.5895 -24.0763 57.4628
    endloop
  endfacet
  facet normal 0.0654189 -0.705592 -0.705592
    outer loop
      vertex 39.4105 -24.7834 58.1699
      vertex 43 -23.9099 57.6292
      vertex 43 -24.617 58.3363
    endloop
  endfacet
  facet normal 0.0654189 -0.705592 -0.705592
    outer loop
      vertex 43 -23.9099 57.6292
      vertex 39.4105 -24.7834 58.1699
      vertex 39.4105 -24.0763 57.4628
    endloop
  endfacet
  facet normal 0.195082 -0.693521 -0.693521
    outer loop
      vertex 35.8825 -25.2796 57.6737
      vertex 39.4105 -24.0763 57.4628
      vertex 39.4105 -24.7834 58.1699
    endloop
  endfacet
  facet normal 0.195082 -0.693521 -0.693521
    outer loop
      vertex 39.4105 -24.0763 57.4628
      vertex 35.8825 -25.2796 57.6737
      vertex 35.8825 -24.5725 56.9666
    endloop
  endfacet
  facet normal 0.321434 -0.669582 -0.669582
    outer loop
      vertex 32.4762 -26.0972 56.8561
      vertex 35.8825 -24.5725 56.9666
      vertex 35.8825 -25.2796 57.6737
    endloop
  endfacet
  facet normal 0.321434 -0.669582 -0.669582
    outer loop
      vertex 35.8825 -24.5725 56.9666
      vertex 32.4762 -26.0972 56.8561
      vertex 32.4762 -25.3901 56.149
    endloop
  endfacet
  facet normal 0.44229 -0.634184 -0.634184
    outer loop
      vertex 29.25 -27.2222 55.7311
      vertex 32.4762 -25.3901 56.149
      vertex 32.4762 -26.0972 56.8561
    endloop
  endfacet
  facet normal 0.44229 -0.634184 -0.634184
    outer loop
      vertex 32.4762 -25.3901 56.149
      vertex 29.25 -27.2222 55.7311
      vertex 29.25 -26.5151 55.024
    endloop
  endfacet
  facet normal 0.555564 -0.587941 -0.587941
    outer loop
      vertex 26.2591 -28.6353 54.318
      vertex 29.25 -26.5151 55.024
      vertex 29.25 -27.2222 55.7311
    endloop
  endfacet
  facet normal 0.555564 -0.587941 -0.587941
    outer loop
      vertex 29.25 -26.5151 55.024
      vertex 26.2591 -28.6353 54.318
      vertex 26.2591 -27.9282 53.6109
    endloop
  endfacet
  facet normal 0.659345 -0.531632 -0.531632
    outer loop
      vertex 26.2591 -28.6353 54.318
      vertex 23.5546 -29.6053 51.9338
      vertex 26.2591 -27.9282 53.6109
    endloop
  endfacet
  facet normal 0.659345 -0.531632 -0.531632
    outer loop
      vertex 23.5546 -29.6053 51.9338
      vertex 26.2591 -28.6353 54.318
      vertex 23.5546 -30.3124 52.6409
    endloop
  endfacet
  facet normal 0.751843 -0.466226 -0.466226
    outer loop
      vertex 23.5546 -30.3124 52.6409
      vertex 21.1828 -31.5177 50.0214
      vertex 23.5546 -29.6053 51.9338
    endloop
  endfacet
  facet normal 0.751843 -0.466226 -0.466226
    outer loop
      vertex 21.1828 -31.5177 50.0214
      vertex 23.5546 -30.3124 52.6409
      vertex 21.1828 -32.2248 50.7285
    endloop
  endfacet
  facet normal 0.831466 -0.392852 -0.392852
    outer loop
      vertex 21.1828 -32.2248 50.7285
      vertex 19.1843 -33.6326 47.9065
      vertex 21.1828 -31.5177 50.0214
    endloop
  endfacet
  facet normal 0.831466 -0.392852 -0.392852
    outer loop
      vertex 19.1843 -33.6326 47.9065
      vertex 21.1828 -32.2248 50.7285
      vertex 19.1843 -34.3397 48.6136
    endloop
  endfacet
  facet normal 0.896874 -0.312744 -0.312744
    outer loop
      vertex 19.1843 -34.3397 48.6136
      vertex 17.5933 -35.9139 45.6252
      vertex 19.1843 -33.6326 47.9065
    endloop
  endfacet
  facet normal 0.896874 -0.312744 -0.312744
    outer loop
      vertex 17.5933 -35.9139 45.6252
      vertex 19.1843 -34.3397 48.6136
      vertex 17.5933 -36.621 46.3323
    endloop
  endfacet
  facet normal 0.946928 -0.227297 -0.227297
    outer loop
      vertex 17.5933 -36.621 46.3323
      vertex 16.437 -38.3225 43.2166
      vertex 17.5933 -35.9139 45.6252
    endloop
  endfacet
  facet normal 0.946928 -0.227297 -0.227297
    outer loop
      vertex 16.437 -38.3225 43.2166
      vertex 17.5933 -36.621 46.3323
      vertex 16.437 -39.0296 43.9237
    endloop
  endfacet
  facet normal 0.980789 -0.137936 -0.137936
    outer loop
      vertex 16.437 -39.0296 43.9237
      vertex 15.7353 -40.8172 40.7219
      vertex 16.437 -38.3225 43.2166
    endloop
  endfacet
  facet normal 0.980789 -0.137936 -0.137936
    outer loop
      vertex 15.7353 -40.8172 40.7219
      vertex 16.437 -39.0296 43.9237
      vertex 15.7353 -41.5243 41.429
    endloop
  endfacet
  facet normal 0.997858 -0.0462543 -0.0462543
    outer loop
      vertex 15.7353 -41.5243 41.429
      vertex 15.5 -43.3553 38.1838
      vertex 15.7353 -40.8172 40.7219
    endloop
  endfacet
  facet normal 0.997858 -0.0462543 -0.0462543
    outer loop
      vertex 15.5 -43.3553 38.1838
      vertex 15.7353 -41.5243 41.429
      vertex 15.5 -44.0624 38.8909
    endloop
  endfacet
  facet normal 0.997858 0.0462525 0.0462525
    outer loop
      vertex 15.5 -44.0624 38.8909
      vertex 15.7353 -45.8935 35.6456
      vertex 15.5 -43.3553 38.1838
    endloop
  endfacet
  facet normal 0.997858 0.0462525 0.0462525
    outer loop
      vertex 15.7353 -45.8935 35.6456
      vertex 15.5 -44.0624 38.8909
      vertex 15.7353 -46.6006 36.3527
    endloop
  endfacet
  facet normal 0.980789 0.137936 0.137936
    outer loop
      vertex 15.7353 -46.6006 36.3527
      vertex 16.437 -48.3882 33.1509
      vertex 15.7353 -45.8935 35.6456
    endloop
  endfacet
  facet normal 0.980789 0.137936 0.137936
    outer loop
      vertex 16.437 -48.3882 33.1509
      vertex 15.7353 -46.6006 36.3527
      vertex 16.437 -49.0953 33.858
    endloop
  endfacet
  facet normal 0.946928 0.227297 0.227297
    outer loop
      vertex 16.437 -49.0953 33.858
      vertex 17.5933 -50.7968 30.7423
      vertex 16.437 -48.3882 33.1509
    endloop
  endfacet
  facet normal 0.946928 0.227297 0.227297
    outer loop
      vertex 17.5933 -50.7968 30.7423
      vertex 16.437 -49.0953 33.858
      vertex 17.5933 -51.5039 31.4494
    endloop
  endfacet
  facet normal 0.896874 0.312744 0.312744
    outer loop
      vertex 17.5933 -51.5039 31.4494
      vertex 19.1843 -53.0781 28.461
      vertex 17.5933 -50.7968 30.7423
    endloop
  endfacet
  facet normal 0.89687 0.312772 0.312727
    outer loop
      vertex 19.1843 -53.0781 28.461
      vertex 17.5933 -51.5039 31.4494
      vertex 19.1843 -53.7852 29.1682
    endloop
  endfacet
  facet normal 0.83147 0.392875 0.392819
    outer loop
      vertex 19.1843 -53.7852 29.1682
      vertex 21.0011 -55.7078 27.2455
      vertex 19.1843 -53.0781 28.461
    endloop
  endfacet
  facet normal 0.831466 0.392861 0.392842
    outer loop
      vertex 21.0011 -55.7078 27.2455
      vertex 21.1828 -55.193 26.3461
      vertex 19.1843 -53.0781 28.461
    endloop
  endfacet
  facet normal 0.831488 0.392828 0.392828
    outer loop
      vertex 21.1828 -55.193 26.3461
      vertex 21.0011 -55.7078 27.2455
      vertex 21.1828 -55.9001 27.0532
    endloop
  endfacet
  facet normal 0.751846 0.466223 0.466223
    outer loop
      vertex 21.1828 -55.9001 27.0532
      vertex 23.3389 -57.6386 25.3147
      vertex 21.1828 -55.193 26.3461
    endloop
  endfacet
  facet normal 0.751825 0.466166 0.466313
    outer loop
      vertex 23.3389 -57.6386 25.3147
      vertex 23.5546 -57.1053 24.4338
      vertex 21.1828 -55.193 26.3461
    endloop
  endfacet
  facet normal 0.751616 0.466408 0.466408
    outer loop
      vertex 23.5546 -57.1053 24.4338
      vertex 23.3389 -57.6386 25.3147
      vertex 23.5546 -57.8124 25.1409
    endloop
  endfacet
  facet normal 0.659345 0.531632 0.531632
    outer loop
      vertex 23.5546 -57.8124 25.1409
      vertex 26.2591 -58.7824 22.7567
      vertex 23.5546 -57.1053 24.4338
    endloop
  endfacet
  facet normal 0.659345 0.531632 0.531632
    outer loop
      vertex 26.2591 -58.7824 22.7567
      vertex 23.5546 -57.8124 25.1409
      vertex 26.2591 -59.4895 23.4638
    endloop
  endfacet
  facet normal 0.555592 0.587928 0.587928
    outer loop
      vertex 29.25 -60.9027 22.0506
      vertex 26.2591 -58.7824 22.7567
      vertex 26.2591 -59.4895 23.4638
    endloop
  endfacet
  facet normal 0.555592 0.587928 0.587928
    outer loop
      vertex 26.2591 -58.7824 22.7567
      vertex 29.25 -60.9027 22.0506
      vertex 29.25 -60.1956 21.3435
    endloop
  endfacet
  facet normal 0.442281 0.634187 0.634187
    outer loop
      vertex 29.25 -60.9027 22.0506
      vertex 32.1829 -61.9254 21.0279
      vertex 29.25 -60.1956 21.3435
    endloop
  endfacet
  facet normal 0.442374 0.634155 0.634155
    outer loop
      vertex 32.4762 -61.3206 20.2185
      vertex 32.1829 -61.9254 21.0279
      vertex 32.4762 -62.0277 20.9256
    endloop
  endfacet
  facet normal 0.44229 0.634206 0.634163
    outer loop
      vertex 32.1829 -61.9254 21.0279
      vertex 32.4762 -61.3206 20.2185
      vertex 29.25 -60.1956 21.3435
    endloop
  endfacet
  facet normal 0.321429 0.669583 0.669583
    outer loop
      vertex 32.4762 -62.0277 20.9256
      vertex 35.5728 -62.771 20.1824
      vertex 32.4762 -61.3206 20.2185
    endloop
  endfacet
  facet normal 0.321488 0.669569 0.669569
    outer loop
      vertex 35.8825 -62.1382 19.4009
      vertex 35.5728 -62.771 20.1824
      vertex 35.8825 -62.8453 20.108
    endloop
  endfacet
  facet normal 0.321434 0.669595 0.669569
    outer loop
      vertex 35.5728 -62.771 20.1824
      vertex 35.8825 -62.1382 19.4009
      vertex 32.4762 -61.3206 20.2185
    endloop
  endfacet
  facet normal 0.195084 0.693521 0.693521
    outer loop
      vertex 35.8825 -62.8453 20.108
      vertex 39.0898 -63.2964 19.6569
      vertex 35.8825 -62.1382 19.4009
    endloop
  endfacet
  facet normal 0.19506 0.693524 0.693524
    outer loop
      vertex 39.4105 -62.6344 18.9047
      vertex 39.0898 -63.2964 19.6569
      vertex 39.4105 -63.3415 19.6118
    endloop
  endfacet
  facet normal 0.195082 0.693516 0.693526
    outer loop
      vertex 39.0898 -63.2964 19.6569
      vertex 39.4105 -62.6344 18.9047
      vertex 35.8825 -62.1382 19.4009
    endloop
  endfacet
  facet normal 0.0654087 0.705593 0.705593
    outer loop
      vertex 39.4105 -63.3415 19.6118
      vertex 42.6737 -63.4928 19.4606
      vertex 39.4105 -62.6344 18.9047
    endloop
  endfacet
  facet normal 0.0655204 0.705587 0.705587
    outer loop
      vertex 43 -62.8008 18.7383
      vertex 42.6737 -63.4928 19.4606
      vertex 43 -63.5079 19.4454
    endloop
  endfacet
  facet normal 0.0654189 0.705616 0.705569
    outer loop
      vertex 42.6737 -63.4928 19.4606
      vertex 43 -62.8008 18.7383
      vertex 39.4105 -62.6344 18.9047
    endloop
  endfacet
  facet normal -0.0654323 0.705591 0.705591
    outer loop
      vertex 43 -63.5079 19.4454
      vertex 46.2631 -63.3566 19.5967
      vertex 43 -62.8008 18.7383
    endloop
  endfacet
  facet normal -0.0652851 0.705598 0.705598
    outer loop
      vertex 46.5895 -62.6344 18.9047
      vertex 46.2631 -63.3566 19.5967
      vertex 46.5895 -63.3415 19.6118
    endloop
  endfacet
  facet normal -0.0654189 0.705623 0.705561
    outer loop
      vertex 46.2631 -63.3566 19.5967
      vertex 46.5895 -62.6344 18.9047
      vertex 43 -62.8008 18.7383
    endloop
  endfacet
  facet normal -0.195109 -0.693517 -0.693517
    outer loop
      vertex 37.4354 -58.0401 23.499
      vertex 40.1937 -59.1352 23.8181
      vertex 37.4354 -58.7472 24.2061
    endloop
  endfacet
  facet normal -0.195109 -0.693517 -0.693517
    outer loop
      vertex 40.1937 -59.1352 23.8181
      vertex 37.4354 -58.0401 23.499
      vertex 40.1937 -58.4281 23.111
    endloop
  endfacet
  facet normal -0.321428 -0.669583 -0.669583
    outer loop
      vertex 34.7723 -57.4009 24.1382
      vertex 37.4354 -58.7472 24.2061
      vertex 34.7723 -58.108 24.8453
    endloop
  endfacet
  facet normal -0.321428 -0.669583 -0.669583
    outer loop
      vertex 37.4354 -58.7472 24.2061
      vertex 34.7723 -57.4009 24.1382
      vertex 37.4354 -58.0401 23.499
    endloop
  endfacet
  facet normal -0.442312 -0.634177 -0.634177
    outer loop
      vertex 32.25 -56.5213 25.0178
      vertex 34.7723 -58.108 24.8453
      vertex 32.25 -57.2284 25.7249
    endloop
  endfacet
  facet normal -0.442312 -0.634177 -0.634177
    outer loop
      vertex 34.7723 -58.108 24.8453
      vertex 32.25 -56.5213 25.0178
      vertex 34.7723 -57.4009 24.1382
    endloop
  endfacet
  facet normal -0.555576 -0.587935 -0.587935
    outer loop
      vertex 29.9116 -56.1236 26.8297
      vertex 29.9116 -55.4165 26.1226
      vertex 32.0374 -57.128 25.8253
    endloop
  endfacet
  facet normal -0.555559 -0.587906 -0.58798
    outer loop
      vertex 32.25 -56.5213 25.0178
      vertex 32.0374 -57.128 25.8253
      vertex 29.9116 -55.4165 26.1226
    endloop
  endfacet
  facet normal -0.555387 -0.588024 -0.588024
    outer loop
      vertex 32.0374 -57.128 25.8253
      vertex 32.25 -56.5213 25.0178
      vertex 32.25 -57.2284 25.7249
    endloop
  endfacet
  facet normal -0.65935 -0.531629 -0.531629
    outer loop
      vertex 27.7972 -54.8124 28.1409
      vertex 27.7972 -54.1053 27.4338
      vertex 29.7194 -56.0044 26.9489
    endloop
  endfacet
  facet normal -0.659353 -0.531635 -0.531618
    outer loop
      vertex 29.9116 -55.4165 26.1226
      vertex 29.7194 -56.0044 26.9489
      vertex 27.7972 -54.1053 27.4338
    endloop
  endfacet
  facet normal -0.659389 -0.531604 -0.531604
    outer loop
      vertex 29.7194 -56.0044 26.9489
      vertex 29.9116 -55.4165 26.1226
      vertex 29.9116 -56.1236 26.8297
    endloop
  endfacet
  facet normal -0.751835 -0.466232 -0.466232
    outer loop
      vertex 27.7972 -54.1053 27.4338
      vertex 25.9429 -53.3173 29.636
      vertex 25.9429 -52.6102 28.9289
    endloop
  endfacet
  facet normal -0.751835 -0.466232 -0.466232
    outer loop
      vertex 25.9429 -53.3173 29.636
      vertex 27.7972 -54.1053 27.4338
      vertex 27.7972 -54.8124 28.1409
    endloop
  endfacet
  facet normal -0.831481 -0.392835 -0.392835
    outer loop
      vertex 25.9429 -52.6102 28.9289
      vertex 24.3805 -51.6638 31.2895
      vertex 24.3805 -50.9567 30.5824
    endloop
  endfacet
  facet normal -0.831481 -0.392835 -0.392835
    outer loop
      vertex 24.3805 -51.6638 31.2895
      vertex 25.9429 -52.6102 28.9289
      vertex 25.9429 -53.3173 29.636
    endloop
  endfacet
  facet normal -0.896864 -0.312758 -0.312758
    outer loop
      vertex 24.3805 -50.9567 30.5824
      vertex 23.1366 -49.8803 33.073
      vertex 23.1366 -49.1732 32.3659
    endloop
  endfacet
  facet normal -0.896864 -0.312758 -0.312758
    outer loop
      vertex 23.1366 -49.8803 33.073
      vertex 24.3805 -50.9567 30.5824
      vertex 24.3805 -51.6638 31.2895
    endloop
  endfacet
  facet normal -0.94693 -0.227291 -0.227291
    outer loop
      vertex 23.1366 -49.1732 32.3659
      vertex 22.2326 -47.9972 34.9561
      vertex 22.2326 -47.2901 34.249
    endloop
  endfacet
  facet normal -0.94693 -0.227291 -0.227291
    outer loop
      vertex 22.2326 -47.9972 34.9561
      vertex 23.1366 -49.1732 32.3659
      vertex 23.1366 -49.8803 33.073
    endloop
  endfacet
  facet normal -0.980782 -0.13796 -0.13796
    outer loop
      vertex 22.2326 -47.2901 34.249
      vertex 21.6839 -46.0468 36.9065
      vertex 21.6839 -45.3397 36.1994
    endloop
  endfacet
  facet normal -0.980782 -0.13796 -0.13796
    outer loop
      vertex 21.6839 -46.0468 36.9065
      vertex 22.2326 -47.2901 34.249
      vertex 22.2326 -47.9972 34.9561
    endloop
  endfacet
  facet normal -0.99786 -0.0462373 -0.0462373
    outer loop
      vertex 21.6839 -45.3397 36.1994
      vertex 21.5 -44.0624 38.8909
      vertex 21.5 -43.3553 38.1838
    endloop
  endfacet
  facet normal -0.99786 -0.0462373 -0.0462373
    outer loop
      vertex 21.5 -44.0624 38.8909
      vertex 21.6839 -45.3397 36.1994
      vertex 21.6839 -46.0468 36.9065
    endloop
  endfacet
  facet normal -0.99786 0.0462396 0.0462396
    outer loop
      vertex 21.5 -43.3553 38.1838
      vertex 21.6839 -42.0781 40.8752
      vertex 21.6839 -41.371 40.1681
    endloop
  endfacet
  facet normal -0.99786 0.0462396 0.0462396
    outer loop
      vertex 21.6839 -42.0781 40.8752
      vertex 21.5 -43.3553 38.1838
      vertex 21.5 -44.0624 38.8909
    endloop
  endfacet
  facet normal -0.980782 0.13796 0.13796
    outer loop
      vertex 21.6839 -41.371 40.1681
      vertex 22.2326 -40.1277 42.8256
      vertex 22.2326 -39.4206 42.1185
    endloop
  endfacet
  facet normal -0.980782 0.13796 0.13796
    outer loop
      vertex 22.2326 -40.1277 42.8256
      vertex 21.6839 -41.371 40.1681
      vertex 21.6839 -42.0781 40.8752
    endloop
  endfacet
  facet normal -0.946932 0.227288 0.227288
    outer loop
      vertex 22.3148 -39.9565 42.9968
      vertex 23.1366 -38.2446 44.7087
      vertex 23.1366 -37.5375 44.0016
    endloop
  endfacet
  facet normal -0.94693 0.227282 0.227301
    outer loop
      vertex 22.2326 -39.4206 42.1185
      vertex 22.3148 -39.9565 42.9968
      vertex 23.1366 -37.5375 44.0016
    endloop
  endfacet
  facet normal -0.946914 0.227326 0.227326
    outer loop
      vertex 22.3148 -39.9565 42.9968
      vertex 22.2326 -39.4206 42.1185
      vertex 22.2326 -40.1277 42.8256
    endloop
  endfacet
  facet normal -0.89687 0.312749 0.312749
    outer loop
      vertex 23.2497 -38.0824 44.8709
      vertex 24.3805 -36.461 46.4923
      vertex 24.3805 -35.7539 45.7852
    endloop
  endfacet
  facet normal -0.896874 0.312757 0.312732
    outer loop
      vertex 23.1366 -37.5375 44.0016
      vertex 23.2497 -38.0824 44.8709
      vertex 24.3805 -35.7539 45.7852
    endloop
  endfacet
  facet normal -0.896904 0.3127 0.3127
    outer loop
      vertex 23.2497 -38.0824 44.8709
      vertex 23.1366 -37.5375 44.0016
      vertex 23.1366 -38.2446 44.7087
    endloop
  endfacet
  facet normal -0.831466 0.392852 0.392852
    outer loop
      vertex 24.3805 -35.7539 45.7852
      vertex 25.9429 -34.8076 48.1457
      vertex 25.9429 -34.1005 47.4386
    endloop
  endfacet
  facet normal -0.831466 0.392852 0.392852
    outer loop
      vertex 25.9429 -34.8076 48.1457
      vertex 24.3805 -35.7539 45.7852
      vertex 24.3805 -36.461 46.4923
    endloop
  endfacet
  facet normal -0.751857 0.466181 0.466247
    outer loop
      vertex 25.9429 -34.1005 47.4386
      vertex 27.7972 -33.3125 49.6409
      vertex 27.7972 -32.6053 48.9338
    endloop
  endfacet
  facet normal -0.751846 0.466223 0.466223
    outer loop
      vertex 27.7972 -33.3125 49.6409
      vertex 25.9429 -34.1005 47.4386
      vertex 25.9429 -34.8076 48.1457
    endloop
  endfacet
  facet normal -0.659325 0.531682 0.531606
    outer loop
      vertex 27.7972 -32.6053 48.9338
      vertex 29.9116 -32.0013 50.9521
      vertex 29.9116 -31.2942 50.2449
    endloop
  endfacet
  facet normal -0.659353 0.531589 0.531664
    outer loop
      vertex 29.9116 -32.0013 50.9521
      vertex 27.7972 -32.6053 48.9338
      vertex 27.7972 -33.3125 49.6409
    endloop
  endfacet
  facet normal -0.555576 0.587935 0.587935
    outer loop
      vertex 30.1242 -31.9008 51.0525
      vertex 32.25 -30.8964 52.0569
      vertex 32.25 -30.1893 51.3498
    endloop
  endfacet
  facet normal -0.555594 0.587965 0.587888
    outer loop
      vertex 29.9116 -31.2942 50.2449
      vertex 30.1242 -31.9008 51.0525
      vertex 32.25 -30.1893 51.3498
    endloop
  endfacet
  facet normal -0.555578 0.587976 0.587892
    outer loop
      vertex 30.1242 -31.9008 51.0525
      vertex 29.9116 -31.2942 50.2449
      vertex 29.9116 -32.0013 50.9521
    endloop
  endfacet
  facet normal -0.442296 0.634182 0.634182
    outer loop
      vertex 32.4793 -30.8165 52.1368
      vertex 34.7723 -30.0169 52.9364
      vertex 34.7723 -29.3098 52.2293
    endloop
  endfacet
  facet normal -0.442272 0.634142 0.63424
    outer loop
      vertex 32.25 -30.1893 51.3498
      vertex 32.4793 -30.8165 52.1368
      vertex 34.7723 -29.3098 52.2293
    endloop
  endfacet
  facet normal -0.442029 0.634275 0.634275
    outer loop
      vertex 32.4793 -30.8165 52.1368
      vertex 32.25 -30.1893 51.3498
      vertex 32.25 -30.8964 52.0569
    endloop
  endfacet
  facet normal -0.321433 0.669582 0.669582
    outer loop
      vertex 35.0144 -29.9588 52.9945
      vertex 37.4354 -29.3777 53.5756
      vertex 37.4354 -28.6706 52.8685
    endloop
  endfacet
  facet normal -0.321428 0.669575 0.669592
    outer loop
      vertex 34.7723 -29.3098 52.2293
      vertex 35.0144 -29.9588 52.9945
      vertex 37.4354 -28.6706 52.8685
    endloop
  endfacet
  facet normal -0.321383 0.669594 0.669594
    outer loop
      vertex 35.0144 -29.9588 52.9945
      vertex 34.7723 -29.3098 52.2293
      vertex 34.7723 -30.0169 52.9364
    endloop
  endfacet
  facet normal -0.195109 0.693517 0.693517
    outer loop
      vertex 40.1937 -28.2826 53.2565
      vertex 37.4354 -29.3777 53.5756
      vertex 40.1937 -28.9897 53.9636
    endloop
  endfacet
  facet normal -0.195109 0.693517 0.693517
    outer loop
      vertex 37.4354 -29.3777 53.5756
      vertex 40.1937 -28.2826 53.2565
      vertex 37.4354 -28.6706 52.8685
    endloop
  endfacet
  facet normal -0.065437 0.705591 0.705591
    outer loop
      vertex 40.4488 -28.9779 53.9754
      vertex 43 -28.8596 54.0937
      vertex 43 -28.1525 53.3866
    endloop
  endfacet
  facet normal -0.0654224 0.705566 0.705618
    outer loop
      vertex 40.1937 -28.2826 53.2565
      vertex 40.4488 -28.9779 53.9754
      vertex 43 -28.1525 53.3866
    endloop
  endfacet
  facet normal -0.0652769 0.705599 0.705599
    outer loop
      vertex 40.4488 -28.9779 53.9754
      vertex 40.1937 -28.2826 53.2565
      vertex 40.1937 -28.9897 53.9636
    endloop
  endfacet
  facet normal 0.0653819 0.705594 0.705594
    outer loop
      vertex 43.2551 -28.8715 54.0818
      vertex 45.8063 -28.9897 53.9636
      vertex 45.8063 -28.2826 53.2565
    endloop
  endfacet
  facet normal 0.0658277 0.705573 0.705573
    outer loop
      vertex 43.2551 -28.8715 54.0818
      vertex 43 -28.1525 53.3866
      vertex 43 -28.8596 54.0937
    endloop
  endfacet
  facet normal 0.0654224 0.705518 0.705665
    outer loop
      vertex 43 -28.1525 53.3866
      vertex 43.2551 -28.8715 54.0818
      vertex 45.8063 -28.2826 53.2565
    endloop
  endfacet
  facet normal 0.195109 0.693517 0.693517
    outer loop
      vertex 48.5646 -29.3777 53.5756
      vertex 45.8063 -28.2826 53.2565
      vertex 45.8063 -28.9897 53.9636
    endloop
  endfacet
  facet normal 0.195109 0.693517 0.693517
    outer loop
      vertex 45.8063 -28.2826 53.2565
      vertex 48.5646 -29.3777 53.5756
      vertex 48.5646 -28.6706 52.8685
    endloop
  endfacet
  facet normal 0.321433 0.669582 0.669582
    outer loop
      vertex 48.8067 -29.4358 53.5175
      vertex 51.2277 -30.0169 52.9364
      vertex 51.2277 -29.3098 52.2293
    endloop
  endfacet
  facet normal 0.321428 0.669592 0.669575
    outer loop
      vertex 48.5646 -28.6706 52.8685
      vertex 48.8067 -29.4358 53.5175
      vertex 51.2277 -29.3098 52.2293
    endloop
  endfacet
  facet normal 0.321383 0.669594 0.669594
    outer loop
      vertex 48.8067 -29.4358 53.5175
      vertex 48.5646 -28.6706 52.8685
      vertex 48.5646 -29.3777 53.5756
    endloop
  endfacet
  facet normal 0.442274 0.63419 0.63419
    outer loop
      vertex 51.457 -30.0969 52.8565
      vertex 53.75 -30.8964 52.0569
      vertex 53.75 -30.1893 51.3498
    endloop
  endfacet
  facet normal 0.442251 0.634198 0.634198
    outer loop
      vertex 51.457 -30.0969 52.8565
      vertex 51.2277 -29.3098 52.2293
      vertex 51.2277 -30.0169 52.9364
    endloop
  endfacet
  facet normal 0.442272 0.634195 0.634187
    outer loop
      vertex 51.2277 -29.3098 52.2293
      vertex 51.457 -30.0969 52.8565
      vertex 53.75 -30.1893 51.3498
    endloop
  endfacet
  facet normal 0.555557 0.587986 0.587902
    outer loop
      vertex 53.9626 -30.9969 51.9564
      vertex 56.0884 -32.0013 50.9521
      vertex 56.0884 -31.2942 50.2449
    endloop
  endfacet
  facet normal 0.555769 0.587844 0.587844
    outer loop
      vertex 53.9626 -30.9969 51.9564
      vertex 53.75 -30.1893 51.3498
      vertex 53.75 -30.8964 52.0569
    endloop
  endfacet
  facet normal 0.555594 0.587888 0.587965
    outer loop
      vertex 53.75 -30.1893 51.3498
      vertex 53.9626 -30.9969 51.9564
      vertex 56.0884 -31.2942 50.2449
    endloop
  endfacet
  facet normal 0.659325 0.531682 0.531606
    outer loop
      vertex 56.0884 -32.0013 50.9521
      vertex 58.2028 -32.6053 48.9338
      vertex 56.0884 -31.2942 50.2449
    endloop
  endfacet
  facet normal 0.659353 0.531589 0.531664
    outer loop
      vertex 58.2028 -32.6053 48.9338
      vertex 56.0884 -32.0013 50.9521
      vertex 58.2028 -33.3125 49.6409
    endloop
  endfacet
  facet normal 0.751857 0.466181 0.466247
    outer loop
      vertex 58.2028 -33.3125 49.6409
      vertex 60.0571 -34.1005 47.4386
      vertex 58.2028 -32.6053 48.9338
    endloop
  endfacet
  facet normal 0.751846 0.466223 0.466223
    outer loop
      vertex 60.0571 -34.1005 47.4386
      vertex 58.2028 -33.3125 49.6409
      vertex 60.0571 -34.8076 48.1457
    endloop
  endfacet
  facet normal 0.831466 0.392852 0.392852
    outer loop
      vertex 60.0571 -34.8076 48.1457
      vertex 61.6195 -35.7539 45.7852
      vertex 60.0571 -34.1005 47.4386
    endloop
  endfacet
  facet normal 0.831466 0.392852 0.392852
    outer loop
      vertex 61.6195 -35.7539 45.7852
      vertex 60.0571 -34.8076 48.1457
      vertex 61.6195 -36.461 46.4923
    endloop
  endfacet
  facet normal 0.89687 0.312749 0.312749
    outer loop
      vertex 61.7326 -36.6232 46.3301
      vertex 62.8634 -38.2446 44.7087
      vertex 62.8634 -37.5375 44.0016
    endloop
  endfacet
  facet normal 0.896904 0.3127 0.3127
    outer loop
      vertex 61.7326 -36.6232 46.3301
      vertex 61.6195 -35.7539 45.7852
      vertex 61.6195 -36.461 46.4923
    endloop
  endfacet
  facet normal 0.896874 0.312732 0.312757
    outer loop
      vertex 61.6195 -35.7539 45.7852
      vertex 61.7326 -36.6232 46.3301
      vertex 62.8634 -37.5375 44.0016
    endloop
  endfacet
  facet normal 0.946932 0.227288 0.227288
    outer loop
      vertex 62.9456 -38.4158 44.5375
      vertex 63.7674 -40.1277 42.8256
      vertex 63.7674 -39.4206 42.1185
    endloop
  endfacet
  facet normal 0.946914 0.227326 0.227326
    outer loop
      vertex 62.9456 -38.4158 44.5375
      vertex 62.8634 -37.5375 44.0016
      vertex 62.8634 -38.2446 44.7087
    endloop
  endfacet
  facet normal 0.94693 0.227301 0.227282
    outer loop
      vertex 62.8634 -37.5375 44.0016
      vertex 62.9456 -38.4158 44.5375
      vertex 63.7674 -39.4206 42.1185
    endloop
  endfacet
  facet normal 0.980782 0.13796 0.13796
    outer loop
      vertex 63.7674 -40.1277 42.8256
      vertex 64.3161 -41.371 40.1681
      vertex 63.7674 -39.4206 42.1185
    endloop
  endfacet
  facet normal 0.980782 0.13796 0.13796
    outer loop
      vertex 64.3161 -41.371 40.1681
      vertex 63.7674 -40.1277 42.8256
      vertex 64.3161 -42.0781 40.8752
    endloop
  endfacet
  facet normal 0.99786 0.0462396 0.0462396
    outer loop
      vertex 64.3161 -42.0781 40.8752
      vertex 64.5 -43.3553 38.1838
      vertex 64.3161 -41.371 40.1681
    endloop
  endfacet
  facet normal 0.99786 0.0462396 0.0462396
    outer loop
      vertex 64.5 -43.3553 38.1838
      vertex 64.3161 -42.0781 40.8752
      vertex 64.5 -44.0624 38.8909
    endloop
  endfacet
  facet normal 0.99786 -0.0462373 -0.0462373
    outer loop
      vertex 64.5 -44.0624 38.8909
      vertex 64.3161 -45.3397 36.1994
      vertex 64.5 -43.3553 38.1838
    endloop
  endfacet
  facet normal 0.99786 -0.0462373 -0.0462373
    outer loop
      vertex 64.3161 -45.3397 36.1994
      vertex 64.5 -44.0624 38.8909
      vertex 64.3161 -46.0468 36.9065
    endloop
  endfacet
  facet normal 0.980782 -0.13796 -0.13796
    outer loop
      vertex 64.3161 -46.0468 36.9065
      vertex 63.7674 -47.2901 34.249
      vertex 64.3161 -45.3397 36.1994
    endloop
  endfacet
  facet normal 0.980782 -0.13796 -0.13796
    outer loop
      vertex 63.7674 -47.2901 34.249
      vertex 64.3161 -46.0468 36.9065
      vertex 63.7674 -47.9972 34.9561
    endloop
  endfacet
  facet normal 0.94693 -0.227291 -0.227291
    outer loop
      vertex 63.7674 -47.9972 34.9561
      vertex 62.8634 -49.1732 32.3659
      vertex 63.7674 -47.2901 34.249
    endloop
  endfacet
  facet normal 0.94693 -0.227291 -0.227291
    outer loop
      vertex 62.8634 -49.1732 32.3659
      vertex 63.7674 -47.9972 34.9561
      vertex 62.8634 -49.8803 33.073
    endloop
  endfacet
  facet normal 0.896864 -0.312758 -0.312758
    outer loop
      vertex 62.8634 -49.8803 33.073
      vertex 61.6195 -50.9567 30.5824
      vertex 62.8634 -49.1732 32.3659
    endloop
  endfacet
  facet normal 0.896864 -0.312758 -0.312758
    outer loop
      vertex 61.6195 -50.9567 30.5824
      vertex 62.8634 -49.8803 33.073
      vertex 61.6195 -51.6638 31.2895
    endloop
  endfacet
  facet normal 0.831481 -0.392835 -0.392835
    outer loop
      vertex 61.6195 -51.6638 31.2895
      vertex 60.0571 -52.6102 28.9289
      vertex 61.6195 -50.9567 30.5824
    endloop
  endfacet
  facet normal 0.831481 -0.392835 -0.392835
    outer loop
      vertex 60.0571 -52.6102 28.9289
      vertex 61.6195 -51.6638 31.2895
      vertex 60.0571 -53.3173 29.636
    endloop
  endfacet
  facet normal 0.751835 -0.466232 -0.466232
    outer loop
      vertex 60.0571 -53.3173 29.636
      vertex 58.2028 -54.1053 27.4338
      vertex 60.0571 -52.6102 28.9289
    endloop
  endfacet
  facet normal 0.751835 -0.466232 -0.466232
    outer loop
      vertex 58.2028 -54.1053 27.4338
      vertex 60.0571 -53.3173 29.636
      vertex 58.2028 -54.8124 28.1409
    endloop
  endfacet
  facet normal 0.65935 -0.531629 -0.531629
    outer loop
      vertex 56.0884 -56.1236 26.8297
      vertex 56.0884 -55.4165 26.1226
      vertex 58.0106 -54.9316 28.0217
    endloop
  endfacet
  facet normal 0.659389 -0.531604 -0.531604
    outer loop
      vertex 58.0106 -54.9316 28.0217
      vertex 58.2028 -54.1053 27.4338
      vertex 58.2028 -54.8124 28.1409
    endloop
  endfacet
  facet normal 0.659353 -0.531618 -0.531635
    outer loop
      vertex 58.2028 -54.1053 27.4338
      vertex 58.0106 -54.9316 28.0217
      vertex 56.0884 -55.4165 26.1226
    endloop
  endfacet
  facet normal 0.555557 -0.587944 -0.587944
    outer loop
      vertex 53.75 -57.2284 25.7249
      vertex 53.75 -56.5213 25.0178
      vertex 55.8758 -56.2241 26.7293
    endloop
  endfacet
  facet normal 0.555578 -0.587934 -0.587934
    outer loop
      vertex 55.8758 -56.2241 26.7293
      vertex 56.0884 -55.4165 26.1226
      vertex 56.0884 -56.1236 26.8297
    endloop
  endfacet
  facet normal 0.555559 -0.587939 -0.587947
    outer loop
      vertex 56.0884 -55.4165 26.1226
      vertex 55.8758 -56.2241 26.7293
      vertex 53.75 -56.5213 25.0178
    endloop
  endfacet
  facet normal 0.442312 -0.634177 -0.634177
    outer loop
      vertex 51.2277 -58.108 24.8453
      vertex 53.75 -56.5213 25.0178
      vertex 53.75 -57.2284 25.7249
    endloop
  endfacet
  facet normal 0.442312 -0.634177 -0.634177
    outer loop
      vertex 53.75 -56.5213 25.0178
      vertex 51.2277 -58.108 24.8453
      vertex 51.2277 -57.4009 24.1382
    endloop
  endfacet
  facet normal 0.321428 -0.669583 -0.669583
    outer loop
      vertex 48.5646 -58.7472 24.2061
      vertex 51.2277 -57.4009 24.1382
      vertex 51.2277 -58.108 24.8453
    endloop
  endfacet
  facet normal 0.321428 -0.669583 -0.669583
    outer loop
      vertex 51.2277 -57.4009 24.1382
      vertex 48.5646 -58.7472 24.2061
      vertex 48.5646 -58.0401 23.499
    endloop
  endfacet
  facet normal 0.195109 -0.693517 -0.693517
    outer loop
      vertex 45.8063 -59.1352 23.8181
      vertex 48.5646 -58.0401 23.499
      vertex 48.5646 -58.7472 24.2061
    endloop
  endfacet
  facet normal 0.195109 -0.693517 -0.693517
    outer loop
      vertex 48.5646 -58.0401 23.499
      vertex 45.8063 -59.1352 23.8181
      vertex 45.8063 -58.4281 23.111
    endloop
  endfacet
  facet normal 0.0653724 -0.705594 -0.705594
    outer loop
      vertex 43 -58.5581 22.981
      vertex 45.8063 -59.1352 23.8181
      vertex 43 -59.2652 23.6881
    endloop
  endfacet
  facet normal 0.0653724 -0.705594 -0.705594
    outer loop
      vertex 45.8063 -59.1352 23.8181
      vertex 43 -58.5581 22.981
      vertex 45.8063 -58.4281 23.111
    endloop
  endfacet
  facet normal -0.0653724 -0.705594 -0.705594
    outer loop
      vertex 40.1937 -59.1352 23.8181
      vertex 43 -58.5581 22.981
      vertex 43 -59.2652 23.6881
    endloop
  endfacet
  facet normal -0.0653724 -0.705594 -0.705594
    outer loop
      vertex 43 -58.5581 22.981
      vertex 40.1937 -59.1352 23.8181
      vertex 40.1937 -58.4281 23.111
    endloop
  endfacet
  facet normal 1 0 0
    outer loop
      vertex 112 -67.8212 26.4458
      vertex 112 -63.9321 19.0212
      vertex 112 -62.1644 20.7889
    endloop
  endfacet
  facet normal 1 0 0
    outer loop
      vertex 112 -63.9321 19.0212
      vertex 112 -67.8212 26.4458
      vertex 112 -69.589 24.678
    endloop
  endfacet
  facet normal 1 0 0
    outer loop
      vertex 112 -62.1644 20.7889
      vertex 112 -59.2652 23.5467
      vertex 112 -59.336 23.6174
    endloop
  endfacet
  facet normal 1 0 0
    outer loop
      vertex 112 -64.215 18.5969
      vertex 112 -62.1644 20.7889
      vertex 112 -63.9321 19.0212
    endloop
  endfacet
  facet normal 1 -0 0
    outer loop
      vertex 112 -62.1644 20.7889
      vertex 112 -64.215 18.5969
      vertex 112 -59.2652 23.5467
    endloop
  endfacet
  facet normal 1 0 -0
    outer loop
      vertex 112 -64.215 18.5969
      vertex 112 -63.9321 19.0212
      vertex 112 -64.2857 18.6676
    endloop
  endfacet
  facet normal 0 -0.707107 0.707107
    outer loop
      vertex 112 -64.215 18.5969
      vertex 130 -59.2652 23.5467
      vertex 112 -59.2652 23.5467
    endloop
  endfacet
  facet normal 0 -0.707107 0.707107
    outer loop
      vertex 130 -59.2652 23.5467
      vertex 112 -64.215 18.5969
      vertex 130 -64.215 18.5969
    endloop
  endfacet
  facet normal 0 0.707107 0.707107
    outer loop
      vertex 130 -64.215 18.5969
      vertex 112 -64.2857 18.6676
      vertex 130 -64.2857 18.6676
    endloop
  endfacet
  facet normal 0 0.707107 0.707107
    outer loop
      vertex 112 -64.2857 18.6676
      vertex 130 -64.215 18.5969
      vertex 112 -64.215 18.5969
    endloop
  endfacet
  facet normal 0 -0.706607 -0.707606
    outer loop
      vertex 112 -59.2652 23.5467
      vertex 130 -59.336 23.6174
      vertex 112 -59.336 23.6174
    endloop
  endfacet
  facet normal 0 -0.706607 -0.707606
    outer loop
      vertex 130 -59.336 23.6174
      vertex 112 -59.2652 23.5467
      vertex 130 -59.2652 23.5467
    endloop
  endfacet
  facet normal -1 -0 0
    outer loop
      vertex 130 -59.2652 23.5467
      vertex 130 -62.1644 20.7889
      vertex 130 -59.336 23.6174
    endloop
  endfacet
  facet normal -1 0 0
    outer loop
      vertex 130 -64.215 18.5969
      vertex 130 -62.1644 20.7889
      vertex 130 -59.2652 23.5467
    endloop
  endfacet
  facet normal -1 0 0
    outer loop
      vertex 130 -62.1644 20.7889
      vertex 130 -64.215 18.5969
      vertex 130 -63.9321 19.0212
    endloop
  endfacet
  facet normal -1 0 0
    outer loop
      vertex 130 -63.9321 19.0212
      vertex 130 -64.215 18.5969
      vertex 130 -64.2857 18.6676
    endloop
  endfacet
  facet normal -1 0 0
    outer loop
      vertex 130 -63.9321 19.0212
      vertex 130 -67.8212 26.4458
      vertex 130 -62.1644 20.7889
    endloop
  endfacet
  facet normal -1 0 -0
    outer loop
      vertex 130 -67.8212 26.4458
      vertex 130 -63.9321 19.0212
      vertex 130 -69.589 24.678
    endloop
  endfacet
endsolid OpenSCAD_Model
